solid OpenSCAD_Model
  facet normal -0.207845 0.978162 0
    outer loop
      vertex 1.79094 83.489 4.75
      vertex 1.38197 83.4021 14
      vertex 1.79094 83.489 14
    endloop
  endfacet
  facet normal -0.207845 0.978162 0
    outer loop
      vertex 1.38197 83.4021 14
      vertex 1.79094 83.489 4.75
      vertex 1.38197 83.4021 4.75
    endloop
  endfacet
  facet normal -0.743125 0.669152 0
    outer loop
      vertex 0.381966 82.6756 4.75
      vertex 0.661738 82.9863 14
      vertex 0.661738 82.9863 4.75
    endloop
  endfacet
  facet normal -0.743125 0.669152 0
    outer loop
      vertex 0.661738 82.9863 14
      vertex 0.381966 82.6756 4.75
      vertex 0.381966 82.6756 14
    endloop
  endfacet
  facet normal -0.951067 0.308983 0
    outer loop
      vertex 0.043704 81.9158 4.75
      vertex 0.172909 82.3135 14
      vertex 0.172909 82.3135 4.75
    endloop
  endfacet
  facet normal -0.951067 0.308983 0
    outer loop
      vertex 0.172909 82.3135 14
      vertex 0.043704 81.9158 4.75
      vertex 0.043704 81.9158 14
    endloop
  endfacet
  facet normal 0.207948 -0.97814 0
    outer loop
      vertex 81.7091 0.0109558 4.75
      vertex 82.118 0.0978861 14
      vertex 81.7091 0.0109558 14
    endloop
  endfacet
  facet normal 0.207948 -0.97814 0
    outer loop
      vertex 82.118 0.0978861 14
      vertex 81.7091 0.0109558 4.75
      vertex 82.118 0.0978861 4.75
    endloop
  endfacet
  facet normal 0 -1 0
    outer loop
      vertex 1.79094 0.0109558 4.75
      vertex 81.7091 0.0109558 14
      vertex 1.79094 0.0109558 14
    endloop
  endfacet
  facet normal 0 -1 -0
    outer loop
      vertex 81.7091 0.0109558 14
      vertex 1.79094 0.0109558 4.75
      vertex 81.7091 0.0109558 4.75
    endloop
  endfacet
  facet normal 0.994523 -0.104518 0
    outer loop
      vertex 83.4563 1.58418 14
      vertex 83.5 2 4.75
      vertex 83.5 2 14
    endloop
  endfacet
  facet normal 0.994523 -0.104518 0
    outer loop
      vertex 83.5 2 4.75
      vertex 83.4563 1.58418 14
      vertex 83.4563 1.58418 4.75
    endloop
  endfacet
  facet normal 0.951071 0.308973 0
    outer loop
      vertex 83.4563 81.9158 14
      vertex 83.3271 82.3135 4.75
      vertex 83.3271 82.3135 14
    endloop
  endfacet
  facet normal 0.951071 0.308973 0
    outer loop
      vertex 83.3271 82.3135 4.75
      vertex 83.4563 81.9158 14
      vertex 83.4563 81.9158 4.75
    endloop
  endfacet
  facet normal 0.587645 0.809119 -0
    outer loop
      vertex 82.8383 82.9863 4.75
      vertex 82.5 83.232 14
      vertex 82.8383 82.9863 14
    endloop
  endfacet
  facet normal 0.587645 0.809119 0
    outer loop
      vertex 82.5 83.232 14
      vertex 82.8383 82.9863 4.75
      vertex 82.5 83.232 4.75
    endloop
  endfacet
  facet normal -0.866027 0.499997 0
    outer loop
      vertex 0.172909 82.3135 4.75
      vertex 0.381966 82.6756 14
      vertex 0.381966 82.6756 4.75
    endloop
  endfacet
  facet normal -0.866027 0.499997 0
    outer loop
      vertex 0.381966 82.6756 14
      vertex 0.172909 82.3135 4.75
      vertex 0.172909 82.3135 14
    endloop
  endfacet
  facet normal 0 1 -0
    outer loop
      vertex 44.6673 83.489 4.75
      vertex 39.3327 83.489 4.76
      vertex 44.6673 83.489 4.76
    endloop
  endfacet
  facet normal 0 1 0
    outer loop
      vertex 39.3327 83.489 4.76
      vertex 44.6673 83.489 4.75
      vertex 39.3327 83.489 4.75
    endloop
  endfacet
  facet normal 0 1 0
    outer loop
      vertex 44.6673 83.489 4.76
      vertex 81.7091 83.489 14
      vertex 81.3327 83.489 4.76
    endloop
  endfacet
  facet normal 0 1 -0
    outer loop
      vertex 81.7091 83.489 4.75
      vertex 81.3327 83.489 4.76
      vertex 81.7091 83.489 14
    endloop
  endfacet
  facet normal 0 1 0
    outer loop
      vertex 81.3327 83.489 4.76
      vertex 81.7091 83.489 4.75
      vertex 81.3327 83.489 4.75
    endloop
  endfacet
  facet normal 0 1 0
    outer loop
      vertex 81.7091 83.489 14
      vertex 44.6673 83.489 4.76
      vertex 1.79094 83.489 14
    endloop
  endfacet
  facet normal 0 1 -0
    outer loop
      vertex 39.3327 83.489 4.76
      vertex 1.79094 83.489 14
      vertex 44.6673 83.489 4.76
    endloop
  endfacet
  facet normal 0 1 -0
    outer loop
      vertex 2.6673 83.489 4.76
      vertex 1.79094 83.489 14
      vertex 39.3327 83.489 4.76
    endloop
  endfacet
  facet normal 0 1 0
    outer loop
      vertex 1.79094 83.489 4.75
      vertex 2.6673 83.489 4.76
      vertex 2.6673 83.489 4.75
    endloop
  endfacet
  facet normal 0 1 0
    outer loop
      vertex 2.6673 83.489 4.76
      vertex 1.79094 83.489 4.75
      vertex 1.79094 83.489 14
    endloop
  endfacet
  facet normal -0.207914 -0.978147 0
    outer loop
      vertex 1.38197 0.0978861 4.75
      vertex 1.79094 0.0109558 14
      vertex 1.38197 0.0978861 14
    endloop
  endfacet
  facet normal -0.207914 -0.978147 -0
    outer loop
      vertex 1.79094 0.0109558 14
      vertex 1.38197 0.0978861 4.75
      vertex 1.79094 0.0109558 4.75
    endloop
  endfacet
  facet normal -0.406734 -0.913546 0
    outer loop
      vertex 1 0.267949 4.75
      vertex 1.38197 0.0978861 14
      vertex 1 0.267949 14
    endloop
  endfacet
  facet normal -0.406734 -0.913546 -0
    outer loop
      vertex 1.38197 0.0978861 14
      vertex 1 0.267949 4.75
      vertex 1.38197 0.0978861 4.75
    endloop
  endfacet
  facet normal -1 0 0
    outer loop
      vertex 0 2 4.75
      vertex 0 81.5 14
      vertex 0 81.5 4.75
    endloop
  endfacet
  facet normal -1 -0 0
    outer loop
      vertex 0 81.5 14
      vertex 0 2 4.75
      vertex 0 2 14
    endloop
  endfacet
  facet normal 0.406708 -0.913558 0
    outer loop
      vertex 82.118 0.0978861 4.75
      vertex 82.5 0.267949 14
      vertex 82.118 0.0978861 14
    endloop
  endfacet
  facet normal 0.406708 -0.913558 0
    outer loop
      vertex 82.5 0.267949 14
      vertex 82.118 0.0978861 4.75
      vertex 82.5 0.267949 4.75
    endloop
  endfacet
  facet normal 0.743231 -0.669035 0
    outer loop
      vertex 82.8383 0.51371 14
      vertex 83.118 0.824429 4.75
      vertex 83.118 0.824429 14
    endloop
  endfacet
  facet normal 0.743231 -0.669035 0
    outer loop
      vertex 83.118 0.824429 4.75
      vertex 82.8383 0.51371 14
      vertex 82.8383 0.51371 4.75
    endloop
  endfacet
  facet normal 0.95106 -0.309008 0
    outer loop
      vertex 83.3271 1.18653 14
      vertex 83.4563 1.58418 4.75
      vertex 83.4563 1.58418 14
    endloop
  endfacet
  facet normal 0.95106 -0.309008 0
    outer loop
      vertex 83.4563 1.58418 4.75
      vertex 83.3271 1.18653 14
      vertex 83.3271 1.18653 4.75
    endloop
  endfacet
  facet normal -0.587689 0.809087 0
    outer loop
      vertex 1 83.232 4.75
      vertex 0.661738 82.9863 14
      vertex 1 83.232 14
    endloop
  endfacet
  facet normal -0.587689 0.809087 0
    outer loop
      vertex 0.661738 82.9863 14
      vertex 1 83.232 4.75
      vertex 0.661738 82.9863 4.75
    endloop
  endfacet
  facet normal -0.994522 -0.104527 0
    outer loop
      vertex 0.043704 1.58418 4.75
      vertex 0 2 14
      vertex 0 2 4.75
    endloop
  endfacet
  facet normal -0.994522 -0.104527 0
    outer loop
      vertex 0 2 14
      vertex 0.043704 1.58418 4.75
      vertex 0.043704 1.58418 14
    endloop
  endfacet
  facet normal -0.866028 -0.499996 0
    outer loop
      vertex 0.381966 0.824429 4.75
      vertex 0.172909 1.18653 14
      vertex 0.172909 1.18653 4.75
    endloop
  endfacet
  facet normal -0.866028 -0.499996 0
    outer loop
      vertex 0.172909 1.18653 14
      vertex 0.381966 0.824429 4.75
      vertex 0.381966 0.824429 14
    endloop
  endfacet
  facet normal 0.207879 0.978155 -0
    outer loop
      vertex 82.118 83.4021 4.75
      vertex 81.7091 83.489 14
      vertex 82.118 83.4021 14
    endloop
  endfacet
  facet normal 0.207879 0.978155 0
    outer loop
      vertex 81.7091 83.489 14
      vertex 82.118 83.4021 4.75
      vertex 81.7091 83.489 4.75
    endloop
  endfacet
  facet normal -0.951056 -0.309018 0
    outer loop
      vertex 0.172909 1.18653 4.75
      vertex 0.043704 1.58418 14
      vertex 0.043704 1.58418 4.75
    endloop
  endfacet
  facet normal -0.951056 -0.309018 0
    outer loop
      vertex 0.043704 1.58418 14
      vertex 0.172909 1.18653 4.75
      vertex 0.172909 1.18653 14
    endloop
  endfacet
  facet normal -0.587784 -0.809018 0
    outer loop
      vertex 0.661738 0.51371 4.75
      vertex 1 0.267949 14
      vertex 0.661738 0.51371 14
    endloop
  endfacet
  facet normal -0.587784 -0.809018 -0
    outer loop
      vertex 1 0.267949 14
      vertex 0.661738 0.51371 4.75
      vertex 1 0.267949 4.75
    endloop
  endfacet
  facet normal 0 0 1
    outer loop
      vertex 81.4523 81.8973 7
      vertex 81.9 81.4 7
      vertex 81.8891 81.504 7
    endloop
  endfacet
  facet normal 0 0 1
    outer loop
      vertex 81.9 81.4 7
      vertex 56.75 41.75 7
      vertex 81.9 2.1 7
    endloop
  endfacet
  facet normal 0 0 1
    outer loop
      vertex 81.4523 81.8973 7
      vertex 81.8891 81.504 7
      vertex 81.8568 81.6034 7
    endloop
  endfacet
  facet normal -0 0 1
    outer loop
      vertex 56.6678 40.1821 7
      vertex 81.9 2.1 7
      vertex 56.75 41.75 7
    endloop
  endfacet
  facet normal 0 0 1
    outer loop
      vertex 81.4523 81.8973 7
      vertex 81.8568 81.6034 7
      vertex 81.8045 81.6939 7
    endloop
  endfacet
  facet normal -0 0 1
    outer loop
      vertex 56.4222 38.6313 7
      vertex 81.9 2.1 7
      vertex 56.6678 40.1821 7
    endloop
  endfacet
  facet normal 0 0 1
    outer loop
      vertex 81.4523 81.8973 7
      vertex 81.8045 81.6939 7
      vertex 81.7346 81.7716 7
    endloop
  endfacet
  facet normal -0 0 1
    outer loop
      vertex 56.0158 37.1147 7
      vertex 81.9 2.1 7
      vertex 56.4222 38.6313 7
    endloop
  endfacet
  facet normal 0 0 1
    outer loop
      vertex 81.4523 81.8973 7
      vertex 81.7346 81.7716 7
      vertex 81.65 81.833 7
    endloop
  endfacet
  facet normal -0 0 1
    outer loop
      vertex 55.4532 35.6489 7
      vertex 81.9 2.1 7
      vertex 56.0158 37.1147 7
    endloop
  endfacet
  facet normal 0 0 1
    outer loop
      vertex 81.4523 81.8973 7
      vertex 81.65 81.833 7
      vertex 81.5545 81.8755 7
    endloop
  endfacet
  facet normal -0 0 1
    outer loop
      vertex 54.7404 34.25 7
      vertex 81.9 2.1 7
      vertex 55.4532 35.6489 7
    endloop
  endfacet
  facet normal 0 0 1
    outer loop
      vertex 51.787 52.8972 7
      vertex 81.9 81.4 7
      vertex 81.4523 81.8973 7
    endloop
  endfacet
  facet normal -0 0 1
    outer loop
      vertex 53.8853 32.9332 7
      vertex 81.9 2.1 7
      vertex 54.7404 34.25 7
    endloop
  endfacet
  facet normal -0 0 1
    outer loop
      vertex 52.8972 31.713 7
      vertex 81.9 2.1 7
      vertex 53.8853 32.9332 7
    endloop
  endfacet
  facet normal 0 0 1
    outer loop
      vertex 81.9 81.4 7
      vertex 56.6678 43.3179 7
      vertex 56.75 41.75 7
    endloop
  endfacet
  facet normal 0 0 1
    outer loop
      vertex 81.9 81.4 7
      vertex 56.4222 44.8687 7
      vertex 56.6678 43.3179 7
    endloop
  endfacet
  facet normal 0 0 1
    outer loop
      vertex 81.9 81.4 7
      vertex 56.0158 46.3853 7
      vertex 56.4222 44.8687 7
    endloop
  endfacet
  facet normal 0 0 1
    outer loop
      vertex 81.9 81.4 7
      vertex 55.4532 47.8511 7
      vertex 56.0158 46.3853 7
    endloop
  endfacet
  facet normal 0 0 1
    outer loop
      vertex 81.9 81.4 7
      vertex 54.7404 49.25 7
      vertex 55.4532 47.8511 7
    endloop
  endfacet
  facet normal 0 0 1
    outer loop
      vertex 81.9 81.4 7
      vertex 53.8853 50.5668 7
      vertex 54.7404 49.25 7
    endloop
  endfacet
  facet normal 0 0 1
    outer loop
      vertex 81.9 81.4 7
      vertex 52.8972 51.787 7
      vertex 53.8853 50.5668 7
    endloop
  endfacet
  facet normal 0 0 1
    outer loop
      vertex 81.9 81.4 7
      vertex 51.787 52.8972 7
      vertex 52.8972 51.787 7
    endloop
  endfacet
  facet normal 0 0 1
    outer loop
      vertex 81.4523 81.8973 7
      vertex 50.5668 53.8853 7
      vertex 51.787 52.8972 7
    endloop
  endfacet
  facet normal 0 0 1
    outer loop
      vertex 81.4523 81.8973 7
      vertex 49.25 54.7404 7
      vertex 50.5668 53.8853 7
    endloop
  endfacet
  facet normal 0 0 1
    outer loop
      vertex 81.4523 81.8973 7
      vertex 47.8511 55.4532 7
      vertex 49.25 54.7404 7
    endloop
  endfacet
  facet normal 0 0 1
    outer loop
      vertex 81.4523 81.8973 7
      vertex 46.3853 56.0158 7
      vertex 47.8511 55.4532 7
    endloop
  endfacet
  facet normal 0 0 1
    outer loop
      vertex 81.4523 81.8973 7
      vertex 44.8687 56.4222 7
      vertex 46.3853 56.0158 7
    endloop
  endfacet
  facet normal 0 0 1
    outer loop
      vertex 81.4523 81.8973 7
      vertex 43.3179 56.6678 7
      vertex 44.8687 56.4222 7
    endloop
  endfacet
  facet normal 0 0 1
    outer loop
      vertex 81.4523 81.8973 7
      vertex 41.75 56.75 7
      vertex 43.3179 56.6678 7
    endloop
  endfacet
  facet normal -0 0 1
    outer loop
      vertex 2.04773 81.8973 7
      vertex 41.75 56.75 7
      vertex 81.4523 81.8973 7
    endloop
  endfacet
  facet normal 0 0 1
    outer loop
      vertex 41.75 56.75 7
      vertex 2.04773 81.8973 7
      vertex 40.1821 56.6678 7
    endloop
  endfacet
  facet normal 0 0 1
    outer loop
      vertex 40.1821 56.6678 7
      vertex 2.04773 81.8973 7
      vertex 38.6313 56.4222 7
    endloop
  endfacet
  facet normal 0 0 1
    outer loop
      vertex 38.6313 56.4222 7
      vertex 2.04773 81.8973 7
      vertex 37.1147 56.0158 7
    endloop
  endfacet
  facet normal 0 0 1
    outer loop
      vertex 37.1147 56.0158 7
      vertex 2.04773 81.8973 7
      vertex 35.6489 55.4532 7
    endloop
  endfacet
  facet normal 0 0 1
    outer loop
      vertex 27.0778 44.8687 7
      vertex 1.6 81.4 7
      vertex 26.8322 43.3179 7
    endloop
  endfacet
  facet normal 0 0 1
    outer loop
      vertex 27.4842 46.3853 7
      vertex 1.6 81.4 7
      vertex 27.0778 44.8687 7
    endloop
  endfacet
  facet normal 0 0 1
    outer loop
      vertex 28.0468 47.8511 7
      vertex 1.6 81.4 7
      vertex 27.4842 46.3853 7
    endloop
  endfacet
  facet normal 0 0 1
    outer loop
      vertex 28.7596 49.25 7
      vertex 1.6 81.4 7
      vertex 28.0468 47.8511 7
    endloop
  endfacet
  facet normal 0 0 1
    outer loop
      vertex 29.6147 50.5668 7
      vertex 1.6 81.4 7
      vertex 28.7596 49.25 7
    endloop
  endfacet
  facet normal 0 0 1
    outer loop
      vertex 30.6028 51.787 7
      vertex 1.6 81.4 7
      vertex 29.6147 50.5668 7
    endloop
  endfacet
  facet normal 0 0 1
    outer loop
      vertex 31.713 52.8972 7
      vertex 1.6 81.4 7
      vertex 30.6028 51.787 7
    endloop
  endfacet
  facet normal -0 0 1
    outer loop
      vertex 1.6 81.4 7
      vertex 31.713 52.8972 7
      vertex 2.04773 81.8973 7
    endloop
  endfacet
  facet normal 0 0 1
    outer loop
      vertex 32.9332 53.8853 7
      vertex 2.04773 81.8973 7
      vertex 31.713 52.8972 7
    endloop
  endfacet
  facet normal 0 0 1
    outer loop
      vertex 34.25 54.7404 7
      vertex 2.04773 81.8973 7
      vertex 32.9332 53.8853 7
    endloop
  endfacet
  facet normal 0 0 1
    outer loop
      vertex 35.6489 55.4532 7
      vertex 2.04773 81.8973 7
      vertex 34.25 54.7404 7
    endloop
  endfacet
  facet normal -0 0 1
    outer loop
      vertex 51.787 30.6028 7
      vertex 81.9 2.1 7
      vertex 52.8972 31.713 7
    endloop
  endfacet
  facet normal 0 0 1
    outer loop
      vertex 81.9 2.1 7
      vertex 81.4523 1.60274 7
      vertex 81.8891 1.99604 7
    endloop
  endfacet
  facet normal 0 0 1
    outer loop
      vertex 81.8045 1.80611 7
      vertex 81.4523 1.60274 7
      vertex 81.7346 1.72843 7
    endloop
  endfacet
  facet normal 0 0 1
    outer loop
      vertex 81.65 1.66699 7
      vertex 81.4523 1.60274 7
      vertex 81.5545 1.62447 7
    endloop
  endfacet
  facet normal 0 0 1
    outer loop
      vertex 81.7346 1.72843 7
      vertex 81.4523 1.60274 7
      vertex 81.65 1.66699 7
    endloop
  endfacet
  facet normal 0 0 1
    outer loop
      vertex 81.8568 1.89663 7
      vertex 81.4523 1.60274 7
      vertex 81.8045 1.80611 7
    endloop
  endfacet
  facet normal 0 0 1
    outer loop
      vertex 81.8891 1.99604 7
      vertex 81.4523 1.60274 7
      vertex 81.8568 1.89663 7
    endloop
  endfacet
  facet normal 0 0 1
    outer loop
      vertex 81.9 2.1 7
      vertex 51.787 30.6028 7
      vertex 81.4523 1.60274 7
    endloop
  endfacet
  facet normal -0 0 1
    outer loop
      vertex 50.5668 29.6147 7
      vertex 81.4523 1.60274 7
      vertex 51.787 30.6028 7
    endloop
  endfacet
  facet normal -0 0 1
    outer loop
      vertex 49.25 28.7596 7
      vertex 81.4523 1.60274 7
      vertex 50.5668 29.6147 7
    endloop
  endfacet
  facet normal -0 0 1
    outer loop
      vertex 47.8511 28.0468 7
      vertex 81.4523 1.60274 7
      vertex 49.25 28.7596 7
    endloop
  endfacet
  facet normal -0 0 1
    outer loop
      vertex 46.3853 27.4842 7
      vertex 81.4523 1.60274 7
      vertex 47.8511 28.0468 7
    endloop
  endfacet
  facet normal -0 0 1
    outer loop
      vertex 44.8687 27.0778 7
      vertex 81.4523 1.60274 7
      vertex 46.3853 27.4842 7
    endloop
  endfacet
  facet normal -0 0 1
    outer loop
      vertex 43.3179 26.8322 7
      vertex 81.4523 1.60274 7
      vertex 44.8687 27.0778 7
    endloop
  endfacet
  facet normal -0 0 1
    outer loop
      vertex 41.75 26.75 7
      vertex 81.4523 1.60274 7
      vertex 43.3179 26.8322 7
    endloop
  endfacet
  facet normal 0 0 1
    outer loop
      vertex 2.04773 1.60274 7
      vertex 41.75 26.75 7
      vertex 40.1821 26.8322 7
    endloop
  endfacet
  facet normal 0 0 1
    outer loop
      vertex 2.04773 1.60274 7
      vertex 40.1821 26.8322 7
      vertex 38.6313 27.0778 7
    endloop
  endfacet
  facet normal 0 0 1
    outer loop
      vertex 2.04773 1.60274 7
      vertex 38.6313 27.0778 7
      vertex 37.1147 27.4842 7
    endloop
  endfacet
  facet normal 0 0 1
    outer loop
      vertex 2.04773 1.60274 7
      vertex 37.1147 27.4842 7
      vertex 35.6489 28.0468 7
    endloop
  endfacet
  facet normal 0 0 1
    outer loop
      vertex 2.04773 1.60274 7
      vertex 35.6489 28.0468 7
      vertex 34.25 28.7596 7
    endloop
  endfacet
  facet normal 0 0 1
    outer loop
      vertex 26.8322 43.3179 7
      vertex 1.6 81.4 7
      vertex 26.75 41.75 7
    endloop
  endfacet
  facet normal 0 0 1
    outer loop
      vertex 1.6 2.1 7
      vertex 26.75 41.75 7
      vertex 1.6 81.4 7
    endloop
  endfacet
  facet normal 0 0 1
    outer loop
      vertex 26.75 41.75 7
      vertex 1.6 2.1 7
      vertex 26.8322 40.1821 7
    endloop
  endfacet
  facet normal 0 0 1
    outer loop
      vertex 26.8322 40.1821 7
      vertex 1.6 2.1 7
      vertex 27.0778 38.6313 7
    endloop
  endfacet
  facet normal 0 0 1
    outer loop
      vertex 27.0778 38.6313 7
      vertex 1.6 2.1 7
      vertex 27.4842 37.1147 7
    endloop
  endfacet
  facet normal 0 0 1
    outer loop
      vertex 41.75 26.75 7
      vertex 2.04773 1.60274 7
      vertex 81.4523 1.60274 7
    endloop
  endfacet
  facet normal 0 0 1
    outer loop
      vertex 32.9332 29.6147 7
      vertex 2.04773 1.60274 7
      vertex 34.25 28.7596 7
    endloop
  endfacet
  facet normal 0 0 1
    outer loop
      vertex 31.713 30.6028 7
      vertex 2.04773 1.60274 7
      vertex 32.9332 29.6147 7
    endloop
  endfacet
  facet normal 0 0 1
    outer loop
      vertex 1.6 2.1 7
      vertex 31.713 30.6028 7
      vertex 30.6028 31.713 7
    endloop
  endfacet
  facet normal 0 0 1
    outer loop
      vertex 1.6 2.1 7
      vertex 30.6028 31.713 7
      vertex 29.6147 32.9332 7
    endloop
  endfacet
  facet normal 0 0 1
    outer loop
      vertex 1.6 2.1 7
      vertex 29.6147 32.9332 7
      vertex 28.7596 34.25 7
    endloop
  endfacet
  facet normal 0 0 1
    outer loop
      vertex 27.4842 37.1147 7
      vertex 1.6 2.1 7
      vertex 28.0468 35.6489 7
    endloop
  endfacet
  facet normal 0 0 1
    outer loop
      vertex 1.6 81.4 7
      vertex 2.04773 81.8973 7
      vertex 1.94549 81.8755 7
    endloop
  endfacet
  facet normal 0 0 1
    outer loop
      vertex 28.0468 35.6489 7
      vertex 1.6 2.1 7
      vertex 28.7596 34.25 7
    endloop
  endfacet
  facet normal 0 0 1
    outer loop
      vertex 1.6 81.4 7
      vertex 1.94549 81.8755 7
      vertex 1.85 81.833 7
    endloop
  endfacet
  facet normal 0 0 1
    outer loop
      vertex 31.713 30.6028 7
      vertex 1.6 2.1 7
      vertex 2.04773 1.60274 7
    endloop
  endfacet
  facet normal 0 0 1
    outer loop
      vertex 1.6 81.4 7
      vertex 1.85 81.833 7
      vertex 1.76543 81.7716 7
    endloop
  endfacet
  facet normal 0 0 1
    outer loop
      vertex 2.04773 1.60274 7
      vertex 1.6 2.1 7
      vertex 1.94549 1.62447 7
    endloop
  endfacet
  facet normal 0 0 1
    outer loop
      vertex 1.6 81.4 7
      vertex 1.76543 81.7716 7
      vertex 1.69549 81.6939 7
    endloop
  endfacet
  facet normal 0 0 1
    outer loop
      vertex 1.94549 1.62447 7
      vertex 1.6 2.1 7
      vertex 1.85 1.66699 7
    endloop
  endfacet
  facet normal 0 0 1
    outer loop
      vertex 1.6 81.4 7
      vertex 1.69549 81.6939 7
      vertex 1.64323 81.6034 7
    endloop
  endfacet
  facet normal 0 0 1
    outer loop
      vertex 1.85 1.66699 7
      vertex 1.6 2.1 7
      vertex 1.76543 1.72843 7
    endloop
  endfacet
  facet normal 0 0 1
    outer loop
      vertex 1.6 81.4 7
      vertex 1.64323 81.6034 7
      vertex 1.61092 81.504 7
    endloop
  endfacet
  facet normal 0 0 1
    outer loop
      vertex 1.76543 1.72843 7
      vertex 1.6 2.1 7
      vertex 1.69549 1.80611 7
    endloop
  endfacet
  facet normal 0 0 1
    outer loop
      vertex 1.69549 1.80611 7
      vertex 1.6 2.1 7
      vertex 1.64323 1.89663 7
    endloop
  endfacet
  facet normal 0 0 1
    outer loop
      vertex 1.64323 1.89663 7
      vertex 1.6 2.1 7
      vertex 1.61092 1.99604 7
    endloop
  endfacet
  facet normal 0.406782 0.913525 -0
    outer loop
      vertex 82.5 83.232 4.75
      vertex 82.118 83.4021 14
      vertex 82.5 83.232 14
    endloop
  endfacet
  facet normal 0.406782 0.913525 0
    outer loop
      vertex 82.118 83.4021 14
      vertex 82.5 83.232 4.75
      vertex 82.118 83.4021 4.75
    endloop
  endfacet
  facet normal 1 0 0
    outer loop
      vertex 83.5 81.5 14
      vertex 83.5 81.2969 4.76
      vertex 83.5 81.5 4.75
    endloop
  endfacet
  facet normal 1 0 0
    outer loop
      vertex 83.5 81.5 14
      vertex 83.5 44.7031 4.76
      vertex 83.5 81.2969 4.76
    endloop
  endfacet
  facet normal 1 0 0
    outer loop
      vertex 83.5 44.7031 4.76
      vertex 83.5 39.2969 4.76
      vertex 83.5 44.7031 4.75
    endloop
  endfacet
  facet normal 1 0 0
    outer loop
      vertex 83.5 81.5 14
      vertex 83.5 39.2969 4.76
      vertex 83.5 44.7031 4.76
    endloop
  endfacet
  facet normal 1 -0 0
    outer loop
      vertex 83.5 2 14
      vertex 83.5 39.2969 4.76
      vertex 83.5 81.5 14
    endloop
  endfacet
  facet normal 1 0 0
    outer loop
      vertex 83.5 39.2969 4.76
      vertex 83.5 2 14
      vertex 83.5 2.70312 4.76
    endloop
  endfacet
  facet normal 1 0 0
    outer loop
      vertex 83.5 2 4.75
      vertex 83.5 2.70312 4.76
      vertex 83.5 2 14
    endloop
  endfacet
  facet normal 1 0 0
    outer loop
      vertex 83.5 2.70312 4.76
      vertex 83.5 2 4.75
      vertex 83.5 2.70312 4.75
    endloop
  endfacet
  facet normal 1 0 0
    outer loop
      vertex 83.5 81.5 4.75
      vertex 83.5 81.2969 4.76
      vertex 83.5 81.2969 4.75
    endloop
  endfacet
  facet normal 1 0 0
    outer loop
      vertex 83.5 44.7031 4.75
      vertex 83.5 39.2969 4.76
      vertex 83.5 39.2969 4.75
    endloop
  endfacet
  facet normal -0.406808 0.913513 0
    outer loop
      vertex 1.38197 83.4021 4.75
      vertex 1 83.232 14
      vertex 1.38197 83.4021 14
    endloop
  endfacet
  facet normal -0.406808 0.913513 0
    outer loop
      vertex 1 83.232 14
      vertex 1.38197 83.4021 4.75
      vertex 1 83.232 4.75
    endloop
  endfacet
  facet normal -0.743146 -0.66913 0
    outer loop
      vertex 0.661738 0.51371 4.75
      vertex 0.381966 0.824429 14
      vertex 0.381966 0.824429 4.75
    endloop
  endfacet
  facet normal -0.743146 -0.66913 0
    outer loop
      vertex 0.381966 0.824429 14
      vertex 0.661738 0.51371 4.75
      vertex 0.661738 0.51371 14
    endloop
  endfacet
  facet normal -0.994521 0.104532 0
    outer loop
      vertex 0 81.5 4.75
      vertex 0.043704 81.9158 14
      vertex 0.043704 81.9158 4.75
    endloop
  endfacet
  facet normal -0.994521 0.104532 0
    outer loop
      vertex 0.043704 81.9158 14
      vertex 0 81.5 4.75
      vertex 0 81.5 14
    endloop
  endfacet
  facet normal 0.994522 0.104523 0
    outer loop
      vertex 83.5 81.5 14
      vertex 83.4563 81.9158 4.75
      vertex 83.4563 81.9158 14
    endloop
  endfacet
  facet normal 0.994522 0.104523 0
    outer loop
      vertex 83.4563 81.9158 4.75
      vertex 83.5 81.5 14
      vertex 83.5 81.5 4.75
    endloop
  endfacet
  facet normal 0.865983 -0.500073 0
    outer loop
      vertex 83.118 0.824429 14
      vertex 83.3271 1.18653 4.75
      vertex 83.3271 1.18653 14
    endloop
  endfacet
  facet normal 0.865983 -0.500073 0
    outer loop
      vertex 83.3271 1.18653 4.75
      vertex 83.118 0.824429 14
      vertex 83.118 0.824429 4.75
    endloop
  endfacet
  facet normal 0.743211 0.669057 0
    outer loop
      vertex 83.118 82.6756 14
      vertex 82.8383 82.9863 4.75
      vertex 82.8383 82.9863 14
    endloop
  endfacet
  facet normal 0.743211 0.669057 0
    outer loop
      vertex 82.8383 82.9863 4.75
      vertex 83.118 82.6756 14
      vertex 83.118 82.6756 4.75
    endloop
  endfacet
  facet normal 0.865982 0.500074 0
    outer loop
      vertex 83.3271 82.3135 14
      vertex 83.118 82.6756 4.75
      vertex 83.118 82.6756 14
    endloop
  endfacet
  facet normal 0.865982 0.500074 0
    outer loop
      vertex 83.118 82.6756 4.75
      vertex 83.3271 82.3135 14
      vertex 83.3271 82.3135 4.75
    endloop
  endfacet
  facet normal 0.587741 -0.809049 0
    outer loop
      vertex 82.5 0.267949 4.75
      vertex 82.8383 0.51371 14
      vertex 82.5 0.267949 14
    endloop
  endfacet
  facet normal 0.587741 -0.809049 0
    outer loop
      vertex 82.8383 0.51371 14
      vertex 82.5 0.267949 4.75
      vertex 82.8383 0.51371 4.75
    endloop
  endfacet
  facet normal -0 0 1
    outer loop
      vertex 81.8891 81.504 14
      vertex 83.5 81.5 14
      vertex 83.4563 81.9158 14
    endloop
  endfacet
  facet normal 0 0 1
    outer loop
      vertex 83.5 81.5 14
      vertex 81.9 81.4 14
      vertex 83.5 2 14
    endloop
  endfacet
  facet normal 0 0 1
    outer loop
      vertex 81.8568 81.6034 14
      vertex 83.4563 81.9158 14
      vertex 83.3271 82.3135 14
    endloop
  endfacet
  facet normal -0 0 1
    outer loop
      vertex 81.9 2.1 14
      vertex 83.5 2 14
      vertex 81.9 81.4 14
    endloop
  endfacet
  facet normal 0 0 1
    outer loop
      vertex 81.8045 81.6939 14
      vertex 83.3271 82.3135 14
      vertex 83.118 82.6756 14
    endloop
  endfacet
  facet normal 0 0 1
    outer loop
      vertex 81.8891 1.99604 14
      vertex 83.5 2 14
      vertex 81.9 2.1 14
    endloop
  endfacet
  facet normal 0 0 1
    outer loop
      vertex 81.8045 81.6939 14
      vertex 83.118 82.6756 14
      vertex 82.8383 82.9863 14
    endloop
  endfacet
  facet normal 0 0 1
    outer loop
      vertex 83.5 2 14
      vertex 81.8891 1.99604 14
      vertex 83.4563 1.58418 14
    endloop
  endfacet
  facet normal 0 0 1
    outer loop
      vertex 81.7346 81.7716 14
      vertex 82.8383 82.9863 14
      vertex 82.5 83.232 14
    endloop
  endfacet
  facet normal -0 0 1
    outer loop
      vertex 81.8568 1.89663 14
      vertex 83.4563 1.58418 14
      vertex 81.8891 1.99604 14
    endloop
  endfacet
  facet normal 0 0 1
    outer loop
      vertex 81.65 81.833 14
      vertex 82.5 83.232 14
      vertex 82.118 83.4021 14
    endloop
  endfacet
  facet normal 0 0 1
    outer loop
      vertex 83.4563 1.58418 14
      vertex 81.8568 1.89663 14
      vertex 83.3271 1.18653 14
    endloop
  endfacet
  facet normal -0 0 1
    outer loop
      vertex 81.8045 1.80611 14
      vertex 83.3271 1.18653 14
      vertex 81.8568 1.89663 14
    endloop
  endfacet
  facet normal 0 0 1
    outer loop
      vertex 83.5 81.5 14
      vertex 81.8891 81.504 14
      vertex 81.9 81.4 14
    endloop
  endfacet
  facet normal 0 0 1
    outer loop
      vertex 83.4563 81.9158 14
      vertex 81.8568 81.6034 14
      vertex 81.8891 81.504 14
    endloop
  endfacet
  facet normal 0 0 1
    outer loop
      vertex 83.3271 82.3135 14
      vertex 81.8045 81.6939 14
      vertex 81.8568 81.6034 14
    endloop
  endfacet
  facet normal 0 0 1
    outer loop
      vertex 82.8383 82.9863 14
      vertex 81.7346 81.7716 14
      vertex 81.8045 81.6939 14
    endloop
  endfacet
  facet normal 0 0 1
    outer loop
      vertex 81.5545 81.8755 14
      vertex 82.118 83.4021 14
      vertex 81.7091 83.489 14
    endloop
  endfacet
  facet normal 0 0 1
    outer loop
      vertex 82.5 83.232 14
      vertex 81.65 81.833 14
      vertex 81.7346 81.7716 14
    endloop
  endfacet
  facet normal 0 0 1
    outer loop
      vertex 82.118 83.4021 14
      vertex 81.5545 81.8755 14
      vertex 81.65 81.833 14
    endloop
  endfacet
  facet normal 0 0 1
    outer loop
      vertex 81.7091 83.489 14
      vertex 81.4523 81.8973 14
      vertex 81.5545 81.8755 14
    endloop
  endfacet
  facet normal 0 0 1
    outer loop
      vertex 81.7091 83.489 14
      vertex 2.04773 81.8973 14
      vertex 81.4523 81.8973 14
    endloop
  endfacet
  facet normal -0 0 1
    outer loop
      vertex 1.79094 83.489 14
      vertex 2.04773 81.8973 14
      vertex 81.7091 83.489 14
    endloop
  endfacet
  facet normal 0 0 1
    outer loop
      vertex 1.79094 83.489 14
      vertex 1.94549 81.8755 14
      vertex 2.04773 81.8973 14
    endloop
  endfacet
  facet normal -0 0 1
    outer loop
      vertex 1.38197 83.4021 14
      vertex 1.94549 81.8755 14
      vertex 1.79094 83.489 14
    endloop
  endfacet
  facet normal 0 0 1
    outer loop
      vertex 1.94549 81.8755 14
      vertex 1.38197 83.4021 14
      vertex 1.85 81.833 14
    endloop
  endfacet
  facet normal -0 0 1
    outer loop
      vertex 1 83.232 14
      vertex 1.85 81.833 14
      vertex 1.38197 83.4021 14
    endloop
  endfacet
  facet normal 0 0 1
    outer loop
      vertex 1.85 81.833 14
      vertex 1 83.232 14
      vertex 1.76543 81.7716 14
    endloop
  endfacet
  facet normal -0 0 1
    outer loop
      vertex 0.661738 82.9863 14
      vertex 1.76543 81.7716 14
      vertex 1 83.232 14
    endloop
  endfacet
  facet normal 0 0 1
    outer loop
      vertex 1.76543 81.7716 14
      vertex 0.661738 82.9863 14
      vertex 1.69549 81.6939 14
    endloop
  endfacet
  facet normal -0 0 1
    outer loop
      vertex 0.172909 82.3135 14
      vertex 1.69549 81.6939 14
      vertex 0.381966 82.6756 14
    endloop
  endfacet
  facet normal -0 0 1
    outer loop
      vertex 0.381966 82.6756 14
      vertex 1.69549 81.6939 14
      vertex 0.661738 82.9863 14
    endloop
  endfacet
  facet normal 0 0 1
    outer loop
      vertex 83.3271 1.18653 14
      vertex 81.8045 1.80611 14
      vertex 83.118 0.824429 14
    endloop
  endfacet
  facet normal 0 0 1
    outer loop
      vertex 83.118 0.824429 14
      vertex 81.8045 1.80611 14
      vertex 82.8383 0.51371 14
    endloop
  endfacet
  facet normal -0 0 1
    outer loop
      vertex 81.7346 1.72843 14
      vertex 82.8383 0.51371 14
      vertex 81.8045 1.80611 14
    endloop
  endfacet
  facet normal 0 0 1
    outer loop
      vertex 82.8383 0.51371 14
      vertex 81.7346 1.72843 14
      vertex 82.5 0.267949 14
    endloop
  endfacet
  facet normal -0 0 1
    outer loop
      vertex 81.65 1.66699 14
      vertex 82.5 0.267949 14
      vertex 81.7346 1.72843 14
    endloop
  endfacet
  facet normal 0 0 1
    outer loop
      vertex 82.5 0.267949 14
      vertex 81.65 1.66699 14
      vertex 82.118 0.0978861 14
    endloop
  endfacet
  facet normal -0 0 1
    outer loop
      vertex 81.5545 1.62447 14
      vertex 82.118 0.0978861 14
      vertex 81.65 1.66699 14
    endloop
  endfacet
  facet normal 0 0 1
    outer loop
      vertex 82.118 0.0978861 14
      vertex 81.5545 1.62447 14
      vertex 81.7091 0.0109558 14
    endloop
  endfacet
  facet normal -0 0 1
    outer loop
      vertex 81.4523 1.60274 14
      vertex 81.7091 0.0109558 14
      vertex 81.5545 1.62447 14
    endloop
  endfacet
  facet normal -0 0 1
    outer loop
      vertex 2.04773 1.60274 14
      vertex 81.7091 0.0109558 14
      vertex 81.4523 1.60274 14
    endloop
  endfacet
  facet normal 0 0 1
    outer loop
      vertex 2.04773 1.60274 14
      vertex 1.79094 0.0109558 14
      vertex 81.7091 0.0109558 14
    endloop
  endfacet
  facet normal 0 0 1
    outer loop
      vertex 1.94549 1.62447 14
      vertex 1.79094 0.0109558 14
      vertex 2.04773 1.60274 14
    endloop
  endfacet
  facet normal 0 0 1
    outer loop
      vertex 1.38197 0.0978861 14
      vertex 1.94549 1.62447 14
      vertex 1.85 1.66699 14
    endloop
  endfacet
  facet normal 0 0 1
    outer loop
      vertex 1 0.267949 14
      vertex 1.85 1.66699 14
      vertex 1.76543 1.72843 14
    endloop
  endfacet
  facet normal 0 0 1
    outer loop
      vertex 0.661738 0.51371 14
      vertex 1.76543 1.72843 14
      vertex 1.69549 1.80611 14
    endloop
  endfacet
  facet normal 0 0 1
    outer loop
      vertex 0.172909 1.18653 14
      vertex 1.69549 1.80611 14
      vertex 1.64323 1.89663 14
    endloop
  endfacet
  facet normal 0 0 1
    outer loop
      vertex 0.043704 1.58418 14
      vertex 1.64323 1.89663 14
      vertex 1.61092 1.99604 14
    endloop
  endfacet
  facet normal -0 0 1
    outer loop
      vertex 0 2 14
      vertex 1.61092 1.99604 14
      vertex 1.6 2.1 14
    endloop
  endfacet
  facet normal 0 0 1
    outer loop
      vertex 1.94549 1.62447 14
      vertex 1.38197 0.0978861 14
      vertex 1.79094 0.0109558 14
    endloop
  endfacet
  facet normal 0 0 1
    outer loop
      vertex 1.6 81.4 14
      vertex 0 81.5 14
      vertex 1.6 2.1 14
    endloop
  endfacet
  facet normal 0 0 1
    outer loop
      vertex 1.69549 81.6939 14
      vertex 0.172909 82.3135 14
      vertex 1.64323 81.6034 14
    endloop
  endfacet
  facet normal 0 0 1
    outer loop
      vertex 0 2 14
      vertex 1.6 2.1 14
      vertex 0 81.5 14
    endloop
  endfacet
  facet normal -0 0 1
    outer loop
      vertex 0.043704 81.9158 14
      vertex 1.64323 81.6034 14
      vertex 0.172909 82.3135 14
    endloop
  endfacet
  facet normal 0 0 1
    outer loop
      vertex 1.61092 1.99604 14
      vertex 0 2 14
      vertex 0.043704 1.58418 14
    endloop
  endfacet
  facet normal 0 0 1
    outer loop
      vertex 1.64323 81.6034 14
      vertex 0.043704 81.9158 14
      vertex 1.61092 81.504 14
    endloop
  endfacet
  facet normal 0 0 1
    outer loop
      vertex 1.85 1.66699 14
      vertex 1 0.267949 14
      vertex 1.38197 0.0978861 14
    endloop
  endfacet
  facet normal 0 0 1
    outer loop
      vertex 0 81.5 14
      vertex 1.61092 81.504 14
      vertex 0.043704 81.9158 14
    endloop
  endfacet
  facet normal 0 0 1
    outer loop
      vertex 1.76543 1.72843 14
      vertex 0.661738 0.51371 14
      vertex 1 0.267949 14
    endloop
  endfacet
  facet normal 0 0 1
    outer loop
      vertex 1.61092 81.504 14
      vertex 0 81.5 14
      vertex 1.6 81.4 14
    endloop
  endfacet
  facet normal 0 0 1
    outer loop
      vertex 1.69549 1.80611 14
      vertex 0.381966 0.824429 14
      vertex 0.661738 0.51371 14
    endloop
  endfacet
  facet normal 0 0 1
    outer loop
      vertex 1.69549 1.80611 14
      vertex 0.172909 1.18653 14
      vertex 0.381966 0.824429 14
    endloop
  endfacet
  facet normal 0 0 1
    outer loop
      vertex 1.64323 1.89663 14
      vertex 0.043704 1.58418 14
      vertex 0.172909 1.18653 14
    endloop
  endfacet
  facet normal 1 -0 0
    outer loop
      vertex 1.6 2.1 14
      vertex 1.6 81.4 7
      vertex 1.6 81.4 14
    endloop
  endfacet
  facet normal 1 0 0
    outer loop
      vertex 1.6 81.4 7
      vertex 1.6 2.1 14
      vertex 1.6 2.1 7
    endloop
  endfacet
  facet normal -0.587375 -0.809315 0
    outer loop
      vertex 81.65 81.833 7
      vertex 81.7346 81.7716 14
      vertex 81.65 81.833 14
    endloop
  endfacet
  facet normal -0.587375 -0.809315 -0
    outer loop
      vertex 81.7346 81.7716 14
      vertex 81.65 81.833 7
      vertex 81.7346 81.7716 7
    endloop
  endfacet
  facet normal 0 1 -0
    outer loop
      vertex 81.4523 1.60274 7
      vertex 2.04773 1.60274 14
      vertex 81.4523 1.60274 14
    endloop
  endfacet
  facet normal 0 1 0
    outer loop
      vertex 2.04773 1.60274 14
      vertex 81.4523 1.60274 7
      vertex 2.04773 1.60274 7
    endloop
  endfacet
  facet normal 0.587512 -0.809216 0
    outer loop
      vertex 1.76543 81.7716 7
      vertex 1.85 81.833 14
      vertex 1.76543 81.7716 14
    endloop
  endfacet
  facet normal 0.587512 -0.809216 0
    outer loop
      vertex 1.85 81.833 14
      vertex 1.76543 81.7716 7
      vertex 1.85 81.833 7
    endloop
  endfacet
  facet normal -1 0 0
    outer loop
      vertex 81.9 2.1 7
      vertex 81.9 81.4 14
      vertex 81.9 81.4 7
    endloop
  endfacet
  facet normal -1 -0 0
    outer loop
      vertex 81.9 81.4 14
      vertex 81.9 2.1 7
      vertex 81.9 2.1 14
    endloop
  endfacet
  facet normal 0 -1 0
    outer loop
      vertex 2.04773 81.8973 7
      vertex 81.4523 81.8973 14
      vertex 2.04773 81.8973 14
    endloop
  endfacet
  facet normal 0 -1 -0
    outer loop
      vertex 81.4523 81.8973 14
      vertex 2.04773 81.8973 7
      vertex 81.4523 81.8973 7
    endloop
  endfacet
  facet normal -0.743351 0.668901 0
    outer loop
      vertex 81.7346 1.72843 7
      vertex 81.8045 1.80611 14
      vertex 81.8045 1.80611 7
    endloop
  endfacet
  facet normal -0.743351 0.668901 0
    outer loop
      vertex 81.8045 1.80611 14
      vertex 81.7346 1.72843 7
      vertex 81.7346 1.72843 14
    endloop
  endfacet
  facet normal 0.587762 0.809034 -0
    outer loop
      vertex 1.85 1.66699 7
      vertex 1.76543 1.72843 14
      vertex 1.85 1.66699 14
    endloop
  endfacet
  facet normal 0.587762 0.809034 0
    outer loop
      vertex 1.76543 1.72843 14
      vertex 1.85 1.66699 7
      vertex 1.76543 1.72843 7
    endloop
  endfacet
  facet normal -0.951057 0.309015 0
    outer loop
      vertex 81.8568 1.89663 7
      vertex 81.8891 1.99604 14
      vertex 81.8891 1.99604 7
    endloop
  endfacet
  facet normal -0.951057 0.309015 0
    outer loop
      vertex 81.8891 1.99604 14
      vertex 81.8568 1.89663 7
      vertex 81.8568 1.89663 14
    endloop
  endfacet
  facet normal -0.406582 -0.913614 0
    outer loop
      vertex 81.5545 81.8755 7
      vertex 81.65 81.833 14
      vertex 81.5545 81.8755 14
    endloop
  endfacet
  facet normal -0.406582 -0.913614 -0
    outer loop
      vertex 81.65 81.833 14
      vertex 81.5545 81.8755 7
      vertex 81.65 81.833 7
    endloop
  endfacet
  facet normal 0.95102 -0.309129 0
    outer loop
      vertex 1.61092 81.504 14
      vertex 1.64323 81.6034 7
      vertex 1.64323 81.6034 14
    endloop
  endfacet
  facet normal 0.95102 -0.309129 0
    outer loop
      vertex 1.64323 81.6034 7
      vertex 1.61092 81.504 14
      vertex 1.61092 81.504 7
    endloop
  endfacet
  facet normal 0.994533 -0.104426 0
    outer loop
      vertex 1.6 81.4 14
      vertex 1.61092 81.504 7
      vertex 1.61092 81.504 14
    endloop
  endfacet
  facet normal 0.994533 -0.104426 0
    outer loop
      vertex 1.61092 81.504 7
      vertex 1.6 81.4 14
      vertex 1.6 81.4 7
    endloop
  endfacet
  facet normal 0.743161 0.669113 0
    outer loop
      vertex 1.76543 1.72843 14
      vertex 1.69549 1.80611 7
      vertex 1.69549 1.80611 14
    endloop
  endfacet
  facet normal 0.743161 0.669113 0
    outer loop
      vertex 1.69549 1.80611 7
      vertex 1.76543 1.72843 14
      vertex 1.76543 1.72843 7
    endloop
  endfacet
  facet normal 0.406777 0.913527 -0
    outer loop
      vertex 1.94549 1.62447 7
      vertex 1.85 1.66699 14
      vertex 1.94549 1.62447 14
    endloop
  endfacet
  facet normal 0.406777 0.913527 0
    outer loop
      vertex 1.85 1.66699 14
      vertex 1.94549 1.62447 7
      vertex 1.85 1.66699 7
    endloop
  endfacet
  facet normal -0.994548 0.104276 0
    outer loop
      vertex 81.8891 1.99604 7
      vertex 81.9 2.1 14
      vertex 81.9 2.1 7
    endloop
  endfacet
  facet normal -0.994548 0.104276 0
    outer loop
      vertex 81.9 2.1 14
      vertex 81.8891 1.99604 7
      vertex 81.8891 1.99604 14
    endloop
  endfacet
  facet normal 0.208536 -0.978015 0
    outer loop
      vertex 1.94549 81.8755 7
      vertex 2.04773 81.8973 14
      vertex 1.94549 81.8755 14
    endloop
  endfacet
  facet normal 0.208536 -0.978015 0
    outer loop
      vertex 2.04773 81.8973 14
      vertex 1.94549 81.8755 7
      vertex 2.04773 81.8973 7
    endloop
  endfacet
  facet normal 0.951029 0.309101 0
    outer loop
      vertex 1.64323 1.89663 14
      vertex 1.61092 1.99604 7
      vertex 1.61092 1.99604 14
    endloop
  endfacet
  facet normal 0.951029 0.309101 0
    outer loop
      vertex 1.61092 1.99604 7
      vertex 1.64323 1.89663 14
      vertex 1.64323 1.89663 7
    endloop
  endfacet
  facet normal 0.406618 -0.913598 0
    outer loop
      vertex 1.85 81.833 7
      vertex 1.94549 81.8755 14
      vertex 1.85 81.833 14
    endloop
  endfacet
  facet normal 0.406618 -0.913598 0
    outer loop
      vertex 1.94549 81.8755 14
      vertex 1.85 81.833 7
      vertex 1.94549 81.8755 7
    endloop
  endfacet
  facet normal -0.587626 0.809133 0
    outer loop
      vertex 81.7346 1.72843 7
      vertex 81.65 1.66699 14
      vertex 81.7346 1.72843 14
    endloop
  endfacet
  facet normal -0.587626 0.809133 0
    outer loop
      vertex 81.65 1.66699 14
      vertex 81.7346 1.72843 7
      vertex 81.65 1.66699 7
    endloop
  endfacet
  facet normal 0.743247 -0.669018 0
    outer loop
      vertex 1.69549 81.6939 14
      vertex 1.76543 81.7716 7
      vertex 1.76543 81.7716 14
    endloop
  endfacet
  facet normal 0.743247 -0.669018 0
    outer loop
      vertex 1.76543 81.7716 7
      vertex 1.69549 81.6939 14
      vertex 1.69549 81.6939 7
    endloop
  endfacet
  facet normal -0.406742 0.913543 0
    outer loop
      vertex 81.65 1.66699 7
      vertex 81.5545 1.62447 14
      vertex 81.65 1.66699 14
    endloop
  endfacet
  facet normal -0.406742 0.913543 0
    outer loop
      vertex 81.5545 1.62447 14
      vertex 81.65 1.66699 7
      vertex 81.5545 1.62447 7
    endloop
  endfacet
  facet normal 0.865985 -0.50007 0
    outer loop
      vertex 1.64323 81.6034 14
      vertex 1.69549 81.6939 7
      vertex 1.69549 81.6939 14
    endloop
  endfacet
  facet normal 0.865985 -0.50007 0
    outer loop
      vertex 1.69549 81.6939 7
      vertex 1.64323 81.6034 14
      vertex 1.64323 81.6034 7
    endloop
  endfacet
  facet normal -0.865867 0.500274 0
    outer loop
      vertex 81.8045 1.80611 7
      vertex 81.8568 1.89663 14
      vertex 81.8568 1.89663 7
    endloop
  endfacet
  facet normal -0.865867 0.500274 0
    outer loop
      vertex 81.8568 1.89663 14
      vertex 81.8045 1.80611 7
      vertex 81.8045 1.80611 14
    endloop
  endfacet
  facet normal -0.208614 -0.977998 0
    outer loop
      vertex 81.4523 81.8973 7
      vertex 81.5545 81.8755 14
      vertex 81.4523 81.8973 14
    endloop
  endfacet
  facet normal -0.208614 -0.977998 -0
    outer loop
      vertex 81.5545 81.8755 14
      vertex 81.4523 81.8973 7
      vertex 81.5545 81.8755 7
    endloop
  endfacet
  facet normal -0.743437 -0.668806 0
    outer loop
      vertex 81.8045 81.6939 7
      vertex 81.7346 81.7716 14
      vertex 81.7346 81.7716 7
    endloop
  endfacet
  facet normal -0.743437 -0.668806 0
    outer loop
      vertex 81.7346 81.7716 14
      vertex 81.8045 81.6939 7
      vertex 81.8045 81.6939 14
    endloop
  endfacet
  facet normal -0.207973 0.978135 0
    outer loop
      vertex 81.5545 1.62447 7
      vertex 81.4523 1.60274 14
      vertex 81.5545 1.62447 14
    endloop
  endfacet
  facet normal -0.207973 0.978135 0
    outer loop
      vertex 81.4523 1.60274 14
      vertex 81.5545 1.62447 7
      vertex 81.4523 1.60274 7
    endloop
  endfacet
  facet normal 0.994528 0.104466 0
    outer loop
      vertex 1.61092 1.99604 14
      vertex 1.6 2.1 7
      vertex 1.6 2.1 14
    endloop
  endfacet
  facet normal 0.994528 0.104466 0
    outer loop
      vertex 1.6 2.1 7
      vertex 1.61092 1.99604 14
      vertex 1.61092 1.99604 7
    endloop
  endfacet
  facet normal 0.207895 0.978151 -0
    outer loop
      vertex 2.04773 1.60274 7
      vertex 1.94549 1.62447 14
      vertex 2.04773 1.60274 14
    endloop
  endfacet
  facet normal 0.207895 0.978151 0
    outer loop
      vertex 1.94549 1.62447 14
      vertex 2.04773 1.60274 7
      vertex 1.94549 1.62447 7
    endloop
  endfacet
  facet normal -0.994553 -0.104237 0
    outer loop
      vertex 81.9 81.4 7
      vertex 81.8891 81.504 14
      vertex 81.8891 81.504 7
    endloop
  endfacet
  facet normal -0.994553 -0.104237 0
    outer loop
      vertex 81.8891 81.504 14
      vertex 81.9 81.4 7
      vertex 81.9 81.4 14
    endloop
  endfacet
  facet normal 0.866033 0.499987 0
    outer loop
      vertex 1.69549 1.80611 14
      vertex 1.64323 1.89663 7
      vertex 1.64323 1.89663 14
    endloop
  endfacet
  facet normal 0.866033 0.499987 0
    outer loop
      vertex 1.64323 1.89663 7
      vertex 1.69549 1.80611 14
      vertex 1.69549 1.80611 7
    endloop
  endfacet
  facet normal -0.951048 -0.309043 0
    outer loop
      vertex 81.8891 81.504 7
      vertex 81.8568 81.6034 14
      vertex 81.8568 81.6034 7
    endloop
  endfacet
  facet normal -0.951048 -0.309043 0
    outer loop
      vertex 81.8568 81.6034 14
      vertex 81.8891 81.504 7
      vertex 81.8891 81.504 14
    endloop
  endfacet
  facet normal -0.865819 -0.500357 0
    outer loop
      vertex 81.8568 81.6034 7
      vertex 81.8045 81.6939 14
      vertex 81.8045 81.6939 7
    endloop
  endfacet
  facet normal -0.865819 -0.500357 0
    outer loop
      vertex 81.8045 81.6939 14
      vertex 81.8568 81.6034 7
      vertex 81.8568 81.6034 14
    endloop
  endfacet
  facet normal -0.613976 0.354605 -0.705187
    outer loop
      vertex 3.26916 38.3254 0
      vertex 2.70557 38.9405 0.799999
      vertex 3.35279 38.4702 0
    endloop
  endfacet
  facet normal 0.865972 0.500093 0
    outer loop
      vertex 39.4617 38.6508 2.6
      vertex 39.2944 38.9405 0.799999
      vertex 39.2944 38.9405 2.6
    endloop
  endfacet
  facet normal 0.865972 0.500093 0
    outer loop
      vertex 39.2944 38.9405 0.799999
      vertex 39.4617 38.6508 2.6
      vertex 39.4617 38.6508 0.799999
    endloop
  endfacet
  facet normal 0.614003 -0.354607 -0.705163
    outer loop
      vertex 39.2944 3.05954 0.799999
      vertex 38.6472 3.52977 0
      vertex 39.4617 3.34922 0.799999
    endloop
  endfacet
  facet normal -0.994524 0.104504 0
    outer loop
      vertex 2.4 38 0.799999
      vertex 2.43496 38.3327 2.6
      vertex 2.43496 38.3327 0.799999
    endloop
  endfacet
  facet normal -0.994524 0.104504 0
    outer loop
      vertex 2.43496 38.3327 2.6
      vertex 2.4 38 0.799999
      vertex 2.4 38 2.6
    endloop
  endfacet
  facet normal 0.951107 0.308863 0
    outer loop
      vertex 39.565 38.3327 2.6
      vertex 39.4617 38.6508 0.799999
      vertex 39.4617 38.6508 2.6
    endloop
  endfacet
  facet normal 0.951107 0.308863 0
    outer loop
      vertex 39.4617 38.6508 0.799999
      vertex 39.565 38.3327 2.6
      vertex 39.565 38.3327 0.799999
    endloop
  endfacet
  facet normal 0.994512 0.104623 0
    outer loop
      vertex 39.6 38 2.6
      vertex 39.565 38.3327 0.799999
      vertex 39.565 38.3327 2.6
    endloop
  endfacet
  facet normal 0.994512 0.104623 0
    outer loop
      vertex 39.565 38.3327 0.799999
      vertex 39.6 38 2.6
      vertex 39.6 38 0.799999
    endloop
  endfacet
  facet normal -0.743041 0.669246 0
    outer loop
      vertex 2.70557 38.9405 0.799999
      vertex 2.92939 39.189 2.6
      vertex 2.92939 39.189 0.799999
    endloop
  endfacet
  facet normal -0.743041 0.669246 0
    outer loop
      vertex 2.92939 39.189 2.6
      vertex 2.70557 38.9405 0.799999
      vertex 2.70557 38.9405 2.6
    endloop
  endfacet
  facet normal -0.406865 0.913488 0
    outer loop
      vertex 3.50557 39.5217 0.799999
      vertex 3.2 39.3856 2.6
      vertex 3.50557 39.5217 2.6
    endloop
  endfacet
  facet normal -0.406865 0.913488 0
    outer loop
      vertex 3.2 39.3856 2.6
      vertex 3.50557 39.5217 0.799999
      vertex 3.2 39.3856 0.799999
    endloop
  endfacet
  facet normal -0.416767 0.573638 -0.705155
    outer loop
      vertex 3.4647 38.5945 0
      vertex 3.2 39.3856 0.799999
      vertex 3.6 38.6928 0
    endloop
  endfacet
  facet normal -0.416756 0.573644 -0.705157
    outer loop
      vertex 3.2 39.3856 0.799999
      vertex 3.4647 38.5945 0
      vertex 2.92939 39.189 0.799999
    endloop
  endfacet
  facet normal -0.14733 0.693573 -0.70516
    outer loop
      vertex 3.91638 38.7956 0
      vertex 3.50557 39.5217 0.799999
      vertex 3.83275 39.5912 0.799999
    endloop
  endfacet
  facet normal 0.674335 0.219127 -0.705163
    outer loop
      vertex 38.7825 38.1663 0
      vertex 38.7308 38.3254 0
      vertex 39.565 38.3327 0.799999
    endloop
  endfacet
  facet normal 0.526862 0.474494 -0.705175
    outer loop
      vertex 38.6472 38.4702 0
      vertex 39.0706 39.189 0.799999
      vertex 39.2944 38.9405 0.799999
    endloop
  endfacet
  facet normal 0.526973 0.474403 -0.705153
    outer loop
      vertex 39.0706 39.189 0.799999
      vertex 38.6472 38.4702 0
      vertex 38.5353 38.5945 0
    endloop
  endfacet
  facet normal 0 1 -0
    outer loop
      vertex 38.1672 39.5912 0.799999
      vertex 3.83275 39.5912 2.6
      vertex 38.1672 39.5912 2.6
    endloop
  endfacet
  facet normal 0 1 0
    outer loop
      vertex 3.83275 39.5912 2.6
      vertex 38.1672 39.5912 0.799999
      vertex 3.83275 39.5912 0.799999
    endloop
  endfacet
  facet normal 0.705157 0.0742047 -0.705158
    outer loop
      vertex 38.8 38 0
      vertex 38.7825 38.1663 0
      vertex 39.6 38 0.799999
    endloop
  endfacet
  facet normal -0.674334 0.219132 -0.705163
    outer loop
      vertex 3.26916 38.3254 0
      vertex 2.43496 38.3327 0.799999
      vertex 2.53833 38.6508 0.799999
    endloop
  endfacet
  facet normal -0.288479 0.647688 -0.705181
    outer loop
      vertex 3.75279 38.7608 0
      vertex 3.2 39.3856 0.799999
      vertex 3.50557 39.5217 0.799999
    endloop
  endfacet
  facet normal 0.288464 0.64772 -0.705158
    outer loop
      vertex 38.4 38.6928 0
      vertex 38.4944 39.5217 0.799999
      vertex 38.8 39.3856 0.799999
    endloop
  endfacet
  facet normal 0.288275 0.647771 -0.705189
    outer loop
      vertex 38.4944 39.5217 0.799999
      vertex 38.4 38.6928 0
      vertex 38.2472 38.7608 0
    endloop
  endfacet
  facet normal -0.951045 0.309052 0
    outer loop
      vertex 2.43496 38.3327 0.799999
      vertex 2.53833 38.6508 2.6
      vertex 2.53833 38.6508 0.799999
    endloop
  endfacet
  facet normal -0.951045 0.309052 0
    outer loop
      vertex 2.53833 38.6508 2.6
      vertex 2.43496 38.3327 0.799999
      vertex 2.43496 38.3327 2.6
    endloop
  endfacet
  facet normal -0.674348 0.219047 -0.705176
    outer loop
      vertex 3.21748 38.1663 0
      vertex 2.43496 38.3327 0.799999
      vertex 3.26916 38.3254 0
    endloop
  endfacet
  facet normal -0.526949 0.474423 -0.705158
    outer loop
      vertex 3.35279 38.4702 0
      vertex 2.92939 39.189 0.799999
      vertex 3.4647 38.5945 0
    endloop
  endfacet
  facet normal -0.526837 0.474514 -0.70518
    outer loop
      vertex 2.92939 39.189 0.799999
      vertex 3.35279 38.4702 0
      vertex 2.70557 38.9405 0.799999
    endloop
  endfacet
  facet normal 0.147321 0.693577 -0.705158
    outer loop
      vertex 38.4944 39.5217 0.799999
      vertex 38.0836 38.7956 0
      vertex 38.1672 39.5912 0.799999
    endloop
  endfacet
  facet normal 0 0.709054 -0.705155
    outer loop
      vertex 38.0836 38.7956 0
      vertex 3.83275 39.5912 0.799999
      vertex 38.1672 39.5912 0.799999
    endloop
  endfacet
  facet normal 0 0.709054 -0.705155
    outer loop
      vertex 3.83275 39.5912 0.799999
      vertex 38.0836 38.7956 0
      vertex 3.91638 38.7956 0
    endloop
  endfacet
  facet normal 0.587781 0.80902 -0
    outer loop
      vertex 39.0706 39.189 0.799999
      vertex 38.8 39.3856 2.6
      vertex 39.0706 39.189 2.6
    endloop
  endfacet
  facet normal 0.587781 0.80902 0
    outer loop
      vertex 38.8 39.3856 2.6
      vertex 39.0706 39.189 0.799999
      vertex 38.8 39.3856 0.799999
    endloop
  endfacet
  facet normal 0.994511 -0.104635 0
    outer loop
      vertex 39.565 3.66734 2.6
      vertex 39.6 4 0.799999
      vertex 39.6 4 2.6
    endloop
  endfacet
  facet normal 0.994511 -0.104635 0
    outer loop
      vertex 39.6 4 0.799999
      vertex 39.565 3.66734 2.6
      vertex 39.565 3.66734 0.799999
    endloop
  endfacet
  facet normal 0.707106 0 -0.707107
    outer loop
      vertex 39.6 4 0.799999
      vertex 38.8 38 0
      vertex 39.6 38 0.799999
    endloop
  endfacet
  facet normal 0.707106 0 -0.707107
    outer loop
      vertex 38.8 38 0
      vertex 39.6 4 0.799999
      vertex 38.8 4 0
    endloop
  endfacet
  facet normal 0.416767 0.573638 -0.705155
    outer loop
      vertex 38.5353 38.5945 0
      vertex 38.8 39.3856 0.799999
      vertex 39.0706 39.189 0.799999
    endloop
  endfacet
  facet normal 0.416767 0.573638 -0.705155
    outer loop
      vertex 38.8 39.3856 0.799999
      vertex 38.5353 38.5945 0
      vertex 38.4 38.6928 0
    endloop
  endfacet
  facet normal 0.5878 -0.809006 0
    outer loop
      vertex 38.8 2.61436 0.799999
      vertex 39.0706 2.81097 2.6
      vertex 38.8 2.61436 2.6
    endloop
  endfacet
  facet normal 0.5878 -0.809006 0
    outer loop
      vertex 39.0706 2.81097 2.6
      vertex 38.8 2.61436 0.799999
      vertex 39.0706 2.81097 0.799999
    endloop
  endfacet
  facet normal -0.866049 0.499959 0
    outer loop
      vertex 2.53833 38.6508 0.799999
      vertex 2.70557 38.9405 2.6
      vertex 2.70557 38.9405 0.799999
    endloop
  endfacet
  facet normal -0.866049 0.499959 0
    outer loop
      vertex 2.70557 38.9405 2.6
      vertex 2.53833 38.6508 0.799999
      vertex 2.53833 38.6508 2.6
    endloop
  endfacet
  facet normal -0.288307 0.6478 -0.705149
    outer loop
      vertex 3.6 38.6928 0
      vertex 3.2 39.3856 0.799999
      vertex 3.75279 38.7608 0
    endloop
  endfacet
  facet normal 0.406707 -0.913559 0
    outer loop
      vertex 38.4944 2.47831 0.799999
      vertex 38.8 2.61436 2.6
      vertex 38.4944 2.47831 2.6
    endloop
  endfacet
  facet normal 0.406707 -0.913559 0
    outer loop
      vertex 38.8 2.61436 2.6
      vertex 38.4944 2.47831 0.799999
      vertex 38.8 2.61436 0.799999
    endloop
  endfacet
  facet normal -0.416763 -0.573632 -0.705163
    outer loop
      vertex 3.6 3.30718 0
      vertex 3.2 2.61436 0.799999
      vertex 3.4647 3.40548 0
    endloop
  endfacet
  facet normal 0.406832 0.913503 -0
    outer loop
      vertex 38.8 39.3856 0.799999
      vertex 38.4944 39.5217 2.6
      vertex 38.8 39.3856 2.6
    endloop
  endfacet
  facet normal 0.406832 0.913503 0
    outer loop
      vertex 38.4944 39.5217 2.6
      vertex 38.8 39.3856 0.799999
      vertex 38.4944 39.5217 0.799999
    endloop
  endfacet
  facet normal -0.587766 0.809031 0
    outer loop
      vertex 3.2 39.3856 0.799999
      vertex 2.92939 39.189 2.6
      vertex 3.2 39.3856 2.6
    endloop
  endfacet
  facet normal -0.587766 0.809031 0
    outer loop
      vertex 2.92939 39.189 2.6
      vertex 3.2 39.3856 0.799999
      vertex 2.92939 39.189 0.799999
    endloop
  endfacet
  facet normal -0.207785 0.978175 0
    outer loop
      vertex 3.83275 39.5912 0.799999
      vertex 3.50557 39.5217 2.6
      vertex 3.83275 39.5912 2.6
    endloop
  endfacet
  facet normal -0.207785 0.978175 0
    outer loop
      vertex 3.50557 39.5217 2.6
      vertex 3.83275 39.5912 0.799999
      vertex 3.50557 39.5217 0.799999
    endloop
  endfacet
  facet normal -0.147526 0.693498 -0.705193
    outer loop
      vertex 3.75279 38.7608 0
      vertex 3.50557 39.5217 0.799999
      vertex 3.91638 38.7956 0
    endloop
  endfacet
  facet normal 0.613994 0.354578 -0.705185
    outer loop
      vertex 39.4617 38.6508 0.799999
      vertex 38.7308 38.3254 0
      vertex 39.2944 38.9405 0.799999
    endloop
  endfacet
  facet normal 0.52694 -0.47443 -0.70516
    outer loop
      vertex 39.0706 2.81097 0.799999
      vertex 38.6472 3.52977 0
      vertex 39.2944 3.05954 0.799999
    endloop
  endfacet
  facet normal 0.526951 -0.474421 -0.705157
    outer loop
      vertex 38.6472 3.52977 0
      vertex 39.0706 2.81097 0.799999
      vertex 38.5353 3.40548 0
    endloop
  endfacet
  facet normal 0.865957 -0.500119 0
    outer loop
      vertex 39.2944 3.05954 2.6
      vertex 39.4617 3.34922 0.799999
      vertex 39.4617 3.34922 2.6
    endloop
  endfacet
  facet normal 0.865957 -0.500119 0
    outer loop
      vertex 39.4617 3.34922 0.799999
      vertex 39.2944 3.05954 2.6
      vertex 39.2944 3.05954 0.799999
    endloop
  endfacet
  facet normal 0.416779 -0.573625 -0.70516
    outer loop
      vertex 38.8 2.61436 0.799999
      vertex 38.5353 3.40548 0
      vertex 39.0706 2.81097 0.799999
    endloop
  endfacet
  facet normal 0.416763 -0.573632 -0.705163
    outer loop
      vertex 38.8 2.61436 0.799999
      vertex 38.4 3.30718 0
      vertex 38.5353 3.40548 0
    endloop
  endfacet
  facet normal 0.207773 0.978177 -0
    outer loop
      vertex 38.4944 39.5217 0.799999
      vertex 38.1672 39.5912 2.6
      vertex 38.4944 39.5217 2.6
    endloop
  endfacet
  facet normal 0.207773 0.978177 0
    outer loop
      vertex 38.1672 39.5912 2.6
      vertex 38.4944 39.5217 0.799999
      vertex 38.1672 39.5912 0.799999
    endloop
  endfacet
  facet normal 0.705158 -0.0741914 -0.705158
    outer loop
      vertex 39.6 4 0.799999
      vertex 38.7825 3.83367 0
      vertex 38.8 4 0
    endloop
  endfacet
  facet normal 0 0 -1
    outer loop
      vertex 38.0836 3.20438 0
      vertex 38.8 4 0
      vertex 38.7825 3.83367 0
    endloop
  endfacet
  facet normal 0 0 -1
    outer loop
      vertex 3.2 4 0
      vertex 38.8 4 0
      vertex 38.0836 3.20438 0
    endloop
  endfacet
  facet normal 0 0 -1
    outer loop
      vertex 38.0836 3.20438 0
      vertex 38.7825 3.83367 0
      vertex 38.7308 3.67461 0
    endloop
  endfacet
  facet normal 0 0 -1
    outer loop
      vertex 38.8 4 0
      vertex 3.2 4 0
      vertex 38.8 38 0
    endloop
  endfacet
  facet normal 0 0 -1
    outer loop
      vertex 38.0836 3.20438 0
      vertex 38.7308 3.67461 0
      vertex 38.6472 3.52977 0
    endloop
  endfacet
  facet normal 0 0 -1
    outer loop
      vertex 38.8 38 0
      vertex 38.0836 38.7956 0
      vertex 38.7825 38.1663 0
    endloop
  endfacet
  facet normal 0 0 -1
    outer loop
      vertex 38.0836 3.20438 0
      vertex 38.6472 3.52977 0
      vertex 38.5353 3.40548 0
    endloop
  endfacet
  facet normal 0 0 -1
    outer loop
      vertex 38.7825 38.1663 0
      vertex 38.0836 38.7956 0
      vertex 38.7308 38.3254 0
    endloop
  endfacet
  facet normal 0 0 -1
    outer loop
      vertex 38.0836 3.20438 0
      vertex 38.5353 3.40548 0
      vertex 38.4 3.30718 0
    endloop
  endfacet
  facet normal 0 0 -1
    outer loop
      vertex 38.7308 38.3254 0
      vertex 38.0836 38.7956 0
      vertex 38.6472 38.4702 0
    endloop
  endfacet
  facet normal 0 0 -1
    outer loop
      vertex 38.0836 3.20438 0
      vertex 38.4 3.30718 0
      vertex 38.2472 3.23915 0
    endloop
  endfacet
  facet normal 0 0 -1
    outer loop
      vertex 38.6472 38.4702 0
      vertex 38.0836 38.7956 0
      vertex 38.5353 38.5945 0
    endloop
  endfacet
  facet normal 0 0 -1
    outer loop
      vertex 38.5353 38.5945 0
      vertex 38.0836 38.7956 0
      vertex 38.4 38.6928 0
    endloop
  endfacet
  facet normal 0 0 -1
    outer loop
      vertex 38.4 38.6928 0
      vertex 38.0836 38.7956 0
      vertex 38.2472 38.7608 0
    endloop
  endfacet
  facet normal 0 0 -1
    outer loop
      vertex 3.2 4 0
      vertex 38.0836 3.20438 0
      vertex 3.91638 3.20438 0
    endloop
  endfacet
  facet normal 0 0 -1
    outer loop
      vertex 3.2 38 0
      vertex 38.8 38 0
      vertex 3.2 4 0
    endloop
  endfacet
  facet normal 0 0 -1
    outer loop
      vertex 3.2 4 0
      vertex 3.91638 3.20438 0
      vertex 3.75279 3.23915 0
    endloop
  endfacet
  facet normal 0 0 -1
    outer loop
      vertex 38.8 38 0
      vertex 3.2 38 0
      vertex 38.0836 38.7956 0
    endloop
  endfacet
  facet normal 0 0 -1
    outer loop
      vertex 3.2 4 0
      vertex 3.75279 3.23915 0
      vertex 3.6 3.30718 0
    endloop
  endfacet
  facet normal -0 0 -1
    outer loop
      vertex 38.0836 38.7956 0
      vertex 3.2 38 0
      vertex 3.91638 38.7956 0
    endloop
  endfacet
  facet normal 0 0 -1
    outer loop
      vertex 3.2 4 0
      vertex 3.6 3.30718 0
      vertex 3.4647 3.40548 0
    endloop
  endfacet
  facet normal 0 0 -1
    outer loop
      vertex 3.91638 38.7956 0
      vertex 3.2 38 0
      vertex 3.75279 38.7608 0
    endloop
  endfacet
  facet normal 0 0 -1
    outer loop
      vertex 3.2 4 0
      vertex 3.4647 3.40548 0
      vertex 3.35279 3.52977 0
    endloop
  endfacet
  facet normal 0 0 -1
    outer loop
      vertex 3.75279 38.7608 0
      vertex 3.2 38 0
      vertex 3.6 38.6928 0
    endloop
  endfacet
  facet normal 0 0 -1
    outer loop
      vertex 3.2 4 0
      vertex 3.35279 3.52977 0
      vertex 3.26916 3.67461 0
    endloop
  endfacet
  facet normal 0 0 -1
    outer loop
      vertex 3.6 38.6928 0
      vertex 3.2 38 0
      vertex 3.4647 38.5945 0
    endloop
  endfacet
  facet normal 0 0 -1
    outer loop
      vertex 3.2 4 0
      vertex 3.26916 3.67461 0
      vertex 3.21748 3.83367 0
    endloop
  endfacet
  facet normal 0 0 -1
    outer loop
      vertex 3.4647 38.5945 0
      vertex 3.2 38 0
      vertex 3.35279 38.4702 0
    endloop
  endfacet
  facet normal 0 0 -1
    outer loop
      vertex 3.35279 38.4702 0
      vertex 3.2 38 0
      vertex 3.26916 38.3254 0
    endloop
  endfacet
  facet normal 0 0 -1
    outer loop
      vertex 3.26916 38.3254 0
      vertex 3.2 38 0
      vertex 3.21748 38.1663 0
    endloop
  endfacet
  facet normal -0.587786 -0.809017 0
    outer loop
      vertex 2.92939 2.81097 0.799999
      vertex 3.2 2.61436 2.6
      vertex 2.92939 2.81097 2.6
    endloop
  endfacet
  facet normal -0.587786 -0.809017 -0
    outer loop
      vertex 3.2 2.61436 2.6
      vertex 2.92939 2.81097 0.799999
      vertex 3.2 2.61436 0.799999
    endloop
  endfacet
  facet normal 1 -0 0
    outer loop
      vertex 39.6 4 2.6
      vertex 39.6 38 0.799999
      vertex 39.6 38 2.6
    endloop
  endfacet
  facet normal 1 0 0
    outer loop
      vertex 39.6 38 0.799999
      vertex 39.6 4 2.6
      vertex 39.6 4 0.799999
    endloop
  endfacet
  facet normal -0.614067 0.354493 -0.705164
    outer loop
      vertex 3.26916 38.3254 0
      vertex 2.53833 38.6508 0.799999
      vertex 2.70557 38.9405 0.799999
    endloop
  endfacet
  facet normal 0.288375 -0.647758 -0.705159
    outer loop
      vertex 38.4944 2.47831 0.799999
      vertex 38.2472 3.23915 0
      vertex 38.8 2.61436 0.799999
    endloop
  endfacet
  facet normal -0.951051 -0.309035 0
    outer loop
      vertex 2.53833 3.34922 0.799999
      vertex 2.43496 3.66734 2.6
      vertex 2.43496 3.66734 0.799999
    endloop
  endfacet
  facet normal -0.951051 -0.309035 0
    outer loop
      vertex 2.43496 3.66734 2.6
      vertex 2.53833 3.34922 0.799999
      vertex 2.53833 3.34922 2.6
    endloop
  endfacet
  facet normal -1 0 0
    outer loop
      vertex 2.4 4 0.799999
      vertex 2.4 38 2.6
      vertex 2.4 38 0.799999
    endloop
  endfacet
  facet normal -1 -0 0
    outer loop
      vertex 2.4 38 2.6
      vertex 2.4 4 0.799999
      vertex 2.4 4 2.6
    endloop
  endfacet
  facet normal -0.866034 -0.499985 0
    outer loop
      vertex 2.70557 3.05954 0.799999
      vertex 2.53833 3.34922 2.6
      vertex 2.53833 3.34922 0.799999
    endloop
  endfacet
  facet normal -0.866034 -0.499985 0
    outer loop
      vertex 2.53833 3.34922 2.6
      vertex 2.70557 3.05954 0.799999
      vertex 2.70557 3.05954 2.6
    endloop
  endfacet
  facet normal -0.707106 0 -0.707107
    outer loop
      vertex 2.4 4 0.799999
      vertex 3.2 38 0
      vertex 3.2 4 0
    endloop
  endfacet
  facet normal -0.707106 0 -0.707107
    outer loop
      vertex 3.2 38 0
      vertex 2.4 4 0.799999
      vertex 2.4 38 0.799999
    endloop
  endfacet
  facet normal 0.147517 0.693502 -0.705191
    outer loop
      vertex 38.2472 38.7608 0
      vertex 38.0836 38.7956 0
      vertex 38.4944 39.5217 0.799999
    endloop
  endfacet
  facet normal 0.288392 -0.647747 -0.705162
    outer loop
      vertex 38.8 2.61436 0.799999
      vertex 38.2472 3.23915 0
      vertex 38.4 3.30718 0
    endloop
  endfacet
  facet normal 0.743071 0.669213 0
    outer loop
      vertex 39.2944 38.9405 2.6
      vertex 39.0706 39.189 0.799999
      vertex 39.0706 39.189 2.6
    endloop
  endfacet
  facet normal 0.743071 0.669213 0
    outer loop
      vertex 39.0706 39.189 0.799999
      vertex 39.2944 38.9405 2.6
      vertex 39.2944 38.9405 0.799999
    endloop
  endfacet
  facet normal 0.743165 -0.669108 0
    outer loop
      vertex 39.0706 2.81097 2.6
      vertex 39.2944 3.05954 0.799999
      vertex 39.2944 3.05954 2.6
    endloop
  endfacet
  facet normal 0.743165 -0.669108 0
    outer loop
      vertex 39.2944 3.05954 0.799999
      vertex 39.0706 2.81097 2.6
      vertex 39.0706 2.81097 0.799999
    endloop
  endfacet
  facet normal 0.614069 -0.354434 -0.705192
    outer loop
      vertex 39.4617 3.34922 0.799999
      vertex 38.6472 3.52977 0
      vertex 38.7308 3.67461 0
    endloop
  endfacet
  facet normal 0 -0.709045 -0.705164
    outer loop
      vertex 3.91638 3.20438 0
      vertex 38.1672 2.40876 0.799999
      vertex 3.83275 2.40876 0.799999
    endloop
  endfacet
  facet normal 0 -0.709045 -0.705164
    outer loop
      vertex 38.1672 2.40876 0.799999
      vertex 3.91638 3.20438 0
      vertex 38.0836 3.20438 0
    endloop
  endfacet
  facet normal 0 -1 0
    outer loop
      vertex 3.83275 2.40876 0.799999
      vertex 38.1672 2.40876 2.6
      vertex 3.83275 2.40876 2.6
    endloop
  endfacet
  facet normal 0 -1 -0
    outer loop
      vertex 38.1672 2.40876 2.6
      vertex 3.83275 2.40876 0.799999
      vertex 38.1672 2.40876 0.799999
    endloop
  endfacet
  facet normal -0.416767 -0.57363 -0.705162
    outer loop
      vertex 3.2 2.61436 0.799999
      vertex 2.92939 2.81097 0.799999
      vertex 3.4647 3.40548 0
    endloop
  endfacet
  facet normal 0.147402 -0.693555 -0.705162
    outer loop
      vertex 38.1672 2.40876 0.799999
      vertex 38.0836 3.20438 0
      vertex 38.2472 3.23915 0
    endloop
  endfacet
  facet normal 0.674291 -0.219168 -0.705193
    outer loop
      vertex 39.4617 3.34922 0.799999
      vertex 38.7308 3.67461 0
      vertex 38.7825 3.83367 0
    endloop
  endfacet
  facet normal 0.951112 -0.308845 0
    outer loop
      vertex 39.4617 3.34922 2.6
      vertex 39.565 3.66734 0.799999
      vertex 39.565 3.66734 2.6
    endloop
  endfacet
  facet normal 0.951112 -0.308845 0
    outer loop
      vertex 39.565 3.66734 0.799999
      vertex 39.4617 3.34922 2.6
      vertex 39.4617 3.34922 0.799999
    endloop
  endfacet
  facet normal 0.674357 0.218991 -0.705185
    outer loop
      vertex 39.565 38.3327 0.799999
      vertex 38.7308 38.3254 0
      vertex 39.4617 38.6508 0.799999
    endloop
  endfacet
  facet normal 0.614043 0.354517 -0.705173
    outer loop
      vertex 38.7308 38.3254 0
      vertex 38.6472 38.4702 0
      vertex 39.2944 38.9405 0.799999
    endloop
  endfacet
  facet normal 0.705156 0.0741823 -0.705161
    outer loop
      vertex 39.6 38 0.799999
      vertex 38.7825 38.1663 0
      vertex 39.565 38.3327 0.799999
    endloop
  endfacet
  facet normal -0.526926 -0.474441 -0.705162
    outer loop
      vertex 2.92939 2.81097 0.799999
      vertex 3.35279 3.52977 0
      vertex 3.4647 3.40548 0
    endloop
  endfacet
  facet normal -0.526915 -0.474451 -0.705165
    outer loop
      vertex 3.35279 3.52977 0
      vertex 2.92939 2.81097 0.799999
      vertex 2.70557 3.05954 0.799999
    endloop
  endfacet
  facet normal 0.147423 -0.693554 -0.705159
    outer loop
      vertex 38.4944 2.47831 0.799999
      vertex 38.1672 2.40876 0.799999
      vertex 38.2472 3.23915 0
    endloop
  endfacet
  facet normal -0.14741 -0.693551 -0.705165
    outer loop
      vertex 3.83275 2.40876 0.799999
      vertex 3.75279 3.23915 0
      vertex 3.91638 3.20438 0
    endloop
  endfacet
  facet normal -0.614043 -0.354546 -0.705159
    outer loop
      vertex 3.35279 3.52977 0
      vertex 2.53833 3.34922 0.799999
      vertex 3.26916 3.67461 0
    endloop
  endfacet
  facet normal 0.207916 -0.978147 0
    outer loop
      vertex 38.1672 2.40876 0.799999
      vertex 38.4944 2.47831 2.6
      vertex 38.1672 2.40876 2.6
    endloop
  endfacet
  facet normal 0.207916 -0.978147 0
    outer loop
      vertex 38.4944 2.47831 2.6
      vertex 38.1672 2.40876 0.799999
      vertex 38.4944 2.47831 0.799999
    endloop
  endfacet
  facet normal -0.674348 -0.219101 -0.705159
    outer loop
      vertex 3.26916 3.67461 0
      vertex 2.53833 3.34922 0.799999
      vertex 3.21748 3.83367 0
    endloop
  endfacet
  facet normal -0.147431 -0.69355 -0.705161
    outer loop
      vertex 3.83275 2.40876 0.799999
      vertex 3.50557 2.47831 0.799999
      vertex 3.75279 3.23915 0
    endloop
  endfacet
  facet normal -0.743135 -0.669141 0
    outer loop
      vertex 2.92939 2.81097 0.799999
      vertex 2.70557 3.05954 2.6
      vertex 2.70557 3.05954 0.799999
    endloop
  endfacet
  facet normal -0.743135 -0.669141 0
    outer loop
      vertex 2.70557 3.05954 2.6
      vertex 2.92939 2.81097 0.799999
      vertex 2.92939 2.81097 2.6
    endloop
  endfacet
  facet normal -0.207928 -0.978144 0
    outer loop
      vertex 3.50557 2.47831 0.799999
      vertex 3.83275 2.40876 2.6
      vertex 3.50557 2.47831 2.6
    endloop
  endfacet
  facet normal -0.207928 -0.978144 -0
    outer loop
      vertex 3.83275 2.40876 2.6
      vertex 3.50557 2.47831 0.799999
      vertex 3.83275 2.40876 0.799999
    endloop
  endfacet
  facet normal -0.40674 -0.913544 0
    outer loop
      vertex 3.2 2.61436 0.799999
      vertex 3.50557 2.47831 2.6
      vertex 3.2 2.61436 2.6
    endloop
  endfacet
  facet normal -0.40674 -0.913544 -0
    outer loop
      vertex 3.50557 2.47831 2.6
      vertex 3.2 2.61436 0.799999
      vertex 3.50557 2.47831 0.799999
    endloop
  endfacet
  facet normal -0.288398 -0.647745 -0.705161
    outer loop
      vertex 3.50557 2.47831 0.799999
      vertex 3.2 2.61436 0.799999
      vertex 3.75279 3.23915 0
    endloop
  endfacet
  facet normal -0.288407 -0.64774 -0.705163
    outer loop
      vertex 3.75279 3.23915 0
      vertex 3.2 2.61436 0.799999
      vertex 3.6 3.30718 0
    endloop
  endfacet
  facet normal 0.674383 -0.218986 -0.705162
    outer loop
      vertex 39.4617 3.34922 0.799999
      vertex 38.7825 3.83367 0
      vertex 39.565 3.66734 0.799999
    endloop
  endfacet
  facet normal 0.705158 -0.0741914 -0.705158
    outer loop
      vertex 39.565 3.66734 0.799999
      vertex 38.7825 3.83367 0
      vertex 39.6 4 0.799999
    endloop
  endfacet
  facet normal -0.705157 0.0741199 -0.705167
    outer loop
      vertex 3.2 38 0
      vertex 2.43496 38.3327 0.799999
      vertex 3.21748 38.1663 0
    endloop
  endfacet
  facet normal -0.705162 0.0740982 -0.705163
    outer loop
      vertex 2.43496 38.3327 0.799999
      vertex 3.2 38 0
      vertex 2.4 38 0.799999
    endloop
  endfacet
  facet normal -0.994523 -0.104517 0
    outer loop
      vertex 2.43496 3.66734 0.799999
      vertex 2.4 4 2.6
      vertex 2.4 4 0.799999
    endloop
  endfacet
  facet normal -0.994523 -0.104517 0
    outer loop
      vertex 2.4 4 2.6
      vertex 2.43496 3.66734 0.799999
      vertex 2.43496 3.66734 2.6
    endloop
  endfacet
  facet normal -0.614056 -0.354511 -0.705165
    outer loop
      vertex 2.70557 3.05954 0.799999
      vertex 2.53833 3.34922 0.799999
      vertex 3.35279 3.52977 0
    endloop
  endfacet
  facet normal -0.674338 -0.21912 -0.705163
    outer loop
      vertex 2.53833 3.34922 0.799999
      vertex 2.43496 3.66734 0.799999
      vertex 3.21748 3.83367 0
    endloop
  endfacet
  facet normal -0.705162 -0.0741071 -0.705163
    outer loop
      vertex 2.43496 3.66734 0.799999
      vertex 3.2 4 0
      vertex 3.21748 3.83367 0
    endloop
  endfacet
  facet normal -0.705162 -0.0741071 -0.705163
    outer loop
      vertex 3.2 4 0
      vertex 2.43496 3.66734 0.799999
      vertex 2.4 4 0.799999
    endloop
  endfacet
  facet normal 0 0 1
    outer loop
      vertex 38.1672 39.5912 2.6
      vertex 39.6 38 2.6
      vertex 39.565 38.3327 2.6
    endloop
  endfacet
  facet normal 0 0 1
    outer loop
      vertex 2.4 38 2.6
      vertex 39.6 38 2.6
      vertex 38.1672 39.5912 2.6
    endloop
  endfacet
  facet normal 0 0 1
    outer loop
      vertex 38.1672 39.5912 2.6
      vertex 39.565 38.3327 2.6
      vertex 39.4617 38.6508 2.6
    endloop
  endfacet
  facet normal 0 0 1
    outer loop
      vertex 39.6 38 2.6
      vertex 2.4 38 2.6
      vertex 39.6 4 2.6
    endloop
  endfacet
  facet normal 0 0 1
    outer loop
      vertex 38.1672 39.5912 2.6
      vertex 39.4617 38.6508 2.6
      vertex 39.2944 38.9405 2.6
    endloop
  endfacet
  facet normal 0 0 1
    outer loop
      vertex 39.6 4 2.6
      vertex 38.1672 2.40876 2.6
      vertex 39.565 3.66734 2.6
    endloop
  endfacet
  facet normal 0 0 1
    outer loop
      vertex 38.1672 39.5912 2.6
      vertex 39.2944 38.9405 2.6
      vertex 39.0706 39.189 2.6
    endloop
  endfacet
  facet normal 0 0 1
    outer loop
      vertex 39.565 3.66734 2.6
      vertex 38.1672 2.40876 2.6
      vertex 39.4617 3.34922 2.6
    endloop
  endfacet
  facet normal 0 0 1
    outer loop
      vertex 38.1672 39.5912 2.6
      vertex 39.0706 39.189 2.6
      vertex 38.8 39.3856 2.6
    endloop
  endfacet
  facet normal 0 0 1
    outer loop
      vertex 39.4617 3.34922 2.6
      vertex 38.1672 2.40876 2.6
      vertex 39.2944 3.05954 2.6
    endloop
  endfacet
  facet normal 0 0 1
    outer loop
      vertex 38.1672 39.5912 2.6
      vertex 38.8 39.3856 2.6
      vertex 38.4944 39.5217 2.6
    endloop
  endfacet
  facet normal 0 0 1
    outer loop
      vertex 39.2944 3.05954 2.6
      vertex 38.1672 2.40876 2.6
      vertex 39.0706 2.81097 2.6
    endloop
  endfacet
  facet normal 0 0 1
    outer loop
      vertex 39.0706 2.81097 2.6
      vertex 38.1672 2.40876 2.6
      vertex 38.8 2.61436 2.6
    endloop
  endfacet
  facet normal 0 0 1
    outer loop
      vertex 38.8 2.61436 2.6
      vertex 38.1672 2.40876 2.6
      vertex 38.4944 2.47831 2.6
    endloop
  endfacet
  facet normal 0 0 1
    outer loop
      vertex 2.4 38 2.6
      vertex 38.1672 39.5912 2.6
      vertex 3.83275 39.5912 2.6
    endloop
  endfacet
  facet normal 0 0 1
    outer loop
      vertex 2.4 4 2.6
      vertex 39.6 4 2.6
      vertex 2.4 38 2.6
    endloop
  endfacet
  facet normal 0 0 1
    outer loop
      vertex 2.4 38 2.6
      vertex 3.83275 39.5912 2.6
      vertex 3.50557 39.5217 2.6
    endloop
  endfacet
  facet normal 0 0 1
    outer loop
      vertex 39.6 4 2.6
      vertex 2.4 4 2.6
      vertex 38.1672 2.40876 2.6
    endloop
  endfacet
  facet normal 0 0 1
    outer loop
      vertex 2.4 38 2.6
      vertex 3.50557 39.5217 2.6
      vertex 3.2 39.3856 2.6
    endloop
  endfacet
  facet normal 0 0 1
    outer loop
      vertex 38.1672 2.40876 2.6
      vertex 2.4 4 2.6
      vertex 3.83275 2.40876 2.6
    endloop
  endfacet
  facet normal 0 0 1
    outer loop
      vertex 2.4 38 2.6
      vertex 3.2 39.3856 2.6
      vertex 2.92939 39.189 2.6
    endloop
  endfacet
  facet normal 0 0 1
    outer loop
      vertex 3.83275 2.40876 2.6
      vertex 2.4 4 2.6
      vertex 3.50557 2.47831 2.6
    endloop
  endfacet
  facet normal 0 0 1
    outer loop
      vertex 2.4 38 2.6
      vertex 2.92939 39.189 2.6
      vertex 2.70557 38.9405 2.6
    endloop
  endfacet
  facet normal 0 0 1
    outer loop
      vertex 3.50557 2.47831 2.6
      vertex 2.4 4 2.6
      vertex 3.2 2.61436 2.6
    endloop
  endfacet
  facet normal 0 0 1
    outer loop
      vertex 2.4 38 2.6
      vertex 2.70557 38.9405 2.6
      vertex 2.53833 38.6508 2.6
    endloop
  endfacet
  facet normal 0 0 1
    outer loop
      vertex 3.2 2.61436 2.6
      vertex 2.4 4 2.6
      vertex 2.92939 2.81097 2.6
    endloop
  endfacet
  facet normal 0 0 1
    outer loop
      vertex 2.4 38 2.6
      vertex 2.53833 38.6508 2.6
      vertex 2.43496 38.3327 2.6
    endloop
  endfacet
  facet normal 0 0 1
    outer loop
      vertex 2.92939 2.81097 2.6
      vertex 2.4 4 2.6
      vertex 2.70557 3.05954 2.6
    endloop
  endfacet
  facet normal 0 0 1
    outer loop
      vertex 2.70557 3.05954 2.6
      vertex 2.4 4 2.6
      vertex 2.53833 3.34922 2.6
    endloop
  endfacet
  facet normal 0 0 1
    outer loop
      vertex 2.53833 3.34922 2.6
      vertex 2.4 4 2.6
      vertex 2.43496 3.66734 2.6
    endloop
  endfacet
  facet normal -0.526922 0.474441 -0.705166
    outer loop
      vertex 2.92939 39.189 2.6
      vertex 0.966186 40.2042 4.75
      vertex 1.49076 40.7868 4.75
    endloop
  endfacet
  facet normal 0.526911 -0.474463 -0.705159
    outer loop
      vertex 40.5092 1.21321 4.75
      vertex 39.0706 2.81097 2.6
      vertex 41.0338 1.7958 4.75
    endloop
  endfacet
  facet normal -0.707107 0 -0.707107
    outer loop
      vertex 2.4 4 2.6
      vertex 0.25 38 4.75
      vertex 2.4 38 2.6
    endloop
  endfacet
  facet normal -0.707107 -0 -0.707107
    outer loop
      vertex 0.25 38 4.75
      vertex 2.4 4 2.6
      vertex 0.25 4 4.75
    endloop
  endfacet
  facet normal -0.416769 -0.573629 -0.705162
    outer loop
      vertex 2.125 0.752404 4.75
      vertex 1.49076 1.21321 4.75
      vertex 2.92939 2.81097 2.6
    endloop
  endfacet
  facet normal -0.147419 -0.693553 -0.705161
    outer loop
      vertex 3.60802 0.270542 4.75
      vertex 2.84119 0.433537 4.75
      vertex 3.83275 2.40876 2.6
    endloop
  endfacet
  facet normal 0.674361 0.218992 -0.705181
    outer loop
      vertex 39.565 38.3327 2.6
      vertex 39.4617 38.6508 2.6
      vertex 41.6681 38.7797 4.75
    endloop
  endfacet
  facet normal 0.707107 0 -0.707107
    outer loop
      vertex 39.6 4 2.6
      vertex 41.75 38 4.75
      vertex 41.75 4 4.75
    endloop
  endfacet
  facet normal 0.707107 0 -0.707107
    outer loop
      vertex 41.75 38 4.75
      vertex 39.6 4 2.6
      vertex 39.6 38 2.6
    endloop
  endfacet
  facet normal 0.526936 -0.474427 -0.705165
    outer loop
      vertex 41.0338 1.7958 4.75
      vertex 39.0706 2.81097 2.6
      vertex 39.2944 3.05954 2.6
    endloop
  endfacet
  facet normal -0.416751 0.573637 -0.705166
    outer loop
      vertex 2.92939 39.189 2.6
      vertex 1.49076 40.7868 4.75
      vertex 3.2 39.3856 2.6
    endloop
  endfacet
  facet normal 0 -0.709047 -0.705161
    outer loop
      vertex 3.83275 2.40876 2.6
      vertex 38.392 0.270542 4.75
      vertex 3.60802 0.270542 4.75
    endloop
  endfacet
  facet normal 0 -0.709047 -0.705161
    outer loop
      vertex 38.392 0.270542 4.75
      vertex 3.83275 2.40876 2.6
      vertex 38.1672 2.40876 2.6
    endloop
  endfacet
  facet normal 0.614041 0.35455 -0.705159
    outer loop
      vertex 41.4258 39.5253 4.75
      vertex 39.4617 38.6508 2.6
      vertex 41.0338 40.2042 4.75
    endloop
  endfacet
  facet normal 0.705137 -0.0741892 -0.70518
    outer loop
      vertex 41.6681 3.22033 4.75
      vertex 39.565 3.66734 2.6
      vertex 39.6 4 2.6
    endloop
  endfacet
  facet normal 0.705164 0.0740707 -0.705164
    outer loop
      vertex 41.75 38 4.75
      vertex 39.6 38 2.6
      vertex 41.6681 38.7797 4.75
    endloop
  endfacet
  facet normal 0.614011 0.354588 -0.705165
    outer loop
      vertex 39.4617 38.6508 2.6
      vertex 39.2944 38.9405 2.6
      vertex 41.0338 40.2042 4.75
    endloop
  endfacet
  facet normal 0.674364 -0.21898 -0.705182
    outer loop
      vertex 41.6681 3.22033 4.75
      vertex 39.4617 3.34922 2.6
      vertex 39.565 3.66734 2.6
    endloop
  endfacet
  facet normal -0.67434 -0.21912 -0.705161
    outer loop
      vertex 2.53833 3.34922 2.6
      vertex 0.331946 3.22033 4.75
      vertex 2.43496 3.66734 2.6
    endloop
  endfacet
  facet normal 0.674333 -0.219143 -0.70516
    outer loop
      vertex 41.4258 2.47474 4.75
      vertex 39.4617 3.34922 2.6
      vertex 41.6681 3.22033 4.75
    endloop
  endfacet
  facet normal 0.28839 -0.647747 -0.705163
    outer loop
      vertex 39.1588 0.433537 4.75
      vertex 38.4944 2.47831 2.6
      vertex 39.875 0.752404 4.75
    endloop
  endfacet
  facet normal 0.147424 -0.693549 -0.705163
    outer loop
      vertex 38.392 0.270542 4.75
      vertex 38.1672 2.40876 2.6
      vertex 39.1588 0.433537 4.75
    endloop
  endfacet
  facet normal 0.288374 -0.647756 -0.705161
    outer loop
      vertex 39.875 0.752404 4.75
      vertex 38.4944 2.47831 2.6
      vertex 38.8 2.61436 2.6
    endloop
  endfacet
  facet normal -0.147431 -0.693549 -0.705163
    outer loop
      vertex 3.83275 2.40876 2.6
      vertex 2.84119 0.433537 4.75
      vertex 3.50557 2.47831 2.6
    endloop
  endfacet
  facet normal 0.416778 -0.573623 -0.705162
    outer loop
      vertex 39.875 0.752404 4.75
      vertex 38.8 2.61436 2.6
      vertex 39.0706 2.81097 2.6
    endloop
  endfacet
  facet normal -0.288394 -0.647746 -0.705162
    outer loop
      vertex 2.84119 0.433537 4.75
      vertex 2.125 0.752404 4.75
      vertex 3.2 2.61436 2.6
    endloop
  endfacet
  facet normal -0.147421 0.693539 -0.705174
    outer loop
      vertex 3.83275 39.5912 2.6
      vertex 2.84119 41.5665 4.75
      vertex 3.60802 41.7295 4.75
    endloop
  endfacet
  facet normal 0.41678 0.573615 -0.705167
    outer loop
      vertex 40.5092 40.7868 4.75
      vertex 38.8 39.3856 2.6
      vertex 39.875 41.2476 4.75
    endloop
  endfacet
  facet normal 0.416787 -0.573618 -0.70516
    outer loop
      vertex 39.875 0.752404 4.75
      vertex 39.0706 2.81097 2.6
      vertex 40.5092 1.21321 4.75
    endloop
  endfacet
  facet normal 0.61405 -0.354535 -0.705158
    outer loop
      vertex 41.0338 1.7958 4.75
      vertex 39.4617 3.34922 2.6
      vertex 41.4258 2.47474 4.75
    endloop
  endfacet
  facet normal 0.705164 -0.0740736 -0.705164
    outer loop
      vertex 41.6681 3.22033 4.75
      vertex 39.6 4 2.6
      vertex 41.75 4 4.75
    endloop
  endfacet
  facet normal -0.288398 -0.647745 -0.705162
    outer loop
      vertex 3.50557 2.47831 2.6
      vertex 2.84119 0.433537 4.75
      vertex 3.2 2.61436 2.6
    endloop
  endfacet
  facet normal 0.147422 -0.69355 -0.705163
    outer loop
      vertex 39.1588 0.433537 4.75
      vertex 38.1672 2.40876 2.6
      vertex 38.4944 2.47831 2.6
    endloop
  endfacet
  facet normal 0.416762 0.573631 -0.705164
    outer loop
      vertex 39.0706 39.189 2.6
      vertex 38.8 39.3856 2.6
      vertex 40.5092 40.7868 4.75
    endloop
  endfacet
  facet normal -0.416767 -0.57363 -0.705162
    outer loop
      vertex 3.2 2.61436 2.6
      vertex 2.125 0.752404 4.75
      vertex 2.92939 2.81097 2.6
    endloop
  endfacet
  facet normal 0.288412 0.647729 -0.70517
    outer loop
      vertex 39.875 41.2476 4.75
      vertex 38.8 39.3856 2.6
      vertex 39.1588 41.5665 4.75
    endloop
  endfacet
  facet normal 0.147426 0.693536 -0.705176
    outer loop
      vertex 39.1588 41.5665 4.75
      vertex 38.1672 39.5912 2.6
      vertex 38.392 41.7295 4.75
    endloop
  endfacet
  facet normal 0 0.709033 -0.705175
    outer loop
      vertex 38.1672 39.5912 2.6
      vertex 3.60802 41.7295 4.75
      vertex 38.392 41.7295 4.75
    endloop
  endfacet
  facet normal 0 0.709033 -0.705175
    outer loop
      vertex 3.60802 41.7295 4.75
      vertex 38.1672 39.5912 2.6
      vertex 3.83275 39.5912 2.6
    endloop
  endfacet
  facet normal 0.613997 -0.354604 -0.705169
    outer loop
      vertex 41.0338 1.7958 4.75
      vertex 39.2944 3.05954 2.6
      vertex 39.4617 3.34922 2.6
    endloop
  endfacet
  facet normal -0.674342 -0.219108 -0.705162
    outer loop
      vertex 0.574204 2.47474 4.75
      vertex 0.331946 3.22033 4.75
      vertex 2.53833 3.34922 2.6
    endloop
  endfacet
  facet normal -0.705162 -0.0741071 -0.705162
    outer loop
      vertex 2.43496 3.66734 2.6
      vertex 0.25 4 4.75
      vertex 2.4 4 2.6
    endloop
  endfacet
  facet normal -0.288487 0.647707 -0.705161
    outer loop
      vertex 3.2 39.3856 2.6
      vertex 2.84119 41.5665 4.75
      vertex 3.50557 39.5217 2.6
    endloop
  endfacet
  facet normal -0.705163 -0.074115 -0.705161
    outer loop
      vertex 0.331946 3.22033 4.75
      vertex 0.25 4 4.75
      vertex 2.43496 3.66734 2.6
    endloop
  endfacet
  facet normal 0.705138 0.0741805 -0.705179
    outer loop
      vertex 39.6 38 2.6
      vertex 39.565 38.3327 2.6
      vertex 41.6681 38.7797 4.75
    endloop
  endfacet
  facet normal -0.526918 -0.474453 -0.705161
    outer loop
      vertex 2.92939 2.81097 2.6
      vertex 0.966186 1.7958 4.75
      vertex 2.70557 3.05954 2.6
    endloop
  endfacet
  facet normal -0.705163 0.0740983 -0.705163
    outer loop
      vertex 2.4 38 2.6
      vertex 0.25 38 4.75
      vertex 2.43496 38.3327 2.6
    endloop
  endfacet
  facet normal -0.147329 0.693571 -0.705162
    outer loop
      vertex 3.50557 39.5217 2.6
      vertex 2.84119 41.5665 4.75
      vertex 3.83275 39.5912 2.6
    endloop
  endfacet
  facet normal 0.147321 0.693573 -0.705162
    outer loop
      vertex 38.4944 39.5217 2.6
      vertex 38.1672 39.5912 2.6
      vertex 39.1588 41.5665 4.75
    endloop
  endfacet
  facet normal 0.288462 0.647715 -0.705163
    outer loop
      vertex 38.8 39.3856 2.6
      vertex 38.4944 39.5217 2.6
      vertex 39.1588 41.5665 4.75
    endloop
  endfacet
  facet normal -0.614044 0.354535 -0.705163
    outer loop
      vertex 2.53833 38.6508 2.6
      vertex 0.574204 39.5253 4.75
      vertex 0.966186 40.2042 4.75
    endloop
  endfacet
  facet normal 0.674333 0.21914 -0.705161
    outer loop
      vertex 41.6681 38.7797 4.75
      vertex 39.4617 38.6508 2.6
      vertex 41.4258 39.5253 4.75
    endloop
  endfacet
  facet normal -0.674337 0.219133 -0.70516
    outer loop
      vertex 2.43496 38.3327 2.6
      vertex 0.331946 38.7797 4.75
      vertex 2.53833 38.6508 2.6
    endloop
  endfacet
  facet normal -0.288416 0.647728 -0.70517
    outer loop
      vertex 3.2 39.3856 2.6
      vertex 2.125 41.2476 4.75
      vertex 2.84119 41.5665 4.75
    endloop
  endfacet
  facet normal -0.416762 0.573626 -0.705168
    outer loop
      vertex 3.2 39.3856 2.6
      vertex 1.49076 40.7868 4.75
      vertex 2.125 41.2476 4.75
    endloop
  endfacet
  facet normal -0.614073 0.354497 -0.705157
    outer loop
      vertex 2.53833 38.6508 2.6
      vertex 0.966186 40.2042 4.75
      vertex 2.70557 38.9405 2.6
    endloop
  endfacet
  facet normal -0.526858 0.474533 -0.705152
    outer loop
      vertex 2.70557 38.9405 2.6
      vertex 0.966186 40.2042 4.75
      vertex 2.92939 39.189 2.6
    endloop
  endfacet
  facet normal 0 0 -1
    outer loop
      vertex 38.1672 2.40876 2.6
      vertex 39.6 4 2.6
      vertex 39.565 3.66734 2.6
    endloop
  endfacet
  facet normal 0 0 -1
    outer loop
      vertex 2.4 4 2.6
      vertex 39.6 4 2.6
      vertex 38.1672 2.40876 2.6
    endloop
  endfacet
  facet normal 0 0 -1
    outer loop
      vertex 38.1672 2.40876 2.6
      vertex 39.565 3.66734 2.6
      vertex 39.4617 3.34922 2.6
    endloop
  endfacet
  facet normal 0 0 -1
    outer loop
      vertex 39.6 4 2.6
      vertex 2.4 4 2.6
      vertex 39.6 38 2.6
    endloop
  endfacet
  facet normal 0 0 -1
    outer loop
      vertex 38.1672 2.40876 2.6
      vertex 39.4617 3.34922 2.6
      vertex 39.2944 3.05954 2.6
    endloop
  endfacet
  facet normal 0 0 -1
    outer loop
      vertex 39.6 38 2.6
      vertex 38.1672 39.5912 2.6
      vertex 39.565 38.3327 2.6
    endloop
  endfacet
  facet normal 0 0 -1
    outer loop
      vertex 38.1672 2.40876 2.6
      vertex 39.2944 3.05954 2.6
      vertex 39.0706 2.81097 2.6
    endloop
  endfacet
  facet normal 0 0 -1
    outer loop
      vertex 39.565 38.3327 2.6
      vertex 38.1672 39.5912 2.6
      vertex 39.4617 38.6508 2.6
    endloop
  endfacet
  facet normal 0 0 -1
    outer loop
      vertex 38.1672 2.40876 2.6
      vertex 39.0706 2.81097 2.6
      vertex 38.8 2.61436 2.6
    endloop
  endfacet
  facet normal 0 0 -1
    outer loop
      vertex 39.4617 38.6508 2.6
      vertex 38.1672 39.5912 2.6
      vertex 39.2944 38.9405 2.6
    endloop
  endfacet
  facet normal 0 0 -1
    outer loop
      vertex 38.1672 2.40876 2.6
      vertex 38.8 2.61436 2.6
      vertex 38.4944 2.47831 2.6
    endloop
  endfacet
  facet normal 0 0 -1
    outer loop
      vertex 39.2944 38.9405 2.6
      vertex 38.1672 39.5912 2.6
      vertex 39.0706 39.189 2.6
    endloop
  endfacet
  facet normal 0 0 -1
    outer loop
      vertex 39.0706 39.189 2.6
      vertex 38.1672 39.5912 2.6
      vertex 38.8 39.3856 2.6
    endloop
  endfacet
  facet normal 0 0 -1
    outer loop
      vertex 38.8 39.3856 2.6
      vertex 38.1672 39.5912 2.6
      vertex 38.4944 39.5217 2.6
    endloop
  endfacet
  facet normal 0 0 -1
    outer loop
      vertex 2.4 4 2.6
      vertex 38.1672 2.40876 2.6
      vertex 3.83275 2.40876 2.6
    endloop
  endfacet
  facet normal 0 0 -1
    outer loop
      vertex 2.4 38 2.6
      vertex 39.6 38 2.6
      vertex 2.4 4 2.6
    endloop
  endfacet
  facet normal 0 0 -1
    outer loop
      vertex 2.4 4 2.6
      vertex 3.83275 2.40876 2.6
      vertex 3.50557 2.47831 2.6
    endloop
  endfacet
  facet normal 0 0 -1
    outer loop
      vertex 39.6 38 2.6
      vertex 2.4 38 2.6
      vertex 38.1672 39.5912 2.6
    endloop
  endfacet
  facet normal 0 0 -1
    outer loop
      vertex 2.4 4 2.6
      vertex 3.50557 2.47831 2.6
      vertex 3.2 2.61436 2.6
    endloop
  endfacet
  facet normal -0 0 -1
    outer loop
      vertex 38.1672 39.5912 2.6
      vertex 2.4 38 2.6
      vertex 3.83275 39.5912 2.6
    endloop
  endfacet
  facet normal 0 0 -1
    outer loop
      vertex 2.4 4 2.6
      vertex 3.2 2.61436 2.6
      vertex 2.92939 2.81097 2.6
    endloop
  endfacet
  facet normal 0 0 -1
    outer loop
      vertex 3.83275 39.5912 2.6
      vertex 2.4 38 2.6
      vertex 3.50557 39.5217 2.6
    endloop
  endfacet
  facet normal 0 0 -1
    outer loop
      vertex 2.4 4 2.6
      vertex 2.92939 2.81097 2.6
      vertex 2.70557 3.05954 2.6
    endloop
  endfacet
  facet normal 0 0 -1
    outer loop
      vertex 3.50557 39.5217 2.6
      vertex 2.4 38 2.6
      vertex 3.2 39.3856 2.6
    endloop
  endfacet
  facet normal 0 0 -1
    outer loop
      vertex 2.4 4 2.6
      vertex 2.70557 3.05954 2.6
      vertex 2.53833 3.34922 2.6
    endloop
  endfacet
  facet normal 0 0 -1
    outer loop
      vertex 3.2 39.3856 2.6
      vertex 2.4 38 2.6
      vertex 2.92939 39.189 2.6
    endloop
  endfacet
  facet normal 0 0 -1
    outer loop
      vertex 2.4 4 2.6
      vertex 2.53833 3.34922 2.6
      vertex 2.43496 3.66734 2.6
    endloop
  endfacet
  facet normal 0 0 -1
    outer loop
      vertex 2.92939 39.189 2.6
      vertex 2.4 38 2.6
      vertex 2.70557 38.9405 2.6
    endloop
  endfacet
  facet normal 0 0 -1
    outer loop
      vertex 2.70557 38.9405 2.6
      vertex 2.4 38 2.6
      vertex 2.53833 38.6508 2.6
    endloop
  endfacet
  facet normal 0 0 -1
    outer loop
      vertex 2.53833 38.6508 2.6
      vertex 2.4 38 2.6
      vertex 2.43496 38.3327 2.6
    endloop
  endfacet
  facet normal -0.526921 -0.474448 -0.705162
    outer loop
      vertex 1.49076 1.21321 4.75
      vertex 0.966186 1.7958 4.75
      vertex 2.92939 2.81097 2.6
    endloop
  endfacet
  facet normal 0.526877 0.474507 -0.705155
    outer loop
      vertex 39.2944 38.9405 2.6
      vertex 39.0706 39.189 2.6
      vertex 41.0338 40.2042 4.75
    endloop
  endfacet
  facet normal 0.526912 0.474456 -0.705163
    outer loop
      vertex 41.0338 40.2042 4.75
      vertex 39.0706 39.189 2.6
      vertex 40.5092 40.7868 4.75
    endloop
  endfacet
  facet normal -0.614059 -0.354513 -0.705161
    outer loop
      vertex 2.70557 3.05954 2.6
      vertex 0.966186 1.7958 4.75
      vertex 2.53833 3.34922 2.6
    endloop
  endfacet
  facet normal -0.674342 0.219105 -0.705163
    outer loop
      vertex 2.53833 38.6508 2.6
      vertex 0.331946 38.7797 4.75
      vertex 0.574204 39.5253 4.75
    endloop
  endfacet
  facet normal -0.705163 0.0741122 -0.705161
    outer loop
      vertex 2.43496 38.3327 2.6
      vertex 0.25 38 4.75
      vertex 0.331946 38.7797 4.75
    endloop
  endfacet
  facet normal -0.614053 -0.35452 -0.705162
    outer loop
      vertex 0.966186 1.7958 4.75
      vertex 0.574204 2.47474 4.75
      vertex 2.53833 3.34922 2.6
    endloop
  endfacet
  facet normal -0.613976 0.354605 -0.705187
    outer loop
      vertex 3.26916 80.3254 0
      vertex 2.70557 80.9405 0.799999
      vertex 3.35279 80.4702 0
    endloop
  endfacet
  facet normal 0.865972 0.500093 0
    outer loop
      vertex 39.4617 80.6508 2.6
      vertex 39.2944 80.9405 0.799999
      vertex 39.2944 80.9405 2.6
    endloop
  endfacet
  facet normal 0.865972 0.500093 0
    outer loop
      vertex 39.2944 80.9405 0.799999
      vertex 39.4617 80.6508 2.6
      vertex 39.4617 80.6508 0.799999
    endloop
  endfacet
  facet normal 0.614001 -0.354582 -0.705177
    outer loop
      vertex 39.2944 45.0595 0.799999
      vertex 38.6472 45.5298 0
      vertex 39.4617 45.3492 0.799999
    endloop
  endfacet
  facet normal -0.994524 0.104504 0
    outer loop
      vertex 2.4 80 0.799999
      vertex 2.43496 80.3327 2.6
      vertex 2.43496 80.3327 0.799999
    endloop
  endfacet
  facet normal -0.994524 0.104504 0
    outer loop
      vertex 2.43496 80.3327 2.6
      vertex 2.4 80 0.799999
      vertex 2.4 80 2.6
    endloop
  endfacet
  facet normal 0.951107 0.308863 0
    outer loop
      vertex 39.565 80.3327 2.6
      vertex 39.4617 80.6508 0.799999
      vertex 39.4617 80.6508 2.6
    endloop
  endfacet
  facet normal 0.951107 0.308863 0
    outer loop
      vertex 39.4617 80.6508 0.799999
      vertex 39.565 80.3327 2.6
      vertex 39.565 80.3327 0.799999
    endloop
  endfacet
  facet normal 0.994512 0.104623 0
    outer loop
      vertex 39.6 80 2.6
      vertex 39.565 80.3327 0.799999
      vertex 39.565 80.3327 2.6
    endloop
  endfacet
  facet normal 0.994512 0.104623 0
    outer loop
      vertex 39.565 80.3327 0.799999
      vertex 39.6 80 2.6
      vertex 39.6 80 0.799999
    endloop
  endfacet
  facet normal -0.743041 0.669246 0
    outer loop
      vertex 2.70557 80.9405 0.799999
      vertex 2.92939 81.189 2.6
      vertex 2.92939 81.189 0.799999
    endloop
  endfacet
  facet normal -0.743041 0.669246 0
    outer loop
      vertex 2.92939 81.189 2.6
      vertex 2.70557 80.9405 0.799999
      vertex 2.70557 80.9405 2.6
    endloop
  endfacet
  facet normal -0.406865 0.913488 0
    outer loop
      vertex 3.50557 81.5217 0.799999
      vertex 3.2 81.3856 2.6
      vertex 3.50557 81.5217 2.6
    endloop
  endfacet
  facet normal -0.406865 0.913488 0
    outer loop
      vertex 3.2 81.3856 2.6
      vertex 3.50557 81.5217 0.799999
      vertex 3.2 81.3856 0.799999
    endloop
  endfacet
  facet normal -0.416767 0.573638 -0.705155
    outer loop
      vertex 3.4647 80.5945 0
      vertex 3.2 81.3856 0.799999
      vertex 3.6 80.6928 0
    endloop
  endfacet
  facet normal -0.416756 0.573644 -0.705157
    outer loop
      vertex 3.2 81.3856 0.799999
      vertex 3.4647 80.5945 0
      vertex 2.92939 81.189 0.799999
    endloop
  endfacet
  facet normal -0.14733 0.693573 -0.70516
    outer loop
      vertex 3.91638 80.7956 0
      vertex 3.50557 81.5217 0.799999
      vertex 3.83275 81.5912 0.799999
    endloop
  endfacet
  facet normal 0.674335 0.219127 -0.705163
    outer loop
      vertex 38.7825 80.1663 0
      vertex 38.7308 80.3254 0
      vertex 39.565 80.3327 0.799999
    endloop
  endfacet
  facet normal 0.526862 0.474494 -0.705175
    outer loop
      vertex 38.6472 80.4702 0
      vertex 39.0706 81.189 0.799999
      vertex 39.2944 80.9405 0.799999
    endloop
  endfacet
  facet normal 0.526973 0.474403 -0.705153
    outer loop
      vertex 39.0706 81.189 0.799999
      vertex 38.6472 80.4702 0
      vertex 38.5353 80.5945 0
    endloop
  endfacet
  facet normal 0 1 -0
    outer loop
      vertex 38.1672 81.5912 0.799999
      vertex 3.83275 81.5912 2.6
      vertex 38.1672 81.5912 2.6
    endloop
  endfacet
  facet normal 0 1 0
    outer loop
      vertex 3.83275 81.5912 2.6
      vertex 38.1672 81.5912 0.799999
      vertex 3.83275 81.5912 0.799999
    endloop
  endfacet
  facet normal 0.705157 0.0742047 -0.705158
    outer loop
      vertex 38.8 80 0
      vertex 38.7825 80.1663 0
      vertex 39.6 80 0.799999
    endloop
  endfacet
  facet normal -0.674334 0.219132 -0.705163
    outer loop
      vertex 3.26916 80.3254 0
      vertex 2.43496 80.3327 0.799999
      vertex 2.53833 80.6508 0.799999
    endloop
  endfacet
  facet normal -0.288479 0.647688 -0.705181
    outer loop
      vertex 3.75279 80.7608 0
      vertex 3.2 81.3856 0.799999
      vertex 3.50557 81.5217 0.799999
    endloop
  endfacet
  facet normal 0.288464 0.64772 -0.705158
    outer loop
      vertex 38.4 80.6928 0
      vertex 38.4944 81.5217 0.799999
      vertex 38.8 81.3856 0.799999
    endloop
  endfacet
  facet normal 0.288275 0.647771 -0.705189
    outer loop
      vertex 38.4944 81.5217 0.799999
      vertex 38.4 80.6928 0
      vertex 38.2472 80.7608 0
    endloop
  endfacet
  facet normal -0.951045 0.309052 0
    outer loop
      vertex 2.43496 80.3327 0.799999
      vertex 2.53833 80.6508 2.6
      vertex 2.53833 80.6508 0.799999
    endloop
  endfacet
  facet normal -0.951045 0.309052 0
    outer loop
      vertex 2.53833 80.6508 2.6
      vertex 2.43496 80.3327 0.799999
      vertex 2.43496 80.3327 2.6
    endloop
  endfacet
  facet normal -0.674348 0.219047 -0.705176
    outer loop
      vertex 3.21748 80.1663 0
      vertex 2.43496 80.3327 0.799999
      vertex 3.26916 80.3254 0
    endloop
  endfacet
  facet normal -0.526949 0.474423 -0.705158
    outer loop
      vertex 3.35279 80.4702 0
      vertex 2.92939 81.189 0.799999
      vertex 3.4647 80.5945 0
    endloop
  endfacet
  facet normal -0.526837 0.474514 -0.70518
    outer loop
      vertex 2.92939 81.189 0.799999
      vertex 3.35279 80.4702 0
      vertex 2.70557 80.9405 0.799999
    endloop
  endfacet
  facet normal 0.147321 0.693577 -0.705158
    outer loop
      vertex 38.4944 81.5217 0.799999
      vertex 38.0836 80.7956 0
      vertex 38.1672 81.5912 0.799999
    endloop
  endfacet
  facet normal 0 0.709054 -0.705155
    outer loop
      vertex 38.0836 80.7956 0
      vertex 3.83275 81.5912 0.799999
      vertex 38.1672 81.5912 0.799999
    endloop
  endfacet
  facet normal 0 0.709054 -0.705155
    outer loop
      vertex 3.83275 81.5912 0.799999
      vertex 38.0836 80.7956 0
      vertex 3.91638 80.7956 0
    endloop
  endfacet
  facet normal 0.587781 0.80902 -0
    outer loop
      vertex 39.0706 81.189 0.799999
      vertex 38.8 81.3856 2.6
      vertex 39.0706 81.189 2.6
    endloop
  endfacet
  facet normal 0.587781 0.80902 0
    outer loop
      vertex 38.8 81.3856 2.6
      vertex 39.0706 81.189 0.799999
      vertex 38.8 81.3856 0.799999
    endloop
  endfacet
  facet normal 0.994512 -0.104623 0
    outer loop
      vertex 39.565 45.6673 2.6
      vertex 39.6 46 0.799999
      vertex 39.6 46 2.6
    endloop
  endfacet
  facet normal 0.994512 -0.104623 0
    outer loop
      vertex 39.6 46 0.799999
      vertex 39.565 45.6673 2.6
      vertex 39.565 45.6673 0.799999
    endloop
  endfacet
  facet normal 0.707106 0 -0.707107
    outer loop
      vertex 39.6 46 0.799999
      vertex 38.8 80 0
      vertex 39.6 80 0.799999
    endloop
  endfacet
  facet normal 0.707106 0 -0.707107
    outer loop
      vertex 38.8 80 0
      vertex 39.6 46 0.799999
      vertex 38.8 46 0
    endloop
  endfacet
  facet normal 0.416767 0.573638 -0.705155
    outer loop
      vertex 38.5353 80.5945 0
      vertex 38.8 81.3856 0.799999
      vertex 39.0706 81.189 0.799999
    endloop
  endfacet
  facet normal 0.416767 0.573638 -0.705155
    outer loop
      vertex 38.8 81.3856 0.799999
      vertex 38.5353 80.5945 0
      vertex 38.4 80.6928 0
    endloop
  endfacet
  facet normal 0.587781 -0.80902 0
    outer loop
      vertex 38.8 44.6144 0.799999
      vertex 39.0706 44.811 2.6
      vertex 38.8 44.6144 2.6
    endloop
  endfacet
  facet normal 0.587781 -0.80902 0
    outer loop
      vertex 39.0706 44.811 2.6
      vertex 38.8 44.6144 0.799999
      vertex 39.0706 44.811 0.799999
    endloop
  endfacet
  facet normal -0.866049 0.499959 0
    outer loop
      vertex 2.53833 80.6508 0.799999
      vertex 2.70557 80.9405 2.6
      vertex 2.70557 80.9405 0.799999
    endloop
  endfacet
  facet normal -0.866049 0.499959 0
    outer loop
      vertex 2.70557 80.9405 2.6
      vertex 2.53833 80.6508 0.799999
      vertex 2.53833 80.6508 2.6
    endloop
  endfacet
  facet normal -0.288307 0.6478 -0.705149
    outer loop
      vertex 3.6 80.6928 0
      vertex 3.2 81.3856 0.799999
      vertex 3.75279 80.7608 0
    endloop
  endfacet
  facet normal 0.406832 -0.913503 0
    outer loop
      vertex 38.4944 44.4783 0.799999
      vertex 38.8 44.6144 2.6
      vertex 38.4944 44.4783 2.6
    endloop
  endfacet
  facet normal 0.406832 -0.913503 0
    outer loop
      vertex 38.8 44.6144 2.6
      vertex 38.4944 44.4783 0.799999
      vertex 38.8 44.6144 0.799999
    endloop
  endfacet
  facet normal -0.416767 -0.573638 -0.705155
    outer loop
      vertex 3.6 45.3072 0
      vertex 3.2 44.6144 0.799999
      vertex 3.4647 45.4055 0
    endloop
  endfacet
  facet normal 0.406832 0.913503 -0
    outer loop
      vertex 38.8 81.3856 0.799999
      vertex 38.4944 81.5217 2.6
      vertex 38.8 81.3856 2.6
    endloop
  endfacet
  facet normal 0.406832 0.913503 0
    outer loop
      vertex 38.4944 81.5217 2.6
      vertex 38.8 81.3856 0.799999
      vertex 38.4944 81.5217 0.799999
    endloop
  endfacet
  facet normal -0.587766 0.809031 0
    outer loop
      vertex 3.2 81.3856 0.799999
      vertex 2.92939 81.189 2.6
      vertex 3.2 81.3856 2.6
    endloop
  endfacet
  facet normal -0.587766 0.809031 0
    outer loop
      vertex 2.92939 81.189 2.6
      vertex 3.2 81.3856 0.799999
      vertex 2.92939 81.189 0.799999
    endloop
  endfacet
  facet normal -0.207785 0.978175 0
    outer loop
      vertex 3.83275 81.5912 0.799999
      vertex 3.50557 81.5217 2.6
      vertex 3.83275 81.5912 2.6
    endloop
  endfacet
  facet normal -0.207785 0.978175 0
    outer loop
      vertex 3.50557 81.5217 2.6
      vertex 3.83275 81.5912 0.799999
      vertex 3.50557 81.5217 0.799999
    endloop
  endfacet
  facet normal -0.147526 0.693498 -0.705193
    outer loop
      vertex 3.75279 80.7608 0
      vertex 3.50557 81.5217 0.799999
      vertex 3.91638 80.7956 0
    endloop
  endfacet
  facet normal 0.613994 0.354578 -0.705185
    outer loop
      vertex 39.4617 80.6508 0.799999
      vertex 38.7308 80.3254 0
      vertex 39.2944 80.9405 0.799999
    endloop
  endfacet
  facet normal 0.526862 -0.474494 -0.705175
    outer loop
      vertex 39.0706 44.811 0.799999
      vertex 38.6472 45.5298 0
      vertex 39.2944 45.0595 0.799999
    endloop
  endfacet
  facet normal 0.526973 -0.474403 -0.705153
    outer loop
      vertex 38.6472 45.5298 0
      vertex 39.0706 44.811 0.799999
      vertex 38.5353 45.4055 0
    endloop
  endfacet
  facet normal 0.865972 -0.500093 0
    outer loop
      vertex 39.2944 45.0595 2.6
      vertex 39.4617 45.3492 0.799999
      vertex 39.4617 45.3492 2.6
    endloop
  endfacet
  facet normal 0.865972 -0.500093 0
    outer loop
      vertex 39.4617 45.3492 0.799999
      vertex 39.2944 45.0595 2.6
      vertex 39.2944 45.0595 0.799999
    endloop
  endfacet
  facet normal 0.416767 -0.573638 -0.705155
    outer loop
      vertex 38.8 44.6144 0.799999
      vertex 38.5353 45.4055 0
      vertex 39.0706 44.811 0.799999
    endloop
  endfacet
  facet normal 0.416767 -0.573638 -0.705155
    outer loop
      vertex 38.8 44.6144 0.799999
      vertex 38.4 45.3072 0
      vertex 38.5353 45.4055 0
    endloop
  endfacet
  facet normal 0.207773 0.978177 -0
    outer loop
      vertex 38.4944 81.5217 0.799999
      vertex 38.1672 81.5912 2.6
      vertex 38.4944 81.5217 2.6
    endloop
  endfacet
  facet normal 0.207773 0.978177 0
    outer loop
      vertex 38.1672 81.5912 2.6
      vertex 38.4944 81.5217 0.799999
      vertex 38.1672 81.5912 0.799999
    endloop
  endfacet
  facet normal 0.705157 -0.0742047 -0.705158
    outer loop
      vertex 39.6 46 0.799999
      vertex 38.7825 45.8337 0
      vertex 38.8 46 0
    endloop
  endfacet
  facet normal 0 0 -1
    outer loop
      vertex 38.0836 45.2044 0
      vertex 38.8 46 0
      vertex 38.7825 45.8337 0
    endloop
  endfacet
  facet normal 0 0 -1
    outer loop
      vertex 3.2 46 0
      vertex 38.8 46 0
      vertex 38.0836 45.2044 0
    endloop
  endfacet
  facet normal 0 0 -1
    outer loop
      vertex 38.0836 45.2044 0
      vertex 38.7825 45.8337 0
      vertex 38.7308 45.6746 0
    endloop
  endfacet
  facet normal 0 0 -1
    outer loop
      vertex 38.8 46 0
      vertex 3.2 46 0
      vertex 38.8 80 0
    endloop
  endfacet
  facet normal 0 0 -1
    outer loop
      vertex 38.0836 45.2044 0
      vertex 38.7308 45.6746 0
      vertex 38.6472 45.5298 0
    endloop
  endfacet
  facet normal 0 0 -1
    outer loop
      vertex 38.8 80 0
      vertex 38.0836 80.7956 0
      vertex 38.7825 80.1663 0
    endloop
  endfacet
  facet normal 0 0 -1
    outer loop
      vertex 38.0836 45.2044 0
      vertex 38.6472 45.5298 0
      vertex 38.5353 45.4055 0
    endloop
  endfacet
  facet normal 0 0 -1
    outer loop
      vertex 38.7825 80.1663 0
      vertex 38.0836 80.7956 0
      vertex 38.7308 80.3254 0
    endloop
  endfacet
  facet normal 0 0 -1
    outer loop
      vertex 38.0836 45.2044 0
      vertex 38.5353 45.4055 0
      vertex 38.4 45.3072 0
    endloop
  endfacet
  facet normal 0 0 -1
    outer loop
      vertex 38.7308 80.3254 0
      vertex 38.0836 80.7956 0
      vertex 38.6472 80.4702 0
    endloop
  endfacet
  facet normal 0 0 -1
    outer loop
      vertex 38.0836 45.2044 0
      vertex 38.4 45.3072 0
      vertex 38.2472 45.2392 0
    endloop
  endfacet
  facet normal 0 0 -1
    outer loop
      vertex 38.6472 80.4702 0
      vertex 38.0836 80.7956 0
      vertex 38.5353 80.5945 0
    endloop
  endfacet
  facet normal 0 0 -1
    outer loop
      vertex 38.5353 80.5945 0
      vertex 38.0836 80.7956 0
      vertex 38.4 80.6928 0
    endloop
  endfacet
  facet normal 0 0 -1
    outer loop
      vertex 38.4 80.6928 0
      vertex 38.0836 80.7956 0
      vertex 38.2472 80.7608 0
    endloop
  endfacet
  facet normal 0 0 -1
    outer loop
      vertex 3.2 46 0
      vertex 38.0836 45.2044 0
      vertex 3.91638 45.2044 0
    endloop
  endfacet
  facet normal 0 0 -1
    outer loop
      vertex 3.2 80 0
      vertex 38.8 80 0
      vertex 3.2 46 0
    endloop
  endfacet
  facet normal 0 0 -1
    outer loop
      vertex 3.2 46 0
      vertex 3.91638 45.2044 0
      vertex 3.75279 45.2392 0
    endloop
  endfacet
  facet normal 0 0 -1
    outer loop
      vertex 38.8 80 0
      vertex 3.2 80 0
      vertex 38.0836 80.7956 0
    endloop
  endfacet
  facet normal 0 0 -1
    outer loop
      vertex 3.2 46 0
      vertex 3.75279 45.2392 0
      vertex 3.6 45.3072 0
    endloop
  endfacet
  facet normal -0 0 -1
    outer loop
      vertex 38.0836 80.7956 0
      vertex 3.2 80 0
      vertex 3.91638 80.7956 0
    endloop
  endfacet
  facet normal 0 0 -1
    outer loop
      vertex 3.2 46 0
      vertex 3.6 45.3072 0
      vertex 3.4647 45.4055 0
    endloop
  endfacet
  facet normal 0 0 -1
    outer loop
      vertex 3.91638 80.7956 0
      vertex 3.2 80 0
      vertex 3.75279 80.7608 0
    endloop
  endfacet
  facet normal 0 0 -1
    outer loop
      vertex 3.2 46 0
      vertex 3.4647 45.4055 0
      vertex 3.35279 45.5298 0
    endloop
  endfacet
  facet normal 0 0 -1
    outer loop
      vertex 3.75279 80.7608 0
      vertex 3.2 80 0
      vertex 3.6 80.6928 0
    endloop
  endfacet
  facet normal 0 0 -1
    outer loop
      vertex 3.2 46 0
      vertex 3.35279 45.5298 0
      vertex 3.26916 45.6746 0
    endloop
  endfacet
  facet normal 0 0 -1
    outer loop
      vertex 3.6 80.6928 0
      vertex 3.2 80 0
      vertex 3.4647 80.5945 0
    endloop
  endfacet
  facet normal 0 0 -1
    outer loop
      vertex 3.2 46 0
      vertex 3.26916 45.6746 0
      vertex 3.21748 45.8337 0
    endloop
  endfacet
  facet normal 0 0 -1
    outer loop
      vertex 3.4647 80.5945 0
      vertex 3.2 80 0
      vertex 3.35279 80.4702 0
    endloop
  endfacet
  facet normal 0 0 -1
    outer loop
      vertex 3.35279 80.4702 0
      vertex 3.2 80 0
      vertex 3.26916 80.3254 0
    endloop
  endfacet
  facet normal 0 0 -1
    outer loop
      vertex 3.26916 80.3254 0
      vertex 3.2 80 0
      vertex 3.21748 80.1663 0
    endloop
  endfacet
  facet normal -0.587766 -0.809031 0
    outer loop
      vertex 2.92939 44.811 0.799999
      vertex 3.2 44.6144 2.6
      vertex 2.92939 44.811 2.6
    endloop
  endfacet
  facet normal -0.587766 -0.809031 -0
    outer loop
      vertex 3.2 44.6144 2.6
      vertex 2.92939 44.811 0.799999
      vertex 3.2 44.6144 0.799999
    endloop
  endfacet
  facet normal 1 -0 0
    outer loop
      vertex 39.6 46 2.6
      vertex 39.6 80 0.799999
      vertex 39.6 80 2.6
    endloop
  endfacet
  facet normal 1 0 0
    outer loop
      vertex 39.6 80 0.799999
      vertex 39.6 46 2.6
      vertex 39.6 46 0.799999
    endloop
  endfacet
  facet normal -0.614067 0.354493 -0.705164
    outer loop
      vertex 3.26916 80.3254 0
      vertex 2.53833 80.6508 0.799999
      vertex 2.70557 80.9405 0.799999
    endloop
  endfacet
  facet normal 0.288456 -0.647701 -0.705178
    outer loop
      vertex 38.4944 44.4783 0.799999
      vertex 38.2472 45.2392 0
      vertex 38.8 44.6144 0.799999
    endloop
  endfacet
  facet normal -0.951045 -0.309052 0
    outer loop
      vertex 2.53833 45.3492 0.799999
      vertex 2.43496 45.6673 2.6
      vertex 2.43496 45.6673 0.799999
    endloop
  endfacet
  facet normal -0.951045 -0.309052 0
    outer loop
      vertex 2.43496 45.6673 2.6
      vertex 2.53833 45.3492 0.799999
      vertex 2.53833 45.3492 2.6
    endloop
  endfacet
  facet normal -1 0 0
    outer loop
      vertex 2.4 46 0.799999
      vertex 2.4 80 2.6
      vertex 2.4 80 0.799999
    endloop
  endfacet
  facet normal -1 -0 0
    outer loop
      vertex 2.4 80 2.6
      vertex 2.4 46 0.799999
      vertex 2.4 46 2.6
    endloop
  endfacet
  facet normal -0.866049 -0.499959 0
    outer loop
      vertex 2.70557 45.0595 0.799999
      vertex 2.53833 45.3492 2.6
      vertex 2.53833 45.3492 0.799999
    endloop
  endfacet
  facet normal -0.866049 -0.499959 0
    outer loop
      vertex 2.53833 45.3492 2.6
      vertex 2.70557 45.0595 0.799999
      vertex 2.70557 45.0595 2.6
    endloop
  endfacet
  facet normal -0.707106 0 -0.707107
    outer loop
      vertex 2.4 46 0.799999
      vertex 3.2 80 0
      vertex 3.2 46 0
    endloop
  endfacet
  facet normal -0.707106 0 -0.707107
    outer loop
      vertex 3.2 80 0
      vertex 2.4 46 0.799999
      vertex 2.4 80 0.799999
    endloop
  endfacet
  facet normal 0.147517 0.693502 -0.705191
    outer loop
      vertex 38.2472 80.7608 0
      vertex 38.0836 80.7956 0
      vertex 38.4944 81.5217 0.799999
    endloop
  endfacet
  facet normal 0.288291 -0.647808 -0.705148
    outer loop
      vertex 38.8 44.6144 0.799999
      vertex 38.2472 45.2392 0
      vertex 38.4 45.3072 0
    endloop
  endfacet
  facet normal 0.743071 0.669213 0
    outer loop
      vertex 39.2944 80.9405 2.6
      vertex 39.0706 81.189 0.799999
      vertex 39.0706 81.189 2.6
    endloop
  endfacet
  facet normal 0.743071 0.669213 0
    outer loop
      vertex 39.0706 81.189 0.799999
      vertex 39.2944 80.9405 2.6
      vertex 39.2944 80.9405 0.799999
    endloop
  endfacet
  facet normal 0.743071 -0.669213 0
    outer loop
      vertex 39.0706 44.811 2.6
      vertex 39.2944 45.0595 0.799999
      vertex 39.2944 45.0595 2.6
    endloop
  endfacet
  facet normal 0.743071 -0.669213 0
    outer loop
      vertex 39.2944 45.0595 0.799999
      vertex 39.0706 44.811 2.6
      vertex 39.0706 44.811 0.799999
    endloop
  endfacet
  facet normal 0.614029 -0.354508 -0.705189
    outer loop
      vertex 39.4617 45.3492 0.799999
      vertex 38.6472 45.5298 0
      vertex 38.7308 45.6746 0
    endloop
  endfacet
  facet normal 0 -0.709054 -0.705155
    outer loop
      vertex 3.91638 45.2044 0
      vertex 38.1672 44.4088 0.799999
      vertex 3.83275 44.4088 0.799999
    endloop
  endfacet
  facet normal 0 -0.709054 -0.705155
    outer loop
      vertex 38.1672 44.4088 0.799999
      vertex 3.91638 45.2044 0
      vertex 38.0836 45.2044 0
    endloop
  endfacet
  facet normal 0 -1 0
    outer loop
      vertex 3.83275 44.4088 0.799999
      vertex 38.1672 44.4088 2.6
      vertex 3.83275 44.4088 2.6
    endloop
  endfacet
  facet normal 0 -1 -0
    outer loop
      vertex 38.1672 44.4088 2.6
      vertex 3.83275 44.4088 0.799999
      vertex 38.1672 44.4088 0.799999
    endloop
  endfacet
  facet normal -0.416756 -0.573644 -0.705157
    outer loop
      vertex 3.2 44.6144 0.799999
      vertex 2.92939 44.811 0.799999
      vertex 3.4647 45.4055 0
    endloop
  endfacet
  facet normal 0.147527 -0.693544 -0.705147
    outer loop
      vertex 38.1672 44.4088 0.799999
      vertex 38.0836 45.2044 0
      vertex 38.2472 45.2392 0
    endloop
  endfacet
  facet normal 0.674308 -0.219118 -0.705192
    outer loop
      vertex 39.4617 45.3492 0.799999
      vertex 38.7308 45.6746 0
      vertex 38.7825 45.8337 0
    endloop
  endfacet
  facet normal 0.951107 -0.308863 0
    outer loop
      vertex 39.4617 45.3492 2.6
      vertex 39.565 45.6673 0.799999
      vertex 39.565 45.6673 2.6
    endloop
  endfacet
  facet normal 0.951107 -0.308863 0
    outer loop
      vertex 39.565 45.6673 0.799999
      vertex 39.4617 45.3492 2.6
      vertex 39.4617 45.3492 0.799999
    endloop
  endfacet
  facet normal 0.674357 0.218991 -0.705185
    outer loop
      vertex 39.565 80.3327 0.799999
      vertex 38.7308 80.3254 0
      vertex 39.4617 80.6508 0.799999
    endloop
  endfacet
  facet normal 0.614043 0.354517 -0.705173
    outer loop
      vertex 38.7308 80.3254 0
      vertex 38.6472 80.4702 0
      vertex 39.2944 80.9405 0.799999
    endloop
  endfacet
  facet normal 0.705156 0.0741823 -0.705161
    outer loop
      vertex 39.6 80 0.799999
      vertex 38.7825 80.1663 0
      vertex 39.565 80.3327 0.799999
    endloop
  endfacet
  facet normal -0.526949 -0.474423 -0.705158
    outer loop
      vertex 2.92939 44.811 0.799999
      vertex 3.35279 45.5298 0
      vertex 3.4647 45.4055 0
    endloop
  endfacet
  facet normal -0.526837 -0.474514 -0.70518
    outer loop
      vertex 3.35279 45.5298 0
      vertex 2.92939 44.811 0.799999
      vertex 2.70557 45.0595 0.799999
    endloop
  endfacet
  facet normal 0.147317 -0.693555 -0.70518
    outer loop
      vertex 38.4944 44.4783 0.799999
      vertex 38.1672 44.4088 0.799999
      vertex 38.2472 45.2392 0
    endloop
  endfacet
  facet normal -0.147535 -0.69354 -0.705149
    outer loop
      vertex 3.83275 44.4088 0.799999
      vertex 3.75279 45.2392 0
      vertex 3.91638 45.2044 0
    endloop
  endfacet
  facet normal -0.614002 -0.35462 -0.705157
    outer loop
      vertex 3.35279 45.5298 0
      vertex 2.53833 45.3492 0.799999
      vertex 3.26916 45.6746 0
    endloop
  endfacet
  facet normal 0.207773 -0.978177 0
    outer loop
      vertex 38.1672 44.4088 0.799999
      vertex 38.4944 44.4783 2.6
      vertex 38.1672 44.4088 2.6
    endloop
  endfacet
  facet normal 0.207773 -0.978177 0
    outer loop
      vertex 38.4944 44.4783 2.6
      vertex 38.1672 44.4088 0.799999
      vertex 38.4944 44.4783 0.799999
    endloop
  endfacet
  facet normal -0.674365 -0.219052 -0.705158
    outer loop
      vertex 3.26916 45.6746 0
      vertex 2.53833 45.3492 0.799999
      vertex 3.21748 45.8337 0
    endloop
  endfacet
  facet normal -0.147325 -0.693551 -0.705182
    outer loop
      vertex 3.83275 44.4088 0.799999
      vertex 3.50557 44.4783 0.799999
      vertex 3.75279 45.2392 0
    endloop
  endfacet
  facet normal -0.743041 -0.669246 0
    outer loop
      vertex 2.92939 44.811 0.799999
      vertex 2.70557 45.0595 2.6
      vertex 2.70557 45.0595 0.799999
    endloop
  endfacet
  facet normal -0.743041 -0.669246 0
    outer loop
      vertex 2.70557 45.0595 2.6
      vertex 2.92939 44.811 0.799999
      vertex 2.92939 44.811 2.6
    endloop
  endfacet
  facet normal -0.207785 -0.978175 0
    outer loop
      vertex 3.50557 44.4783 0.799999
      vertex 3.83275 44.4088 2.6
      vertex 3.50557 44.4783 2.6
    endloop
  endfacet
  facet normal -0.207785 -0.978175 -0
    outer loop
      vertex 3.83275 44.4088 2.6
      vertex 3.50557 44.4783 0.799999
      vertex 3.83275 44.4088 0.799999
    endloop
  endfacet
  facet normal -0.406865 -0.913488 0
    outer loop
      vertex 3.2 44.6144 0.799999
      vertex 3.50557 44.4783 2.6
      vertex 3.2 44.6144 2.6
    endloop
  endfacet
  facet normal -0.406865 -0.913488 -0
    outer loop
      vertex 3.50557 44.4783 2.6
      vertex 3.2 44.6144 0.799999
      vertex 3.50557 44.4783 0.799999
    endloop
  endfacet
  facet normal -0.288479 -0.647688 -0.705181
    outer loop
      vertex 3.50557 44.4783 0.799999
      vertex 3.2 44.6144 0.799999
      vertex 3.75279 45.2392 0
    endloop
  endfacet
  facet normal -0.288307 -0.6478 -0.705149
    outer loop
      vertex 3.75279 45.2392 0
      vertex 3.2 44.6144 0.799999
      vertex 3.6 45.3072 0
    endloop
  endfacet
  facet normal 0.67437 -0.218995 -0.705171
    outer loop
      vertex 39.4617 45.3492 0.799999
      vertex 38.7825 45.8337 0
      vertex 39.565 45.6673 0.799999
    endloop
  endfacet
  facet normal 0.705156 -0.0741823 -0.705161
    outer loop
      vertex 39.565 45.6673 0.799999
      vertex 38.7825 45.8337 0
      vertex 39.6 46 0.799999
    endloop
  endfacet
  facet normal -0.705157 0.0741199 -0.705167
    outer loop
      vertex 3.2 80 0
      vertex 2.43496 80.3327 0.799999
      vertex 3.21748 80.1663 0
    endloop
  endfacet
  facet normal -0.705162 0.0740982 -0.705163
    outer loop
      vertex 2.43496 80.3327 0.799999
      vertex 3.2 80 0
      vertex 2.4 80 0.799999
    endloop
  endfacet
  facet normal -0.994524 -0.104504 0
    outer loop
      vertex 2.43496 45.6673 0.799999
      vertex 2.4 46 2.6
      vertex 2.4 46 0.799999
    endloop
  endfacet
  facet normal -0.994524 -0.104504 0
    outer loop
      vertex 2.4 46 2.6
      vertex 2.43496 45.6673 0.799999
      vertex 2.43496 45.6673 2.6
    endloop
  endfacet
  facet normal -0.614054 -0.354485 -0.705179
    outer loop
      vertex 2.70557 45.0595 0.799999
      vertex 2.53833 45.3492 0.799999
      vertex 3.35279 45.5298 0
    endloop
  endfacet
  facet normal -0.674326 -0.219129 -0.705172
    outer loop
      vertex 2.53833 45.3492 0.799999
      vertex 2.43496 45.6673 0.799999
      vertex 3.21748 45.8337 0
    endloop
  endfacet
  facet normal -0.705157 -0.0741199 -0.705167
    outer loop
      vertex 2.43496 45.6673 0.799999
      vertex 3.2 46 0
      vertex 3.21748 45.8337 0
    endloop
  endfacet
  facet normal -0.705162 -0.0740982 -0.705163
    outer loop
      vertex 3.2 46 0
      vertex 2.43496 45.6673 0.799999
      vertex 2.4 46 0.799999
    endloop
  endfacet
  facet normal 0 0 1
    outer loop
      vertex 38.1672 81.5912 2.6
      vertex 39.6 80 2.6
      vertex 39.565 80.3327 2.6
    endloop
  endfacet
  facet normal 0 0 1
    outer loop
      vertex 2.4 80 2.6
      vertex 39.6 80 2.6
      vertex 38.1672 81.5912 2.6
    endloop
  endfacet
  facet normal 0 0 1
    outer loop
      vertex 38.1672 81.5912 2.6
      vertex 39.565 80.3327 2.6
      vertex 39.4617 80.6508 2.6
    endloop
  endfacet
  facet normal 0 0 1
    outer loop
      vertex 39.6 80 2.6
      vertex 2.4 80 2.6
      vertex 39.6 46 2.6
    endloop
  endfacet
  facet normal 0 0 1
    outer loop
      vertex 38.1672 81.5912 2.6
      vertex 39.4617 80.6508 2.6
      vertex 39.2944 80.9405 2.6
    endloop
  endfacet
  facet normal 0 0 1
    outer loop
      vertex 39.6 46 2.6
      vertex 38.1672 44.4088 2.6
      vertex 39.565 45.6673 2.6
    endloop
  endfacet
  facet normal 0 0 1
    outer loop
      vertex 38.1672 81.5912 2.6
      vertex 39.2944 80.9405 2.6
      vertex 39.0706 81.189 2.6
    endloop
  endfacet
  facet normal 0 0 1
    outer loop
      vertex 39.565 45.6673 2.6
      vertex 38.1672 44.4088 2.6
      vertex 39.4617 45.3492 2.6
    endloop
  endfacet
  facet normal 0 0 1
    outer loop
      vertex 38.1672 81.5912 2.6
      vertex 39.0706 81.189 2.6
      vertex 38.8 81.3856 2.6
    endloop
  endfacet
  facet normal 0 0 1
    outer loop
      vertex 39.4617 45.3492 2.6
      vertex 38.1672 44.4088 2.6
      vertex 39.2944 45.0595 2.6
    endloop
  endfacet
  facet normal 0 0 1
    outer loop
      vertex 38.1672 81.5912 2.6
      vertex 38.8 81.3856 2.6
      vertex 38.4944 81.5217 2.6
    endloop
  endfacet
  facet normal 0 0 1
    outer loop
      vertex 39.2944 45.0595 2.6
      vertex 38.1672 44.4088 2.6
      vertex 39.0706 44.811 2.6
    endloop
  endfacet
  facet normal 0 0 1
    outer loop
      vertex 39.0706 44.811 2.6
      vertex 38.1672 44.4088 2.6
      vertex 38.8 44.6144 2.6
    endloop
  endfacet
  facet normal 0 0 1
    outer loop
      vertex 38.8 44.6144 2.6
      vertex 38.1672 44.4088 2.6
      vertex 38.4944 44.4783 2.6
    endloop
  endfacet
  facet normal 0 0 1
    outer loop
      vertex 2.4 80 2.6
      vertex 38.1672 81.5912 2.6
      vertex 3.83275 81.5912 2.6
    endloop
  endfacet
  facet normal 0 0 1
    outer loop
      vertex 2.4 46 2.6
      vertex 39.6 46 2.6
      vertex 2.4 80 2.6
    endloop
  endfacet
  facet normal 0 0 1
    outer loop
      vertex 2.4 80 2.6
      vertex 3.83275 81.5912 2.6
      vertex 3.50557 81.5217 2.6
    endloop
  endfacet
  facet normal 0 0 1
    outer loop
      vertex 39.6 46 2.6
      vertex 2.4 46 2.6
      vertex 38.1672 44.4088 2.6
    endloop
  endfacet
  facet normal 0 0 1
    outer loop
      vertex 2.4 80 2.6
      vertex 3.50557 81.5217 2.6
      vertex 3.2 81.3856 2.6
    endloop
  endfacet
  facet normal 0 0 1
    outer loop
      vertex 38.1672 44.4088 2.6
      vertex 2.4 46 2.6
      vertex 3.83275 44.4088 2.6
    endloop
  endfacet
  facet normal 0 0 1
    outer loop
      vertex 2.4 80 2.6
      vertex 3.2 81.3856 2.6
      vertex 2.92939 81.189 2.6
    endloop
  endfacet
  facet normal 0 0 1
    outer loop
      vertex 3.83275 44.4088 2.6
      vertex 2.4 46 2.6
      vertex 3.50557 44.4783 2.6
    endloop
  endfacet
  facet normal 0 0 1
    outer loop
      vertex 2.4 80 2.6
      vertex 2.92939 81.189 2.6
      vertex 2.70557 80.9405 2.6
    endloop
  endfacet
  facet normal 0 0 1
    outer loop
      vertex 3.50557 44.4783 2.6
      vertex 2.4 46 2.6
      vertex 3.2 44.6144 2.6
    endloop
  endfacet
  facet normal 0 0 1
    outer loop
      vertex 2.4 80 2.6
      vertex 2.70557 80.9405 2.6
      vertex 2.53833 80.6508 2.6
    endloop
  endfacet
  facet normal 0 0 1
    outer loop
      vertex 3.2 44.6144 2.6
      vertex 2.4 46 2.6
      vertex 2.92939 44.811 2.6
    endloop
  endfacet
  facet normal 0 0 1
    outer loop
      vertex 2.4 80 2.6
      vertex 2.53833 80.6508 2.6
      vertex 2.43496 80.3327 2.6
    endloop
  endfacet
  facet normal 0 0 1
    outer loop
      vertex 2.92939 44.811 2.6
      vertex 2.4 46 2.6
      vertex 2.70557 45.0595 2.6
    endloop
  endfacet
  facet normal 0 0 1
    outer loop
      vertex 2.70557 45.0595 2.6
      vertex 2.4 46 2.6
      vertex 2.53833 45.3492 2.6
    endloop
  endfacet
  facet normal 0 0 1
    outer loop
      vertex 2.53833 45.3492 2.6
      vertex 2.4 46 2.6
      vertex 2.43496 45.6673 2.6
    endloop
  endfacet
  facet normal -0.526922 0.474441 -0.705166
    outer loop
      vertex 2.92939 81.189 2.6
      vertex 0.966186 82.2042 4.75
      vertex 1.49076 82.7868 4.75
    endloop
  endfacet
  facet normal 0.526912 -0.474456 -0.705163
    outer loop
      vertex 40.5092 43.2132 4.75
      vertex 39.0706 44.811 2.6
      vertex 41.0338 43.7958 4.75
    endloop
  endfacet
  facet normal -0.707107 0 -0.707107
    outer loop
      vertex 2.4 46 2.6
      vertex 0.25 80 4.75
      vertex 2.4 80 2.6
    endloop
  endfacet
  facet normal -0.707107 -0 -0.707107
    outer loop
      vertex 0.25 80 4.75
      vertex 2.4 46 2.6
      vertex 0.25 46 4.75
    endloop
  endfacet
  facet normal -0.416763 -0.573627 -0.705167
    outer loop
      vertex 2.125 42.7524 4.75
      vertex 1.49076 43.2132 4.75
      vertex 2.92939 44.811 2.6
    endloop
  endfacet
  facet normal -0.147421 -0.693539 -0.705174
    outer loop
      vertex 3.60802 42.2705 4.75
      vertex 2.84119 42.4335 4.75
      vertex 3.83275 44.4088 2.6
    endloop
  endfacet
  facet normal 0.407064 0.9134 -0
    outer loop
      vertex 39.3327 83.489 4.75
      vertex 39.1588 83.5665 4.76
      vertex 39.3327 83.489 4.76
    endloop
  endfacet
  facet normal 0.407064 0.9134 0
    outer loop
      vertex 39.1588 83.5665 4.76
      vertex 39.3327 83.489 4.75
      vertex 39.1588 83.5665 4.75
    endloop
  endfacet
  facet normal 0.674361 0.218992 -0.705181
    outer loop
      vertex 39.565 80.3327 2.6
      vertex 39.4617 80.6508 2.6
      vertex 41.6681 80.7797 4.75
    endloop
  endfacet
  facet normal 0.707107 0 -0.707107
    outer loop
      vertex 39.6 46 2.6
      vertex 41.75 80 4.75
      vertex 41.75 46 4.75
    endloop
  endfacet
  facet normal 0.707107 0 -0.707107
    outer loop
      vertex 41.75 80 4.75
      vertex 39.6 46 2.6
      vertex 39.6 80 2.6
    endloop
  endfacet
  facet normal 0.526877 -0.474507 -0.705155
    outer loop
      vertex 41.0338 43.7958 4.75
      vertex 39.0706 44.811 2.6
      vertex 39.2944 45.0595 2.6
    endloop
  endfacet
  facet normal -0.416751 0.573637 -0.705166
    outer loop
      vertex 2.92939 81.189 2.6
      vertex 1.49076 82.7868 4.75
      vertex 3.2 81.3856 2.6
    endloop
  endfacet
  facet normal 0 -0.709033 -0.705175
    outer loop
      vertex 3.83275 44.4088 2.6
      vertex 38.392 42.2705 4.75
      vertex 3.60802 42.2705 4.75
    endloop
  endfacet
  facet normal 0 -0.709033 -0.705175
    outer loop
      vertex 38.392 42.2705 4.75
      vertex 3.83275 44.4088 2.6
      vertex 38.1672 44.4088 2.6
    endloop
  endfacet
  facet normal -0.207918 0.978146 0
    outer loop
      vertex 3.60802 83.7295 4.75
      vertex 2.84119 83.5665 4.76
      vertex 3.60802 83.7295 4.76
    endloop
  endfacet
  facet normal -0.207918 0.978146 0
    outer loop
      vertex 2.84119 83.5665 4.76
      vertex 3.60802 83.7295 4.75
      vertex 2.84119 83.5665 4.75
    endloop
  endfacet
  facet normal 0.614041 0.35455 -0.705159
    outer loop
      vertex 41.4258 81.5253 4.75
      vertex 39.4617 80.6508 2.6
      vertex 41.0338 82.2042 4.75
    endloop
  endfacet
  facet normal 0.705138 -0.0741805 -0.705179
    outer loop
      vertex 41.6681 45.2203 4.75
      vertex 39.565 45.6673 2.6
      vertex 39.6 46 2.6
    endloop
  endfacet
  facet normal 0.705164 0.0740707 -0.705164
    outer loop
      vertex 41.75 80 4.75
      vertex 39.6 80 2.6
      vertex 41.6681 80.7797 4.75
    endloop
  endfacet
  facet normal 0.614011 0.354588 -0.705165
    outer loop
      vertex 39.4617 80.6508 2.6
      vertex 39.2944 80.9405 2.6
      vertex 41.0338 82.2042 4.75
    endloop
  endfacet
  facet normal 0.674361 -0.218992 -0.705181
    outer loop
      vertex 41.6681 45.2203 4.75
      vertex 39.4617 45.3492 2.6
      vertex 39.565 45.6673 2.6
    endloop
  endfacet
  facet normal -0.674337 -0.219133 -0.70516
    outer loop
      vertex 2.53833 45.3492 2.6
      vertex 0.331946 45.2203 4.75
      vertex 2.43496 45.6673 2.6
    endloop
  endfacet
  facet normal 0.674333 -0.21914 -0.705161
    outer loop
      vertex 41.4258 44.4747 4.75
      vertex 39.4617 45.3492 2.6
      vertex 41.6681 45.2203 4.75
    endloop
  endfacet
  facet normal 0.288414 -0.647733 -0.705166
    outer loop
      vertex 39.1588 42.4335 4.75
      vertex 38.4944 44.4783 2.6
      vertex 39.875 42.7524 4.75
    endloop
  endfacet
  facet normal 0.147426 -0.693536 -0.705176
    outer loop
      vertex 38.392 42.2705 4.75
      vertex 38.1672 44.4088 2.6
      vertex 39.1588 42.4335 4.75
    endloop
  endfacet
  facet normal 0.288458 -0.647706 -0.705173
    outer loop
      vertex 39.875 42.7524 4.75
      vertex 38.4944 44.4783 2.6
      vertex 38.8 44.6144 2.6
    endloop
  endfacet
  facet normal -0.147329 -0.693571 -0.705162
    outer loop
      vertex 3.83275 44.4088 2.6
      vertex 2.84119 42.4335 4.75
      vertex 3.50557 44.4783 2.6
    endloop
  endfacet
  facet normal 0.41676 -0.573628 -0.705168
    outer loop
      vertex 39.875 42.7524 4.75
      vertex 38.8 44.6144 2.6
      vertex 39.0706 44.811 2.6
    endloop
  endfacet
  facet normal -0.288416 -0.647728 -0.70517
    outer loop
      vertex 2.84119 42.4335 4.75
      vertex 2.125 42.7524 4.75
      vertex 3.2 44.6144 2.6
    endloop
  endfacet
  facet normal -0.147421 0.693539 -0.705174
    outer loop
      vertex 3.83275 81.5912 2.6
      vertex 2.84119 83.5665 4.75
      vertex 3.60802 83.7295 4.75
    endloop
  endfacet
  facet normal 0.41678 0.573615 -0.705167
    outer loop
      vertex 40.5092 82.7868 4.75
      vertex 38.8 81.3856 2.6
      vertex 39.875 83.2476 4.75
    endloop
  endfacet
  facet normal 0.416781 -0.573616 -0.705165
    outer loop
      vertex 39.875 42.7524 4.75
      vertex 39.0706 44.811 2.6
      vertex 40.5092 43.2132 4.75
    endloop
  endfacet
  facet normal 0.614041 -0.35455 -0.705159
    outer loop
      vertex 41.0338 43.7958 4.75
      vertex 39.4617 45.3492 2.6
      vertex 41.4258 44.4747 4.75
    endloop
  endfacet
  facet normal 0.705164 -0.0740707 -0.705164
    outer loop
      vertex 41.6681 45.2203 4.75
      vertex 39.6 46 2.6
      vertex 41.75 46 4.75
    endloop
  endfacet
  facet normal -0.288487 -0.647707 -0.705161
    outer loop
      vertex 3.50557 44.4783 2.6
      vertex 2.84119 42.4335 4.75
      vertex 3.2 44.6144 2.6
    endloop
  endfacet
  facet normal 0.147321 -0.693573 -0.705162
    outer loop
      vertex 39.1588 42.4335 4.75
      vertex 38.1672 44.4088 2.6
      vertex 38.4944 44.4783 2.6
    endloop
  endfacet
  facet normal 0.416762 0.573631 -0.705164
    outer loop
      vertex 39.0706 81.189 2.6
      vertex 38.8 81.3856 2.6
      vertex 40.5092 82.7868 4.75
    endloop
  endfacet
  facet normal -0.416749 -0.573635 -0.705169
    outer loop
      vertex 3.2 44.6144 2.6
      vertex 2.125 42.7524 4.75
      vertex 2.92939 44.811 2.6
    endloop
  endfacet
  facet normal 0.288346 0.647763 -0.705166
    outer loop
      vertex 38.8 81.3856 2.6
      vertex 39.3327 83.489 4.75
      vertex 39.875 83.2476 4.75
    endloop
  endfacet
  facet normal 0.288636 0.647663 -0.70514
    outer loop
      vertex 39.3327 83.489 4.75
      vertex 38.8 81.3856 2.6
      vertex 39.1588 83.5665 4.75
    endloop
  endfacet
  facet normal 0.147426 0.693536 -0.705176
    outer loop
      vertex 39.1588 83.5665 4.75
      vertex 38.1672 81.5912 2.6
      vertex 38.392 83.7295 4.75
    endloop
  endfacet
  facet normal 0 1 -0
    outer loop
      vertex 38.392 83.7295 4.75
      vertex 3.60802 83.7295 4.76
      vertex 38.392 83.7295 4.76
    endloop
  endfacet
  facet normal 0 1 0
    outer loop
      vertex 3.60802 83.7295 4.76
      vertex 38.392 83.7295 4.75
      vertex 3.60802 83.7295 4.75
    endloop
  endfacet
  facet normal -0.407084 0.913391 0
    outer loop
      vertex 2.84119 83.5665 4.75
      vertex 2.6673 83.489 4.76
      vertex 2.84119 83.5665 4.76
    endloop
  endfacet
  facet normal -0.407084 0.913391 0
    outer loop
      vertex 2.6673 83.489 4.76
      vertex 2.84119 83.5665 4.75
      vertex 2.6673 83.489 4.75
    endloop
  endfacet
  facet normal 0 0.709033 -0.705175
    outer loop
      vertex 38.1672 81.5912 2.6
      vertex 3.60802 83.7295 4.75
      vertex 38.392 83.7295 4.75
    endloop
  endfacet
  facet normal 0 0.709033 -0.705175
    outer loop
      vertex 3.60802 83.7295 4.75
      vertex 38.1672 81.5912 2.6
      vertex 3.83275 81.5912 2.6
    endloop
  endfacet
  facet normal 0.614011 -0.354588 -0.705165
    outer loop
      vertex 41.0338 43.7958 4.75
      vertex 39.2944 45.0595 2.6
      vertex 39.4617 45.3492 2.6
    endloop
  endfacet
  facet normal -0.674342 -0.219105 -0.705163
    outer loop
      vertex 0.574204 44.4747 4.75
      vertex 0.331946 45.2203 4.75
      vertex 2.53833 45.3492 2.6
    endloop
  endfacet
  facet normal -0.705163 -0.0740983 -0.705163
    outer loop
      vertex 2.43496 45.6673 2.6
      vertex 0.25 46 4.75
      vertex 2.4 46 2.6
    endloop
  endfacet
  facet normal -0.288487 0.647707 -0.705161
    outer loop
      vertex 3.2 81.3856 2.6
      vertex 2.84119 83.5665 4.75
      vertex 3.50557 81.5217 2.6
    endloop
  endfacet
  facet normal -0.705163 -0.0741122 -0.705161
    outer loop
      vertex 0.331946 45.2203 4.75
      vertex 0.25 46 4.75
      vertex 2.43496 45.6673 2.6
    endloop
  endfacet
  facet normal 0.705138 0.0741805 -0.705179
    outer loop
      vertex 39.6 80 2.6
      vertex 39.565 80.3327 2.6
      vertex 41.6681 80.7797 4.75
    endloop
  endfacet
  facet normal -0.526858 -0.474533 -0.705152
    outer loop
      vertex 2.92939 44.811 2.6
      vertex 0.966186 43.7958 4.75
      vertex 2.70557 45.0595 2.6
    endloop
  endfacet
  facet normal -0.705163 0.0740983 -0.705163
    outer loop
      vertex 2.4 80 2.6
      vertex 0.25 80 4.75
      vertex 2.43496 80.3327 2.6
    endloop
  endfacet
  facet normal -0.147329 0.693571 -0.705162
    outer loop
      vertex 3.50557 81.5217 2.6
      vertex 2.84119 83.5665 4.75
      vertex 3.83275 81.5912 2.6
    endloop
  endfacet
  facet normal 0.147321 0.693573 -0.705162
    outer loop
      vertex 38.4944 81.5217 2.6
      vertex 38.1672 81.5912 2.6
      vertex 39.1588 83.5665 4.75
    endloop
  endfacet
  facet normal 0.288462 0.647715 -0.705163
    outer loop
      vertex 38.8 81.3856 2.6
      vertex 38.4944 81.5217 2.6
      vertex 39.1588 83.5665 4.75
    endloop
  endfacet
  facet normal 0 0 1
    outer loop
      vertex 38.392 83.7295 4.76
      vertex 39.3327 83.489 4.76
      vertex 39.1588 83.5665 4.76
    endloop
  endfacet
  facet normal -0 0 1
    outer loop
      vertex 3.60802 83.7295 4.76
      vertex 39.3327 83.489 4.76
      vertex 38.392 83.7295 4.76
    endloop
  endfacet
  facet normal 0 0 1
    outer loop
      vertex 2.6673 83.489 4.76
      vertex 3.60802 83.7295 4.76
      vertex 2.84119 83.5665 4.76
    endloop
  endfacet
  facet normal 0 0 1
    outer loop
      vertex 3.60802 83.7295 4.76
      vertex 2.6673 83.489 4.76
      vertex 39.3327 83.489 4.76
    endloop
  endfacet
  facet normal -0.614044 0.354535 -0.705163
    outer loop
      vertex 2.53833 80.6508 2.6
      vertex 0.574204 81.5253 4.75
      vertex 0.966186 82.2042 4.75
    endloop
  endfacet
  facet normal 0.207926 0.978145 -0
    outer loop
      vertex 39.1588 83.5665 4.75
      vertex 38.392 83.7295 4.76
      vertex 39.1588 83.5665 4.76
    endloop
  endfacet
  facet normal 0.207926 0.978145 0
    outer loop
      vertex 38.392 83.7295 4.76
      vertex 39.1588 83.5665 4.75
      vertex 38.392 83.7295 4.75
    endloop
  endfacet
  facet normal 0.674333 0.21914 -0.705161
    outer loop
      vertex 41.6681 80.7797 4.75
      vertex 39.4617 80.6508 2.6
      vertex 41.4258 81.5253 4.75
    endloop
  endfacet
  facet normal -0.674337 0.219133 -0.70516
    outer loop
      vertex 2.43496 80.3327 2.6
      vertex 0.331946 80.7797 4.75
      vertex 2.53833 80.6508 2.6
    endloop
  endfacet
  facet normal -0.288651 0.647658 -0.705138
    outer loop
      vertex 3.2 81.3856 2.6
      vertex 2.6673 83.489 4.75
      vertex 2.84119 83.5665 4.75
    endloop
  endfacet
  facet normal -0.288346 0.647763 -0.705166
    outer loop
      vertex 2.6673 83.489 4.75
      vertex 3.2 81.3856 2.6
      vertex 2.125 83.2476 4.75
    endloop
  endfacet
  facet normal -0.416762 0.573626 -0.705168
    outer loop
      vertex 3.2 81.3856 2.6
      vertex 1.49076 82.7868 4.75
      vertex 2.125 83.2476 4.75
    endloop
  endfacet
  facet normal -0.614073 0.354497 -0.705157
    outer loop
      vertex 2.53833 80.6508 2.6
      vertex 0.966186 82.2042 4.75
      vertex 2.70557 80.9405 2.6
    endloop
  endfacet
  facet normal -0.526858 0.474533 -0.705152
    outer loop
      vertex 2.70557 80.9405 2.6
      vertex 0.966186 82.2042 4.75
      vertex 2.92939 81.189 2.6
    endloop
  endfacet
  facet normal 0 0 -1
    outer loop
      vertex 38.1672 44.4088 2.6
      vertex 39.6 46 2.6
      vertex 39.565 45.6673 2.6
    endloop
  endfacet
  facet normal 0 0 -1
    outer loop
      vertex 2.4 46 2.6
      vertex 39.6 46 2.6
      vertex 38.1672 44.4088 2.6
    endloop
  endfacet
  facet normal 0 0 -1
    outer loop
      vertex 38.1672 44.4088 2.6
      vertex 39.565 45.6673 2.6
      vertex 39.4617 45.3492 2.6
    endloop
  endfacet
  facet normal 0 0 -1
    outer loop
      vertex 39.6 46 2.6
      vertex 2.4 46 2.6
      vertex 39.6 80 2.6
    endloop
  endfacet
  facet normal 0 0 -1
    outer loop
      vertex 38.1672 44.4088 2.6
      vertex 39.4617 45.3492 2.6
      vertex 39.2944 45.0595 2.6
    endloop
  endfacet
  facet normal 0 0 -1
    outer loop
      vertex 39.6 80 2.6
      vertex 38.1672 81.5912 2.6
      vertex 39.565 80.3327 2.6
    endloop
  endfacet
  facet normal 0 0 -1
    outer loop
      vertex 38.1672 44.4088 2.6
      vertex 39.2944 45.0595 2.6
      vertex 39.0706 44.811 2.6
    endloop
  endfacet
  facet normal 0 0 -1
    outer loop
      vertex 39.565 80.3327 2.6
      vertex 38.1672 81.5912 2.6
      vertex 39.4617 80.6508 2.6
    endloop
  endfacet
  facet normal 0 0 -1
    outer loop
      vertex 38.1672 44.4088 2.6
      vertex 39.0706 44.811 2.6
      vertex 38.8 44.6144 2.6
    endloop
  endfacet
  facet normal 0 0 -1
    outer loop
      vertex 39.4617 80.6508 2.6
      vertex 38.1672 81.5912 2.6
      vertex 39.2944 80.9405 2.6
    endloop
  endfacet
  facet normal 0 0 -1
    outer loop
      vertex 38.1672 44.4088 2.6
      vertex 38.8 44.6144 2.6
      vertex 38.4944 44.4783 2.6
    endloop
  endfacet
  facet normal 0 0 -1
    outer loop
      vertex 39.2944 80.9405 2.6
      vertex 38.1672 81.5912 2.6
      vertex 39.0706 81.189 2.6
    endloop
  endfacet
  facet normal 0 0 -1
    outer loop
      vertex 39.0706 81.189 2.6
      vertex 38.1672 81.5912 2.6
      vertex 38.8 81.3856 2.6
    endloop
  endfacet
  facet normal 0 0 -1
    outer loop
      vertex 38.8 81.3856 2.6
      vertex 38.1672 81.5912 2.6
      vertex 38.4944 81.5217 2.6
    endloop
  endfacet
  facet normal 0 0 -1
    outer loop
      vertex 2.4 46 2.6
      vertex 38.1672 44.4088 2.6
      vertex 3.83275 44.4088 2.6
    endloop
  endfacet
  facet normal 0 0 -1
    outer loop
      vertex 2.4 80 2.6
      vertex 39.6 80 2.6
      vertex 2.4 46 2.6
    endloop
  endfacet
  facet normal 0 0 -1
    outer loop
      vertex 2.4 46 2.6
      vertex 3.83275 44.4088 2.6
      vertex 3.50557 44.4783 2.6
    endloop
  endfacet
  facet normal 0 0 -1
    outer loop
      vertex 39.6 80 2.6
      vertex 2.4 80 2.6
      vertex 38.1672 81.5912 2.6
    endloop
  endfacet
  facet normal 0 0 -1
    outer loop
      vertex 2.4 46 2.6
      vertex 3.50557 44.4783 2.6
      vertex 3.2 44.6144 2.6
    endloop
  endfacet
  facet normal -0 0 -1
    outer loop
      vertex 38.1672 81.5912 2.6
      vertex 2.4 80 2.6
      vertex 3.83275 81.5912 2.6
    endloop
  endfacet
  facet normal 0 0 -1
    outer loop
      vertex 2.4 46 2.6
      vertex 3.2 44.6144 2.6
      vertex 2.92939 44.811 2.6
    endloop
  endfacet
  facet normal 0 0 -1
    outer loop
      vertex 3.83275 81.5912 2.6
      vertex 2.4 80 2.6
      vertex 3.50557 81.5217 2.6
    endloop
  endfacet
  facet normal 0 0 -1
    outer loop
      vertex 2.4 46 2.6
      vertex 2.92939 44.811 2.6
      vertex 2.70557 45.0595 2.6
    endloop
  endfacet
  facet normal 0 0 -1
    outer loop
      vertex 3.50557 81.5217 2.6
      vertex 2.4 80 2.6
      vertex 3.2 81.3856 2.6
    endloop
  endfacet
  facet normal 0 0 -1
    outer loop
      vertex 2.4 46 2.6
      vertex 2.70557 45.0595 2.6
      vertex 2.53833 45.3492 2.6
    endloop
  endfacet
  facet normal 0 0 -1
    outer loop
      vertex 3.2 81.3856 2.6
      vertex 2.4 80 2.6
      vertex 2.92939 81.189 2.6
    endloop
  endfacet
  facet normal 0 0 -1
    outer loop
      vertex 2.4 46 2.6
      vertex 2.53833 45.3492 2.6
      vertex 2.43496 45.6673 2.6
    endloop
  endfacet
  facet normal 0 0 -1
    outer loop
      vertex 2.92939 81.189 2.6
      vertex 2.4 80 2.6
      vertex 2.70557 80.9405 2.6
    endloop
  endfacet
  facet normal 0 0 -1
    outer loop
      vertex 2.70557 80.9405 2.6
      vertex 2.4 80 2.6
      vertex 2.53833 80.6508 2.6
    endloop
  endfacet
  facet normal 0 0 -1
    outer loop
      vertex 2.53833 80.6508 2.6
      vertex 2.4 80 2.6
      vertex 2.43496 80.3327 2.6
    endloop
  endfacet
  facet normal -0.526922 -0.474441 -0.705166
    outer loop
      vertex 1.49076 43.2132 4.75
      vertex 0.966186 43.7958 4.75
      vertex 2.92939 44.811 2.6
    endloop
  endfacet
  facet normal 0.526877 0.474507 -0.705155
    outer loop
      vertex 39.2944 80.9405 2.6
      vertex 39.0706 81.189 2.6
      vertex 41.0338 82.2042 4.75
    endloop
  endfacet
  facet normal 0.526912 0.474456 -0.705163
    outer loop
      vertex 41.0338 82.2042 4.75
      vertex 39.0706 81.189 2.6
      vertex 40.5092 82.7868 4.75
    endloop
  endfacet
  facet normal -0.614073 -0.354497 -0.705157
    outer loop
      vertex 2.70557 45.0595 2.6
      vertex 0.966186 43.7958 4.75
      vertex 2.53833 45.3492 2.6
    endloop
  endfacet
  facet normal -0.674342 0.219105 -0.705163
    outer loop
      vertex 2.53833 80.6508 2.6
      vertex 0.331946 80.7797 4.75
      vertex 0.574204 81.5253 4.75
    endloop
  endfacet
  facet normal -0.705163 0.0741122 -0.705161
    outer loop
      vertex 2.43496 80.3327 2.6
      vertex 0.25 80 4.75
      vertex 0.331946 80.7797 4.75
    endloop
  endfacet
  facet normal -0.614044 -0.354535 -0.705163
    outer loop
      vertex 0.966186 43.7958 4.75
      vertex 0.574204 44.4747 4.75
      vertex 2.53833 45.3492 2.6
    endloop
  endfacet
  facet normal -0.614043 0.354517 -0.705173
    outer loop
      vertex 45.2692 38.3254 0
      vertex 44.7056 38.9405 0.799999
      vertex 45.3528 38.4702 0
    endloop
  endfacet
  facet normal 0.865972 0.500093 0
    outer loop
      vertex 81.4617 38.6508 2.6
      vertex 81.2944 38.9405 0.799999
      vertex 81.2944 38.9405 2.6
    endloop
  endfacet
  facet normal 0.865972 0.500093 0
    outer loop
      vertex 81.2944 38.9405 0.799999
      vertex 81.4617 38.6508 2.6
      vertex 81.4617 38.6508 0.799999
    endloop
  endfacet
  facet normal 0.614003 -0.354607 -0.705163
    outer loop
      vertex 81.2944 3.05954 0.799999
      vertex 80.6472 3.52977 0
      vertex 81.4617 3.34922 0.799999
    endloop
  endfacet
  facet normal -0.994512 0.104623 0
    outer loop
      vertex 44.4 38 0.799999
      vertex 44.435 38.3327 2.6
      vertex 44.435 38.3327 0.799999
    endloop
  endfacet
  facet normal -0.994512 0.104623 0
    outer loop
      vertex 44.435 38.3327 2.6
      vertex 44.4 38 0.799999
      vertex 44.4 38 2.6
    endloop
  endfacet
  facet normal 0.951107 0.308863 0
    outer loop
      vertex 81.565 38.3327 2.6
      vertex 81.4617 38.6508 0.799999
      vertex 81.4617 38.6508 2.6
    endloop
  endfacet
  facet normal 0.951107 0.308863 0
    outer loop
      vertex 81.4617 38.6508 0.799999
      vertex 81.565 38.3327 2.6
      vertex 81.565 38.3327 0.799999
    endloop
  endfacet
  facet normal 0.994512 0.104623 0
    outer loop
      vertex 81.6 38 2.6
      vertex 81.565 38.3327 0.799999
      vertex 81.565 38.3327 2.6
    endloop
  endfacet
  facet normal 0.994512 0.104623 0
    outer loop
      vertex 81.565 38.3327 0.799999
      vertex 81.6 38 2.6
      vertex 81.6 38 0.799999
    endloop
  endfacet
  facet normal -0.743071 0.669213 0
    outer loop
      vertex 44.7056 38.9405 0.799999
      vertex 44.9294 39.189 2.6
      vertex 44.9294 39.189 0.799999
    endloop
  endfacet
  facet normal -0.743071 0.669213 0
    outer loop
      vertex 44.9294 39.189 2.6
      vertex 44.7056 38.9405 0.799999
      vertex 44.7056 38.9405 2.6
    endloop
  endfacet
  facet normal -0.406832 0.913503 0
    outer loop
      vertex 45.5056 39.5217 0.799999
      vertex 45.2 39.3856 2.6
      vertex 45.5056 39.5217 2.6
    endloop
  endfacet
  facet normal -0.406832 0.913503 0
    outer loop
      vertex 45.2 39.3856 2.6
      vertex 45.5056 39.5217 0.799999
      vertex 45.2 39.3856 0.799999
    endloop
  endfacet
  facet normal -0.416767 0.573638 -0.705155
    outer loop
      vertex 45.4647 38.5945 0
      vertex 45.2 39.3856 0.799999
      vertex 45.6 38.6928 0
    endloop
  endfacet
  facet normal -0.416767 0.573638 -0.705155
    outer loop
      vertex 45.2 39.3856 0.799999
      vertex 45.4647 38.5945 0
      vertex 44.9294 39.189 0.799999
    endloop
  endfacet
  facet normal -0.147321 0.693577 -0.705158
    outer loop
      vertex 45.9164 38.7956 0
      vertex 45.5056 39.5217 0.799999
      vertex 45.8328 39.5912 0.799999
    endloop
  endfacet
  facet normal 0.674335 0.219127 -0.705163
    outer loop
      vertex 80.7825 38.1663 0
      vertex 80.7308 38.3254 0
      vertex 81.565 38.3327 0.799999
    endloop
  endfacet
  facet normal 0.526862 0.474494 -0.705175
    outer loop
      vertex 80.6472 38.4702 0
      vertex 81.0706 39.189 0.799999
      vertex 81.2944 38.9405 0.799999
    endloop
  endfacet
  facet normal 0.526973 0.474403 -0.705153
    outer loop
      vertex 81.0706 39.189 0.799999
      vertex 80.6472 38.4702 0
      vertex 80.5353 38.5945 0
    endloop
  endfacet
  facet normal 0 1 -0
    outer loop
      vertex 80.1672 39.5912 0.799999
      vertex 45.8328 39.5912 2.6
      vertex 80.1672 39.5912 2.6
    endloop
  endfacet
  facet normal 0 1 0
    outer loop
      vertex 45.8328 39.5912 2.6
      vertex 80.1672 39.5912 0.799999
      vertex 45.8328 39.5912 0.799999
    endloop
  endfacet
  facet normal 0.705157 0.0742047 -0.705158
    outer loop
      vertex 80.8 38 0
      vertex 80.7825 38.1663 0
      vertex 81.6 38 0.799999
    endloop
  endfacet
  facet normal -0.674357 0.218991 -0.705185
    outer loop
      vertex 45.2692 38.3254 0
      vertex 44.435 38.3327 0.799999
      vertex 44.5383 38.6508 0.799999
    endloop
  endfacet
  facet normal -0.288456 0.647701 -0.705178
    outer loop
      vertex 45.7528 38.7608 0
      vertex 45.2 39.3856 0.799999
      vertex 45.5056 39.5217 0.799999
    endloop
  endfacet
  facet normal 0.288464 0.64772 -0.705158
    outer loop
      vertex 80.4 38.6928 0
      vertex 80.4944 39.5217 0.799999
      vertex 80.8 39.3856 0.799999
    endloop
  endfacet
  facet normal 0.288275 0.647771 -0.705189
    outer loop
      vertex 80.4944 39.5217 0.799999
      vertex 80.4 38.6928 0
      vertex 80.2472 38.7608 0
    endloop
  endfacet
  facet normal -0.951107 0.308863 0
    outer loop
      vertex 44.435 38.3327 0.799999
      vertex 44.5383 38.6508 2.6
      vertex 44.5383 38.6508 0.799999
    endloop
  endfacet
  facet normal -0.951107 0.308863 0
    outer loop
      vertex 44.5383 38.6508 2.6
      vertex 44.435 38.3327 0.799999
      vertex 44.435 38.3327 2.6
    endloop
  endfacet
  facet normal -0.674335 0.219127 -0.705163
    outer loop
      vertex 45.2175 38.1663 0
      vertex 44.435 38.3327 0.799999
      vertex 45.2692 38.3254 0
    endloop
  endfacet
  facet normal -0.526973 0.474403 -0.705153
    outer loop
      vertex 45.3528 38.4702 0
      vertex 44.9294 39.189 0.799999
      vertex 45.4647 38.5945 0
    endloop
  endfacet
  facet normal -0.526862 0.474494 -0.705175
    outer loop
      vertex 44.9294 39.189 0.799999
      vertex 45.3528 38.4702 0
      vertex 44.7056 38.9405 0.799999
    endloop
  endfacet
  facet normal 0.147321 0.693577 -0.705158
    outer loop
      vertex 80.4944 39.5217 0.799999
      vertex 80.0836 38.7956 0
      vertex 80.1672 39.5912 0.799999
    endloop
  endfacet
  facet normal 0 0.709054 -0.705155
    outer loop
      vertex 80.0836 38.7956 0
      vertex 45.8328 39.5912 0.799999
      vertex 80.1672 39.5912 0.799999
    endloop
  endfacet
  facet normal 0 0.709054 -0.705155
    outer loop
      vertex 45.8328 39.5912 0.799999
      vertex 80.0836 38.7956 0
      vertex 45.9164 38.7956 0
    endloop
  endfacet
  facet normal 0.587781 0.80902 -0
    outer loop
      vertex 81.0706 39.189 0.799999
      vertex 80.8 39.3856 2.6
      vertex 81.0706 39.189 2.6
    endloop
  endfacet
  facet normal 0.587781 0.80902 0
    outer loop
      vertex 80.8 39.3856 2.6
      vertex 81.0706 39.189 0.799999
      vertex 80.8 39.3856 0.799999
    endloop
  endfacet
  facet normal 0.994511 -0.104635 0
    outer loop
      vertex 81.565 3.66734 2.6
      vertex 81.6 4 0.799999
      vertex 81.6 4 2.6
    endloop
  endfacet
  facet normal 0.994511 -0.104635 0
    outer loop
      vertex 81.6 4 0.799999
      vertex 81.565 3.66734 2.6
      vertex 81.565 3.66734 0.799999
    endloop
  endfacet
  facet normal 0.707106 0 -0.707107
    outer loop
      vertex 81.6 4 0.799999
      vertex 80.8 38 0
      vertex 81.6 38 0.799999
    endloop
  endfacet
  facet normal 0.707106 0 -0.707107
    outer loop
      vertex 80.8 38 0
      vertex 81.6 4 0.799999
      vertex 80.8 4 0
    endloop
  endfacet
  facet normal 0.416767 0.573638 -0.705155
    outer loop
      vertex 80.5353 38.5945 0
      vertex 80.8 39.3856 0.799999
      vertex 81.0706 39.189 0.799999
    endloop
  endfacet
  facet normal 0.416767 0.573638 -0.705155
    outer loop
      vertex 80.8 39.3856 0.799999
      vertex 80.5353 38.5945 0
      vertex 80.4 38.6928 0
    endloop
  endfacet
  facet normal 0.5878 -0.809006 0
    outer loop
      vertex 80.8 2.61436 0.799999
      vertex 81.0706 2.81097 2.6
      vertex 80.8 2.61436 2.6
    endloop
  endfacet
  facet normal 0.5878 -0.809006 0
    outer loop
      vertex 81.0706 2.81097 2.6
      vertex 80.8 2.61436 0.799999
      vertex 81.0706 2.81097 0.799999
    endloop
  endfacet
  facet normal -0.865972 0.500093 0
    outer loop
      vertex 44.5383 38.6508 0.799999
      vertex 44.7056 38.9405 2.6
      vertex 44.7056 38.9405 0.799999
    endloop
  endfacet
  facet normal -0.865972 0.500093 0
    outer loop
      vertex 44.7056 38.9405 2.6
      vertex 44.5383 38.6508 0.799999
      vertex 44.5383 38.6508 2.6
    endloop
  endfacet
  facet normal -0.288291 0.647808 -0.705148
    outer loop
      vertex 45.6 38.6928 0
      vertex 45.2 39.3856 0.799999
      vertex 45.7528 38.7608 0
    endloop
  endfacet
  facet normal 0.406707 -0.913559 0
    outer loop
      vertex 80.4944 2.47831 0.799999
      vertex 80.8 2.61436 2.6
      vertex 80.4944 2.47831 2.6
    endloop
  endfacet
  facet normal 0.406707 -0.913559 0
    outer loop
      vertex 80.8 2.61436 2.6
      vertex 80.4944 2.47831 0.799999
      vertex 80.8 2.61436 0.799999
    endloop
  endfacet
  facet normal -0.416763 -0.573632 -0.705163
    outer loop
      vertex 45.6 3.30718 0
      vertex 45.2 2.61436 0.799999
      vertex 45.4647 3.40548 0
    endloop
  endfacet
  facet normal 0.406832 0.913503 -0
    outer loop
      vertex 80.8 39.3856 0.799999
      vertex 80.4944 39.5217 2.6
      vertex 80.8 39.3856 2.6
    endloop
  endfacet
  facet normal 0.406832 0.913503 0
    outer loop
      vertex 80.4944 39.5217 2.6
      vertex 80.8 39.3856 0.799999
      vertex 80.4944 39.5217 0.799999
    endloop
  endfacet
  facet normal -0.587781 0.80902 0
    outer loop
      vertex 45.2 39.3856 0.799999
      vertex 44.9294 39.189 2.6
      vertex 45.2 39.3856 2.6
    endloop
  endfacet
  facet normal -0.587781 0.80902 0
    outer loop
      vertex 44.9294 39.189 2.6
      vertex 45.2 39.3856 0.799999
      vertex 44.9294 39.189 0.799999
    endloop
  endfacet
  facet normal -0.207773 0.978177 0
    outer loop
      vertex 45.8328 39.5912 0.799999
      vertex 45.5056 39.5217 2.6
      vertex 45.8328 39.5912 2.6
    endloop
  endfacet
  facet normal -0.207773 0.978177 0
    outer loop
      vertex 45.5056 39.5217 2.6
      vertex 45.8328 39.5912 0.799999
      vertex 45.5056 39.5217 0.799999
    endloop
  endfacet
  facet normal -0.147517 0.693502 -0.705191
    outer loop
      vertex 45.7528 38.7608 0
      vertex 45.5056 39.5217 0.799999
      vertex 45.9164 38.7956 0
    endloop
  endfacet
  facet normal 0.613994 0.354578 -0.705185
    outer loop
      vertex 81.4617 38.6508 0.799999
      vertex 80.7308 38.3254 0
      vertex 81.2944 38.9405 0.799999
    endloop
  endfacet
  facet normal 0.52694 -0.47443 -0.70516
    outer loop
      vertex 81.0706 2.81097 0.799999
      vertex 80.6472 3.52977 0
      vertex 81.2944 3.05954 0.799999
    endloop
  endfacet
  facet normal 0.526951 -0.474421 -0.705157
    outer loop
      vertex 80.6472 3.52977 0
      vertex 81.0706 2.81097 0.799999
      vertex 80.5353 3.40548 0
    endloop
  endfacet
  facet normal 0.865957 -0.500119 0
    outer loop
      vertex 81.2944 3.05954 2.6
      vertex 81.4617 3.34922 0.799999
      vertex 81.4617 3.34922 2.6
    endloop
  endfacet
  facet normal 0.865957 -0.500119 0
    outer loop
      vertex 81.4617 3.34922 0.799999
      vertex 81.2944 3.05954 2.6
      vertex 81.2944 3.05954 0.799999
    endloop
  endfacet
  facet normal 0.416779 -0.573625 -0.70516
    outer loop
      vertex 80.8 2.61436 0.799999
      vertex 80.5353 3.40548 0
      vertex 81.0706 2.81097 0.799999
    endloop
  endfacet
  facet normal 0.416763 -0.573632 -0.705163
    outer loop
      vertex 80.8 2.61436 0.799999
      vertex 80.4 3.30718 0
      vertex 80.5353 3.40548 0
    endloop
  endfacet
  facet normal 0.207773 0.978177 -0
    outer loop
      vertex 80.4944 39.5217 0.799999
      vertex 80.1672 39.5912 2.6
      vertex 80.4944 39.5217 2.6
    endloop
  endfacet
  facet normal 0.207773 0.978177 0
    outer loop
      vertex 80.1672 39.5912 2.6
      vertex 80.4944 39.5217 0.799999
      vertex 80.1672 39.5912 0.799999
    endloop
  endfacet
  facet normal 0.705158 -0.0741914 -0.705158
    outer loop
      vertex 81.6 4 0.799999
      vertex 80.7825 3.83367 0
      vertex 80.8 4 0
    endloop
  endfacet
  facet normal 0 0 -1
    outer loop
      vertex 80.0836 3.20438 0
      vertex 80.8 4 0
      vertex 80.7825 3.83367 0
    endloop
  endfacet
  facet normal 0 0 -1
    outer loop
      vertex 45.2 4 0
      vertex 80.8 4 0
      vertex 80.0836 3.20438 0
    endloop
  endfacet
  facet normal 0 0 -1
    outer loop
      vertex 80.0836 3.20438 0
      vertex 80.7825 3.83367 0
      vertex 80.7308 3.67461 0
    endloop
  endfacet
  facet normal 0 0 -1
    outer loop
      vertex 80.8 4 0
      vertex 45.2 4 0
      vertex 80.8 38 0
    endloop
  endfacet
  facet normal 0 0 -1
    outer loop
      vertex 80.0836 3.20438 0
      vertex 80.7308 3.67461 0
      vertex 80.6472 3.52977 0
    endloop
  endfacet
  facet normal 0 0 -1
    outer loop
      vertex 80.8 38 0
      vertex 80.0836 38.7956 0
      vertex 80.7825 38.1663 0
    endloop
  endfacet
  facet normal 0 0 -1
    outer loop
      vertex 80.0836 3.20438 0
      vertex 80.6472 3.52977 0
      vertex 80.5353 3.40548 0
    endloop
  endfacet
  facet normal 0 0 -1
    outer loop
      vertex 80.7825 38.1663 0
      vertex 80.0836 38.7956 0
      vertex 80.7308 38.3254 0
    endloop
  endfacet
  facet normal 0 0 -1
    outer loop
      vertex 80.0836 3.20438 0
      vertex 80.5353 3.40548 0
      vertex 80.4 3.30718 0
    endloop
  endfacet
  facet normal 0 0 -1
    outer loop
      vertex 80.7308 38.3254 0
      vertex 80.0836 38.7956 0
      vertex 80.6472 38.4702 0
    endloop
  endfacet
  facet normal 0 0 -1
    outer loop
      vertex 80.0836 3.20438 0
      vertex 80.4 3.30718 0
      vertex 80.2472 3.23915 0
    endloop
  endfacet
  facet normal 0 0 -1
    outer loop
      vertex 80.6472 38.4702 0
      vertex 80.0836 38.7956 0
      vertex 80.5353 38.5945 0
    endloop
  endfacet
  facet normal 0 0 -1
    outer loop
      vertex 80.5353 38.5945 0
      vertex 80.0836 38.7956 0
      vertex 80.4 38.6928 0
    endloop
  endfacet
  facet normal 0 0 -1
    outer loop
      vertex 80.4 38.6928 0
      vertex 80.0836 38.7956 0
      vertex 80.2472 38.7608 0
    endloop
  endfacet
  facet normal 0 0 -1
    outer loop
      vertex 45.2 4 0
      vertex 80.0836 3.20438 0
      vertex 45.9164 3.20438 0
    endloop
  endfacet
  facet normal 0 0 -1
    outer loop
      vertex 45.2 38 0
      vertex 80.8 38 0
      vertex 45.2 4 0
    endloop
  endfacet
  facet normal 0 0 -1
    outer loop
      vertex 45.2 4 0
      vertex 45.9164 3.20438 0
      vertex 45.7528 3.23915 0
    endloop
  endfacet
  facet normal 0 0 -1
    outer loop
      vertex 80.8 38 0
      vertex 45.2 38 0
      vertex 80.0836 38.7956 0
    endloop
  endfacet
  facet normal 0 0 -1
    outer loop
      vertex 45.2 4 0
      vertex 45.7528 3.23915 0
      vertex 45.6 3.30718 0
    endloop
  endfacet
  facet normal -0 0 -1
    outer loop
      vertex 80.0836 38.7956 0
      vertex 45.2 38 0
      vertex 45.9164 38.7956 0
    endloop
  endfacet
  facet normal 0 0 -1
    outer loop
      vertex 45.2 4 0
      vertex 45.6 3.30718 0
      vertex 45.4647 3.40548 0
    endloop
  endfacet
  facet normal 0 0 -1
    outer loop
      vertex 45.9164 38.7956 0
      vertex 45.2 38 0
      vertex 45.7528 38.7608 0
    endloop
  endfacet
  facet normal 0 0 -1
    outer loop
      vertex 45.2 4 0
      vertex 45.4647 3.40548 0
      vertex 45.3528 3.52977 0
    endloop
  endfacet
  facet normal 0 0 -1
    outer loop
      vertex 45.7528 38.7608 0
      vertex 45.2 38 0
      vertex 45.6 38.6928 0
    endloop
  endfacet
  facet normal 0 0 -1
    outer loop
      vertex 45.2 4 0
      vertex 45.3528 3.52977 0
      vertex 45.2692 3.67461 0
    endloop
  endfacet
  facet normal 0 0 -1
    outer loop
      vertex 45.6 38.6928 0
      vertex 45.2 38 0
      vertex 45.4647 38.5945 0
    endloop
  endfacet
  facet normal 0 0 -1
    outer loop
      vertex 45.2 4 0
      vertex 45.2692 3.67461 0
      vertex 45.2175 3.83367 0
    endloop
  endfacet
  facet normal 0 0 -1
    outer loop
      vertex 45.4647 38.5945 0
      vertex 45.2 38 0
      vertex 45.3528 38.4702 0
    endloop
  endfacet
  facet normal 0 0 -1
    outer loop
      vertex 45.3528 38.4702 0
      vertex 45.2 38 0
      vertex 45.2692 38.3254 0
    endloop
  endfacet
  facet normal 0 0 -1
    outer loop
      vertex 45.2692 38.3254 0
      vertex 45.2 38 0
      vertex 45.2175 38.1663 0
    endloop
  endfacet
  facet normal -0.5878 -0.809006 0
    outer loop
      vertex 44.9294 2.81097 0.799999
      vertex 45.2 2.61436 2.6
      vertex 44.9294 2.81097 2.6
    endloop
  endfacet
  facet normal -0.5878 -0.809006 -0
    outer loop
      vertex 45.2 2.61436 2.6
      vertex 44.9294 2.81097 0.799999
      vertex 45.2 2.61436 0.799999
    endloop
  endfacet
  facet normal 1 -0 0
    outer loop
      vertex 81.6 4 2.6
      vertex 81.6 38 0.799999
      vertex 81.6 38 2.6
    endloop
  endfacet
  facet normal 1 0 0
    outer loop
      vertex 81.6 38 0.799999
      vertex 81.6 4 2.6
      vertex 81.6 4 0.799999
    endloop
  endfacet
  facet normal -0.613994 0.354578 -0.705185
    outer loop
      vertex 45.2692 38.3254 0
      vertex 44.5383 38.6508 0.799999
      vertex 44.7056 38.9405 0.799999
    endloop
  endfacet
  facet normal 0.288375 -0.647758 -0.705159
    outer loop
      vertex 80.4944 2.47831 0.799999
      vertex 80.2472 3.23915 0
      vertex 80.8 2.61436 0.799999
    endloop
  endfacet
  facet normal -0.951112 -0.308845 0
    outer loop
      vertex 44.5383 3.34922 0.799999
      vertex 44.435 3.66734 2.6
      vertex 44.435 3.66734 0.799999
    endloop
  endfacet
  facet normal -0.951112 -0.308845 0
    outer loop
      vertex 44.435 3.66734 2.6
      vertex 44.5383 3.34922 0.799999
      vertex 44.5383 3.34922 2.6
    endloop
  endfacet
  facet normal -1 0 0
    outer loop
      vertex 44.4 4 0.799999
      vertex 44.4 38 2.6
      vertex 44.4 38 0.799999
    endloop
  endfacet
  facet normal -1 -0 0
    outer loop
      vertex 44.4 38 2.6
      vertex 44.4 4 0.799999
      vertex 44.4 4 2.6
    endloop
  endfacet
  facet normal -0.865957 -0.500119 0
    outer loop
      vertex 44.7056 3.05954 0.799999
      vertex 44.5383 3.34922 2.6
      vertex 44.5383 3.34922 0.799999
    endloop
  endfacet
  facet normal -0.865957 -0.500119 0
    outer loop
      vertex 44.5383 3.34922 2.6
      vertex 44.7056 3.05954 0.799999
      vertex 44.7056 3.05954 2.6
    endloop
  endfacet
  facet normal -0.707106 0 -0.707107
    outer loop
      vertex 45.2 4 0
      vertex 44.4 38 0.799999
      vertex 45.2 38 0
    endloop
  endfacet
  facet normal -0.707106 -0 -0.707107
    outer loop
      vertex 44.4 38 0.799999
      vertex 45.2 4 0
      vertex 44.4 4 0.799999
    endloop
  endfacet
  facet normal 0.147517 0.693502 -0.705191
    outer loop
      vertex 80.2472 38.7608 0
      vertex 80.0836 38.7956 0
      vertex 80.4944 39.5217 0.799999
    endloop
  endfacet
  facet normal 0.288392 -0.647747 -0.705162
    outer loop
      vertex 80.8 2.61436 0.799999
      vertex 80.2472 3.23915 0
      vertex 80.4 3.30718 0
    endloop
  endfacet
  facet normal 0.743071 0.669213 0
    outer loop
      vertex 81.2944 38.9405 2.6
      vertex 81.0706 39.189 0.799999
      vertex 81.0706 39.189 2.6
    endloop
  endfacet
  facet normal 0.743071 0.669213 0
    outer loop
      vertex 81.0706 39.189 0.799999
      vertex 81.2944 38.9405 2.6
      vertex 81.2944 38.9405 0.799999
    endloop
  endfacet
  facet normal 0.743165 -0.669108 0
    outer loop
      vertex 81.0706 2.81097 2.6
      vertex 81.2944 3.05954 0.799999
      vertex 81.2944 3.05954 2.6
    endloop
  endfacet
  facet normal 0.743165 -0.669108 0
    outer loop
      vertex 81.2944 3.05954 0.799999
      vertex 81.0706 2.81097 2.6
      vertex 81.0706 2.81097 0.799999
    endloop
  endfacet
  facet normal 0.614069 -0.354434 -0.705192
    outer loop
      vertex 81.4617 3.34922 0.799999
      vertex 80.6472 3.52977 0
      vertex 80.7308 3.67461 0
    endloop
  endfacet
  facet normal 0 -0.709045 -0.705164
    outer loop
      vertex 45.9164 3.20438 0
      vertex 80.1672 2.40876 0.799999
      vertex 45.8328 2.40876 0.799999
    endloop
  endfacet
  facet normal 0 -0.709045 -0.705164
    outer loop
      vertex 80.1672 2.40876 0.799999
      vertex 45.9164 3.20438 0
      vertex 80.0836 3.20438 0
    endloop
  endfacet
  facet normal 0 -1 0
    outer loop
      vertex 45.8328 2.40876 0.799999
      vertex 80.1672 2.40876 2.6
      vertex 45.8328 2.40876 2.6
    endloop
  endfacet
  facet normal 0 -1 -0
    outer loop
      vertex 80.1672 2.40876 2.6
      vertex 45.8328 2.40876 0.799999
      vertex 80.1672 2.40876 0.799999
    endloop
  endfacet
  facet normal -0.416779 -0.573625 -0.70516
    outer loop
      vertex 45.2 2.61436 0.799999
      vertex 44.9294 2.81097 0.799999
      vertex 45.4647 3.40548 0
    endloop
  endfacet
  facet normal 0.147402 -0.693555 -0.705162
    outer loop
      vertex 80.1672 2.40876 0.799999
      vertex 80.0836 3.20438 0
      vertex 80.2472 3.23915 0
    endloop
  endfacet
  facet normal 0.674291 -0.219168 -0.705193
    outer loop
      vertex 81.4617 3.34922 0.799999
      vertex 80.7308 3.67461 0
      vertex 80.7825 3.83367 0
    endloop
  endfacet
  facet normal 0.951112 -0.308845 0
    outer loop
      vertex 81.4617 3.34922 2.6
      vertex 81.565 3.66734 0.799999
      vertex 81.565 3.66734 2.6
    endloop
  endfacet
  facet normal 0.951112 -0.308845 0
    outer loop
      vertex 81.565 3.66734 0.799999
      vertex 81.4617 3.34922 2.6
      vertex 81.4617 3.34922 0.799999
    endloop
  endfacet
  facet normal 0.674357 0.218991 -0.705185
    outer loop
      vertex 81.565 38.3327 0.799999
      vertex 80.7308 38.3254 0
      vertex 81.4617 38.6508 0.799999
    endloop
  endfacet
  facet normal 0.614043 0.354517 -0.705173
    outer loop
      vertex 80.7308 38.3254 0
      vertex 80.6472 38.4702 0
      vertex 81.2944 38.9405 0.799999
    endloop
  endfacet
  facet normal 0.705156 0.0741823 -0.705161
    outer loop
      vertex 81.6 38 0.799999
      vertex 80.7825 38.1663 0
      vertex 81.565 38.3327 0.799999
    endloop
  endfacet
  facet normal -0.526951 -0.474421 -0.705157
    outer loop
      vertex 44.9294 2.81097 0.799999
      vertex 45.3528 3.52977 0
      vertex 45.4647 3.40548 0
    endloop
  endfacet
  facet normal -0.52694 -0.47443 -0.70516
    outer loop
      vertex 45.3528 3.52977 0
      vertex 44.9294 2.81097 0.799999
      vertex 44.7056 3.05954 0.799999
    endloop
  endfacet
  facet normal 0.147423 -0.693554 -0.705159
    outer loop
      vertex 80.4944 2.47831 0.799999
      vertex 80.1672 2.40876 0.799999
      vertex 80.2472 3.23915 0
    endloop
  endfacet
  facet normal -0.147402 -0.693555 -0.705162
    outer loop
      vertex 45.8328 2.40876 0.799999
      vertex 45.7528 3.23915 0
      vertex 45.9164 3.20438 0
    endloop
  endfacet
  facet normal -0.614069 -0.354434 -0.705192
    outer loop
      vertex 45.3528 3.52977 0
      vertex 44.5383 3.34922 0.799999
      vertex 45.2692 3.67461 0
    endloop
  endfacet
  facet normal 0.207916 -0.978147 0
    outer loop
      vertex 80.1672 2.40876 0.799999
      vertex 80.4944 2.47831 2.6
      vertex 80.1672 2.40876 2.6
    endloop
  endfacet
  facet normal 0.207916 -0.978147 0
    outer loop
      vertex 80.4944 2.47831 2.6
      vertex 80.1672 2.40876 0.799999
      vertex 80.4944 2.47831 0.799999
    endloop
  endfacet
  facet normal -0.674291 -0.219168 -0.705193
    outer loop
      vertex 45.2692 3.67461 0
      vertex 44.5383 3.34922 0.799999
      vertex 45.2175 3.83367 0
    endloop
  endfacet
  facet normal -0.147423 -0.693554 -0.705159
    outer loop
      vertex 45.8328 2.40876 0.799999
      vertex 45.5056 2.47831 0.799999
      vertex 45.7528 3.23915 0
    endloop
  endfacet
  facet normal -0.743165 -0.669108 0
    outer loop
      vertex 44.9294 2.81097 0.799999
      vertex 44.7056 3.05954 2.6
      vertex 44.7056 3.05954 0.799999
    endloop
  endfacet
  facet normal -0.743165 -0.669108 0
    outer loop
      vertex 44.7056 3.05954 2.6
      vertex 44.9294 2.81097 0.799999
      vertex 44.9294 2.81097 2.6
    endloop
  endfacet
  facet normal -0.207916 -0.978147 0
    outer loop
      vertex 45.5056 2.47831 0.799999
      vertex 45.8328 2.40876 2.6
      vertex 45.5056 2.47831 2.6
    endloop
  endfacet
  facet normal -0.207916 -0.978147 -0
    outer loop
      vertex 45.8328 2.40876 2.6
      vertex 45.5056 2.47831 0.799999
      vertex 45.8328 2.40876 0.799999
    endloop
  endfacet
  facet normal -0.406707 -0.913559 0
    outer loop
      vertex 45.2 2.61436 0.799999
      vertex 45.5056 2.47831 2.6
      vertex 45.2 2.61436 2.6
    endloop
  endfacet
  facet normal -0.406707 -0.913559 -0
    outer loop
      vertex 45.5056 2.47831 2.6
      vertex 45.2 2.61436 0.799999
      vertex 45.5056 2.47831 0.799999
    endloop
  endfacet
  facet normal -0.288375 -0.647758 -0.705159
    outer loop
      vertex 45.5056 2.47831 0.799999
      vertex 45.2 2.61436 0.799999
      vertex 45.7528 3.23915 0
    endloop
  endfacet
  facet normal -0.288392 -0.647747 -0.705162
    outer loop
      vertex 45.7528 3.23915 0
      vertex 45.2 2.61436 0.799999
      vertex 45.6 3.30718 0
    endloop
  endfacet
  facet normal 0.674383 -0.218986 -0.705162
    outer loop
      vertex 81.4617 3.34922 0.799999
      vertex 80.7825 3.83367 0
      vertex 81.565 3.66734 0.799999
    endloop
  endfacet
  facet normal 0.705158 -0.0741914 -0.705158
    outer loop
      vertex 81.565 3.66734 0.799999
      vertex 80.7825 3.83367 0
      vertex 81.6 4 0.799999
    endloop
  endfacet
  facet normal -0.705152 0.0742042 -0.705162
    outer loop
      vertex 45.2 38 0
      vertex 44.435 38.3327 0.799999
      vertex 45.2175 38.1663 0
    endloop
  endfacet
  facet normal -0.705158 0.0741825 -0.705159
    outer loop
      vertex 44.435 38.3327 0.799999
      vertex 45.2 38 0
      vertex 44.4 38 0.799999
    endloop
  endfacet
  facet normal -0.994511 -0.104635 0
    outer loop
      vertex 44.435 3.66734 0.799999
      vertex 44.4 4 2.6
      vertex 44.4 4 0.799999
    endloop
  endfacet
  facet normal -0.994511 -0.104635 0
    outer loop
      vertex 44.4 4 2.6
      vertex 44.435 3.66734 0.799999
      vertex 44.435 3.66734 2.6
    endloop
  endfacet
  facet normal -0.614003 -0.354607 -0.705163
    outer loop
      vertex 44.7056 3.05954 0.799999
      vertex 44.5383 3.34922 0.799999
      vertex 45.3528 3.52977 0
    endloop
  endfacet
  facet normal -0.674383 -0.218986 -0.705162
    outer loop
      vertex 44.5383 3.34922 0.799999
      vertex 44.435 3.66734 0.799999
      vertex 45.2175 3.83367 0
    endloop
  endfacet
  facet normal -0.705158 -0.0741914 -0.705158
    outer loop
      vertex 44.435 3.66734 0.799999
      vertex 45.2 4 0
      vertex 45.2175 3.83367 0
    endloop
  endfacet
  facet normal -0.705158 -0.0741914 -0.705158
    outer loop
      vertex 45.2 4 0
      vertex 44.435 3.66734 0.799999
      vertex 44.4 4 0.799999
    endloop
  endfacet
  facet normal 0 0 1
    outer loop
      vertex 80.1672 39.5912 2.6
      vertex 81.6 38 2.6
      vertex 81.565 38.3327 2.6
    endloop
  endfacet
  facet normal 0 0 1
    outer loop
      vertex 44.4 38 2.6
      vertex 81.6 38 2.6
      vertex 80.1672 39.5912 2.6
    endloop
  endfacet
  facet normal 0 0 1
    outer loop
      vertex 80.1672 39.5912 2.6
      vertex 81.565 38.3327 2.6
      vertex 81.4617 38.6508 2.6
    endloop
  endfacet
  facet normal 0 0 1
    outer loop
      vertex 81.6 38 2.6
      vertex 44.4 38 2.6
      vertex 81.6 4 2.6
    endloop
  endfacet
  facet normal 0 0 1
    outer loop
      vertex 80.1672 39.5912 2.6
      vertex 81.4617 38.6508 2.6
      vertex 81.2944 38.9405 2.6
    endloop
  endfacet
  facet normal 0 0 1
    outer loop
      vertex 81.6 4 2.6
      vertex 80.1672 2.40876 2.6
      vertex 81.565 3.66734 2.6
    endloop
  endfacet
  facet normal 0 0 1
    outer loop
      vertex 80.1672 39.5912 2.6
      vertex 81.2944 38.9405 2.6
      vertex 81.0706 39.189 2.6
    endloop
  endfacet
  facet normal 0 0 1
    outer loop
      vertex 81.565 3.66734 2.6
      vertex 80.1672 2.40876 2.6
      vertex 81.4617 3.34922 2.6
    endloop
  endfacet
  facet normal 0 0 1
    outer loop
      vertex 80.1672 39.5912 2.6
      vertex 81.0706 39.189 2.6
      vertex 80.8 39.3856 2.6
    endloop
  endfacet
  facet normal 0 0 1
    outer loop
      vertex 81.4617 3.34922 2.6
      vertex 80.1672 2.40876 2.6
      vertex 81.2944 3.05954 2.6
    endloop
  endfacet
  facet normal 0 0 1
    outer loop
      vertex 80.1672 39.5912 2.6
      vertex 80.8 39.3856 2.6
      vertex 80.4944 39.5217 2.6
    endloop
  endfacet
  facet normal 0 0 1
    outer loop
      vertex 81.2944 3.05954 2.6
      vertex 80.1672 2.40876 2.6
      vertex 81.0706 2.81097 2.6
    endloop
  endfacet
  facet normal 0 0 1
    outer loop
      vertex 81.0706 2.81097 2.6
      vertex 80.1672 2.40876 2.6
      vertex 80.8 2.61436 2.6
    endloop
  endfacet
  facet normal 0 0 1
    outer loop
      vertex 80.8 2.61436 2.6
      vertex 80.1672 2.40876 2.6
      vertex 80.4944 2.47831 2.6
    endloop
  endfacet
  facet normal 0 0 1
    outer loop
      vertex 44.4 38 2.6
      vertex 80.1672 39.5912 2.6
      vertex 45.8328 39.5912 2.6
    endloop
  endfacet
  facet normal 0 0 1
    outer loop
      vertex 44.4 4 2.6
      vertex 81.6 4 2.6
      vertex 44.4 38 2.6
    endloop
  endfacet
  facet normal 0 0 1
    outer loop
      vertex 44.4 38 2.6
      vertex 45.8328 39.5912 2.6
      vertex 45.5056 39.5217 2.6
    endloop
  endfacet
  facet normal 0 0 1
    outer loop
      vertex 81.6 4 2.6
      vertex 44.4 4 2.6
      vertex 80.1672 2.40876 2.6
    endloop
  endfacet
  facet normal 0 0 1
    outer loop
      vertex 44.4 38 2.6
      vertex 45.5056 39.5217 2.6
      vertex 45.2 39.3856 2.6
    endloop
  endfacet
  facet normal 0 0 1
    outer loop
      vertex 80.1672 2.40876 2.6
      vertex 44.4 4 2.6
      vertex 45.8328 2.40876 2.6
    endloop
  endfacet
  facet normal 0 0 1
    outer loop
      vertex 44.4 38 2.6
      vertex 45.2 39.3856 2.6
      vertex 44.9294 39.189 2.6
    endloop
  endfacet
  facet normal 0 0 1
    outer loop
      vertex 45.8328 2.40876 2.6
      vertex 44.4 4 2.6
      vertex 45.5056 2.47831 2.6
    endloop
  endfacet
  facet normal 0 0 1
    outer loop
      vertex 44.4 38 2.6
      vertex 44.9294 39.189 2.6
      vertex 44.7056 38.9405 2.6
    endloop
  endfacet
  facet normal 0 0 1
    outer loop
      vertex 45.5056 2.47831 2.6
      vertex 44.4 4 2.6
      vertex 45.2 2.61436 2.6
    endloop
  endfacet
  facet normal 0 0 1
    outer loop
      vertex 44.4 38 2.6
      vertex 44.7056 38.9405 2.6
      vertex 44.5383 38.6508 2.6
    endloop
  endfacet
  facet normal 0 0 1
    outer loop
      vertex 45.2 2.61436 2.6
      vertex 44.4 4 2.6
      vertex 44.9294 2.81097 2.6
    endloop
  endfacet
  facet normal 0 0 1
    outer loop
      vertex 44.4 38 2.6
      vertex 44.5383 38.6508 2.6
      vertex 44.435 38.3327 2.6
    endloop
  endfacet
  facet normal 0 0 1
    outer loop
      vertex 44.9294 2.81097 2.6
      vertex 44.4 4 2.6
      vertex 44.7056 3.05954 2.6
    endloop
  endfacet
  facet normal 0 0 1
    outer loop
      vertex 44.7056 3.05954 2.6
      vertex 44.4 4 2.6
      vertex 44.5383 3.34922 2.6
    endloop
  endfacet
  facet normal 0 0 1
    outer loop
      vertex 44.5383 3.34922 2.6
      vertex 44.4 4 2.6
      vertex 44.435 3.66734 2.6
    endloop
  endfacet
  facet normal -0.526912 0.474456 -0.705163
    outer loop
      vertex 44.9294 39.189 2.6
      vertex 42.9662 40.2042 4.75
      vertex 43.4908 40.7868 4.75
    endloop
  endfacet
  facet normal 0.526911 -0.474463 -0.705159
    outer loop
      vertex 82.5092 1.21321 4.75
      vertex 81.0706 2.81097 2.6
      vertex 83.0338 1.7958 4.75
    endloop
  endfacet
  facet normal -0.707107 0 -0.707107
    outer loop
      vertex 42.25 4 4.75
      vertex 44.4 38 2.6
      vertex 44.4 4 2.6
    endloop
  endfacet
  facet normal -0.707107 0 -0.707107
    outer loop
      vertex 44.4 38 2.6
      vertex 42.25 4 4.75
      vertex 42.25 38 4.75
    endloop
  endfacet
  facet normal -0.416787 -0.573618 -0.70516
    outer loop
      vertex 44.125 0.752404 4.75
      vertex 43.4908 1.21321 4.75
      vertex 44.9294 2.81097 2.6
    endloop
  endfacet
  facet normal -0.147424 -0.693549 -0.705163
    outer loop
      vertex 45.608 0.270542 4.75
      vertex 44.8412 0.433537 4.75
      vertex 45.8328 2.40876 2.6
    endloop
  endfacet
  facet normal 0.95103 -0.309097 0
    outer loop
      vertex 83.5 2.70312 4.76
      vertex 83.6681 3.22033 4.75
      vertex 83.6681 3.22033 4.76
    endloop
  endfacet
  facet normal 0.95103 -0.309097 0
    outer loop
      vertex 83.6681 3.22033 4.75
      vertex 83.5 2.70312 4.76
      vertex 83.5 2.70312 4.75
    endloop
  endfacet
  facet normal 0.674361 0.218992 -0.705181
    outer loop
      vertex 81.565 38.3327 2.6
      vertex 81.4617 38.6508 2.6
      vertex 83.6681 38.7797 4.75
    endloop
  endfacet
  facet normal 0.707107 0 -0.707107
    outer loop
      vertex 81.6 4 2.6
      vertex 83.75 38 4.75
      vertex 83.75 4 4.75
    endloop
  endfacet
  facet normal 0.707107 0 -0.707107
    outer loop
      vertex 83.75 38 4.75
      vertex 81.6 4 2.6
      vertex 81.6 38 2.6
    endloop
  endfacet
  facet normal 0.526936 -0.474427 -0.705165
    outer loop
      vertex 83.0338 1.7958 4.75
      vertex 81.0706 2.81097 2.6
      vertex 81.2944 3.05954 2.6
    endloop
  endfacet
  facet normal -0.416762 0.573631 -0.705164
    outer loop
      vertex 44.9294 39.189 2.6
      vertex 43.4908 40.7868 4.75
      vertex 45.2 39.3856 2.6
    endloop
  endfacet
  facet normal 0 -0.709047 -0.705161
    outer loop
      vertex 45.8328 2.40876 2.6
      vertex 80.392 0.270542 4.75
      vertex 45.608 0.270542 4.75
    endloop
  endfacet
  facet normal 0 -0.709047 -0.705161
    outer loop
      vertex 80.392 0.270542 4.75
      vertex 45.8328 2.40876 2.6
      vertex 80.1672 2.40876 2.6
    endloop
  endfacet
  facet normal 0.614041 0.35455 -0.705159
    outer loop
      vertex 83.4258 39.5253 4.75
      vertex 81.4617 38.6508 2.6
      vertex 83.0338 40.2042 4.75
    endloop
  endfacet
  facet normal 0.705137 -0.0741892 -0.70518
    outer loop
      vertex 83.6681 3.22033 4.75
      vertex 81.565 3.66734 2.6
      vertex 81.6 4 2.6
    endloop
  endfacet
  facet normal 0.705164 0.0740707 -0.705164
    outer loop
      vertex 83.75 38 4.75
      vertex 81.6 38 2.6
      vertex 83.6681 38.7797 4.75
    endloop
  endfacet
  facet normal 0.614011 0.354588 -0.705165
    outer loop
      vertex 81.4617 38.6508 2.6
      vertex 81.2944 38.9405 2.6
      vertex 83.0338 40.2042 4.75
    endloop
  endfacet
  facet normal 0.674364 -0.21898 -0.705182
    outer loop
      vertex 83.6681 3.22033 4.75
      vertex 81.4617 3.34922 2.6
      vertex 81.565 3.66734 2.6
    endloop
  endfacet
  facet normal -0.674364 -0.21898 -0.705182
    outer loop
      vertex 44.5383 3.34922 2.6
      vertex 42.3319 3.22033 4.75
      vertex 44.435 3.66734 2.6
    endloop
  endfacet
  facet normal 0.674329 -0.219166 -0.705157
    outer loop
      vertex 83.5 2.70312 4.75
      vertex 81.4617 3.34922 2.6
      vertex 83.6681 3.22033 4.75
    endloop
  endfacet
  facet normal 0.674352 -0.219095 -0.705157
    outer loop
      vertex 81.4617 3.34922 2.6
      vertex 83.5 2.70312 4.75
      vertex 83.4258 2.47474 4.75
    endloop
  endfacet
  facet normal 0.28839 -0.647747 -0.705163
    outer loop
      vertex 81.1588 0.433537 4.75
      vertex 80.4944 2.47831 2.6
      vertex 81.875 0.752404 4.75
    endloop
  endfacet
  facet normal 0.147424 -0.693549 -0.705163
    outer loop
      vertex 80.392 0.270542 4.75
      vertex 80.1672 2.40876 2.6
      vertex 81.1588 0.433537 4.75
    endloop
  endfacet
  facet normal 0.288374 -0.647756 -0.705161
    outer loop
      vertex 81.875 0.752404 4.75
      vertex 80.4944 2.47831 2.6
      vertex 80.8 2.61436 2.6
    endloop
  endfacet
  facet normal -0.147422 -0.69355 -0.705163
    outer loop
      vertex 45.8328 2.40876 2.6
      vertex 44.8412 0.433537 4.75
      vertex 45.5056 2.47831 2.6
    endloop
  endfacet
  facet normal 0.416778 -0.573623 -0.705162
    outer loop
      vertex 81.875 0.752404 4.75
      vertex 80.8 2.61436 2.6
      vertex 81.0706 2.81097 2.6
    endloop
  endfacet
  facet normal -0.288391 -0.647748 -0.705162
    outer loop
      vertex 44.8412 0.433537 4.75
      vertex 44.125 0.752404 4.75
      vertex 45.2 2.61436 2.6
    endloop
  endfacet
  facet normal -0.147426 0.693536 -0.705176
    outer loop
      vertex 45.8328 39.5912 2.6
      vertex 44.8412 41.5665 4.75
      vertex 45.608 41.7295 4.75
    endloop
  endfacet
  facet normal 0.41678 0.573615 -0.705167
    outer loop
      vertex 82.5092 40.7868 4.75
      vertex 80.8 39.3856 2.6
      vertex 81.875 41.2476 4.75
    endloop
  endfacet
  facet normal 0.416787 -0.573618 -0.70516
    outer loop
      vertex 81.875 0.752404 4.75
      vertex 81.0706 2.81097 2.6
      vertex 82.5092 1.21321 4.75
    endloop
  endfacet
  facet normal 0.61405 -0.354535 -0.705158
    outer loop
      vertex 83.0338 1.7958 4.75
      vertex 81.4617 3.34922 2.6
      vertex 83.4258 2.47474 4.75
    endloop
  endfacet
  facet normal 0.705164 -0.0740736 -0.705164
    outer loop
      vertex 83.6681 3.22033 4.75
      vertex 81.6 4 2.6
      vertex 83.75 4 4.75
    endloop
  endfacet
  facet normal -0.288373 -0.647753 -0.705164
    outer loop
      vertex 45.5056 2.47831 2.6
      vertex 44.8412 0.433537 4.75
      vertex 45.2 2.61436 2.6
    endloop
  endfacet
  facet normal 0.147422 -0.69355 -0.705163
    outer loop
      vertex 81.1588 0.433537 4.75
      vertex 80.1672 2.40876 2.6
      vertex 80.4944 2.47831 2.6
    endloop
  endfacet
  facet normal 0.416762 0.573631 -0.705164
    outer loop
      vertex 81.0706 39.189 2.6
      vertex 80.8 39.3856 2.6
      vertex 82.5092 40.7868 4.75
    endloop
  endfacet
  facet normal -0.416778 -0.573623 -0.705162
    outer loop
      vertex 45.2 2.61436 2.6
      vertex 44.125 0.752404 4.75
      vertex 44.9294 2.81097 2.6
    endloop
  endfacet
  facet normal 1 -0 0
    outer loop
      vertex 83.75 4 4.76
      vertex 83.75 38 4.75
      vertex 83.75 38 4.76
    endloop
  endfacet
  facet normal 1 0 0
    outer loop
      vertex 83.75 38 4.75
      vertex 83.75 4 4.76
      vertex 83.75 4 4.75
    endloop
  endfacet
  facet normal 0.288412 0.647729 -0.70517
    outer loop
      vertex 81.875 41.2476 4.75
      vertex 80.8 39.3856 2.6
      vertex 81.1588 41.5665 4.75
    endloop
  endfacet
  facet normal 0.951029 0.309103 0
    outer loop
      vertex 83.6681 38.7797 4.76
      vertex 83.5 39.2969 4.75
      vertex 83.5 39.2969 4.76
    endloop
  endfacet
  facet normal 0.951029 0.309103 0
    outer loop
      vertex 83.5 39.2969 4.75
      vertex 83.6681 38.7797 4.76
      vertex 83.6681 38.7797 4.75
    endloop
  endfacet
  facet normal 0.147426 0.693536 -0.705176
    outer loop
      vertex 81.1588 41.5665 4.75
      vertex 80.1672 39.5912 2.6
      vertex 80.392 41.7295 4.75
    endloop
  endfacet
  facet normal 0.994528 0.104466 0
    outer loop
      vertex 83.75 38 4.76
      vertex 83.6681 38.7797 4.75
      vertex 83.6681 38.7797 4.76
    endloop
  endfacet
  facet normal 0.994528 0.104466 0
    outer loop
      vertex 83.6681 38.7797 4.75
      vertex 83.75 38 4.76
      vertex 83.75 38 4.75
    endloop
  endfacet
  facet normal 0.994528 -0.10447 0
    outer loop
      vertex 83.6681 3.22033 4.76
      vertex 83.75 4 4.75
      vertex 83.75 4 4.76
    endloop
  endfacet
  facet normal 0.994528 -0.10447 0
    outer loop
      vertex 83.75 4 4.75
      vertex 83.6681 3.22033 4.76
      vertex 83.6681 3.22033 4.75
    endloop
  endfacet
  facet normal 0 0.709033 -0.705175
    outer loop
      vertex 80.1672 39.5912 2.6
      vertex 45.608 41.7295 4.75
      vertex 80.392 41.7295 4.75
    endloop
  endfacet
  facet normal 0 0.709033 -0.705175
    outer loop
      vertex 45.608 41.7295 4.75
      vertex 80.1672 39.5912 2.6
      vertex 45.8328 39.5912 2.6
    endloop
  endfacet
  facet normal 0.613997 -0.354604 -0.705169
    outer loop
      vertex 83.0338 1.7958 4.75
      vertex 81.2944 3.05954 2.6
      vertex 81.4617 3.34922 2.6
    endloop
  endfacet
  facet normal -0.674333 -0.219143 -0.70516
    outer loop
      vertex 42.5742 2.47474 4.75
      vertex 42.3319 3.22033 4.75
      vertex 44.5383 3.34922 2.6
    endloop
  endfacet
  facet normal -0.705158 -0.0741915 -0.705158
    outer loop
      vertex 44.435 3.66734 2.6
      vertex 42.25 4 4.75
      vertex 44.4 4 2.6
    endloop
  endfacet
  facet normal -0.288462 0.647715 -0.705163
    outer loop
      vertex 45.2 39.3856 2.6
      vertex 44.8412 41.5665 4.75
      vertex 45.5056 39.5217 2.6
    endloop
  endfacet
  facet normal -0.705155 -0.0740726 -0.705173
    outer loop
      vertex 42.3319 3.22033 4.75
      vertex 42.25 4 4.75
      vertex 44.435 3.66734 2.6
    endloop
  endfacet
  facet normal 0.705138 0.0741805 -0.705179
    outer loop
      vertex 81.6 38 2.6
      vertex 81.565 38.3327 2.6
      vertex 83.6681 38.7797 4.75
    endloop
  endfacet
  facet normal -0.526936 -0.474427 -0.705165
    outer loop
      vertex 44.9294 2.81097 2.6
      vertex 42.9662 1.7958 4.75
      vertex 44.7056 3.05954 2.6
    endloop
  endfacet
  facet normal -0.705158 0.0741826 -0.705158
    outer loop
      vertex 44.4 38 2.6
      vertex 42.25 38 4.75
      vertex 44.435 38.3327 2.6
    endloop
  endfacet
  facet normal -0.147321 0.693573 -0.705162
    outer loop
      vertex 45.5056 39.5217 2.6
      vertex 44.8412 41.5665 4.75
      vertex 45.8328 39.5912 2.6
    endloop
  endfacet
  facet normal 0.147321 0.693573 -0.705162
    outer loop
      vertex 80.4944 39.5217 2.6
      vertex 80.1672 39.5912 2.6
      vertex 81.1588 41.5665 4.75
    endloop
  endfacet
  facet normal 0.288462 0.647715 -0.705163
    outer loop
      vertex 80.8 39.3856 2.6
      vertex 80.4944 39.5217 2.6
      vertex 81.1588 41.5665 4.75
    endloop
  endfacet
  facet normal 0 0 1
    outer loop
      vertex 83.5 39.2969 4.76
      vertex 83.75 38 4.76
      vertex 83.6681 38.7797 4.76
    endloop
  endfacet
  facet normal 0 0 1
    outer loop
      vertex 83.75 38 4.76
      vertex 83.5 39.2969 4.76
      vertex 83.75 4 4.76
    endloop
  endfacet
  facet normal 0 0 1
    outer loop
      vertex 83.5 2.70312 4.76
      vertex 83.75 4 4.76
      vertex 83.5 39.2969 4.76
    endloop
  endfacet
  facet normal 0 0 1
    outer loop
      vertex 83.75 4 4.76
      vertex 83.5 2.70312 4.76
      vertex 83.6681 3.22033 4.76
    endloop
  endfacet
  facet normal -0.614041 0.35455 -0.705159
    outer loop
      vertex 44.5383 38.6508 2.6
      vertex 42.5742 39.5253 4.75
      vertex 42.9662 40.2042 4.75
    endloop
  endfacet
  facet normal 0.674357 0.219078 -0.705158
    outer loop
      vertex 83.5 39.2969 4.75
      vertex 81.4617 38.6508 2.6
      vertex 83.4258 39.5253 4.75
    endloop
  endfacet
  facet normal 0.674328 0.21917 -0.705157
    outer loop
      vertex 81.4617 38.6508 2.6
      vertex 83.5 39.2969 4.75
      vertex 83.6681 38.7797 4.75
    endloop
  endfacet
  facet normal -0.674361 0.218992 -0.705181
    outer loop
      vertex 44.435 38.3327 2.6
      vertex 42.3319 38.7797 4.75
      vertex 44.5383 38.6508 2.6
    endloop
  endfacet
  facet normal -0.288412 0.647729 -0.70517
    outer loop
      vertex 45.2 39.3856 2.6
      vertex 44.125 41.2476 4.75
      vertex 44.8412 41.5665 4.75
    endloop
  endfacet
  facet normal -0.41678 0.573615 -0.705167
    outer loop
      vertex 45.2 39.3856 2.6
      vertex 43.4908 40.7868 4.75
      vertex 44.125 41.2476 4.75
    endloop
  endfacet
  facet normal -0.614011 0.354588 -0.705165
    outer loop
      vertex 44.5383 38.6508 2.6
      vertex 42.9662 40.2042 4.75
      vertex 44.7056 38.9405 2.6
    endloop
  endfacet
  facet normal -0.526877 0.474507 -0.705155
    outer loop
      vertex 44.7056 38.9405 2.6
      vertex 42.9662 40.2042 4.75
      vertex 44.9294 39.189 2.6
    endloop
  endfacet
  facet normal 0 0 -1
    outer loop
      vertex 80.1672 2.40876 2.6
      vertex 81.6 4 2.6
      vertex 81.565 3.66734 2.6
    endloop
  endfacet
  facet normal 0 0 -1
    outer loop
      vertex 44.4 4 2.6
      vertex 81.6 4 2.6
      vertex 80.1672 2.40876 2.6
    endloop
  endfacet
  facet normal 0 0 -1
    outer loop
      vertex 80.1672 2.40876 2.6
      vertex 81.565 3.66734 2.6
      vertex 81.4617 3.34922 2.6
    endloop
  endfacet
  facet normal 0 0 -1
    outer loop
      vertex 81.6 4 2.6
      vertex 44.4 4 2.6
      vertex 81.6 38 2.6
    endloop
  endfacet
  facet normal 0 0 -1
    outer loop
      vertex 80.1672 2.40876 2.6
      vertex 81.4617 3.34922 2.6
      vertex 81.2944 3.05954 2.6
    endloop
  endfacet
  facet normal 0 0 -1
    outer loop
      vertex 81.6 38 2.6
      vertex 80.1672 39.5912 2.6
      vertex 81.565 38.3327 2.6
    endloop
  endfacet
  facet normal 0 0 -1
    outer loop
      vertex 80.1672 2.40876 2.6
      vertex 81.2944 3.05954 2.6
      vertex 81.0706 2.81097 2.6
    endloop
  endfacet
  facet normal 0 0 -1
    outer loop
      vertex 81.565 38.3327 2.6
      vertex 80.1672 39.5912 2.6
      vertex 81.4617 38.6508 2.6
    endloop
  endfacet
  facet normal 0 0 -1
    outer loop
      vertex 80.1672 2.40876 2.6
      vertex 81.0706 2.81097 2.6
      vertex 80.8 2.61436 2.6
    endloop
  endfacet
  facet normal 0 0 -1
    outer loop
      vertex 81.4617 38.6508 2.6
      vertex 80.1672 39.5912 2.6
      vertex 81.2944 38.9405 2.6
    endloop
  endfacet
  facet normal 0 0 -1
    outer loop
      vertex 80.1672 2.40876 2.6
      vertex 80.8 2.61436 2.6
      vertex 80.4944 2.47831 2.6
    endloop
  endfacet
  facet normal 0 0 -1
    outer loop
      vertex 81.2944 38.9405 2.6
      vertex 80.1672 39.5912 2.6
      vertex 81.0706 39.189 2.6
    endloop
  endfacet
  facet normal 0 0 -1
    outer loop
      vertex 81.0706 39.189 2.6
      vertex 80.1672 39.5912 2.6
      vertex 80.8 39.3856 2.6
    endloop
  endfacet
  facet normal 0 0 -1
    outer loop
      vertex 80.8 39.3856 2.6
      vertex 80.1672 39.5912 2.6
      vertex 80.4944 39.5217 2.6
    endloop
  endfacet
  facet normal 0 0 -1
    outer loop
      vertex 44.4 4 2.6
      vertex 80.1672 2.40876 2.6
      vertex 45.8328 2.40876 2.6
    endloop
  endfacet
  facet normal 0 0 -1
    outer loop
      vertex 44.4 38 2.6
      vertex 81.6 38 2.6
      vertex 44.4 4 2.6
    endloop
  endfacet
  facet normal 0 0 -1
    outer loop
      vertex 44.4 4 2.6
      vertex 45.8328 2.40876 2.6
      vertex 45.5056 2.47831 2.6
    endloop
  endfacet
  facet normal 0 0 -1
    outer loop
      vertex 81.6 38 2.6
      vertex 44.4 38 2.6
      vertex 80.1672 39.5912 2.6
    endloop
  endfacet
  facet normal 0 0 -1
    outer loop
      vertex 44.4 4 2.6
      vertex 45.5056 2.47831 2.6
      vertex 45.2 2.61436 2.6
    endloop
  endfacet
  facet normal -0 0 -1
    outer loop
      vertex 80.1672 39.5912 2.6
      vertex 44.4 38 2.6
      vertex 45.8328 39.5912 2.6
    endloop
  endfacet
  facet normal 0 0 -1
    outer loop
      vertex 44.4 4 2.6
      vertex 45.2 2.61436 2.6
      vertex 44.9294 2.81097 2.6
    endloop
  endfacet
  facet normal 0 0 -1
    outer loop
      vertex 45.8328 39.5912 2.6
      vertex 44.4 38 2.6
      vertex 45.5056 39.5217 2.6
    endloop
  endfacet
  facet normal 0 0 -1
    outer loop
      vertex 44.4 4 2.6
      vertex 44.9294 2.81097 2.6
      vertex 44.7056 3.05954 2.6
    endloop
  endfacet
  facet normal 0 0 -1
    outer loop
      vertex 45.5056 39.5217 2.6
      vertex 44.4 38 2.6
      vertex 45.2 39.3856 2.6
    endloop
  endfacet
  facet normal 0 0 -1
    outer loop
      vertex 44.4 4 2.6
      vertex 44.7056 3.05954 2.6
      vertex 44.5383 3.34922 2.6
    endloop
  endfacet
  facet normal 0 0 -1
    outer loop
      vertex 45.2 39.3856 2.6
      vertex 44.4 38 2.6
      vertex 44.9294 39.189 2.6
    endloop
  endfacet
  facet normal 0 0 -1
    outer loop
      vertex 44.4 4 2.6
      vertex 44.5383 3.34922 2.6
      vertex 44.435 3.66734 2.6
    endloop
  endfacet
  facet normal 0 0 -1
    outer loop
      vertex 44.9294 39.189 2.6
      vertex 44.4 38 2.6
      vertex 44.7056 38.9405 2.6
    endloop
  endfacet
  facet normal 0 0 -1
    outer loop
      vertex 44.7056 38.9405 2.6
      vertex 44.4 38 2.6
      vertex 44.5383 38.6508 2.6
    endloop
  endfacet
  facet normal 0 0 -1
    outer loop
      vertex 44.5383 38.6508 2.6
      vertex 44.4 38 2.6
      vertex 44.435 38.3327 2.6
    endloop
  endfacet
  facet normal -0.526911 -0.474463 -0.705159
    outer loop
      vertex 43.4908 1.21321 4.75
      vertex 42.9662 1.7958 4.75
      vertex 44.9294 2.81097 2.6
    endloop
  endfacet
  facet normal 0.526877 0.474507 -0.705155
    outer loop
      vertex 81.2944 38.9405 2.6
      vertex 81.0706 39.189 2.6
      vertex 83.0338 40.2042 4.75
    endloop
  endfacet
  facet normal 0.526912 0.474456 -0.705163
    outer loop
      vertex 83.0338 40.2042 4.75
      vertex 81.0706 39.189 2.6
      vertex 82.5092 40.7868 4.75
    endloop
  endfacet
  facet normal -0.613997 -0.354604 -0.705169
    outer loop
      vertex 44.7056 3.05954 2.6
      vertex 42.9662 1.7958 4.75
      vertex 44.5383 3.34922 2.6
    endloop
  endfacet
  facet normal -0.674333 0.21914 -0.705161
    outer loop
      vertex 44.5383 38.6508 2.6
      vertex 42.3319 38.7797 4.75
      vertex 42.5742 39.5253 4.75
    endloop
  endfacet
  facet normal -0.705156 0.0740698 -0.705173
    outer loop
      vertex 44.435 38.3327 2.6
      vertex 42.25 38 4.75
      vertex 42.3319 38.7797 4.75
    endloop
  endfacet
  facet normal -0.61405 -0.354535 -0.705158
    outer loop
      vertex 42.9662 1.7958 4.75
      vertex 42.5742 2.47474 4.75
      vertex 44.5383 3.34922 2.6
    endloop
  endfacet
  facet normal -0.614043 0.354517 -0.705173
    outer loop
      vertex 45.2692 80.3254 0
      vertex 44.7056 80.9405 0.799999
      vertex 45.3528 80.4702 0
    endloop
  endfacet
  facet normal 0.865972 0.500093 0
    outer loop
      vertex 81.4617 80.6508 2.6
      vertex 81.2944 80.9405 0.799999
      vertex 81.2944 80.9405 2.6
    endloop
  endfacet
  facet normal 0.865972 0.500093 0
    outer loop
      vertex 81.2944 80.9405 0.799999
      vertex 81.4617 80.6508 2.6
      vertex 81.4617 80.6508 0.799999
    endloop
  endfacet
  facet normal 0.614001 -0.354582 -0.705177
    outer loop
      vertex 81.2944 45.0595 0.799999
      vertex 80.6472 45.5298 0
      vertex 81.4617 45.3492 0.799999
    endloop
  endfacet
  facet normal -0.994512 0.104623 0
    outer loop
      vertex 44.4 80 0.799999
      vertex 44.435 80.3327 2.6
      vertex 44.435 80.3327 0.799999
    endloop
  endfacet
  facet normal -0.994512 0.104623 0
    outer loop
      vertex 44.435 80.3327 2.6
      vertex 44.4 80 0.799999
      vertex 44.4 80 2.6
    endloop
  endfacet
  facet normal 0.951107 0.308863 0
    outer loop
      vertex 81.565 80.3327 2.6
      vertex 81.4617 80.6508 0.799999
      vertex 81.4617 80.6508 2.6
    endloop
  endfacet
  facet normal 0.951107 0.308863 0
    outer loop
      vertex 81.4617 80.6508 0.799999
      vertex 81.565 80.3327 2.6
      vertex 81.565 80.3327 0.799999
    endloop
  endfacet
  facet normal 0.994512 0.104623 0
    outer loop
      vertex 81.6 80 2.6
      vertex 81.565 80.3327 0.799999
      vertex 81.565 80.3327 2.6
    endloop
  endfacet
  facet normal 0.994512 0.104623 0
    outer loop
      vertex 81.565 80.3327 0.799999
      vertex 81.6 80 2.6
      vertex 81.6 80 0.799999
    endloop
  endfacet
  facet normal -0.743071 0.669213 0
    outer loop
      vertex 44.7056 80.9405 0.799999
      vertex 44.9294 81.189 2.6
      vertex 44.9294 81.189 0.799999
    endloop
  endfacet
  facet normal -0.743071 0.669213 0
    outer loop
      vertex 44.9294 81.189 2.6
      vertex 44.7056 80.9405 0.799999
      vertex 44.7056 80.9405 2.6
    endloop
  endfacet
  facet normal -0.406832 0.913503 0
    outer loop
      vertex 45.5056 81.5217 0.799999
      vertex 45.2 81.3856 2.6
      vertex 45.5056 81.5217 2.6
    endloop
  endfacet
  facet normal -0.406832 0.913503 0
    outer loop
      vertex 45.2 81.3856 2.6
      vertex 45.5056 81.5217 0.799999
      vertex 45.2 81.3856 0.799999
    endloop
  endfacet
  facet normal -0.416767 0.573638 -0.705155
    outer loop
      vertex 45.4647 80.5945 0
      vertex 45.2 81.3856 0.799999
      vertex 45.6 80.6928 0
    endloop
  endfacet
  facet normal -0.416767 0.573638 -0.705155
    outer loop
      vertex 45.2 81.3856 0.799999
      vertex 45.4647 80.5945 0
      vertex 44.9294 81.189 0.799999
    endloop
  endfacet
  facet normal -0.147321 0.693577 -0.705158
    outer loop
      vertex 45.9164 80.7956 0
      vertex 45.5056 81.5217 0.799999
      vertex 45.8328 81.5912 0.799999
    endloop
  endfacet
  facet normal 0.674335 0.219127 -0.705163
    outer loop
      vertex 80.7825 80.1663 0
      vertex 80.7308 80.3254 0
      vertex 81.565 80.3327 0.799999
    endloop
  endfacet
  facet normal 0.526862 0.474494 -0.705175
    outer loop
      vertex 80.6472 80.4702 0
      vertex 81.0706 81.189 0.799999
      vertex 81.2944 80.9405 0.799999
    endloop
  endfacet
  facet normal 0.526973 0.474403 -0.705153
    outer loop
      vertex 81.0706 81.189 0.799999
      vertex 80.6472 80.4702 0
      vertex 80.5353 80.5945 0
    endloop
  endfacet
  facet normal 0 1 -0
    outer loop
      vertex 80.1672 81.5912 0.799999
      vertex 45.8328 81.5912 2.6
      vertex 80.1672 81.5912 2.6
    endloop
  endfacet
  facet normal 0 1 0
    outer loop
      vertex 45.8328 81.5912 2.6
      vertex 80.1672 81.5912 0.799999
      vertex 45.8328 81.5912 0.799999
    endloop
  endfacet
  facet normal 0.705157 0.0742047 -0.705158
    outer loop
      vertex 80.8 80 0
      vertex 80.7825 80.1663 0
      vertex 81.6 80 0.799999
    endloop
  endfacet
  facet normal -0.674357 0.218991 -0.705185
    outer loop
      vertex 45.2692 80.3254 0
      vertex 44.435 80.3327 0.799999
      vertex 44.5383 80.6508 0.799999
    endloop
  endfacet
  facet normal -0.288456 0.647701 -0.705178
    outer loop
      vertex 45.7528 80.7608 0
      vertex 45.2 81.3856 0.799999
      vertex 45.5056 81.5217 0.799999
    endloop
  endfacet
  facet normal 0.288464 0.64772 -0.705158
    outer loop
      vertex 80.4 80.6928 0
      vertex 80.4944 81.5217 0.799999
      vertex 80.8 81.3856 0.799999
    endloop
  endfacet
  facet normal 0.288275 0.647771 -0.705189
    outer loop
      vertex 80.4944 81.5217 0.799999
      vertex 80.4 80.6928 0
      vertex 80.2472 80.7608 0
    endloop
  endfacet
  facet normal -0.951107 0.308863 0
    outer loop
      vertex 44.435 80.3327 0.799999
      vertex 44.5383 80.6508 2.6
      vertex 44.5383 80.6508 0.799999
    endloop
  endfacet
  facet normal -0.951107 0.308863 0
    outer loop
      vertex 44.5383 80.6508 2.6
      vertex 44.435 80.3327 0.799999
      vertex 44.435 80.3327 2.6
    endloop
  endfacet
  facet normal -0.674335 0.219127 -0.705163
    outer loop
      vertex 45.2175 80.1663 0
      vertex 44.435 80.3327 0.799999
      vertex 45.2692 80.3254 0
    endloop
  endfacet
  facet normal -0.526973 0.474403 -0.705153
    outer loop
      vertex 45.3528 80.4702 0
      vertex 44.9294 81.189 0.799999
      vertex 45.4647 80.5945 0
    endloop
  endfacet
  facet normal -0.526862 0.474494 -0.705175
    outer loop
      vertex 44.9294 81.189 0.799999
      vertex 45.3528 80.4702 0
      vertex 44.7056 80.9405 0.799999
    endloop
  endfacet
  facet normal 0.147321 0.693577 -0.705158
    outer loop
      vertex 80.4944 81.5217 0.799999
      vertex 80.0836 80.7956 0
      vertex 80.1672 81.5912 0.799999
    endloop
  endfacet
  facet normal 0 0.709054 -0.705155
    outer loop
      vertex 80.0836 80.7956 0
      vertex 45.8328 81.5912 0.799999
      vertex 80.1672 81.5912 0.799999
    endloop
  endfacet
  facet normal 0 0.709054 -0.705155
    outer loop
      vertex 45.8328 81.5912 0.799999
      vertex 80.0836 80.7956 0
      vertex 45.9164 80.7956 0
    endloop
  endfacet
  facet normal 0.587781 0.80902 -0
    outer loop
      vertex 81.0706 81.189 0.799999
      vertex 80.8 81.3856 2.6
      vertex 81.0706 81.189 2.6
    endloop
  endfacet
  facet normal 0.587781 0.80902 0
    outer loop
      vertex 80.8 81.3856 2.6
      vertex 81.0706 81.189 0.799999
      vertex 80.8 81.3856 0.799999
    endloop
  endfacet
  facet normal 0.994512 -0.104623 0
    outer loop
      vertex 81.565 45.6673 2.6
      vertex 81.6 46 0.799999
      vertex 81.6 46 2.6
    endloop
  endfacet
  facet normal 0.994512 -0.104623 0
    outer loop
      vertex 81.6 46 0.799999
      vertex 81.565 45.6673 2.6
      vertex 81.565 45.6673 0.799999
    endloop
  endfacet
  facet normal 0.707106 0 -0.707107
    outer loop
      vertex 81.6 46 0.799999
      vertex 80.8 80 0
      vertex 81.6 80 0.799999
    endloop
  endfacet
  facet normal 0.707106 0 -0.707107
    outer loop
      vertex 80.8 80 0
      vertex 81.6 46 0.799999
      vertex 80.8 46 0
    endloop
  endfacet
  facet normal 0.416767 0.573638 -0.705155
    outer loop
      vertex 80.5353 80.5945 0
      vertex 80.8 81.3856 0.799999
      vertex 81.0706 81.189 0.799999
    endloop
  endfacet
  facet normal 0.416767 0.573638 -0.705155
    outer loop
      vertex 80.8 81.3856 0.799999
      vertex 80.5353 80.5945 0
      vertex 80.4 80.6928 0
    endloop
  endfacet
  facet normal 0.587781 -0.80902 0
    outer loop
      vertex 80.8 44.6144 0.799999
      vertex 81.0706 44.811 2.6
      vertex 80.8 44.6144 2.6
    endloop
  endfacet
  facet normal 0.587781 -0.80902 0
    outer loop
      vertex 81.0706 44.811 2.6
      vertex 80.8 44.6144 0.799999
      vertex 81.0706 44.811 0.799999
    endloop
  endfacet
  facet normal -0.865972 0.500093 0
    outer loop
      vertex 44.5383 80.6508 0.799999
      vertex 44.7056 80.9405 2.6
      vertex 44.7056 80.9405 0.799999
    endloop
  endfacet
  facet normal -0.865972 0.500093 0
    outer loop
      vertex 44.7056 80.9405 2.6
      vertex 44.5383 80.6508 0.799999
      vertex 44.5383 80.6508 2.6
    endloop
  endfacet
  facet normal -0.288291 0.647808 -0.705148
    outer loop
      vertex 45.6 80.6928 0
      vertex 45.2 81.3856 0.799999
      vertex 45.7528 80.7608 0
    endloop
  endfacet
  facet normal 0.406832 -0.913503 0
    outer loop
      vertex 80.4944 44.4783 0.799999
      vertex 80.8 44.6144 2.6
      vertex 80.4944 44.4783 2.6
    endloop
  endfacet
  facet normal 0.406832 -0.913503 0
    outer loop
      vertex 80.8 44.6144 2.6
      vertex 80.4944 44.4783 0.799999
      vertex 80.8 44.6144 0.799999
    endloop
  endfacet
  facet normal -0.416767 -0.573638 -0.705155
    outer loop
      vertex 45.6 45.3072 0
      vertex 45.2 44.6144 0.799999
      vertex 45.4647 45.4055 0
    endloop
  endfacet
  facet normal 0.406832 0.913503 -0
    outer loop
      vertex 80.8 81.3856 0.799999
      vertex 80.4944 81.5217 2.6
      vertex 80.8 81.3856 2.6
    endloop
  endfacet
  facet normal 0.406832 0.913503 0
    outer loop
      vertex 80.4944 81.5217 2.6
      vertex 80.8 81.3856 0.799999
      vertex 80.4944 81.5217 0.799999
    endloop
  endfacet
  facet normal -0.587781 0.80902 0
    outer loop
      vertex 45.2 81.3856 0.799999
      vertex 44.9294 81.189 2.6
      vertex 45.2 81.3856 2.6
    endloop
  endfacet
  facet normal -0.587781 0.80902 0
    outer loop
      vertex 44.9294 81.189 2.6
      vertex 45.2 81.3856 0.799999
      vertex 44.9294 81.189 0.799999
    endloop
  endfacet
  facet normal -0.207773 0.978177 0
    outer loop
      vertex 45.8328 81.5912 0.799999
      vertex 45.5056 81.5217 2.6
      vertex 45.8328 81.5912 2.6
    endloop
  endfacet
  facet normal -0.207773 0.978177 0
    outer loop
      vertex 45.5056 81.5217 2.6
      vertex 45.8328 81.5912 0.799999
      vertex 45.5056 81.5217 0.799999
    endloop
  endfacet
  facet normal -0.147517 0.693502 -0.705191
    outer loop
      vertex 45.7528 80.7608 0
      vertex 45.5056 81.5217 0.799999
      vertex 45.9164 80.7956 0
    endloop
  endfacet
  facet normal 0.613994 0.354578 -0.705185
    outer loop
      vertex 81.4617 80.6508 0.799999
      vertex 80.7308 80.3254 0
      vertex 81.2944 80.9405 0.799999
    endloop
  endfacet
  facet normal 0.526862 -0.474494 -0.705175
    outer loop
      vertex 81.0706 44.811 0.799999
      vertex 80.6472 45.5298 0
      vertex 81.2944 45.0595 0.799999
    endloop
  endfacet
  facet normal 0.526973 -0.474403 -0.705153
    outer loop
      vertex 80.6472 45.5298 0
      vertex 81.0706 44.811 0.799999
      vertex 80.5353 45.4055 0
    endloop
  endfacet
  facet normal 0.865972 -0.500093 0
    outer loop
      vertex 81.2944 45.0595 2.6
      vertex 81.4617 45.3492 0.799999
      vertex 81.4617 45.3492 2.6
    endloop
  endfacet
  facet normal 0.865972 -0.500093 0
    outer loop
      vertex 81.4617 45.3492 0.799999
      vertex 81.2944 45.0595 2.6
      vertex 81.2944 45.0595 0.799999
    endloop
  endfacet
  facet normal 0.416767 -0.573638 -0.705155
    outer loop
      vertex 80.8 44.6144 0.799999
      vertex 80.5353 45.4055 0
      vertex 81.0706 44.811 0.799999
    endloop
  endfacet
  facet normal 0.416767 -0.573638 -0.705155
    outer loop
      vertex 80.8 44.6144 0.799999
      vertex 80.4 45.3072 0
      vertex 80.5353 45.4055 0
    endloop
  endfacet
  facet normal 0.207773 0.978177 -0
    outer loop
      vertex 80.4944 81.5217 0.799999
      vertex 80.1672 81.5912 2.6
      vertex 80.4944 81.5217 2.6
    endloop
  endfacet
  facet normal 0.207773 0.978177 0
    outer loop
      vertex 80.1672 81.5912 2.6
      vertex 80.4944 81.5217 0.799999
      vertex 80.1672 81.5912 0.799999
    endloop
  endfacet
  facet normal 0.705157 -0.0742047 -0.705158
    outer loop
      vertex 81.6 46 0.799999
      vertex 80.7825 45.8337 0
      vertex 80.8 46 0
    endloop
  endfacet
  facet normal 0 0 -1
    outer loop
      vertex 80.0836 45.2044 0
      vertex 80.8 46 0
      vertex 80.7825 45.8337 0
    endloop
  endfacet
  facet normal 0 0 -1
    outer loop
      vertex 45.2 46 0
      vertex 80.8 46 0
      vertex 80.0836 45.2044 0
    endloop
  endfacet
  facet normal 0 0 -1
    outer loop
      vertex 80.0836 45.2044 0
      vertex 80.7825 45.8337 0
      vertex 80.7308 45.6746 0
    endloop
  endfacet
  facet normal 0 0 -1
    outer loop
      vertex 80.8 46 0
      vertex 45.2 46 0
      vertex 80.8 80 0
    endloop
  endfacet
  facet normal 0 0 -1
    outer loop
      vertex 80.0836 45.2044 0
      vertex 80.7308 45.6746 0
      vertex 80.6472 45.5298 0
    endloop
  endfacet
  facet normal 0 0 -1
    outer loop
      vertex 80.8 80 0
      vertex 80.0836 80.7956 0
      vertex 80.7825 80.1663 0
    endloop
  endfacet
  facet normal 0 0 -1
    outer loop
      vertex 80.0836 45.2044 0
      vertex 80.6472 45.5298 0
      vertex 80.5353 45.4055 0
    endloop
  endfacet
  facet normal 0 0 -1
    outer loop
      vertex 80.7825 80.1663 0
      vertex 80.0836 80.7956 0
      vertex 80.7308 80.3254 0
    endloop
  endfacet
  facet normal 0 0 -1
    outer loop
      vertex 80.0836 45.2044 0
      vertex 80.5353 45.4055 0
      vertex 80.4 45.3072 0
    endloop
  endfacet
  facet normal 0 0 -1
    outer loop
      vertex 80.7308 80.3254 0
      vertex 80.0836 80.7956 0
      vertex 80.6472 80.4702 0
    endloop
  endfacet
  facet normal 0 0 -1
    outer loop
      vertex 80.0836 45.2044 0
      vertex 80.4 45.3072 0
      vertex 80.2472 45.2392 0
    endloop
  endfacet
  facet normal 0 0 -1
    outer loop
      vertex 80.6472 80.4702 0
      vertex 80.0836 80.7956 0
      vertex 80.5353 80.5945 0
    endloop
  endfacet
  facet normal 0 0 -1
    outer loop
      vertex 80.5353 80.5945 0
      vertex 80.0836 80.7956 0
      vertex 80.4 80.6928 0
    endloop
  endfacet
  facet normal 0 0 -1
    outer loop
      vertex 80.4 80.6928 0
      vertex 80.0836 80.7956 0
      vertex 80.2472 80.7608 0
    endloop
  endfacet
  facet normal 0 0 -1
    outer loop
      vertex 45.2 46 0
      vertex 80.0836 45.2044 0
      vertex 45.9164 45.2044 0
    endloop
  endfacet
  facet normal 0 0 -1
    outer loop
      vertex 45.2 80 0
      vertex 80.8 80 0
      vertex 45.2 46 0
    endloop
  endfacet
  facet normal 0 0 -1
    outer loop
      vertex 45.2 46 0
      vertex 45.9164 45.2044 0
      vertex 45.7528 45.2392 0
    endloop
  endfacet
  facet normal 0 0 -1
    outer loop
      vertex 80.8 80 0
      vertex 45.2 80 0
      vertex 80.0836 80.7956 0
    endloop
  endfacet
  facet normal 0 0 -1
    outer loop
      vertex 45.2 46 0
      vertex 45.7528 45.2392 0
      vertex 45.6 45.3072 0
    endloop
  endfacet
  facet normal -0 0 -1
    outer loop
      vertex 80.0836 80.7956 0
      vertex 45.2 80 0
      vertex 45.9164 80.7956 0
    endloop
  endfacet
  facet normal 0 0 -1
    outer loop
      vertex 45.2 46 0
      vertex 45.6 45.3072 0
      vertex 45.4647 45.4055 0
    endloop
  endfacet
  facet normal 0 0 -1
    outer loop
      vertex 45.9164 80.7956 0
      vertex 45.2 80 0
      vertex 45.7528 80.7608 0
    endloop
  endfacet
  facet normal 0 0 -1
    outer loop
      vertex 45.2 46 0
      vertex 45.4647 45.4055 0
      vertex 45.3528 45.5298 0
    endloop
  endfacet
  facet normal 0 0 -1
    outer loop
      vertex 45.7528 80.7608 0
      vertex 45.2 80 0
      vertex 45.6 80.6928 0
    endloop
  endfacet
  facet normal 0 0 -1
    outer loop
      vertex 45.2 46 0
      vertex 45.3528 45.5298 0
      vertex 45.2692 45.6746 0
    endloop
  endfacet
  facet normal 0 0 -1
    outer loop
      vertex 45.6 80.6928 0
      vertex 45.2 80 0
      vertex 45.4647 80.5945 0
    endloop
  endfacet
  facet normal 0 0 -1
    outer loop
      vertex 45.2 46 0
      vertex 45.2692 45.6746 0
      vertex 45.2175 45.8337 0
    endloop
  endfacet
  facet normal 0 0 -1
    outer loop
      vertex 45.4647 80.5945 0
      vertex 45.2 80 0
      vertex 45.3528 80.4702 0
    endloop
  endfacet
  facet normal 0 0 -1
    outer loop
      vertex 45.3528 80.4702 0
      vertex 45.2 80 0
      vertex 45.2692 80.3254 0
    endloop
  endfacet
  facet normal 0 0 -1
    outer loop
      vertex 45.2692 80.3254 0
      vertex 45.2 80 0
      vertex 45.2175 80.1663 0
    endloop
  endfacet
  facet normal -0.587781 -0.80902 0
    outer loop
      vertex 44.9294 44.811 0.799999
      vertex 45.2 44.6144 2.6
      vertex 44.9294 44.811 2.6
    endloop
  endfacet
  facet normal -0.587781 -0.80902 -0
    outer loop
      vertex 45.2 44.6144 2.6
      vertex 44.9294 44.811 0.799999
      vertex 45.2 44.6144 0.799999
    endloop
  endfacet
  facet normal 1 -0 0
    outer loop
      vertex 81.6 46 2.6
      vertex 81.6 80 0.799999
      vertex 81.6 80 2.6
    endloop
  endfacet
  facet normal 1 0 0
    outer loop
      vertex 81.6 80 0.799999
      vertex 81.6 46 2.6
      vertex 81.6 46 0.799999
    endloop
  endfacet
  facet normal -0.613994 0.354578 -0.705185
    outer loop
      vertex 45.2692 80.3254 0
      vertex 44.5383 80.6508 0.799999
      vertex 44.7056 80.9405 0.799999
    endloop
  endfacet
  facet normal 0.288456 -0.647701 -0.705178
    outer loop
      vertex 80.4944 44.4783 0.799999
      vertex 80.2472 45.2392 0
      vertex 80.8 44.6144 0.799999
    endloop
  endfacet
  facet normal -0.951107 -0.308863 0
    outer loop
      vertex 44.5383 45.3492 0.799999
      vertex 44.435 45.6673 2.6
      vertex 44.435 45.6673 0.799999
    endloop
  endfacet
  facet normal -0.951107 -0.308863 0
    outer loop
      vertex 44.435 45.6673 2.6
      vertex 44.5383 45.3492 0.799999
      vertex 44.5383 45.3492 2.6
    endloop
  endfacet
  facet normal -1 0 0
    outer loop
      vertex 44.4 46 0.799999
      vertex 44.4 80 2.6
      vertex 44.4 80 0.799999
    endloop
  endfacet
  facet normal -1 -0 0
    outer loop
      vertex 44.4 80 2.6
      vertex 44.4 46 0.799999
      vertex 44.4 46 2.6
    endloop
  endfacet
  facet normal -0.865972 -0.500093 0
    outer loop
      vertex 44.7056 45.0595 0.799999
      vertex 44.5383 45.3492 2.6
      vertex 44.5383 45.3492 0.799999
    endloop
  endfacet
  facet normal -0.865972 -0.500093 0
    outer loop
      vertex 44.5383 45.3492 2.6
      vertex 44.7056 45.0595 0.799999
      vertex 44.7056 45.0595 2.6
    endloop
  endfacet
  facet normal -0.707106 0 -0.707107
    outer loop
      vertex 45.2 46 0
      vertex 44.4 80 0.799999
      vertex 45.2 80 0
    endloop
  endfacet
  facet normal -0.707106 -0 -0.707107
    outer loop
      vertex 44.4 80 0.799999
      vertex 45.2 46 0
      vertex 44.4 46 0.799999
    endloop
  endfacet
  facet normal 0.147517 0.693502 -0.705191
    outer loop
      vertex 80.2472 80.7608 0
      vertex 80.0836 80.7956 0
      vertex 80.4944 81.5217 0.799999
    endloop
  endfacet
  facet normal 0.288291 -0.647808 -0.705148
    outer loop
      vertex 80.8 44.6144 0.799999
      vertex 80.2472 45.2392 0
      vertex 80.4 45.3072 0
    endloop
  endfacet
  facet normal 0.743071 0.669213 0
    outer loop
      vertex 81.2944 80.9405 2.6
      vertex 81.0706 81.189 0.799999
      vertex 81.0706 81.189 2.6
    endloop
  endfacet
  facet normal 0.743071 0.669213 0
    outer loop
      vertex 81.0706 81.189 0.799999
      vertex 81.2944 80.9405 2.6
      vertex 81.2944 80.9405 0.799999
    endloop
  endfacet
  facet normal 0.743071 -0.669213 0
    outer loop
      vertex 81.0706 44.811 2.6
      vertex 81.2944 45.0595 0.799999
      vertex 81.2944 45.0595 2.6
    endloop
  endfacet
  facet normal 0.743071 -0.669213 0
    outer loop
      vertex 81.2944 45.0595 0.799999
      vertex 81.0706 44.811 2.6
      vertex 81.0706 44.811 0.799999
    endloop
  endfacet
  facet normal 0.614029 -0.354508 -0.705189
    outer loop
      vertex 81.4617 45.3492 0.799999
      vertex 80.6472 45.5298 0
      vertex 80.7308 45.6746 0
    endloop
  endfacet
  facet normal 0 -0.709054 -0.705155
    outer loop
      vertex 45.9164 45.2044 0
      vertex 80.1672 44.4088 0.799999
      vertex 45.8328 44.4088 0.799999
    endloop
  endfacet
  facet normal 0 -0.709054 -0.705155
    outer loop
      vertex 80.1672 44.4088 0.799999
      vertex 45.9164 45.2044 0
      vertex 80.0836 45.2044 0
    endloop
  endfacet
  facet normal 0 -1 0
    outer loop
      vertex 45.8328 44.4088 0.799999
      vertex 80.1672 44.4088 2.6
      vertex 45.8328 44.4088 2.6
    endloop
  endfacet
  facet normal 0 -1 -0
    outer loop
      vertex 80.1672 44.4088 2.6
      vertex 45.8328 44.4088 0.799999
      vertex 80.1672 44.4088 0.799999
    endloop
  endfacet
  facet normal -0.416767 -0.573638 -0.705155
    outer loop
      vertex 45.2 44.6144 0.799999
      vertex 44.9294 44.811 0.799999
      vertex 45.4647 45.4055 0
    endloop
  endfacet
  facet normal 0.147527 -0.693544 -0.705147
    outer loop
      vertex 80.1672 44.4088 0.799999
      vertex 80.0836 45.2044 0
      vertex 80.2472 45.2392 0
    endloop
  endfacet
  facet normal 0.674308 -0.219118 -0.705192
    outer loop
      vertex 81.4617 45.3492 0.799999
      vertex 80.7308 45.6746 0
      vertex 80.7825 45.8337 0
    endloop
  endfacet
  facet normal 0.951107 -0.308863 0
    outer loop
      vertex 81.4617 45.3492 2.6
      vertex 81.565 45.6673 0.799999
      vertex 81.565 45.6673 2.6
    endloop
  endfacet
  facet normal 0.951107 -0.308863 0
    outer loop
      vertex 81.565 45.6673 0.799999
      vertex 81.4617 45.3492 2.6
      vertex 81.4617 45.3492 0.799999
    endloop
  endfacet
  facet normal 0.674357 0.218991 -0.705185
    outer loop
      vertex 81.565 80.3327 0.799999
      vertex 80.7308 80.3254 0
      vertex 81.4617 80.6508 0.799999
    endloop
  endfacet
  facet normal 0.614043 0.354517 -0.705173
    outer loop
      vertex 80.7308 80.3254 0
      vertex 80.6472 80.4702 0
      vertex 81.2944 80.9405 0.799999
    endloop
  endfacet
  facet normal 0.705156 0.0741823 -0.705161
    outer loop
      vertex 81.6 80 0.799999
      vertex 80.7825 80.1663 0
      vertex 81.565 80.3327 0.799999
    endloop
  endfacet
  facet normal -0.526973 -0.474403 -0.705153
    outer loop
      vertex 44.9294 44.811 0.799999
      vertex 45.3528 45.5298 0
      vertex 45.4647 45.4055 0
    endloop
  endfacet
  facet normal -0.526862 -0.474494 -0.705175
    outer loop
      vertex 45.3528 45.5298 0
      vertex 44.9294 44.811 0.799999
      vertex 44.7056 45.0595 0.799999
    endloop
  endfacet
  facet normal 0.147317 -0.693555 -0.70518
    outer loop
      vertex 80.4944 44.4783 0.799999
      vertex 80.1672 44.4088 0.799999
      vertex 80.2472 45.2392 0
    endloop
  endfacet
  facet normal -0.147527 -0.693544 -0.705147
    outer loop
      vertex 45.8328 44.4088 0.799999
      vertex 45.7528 45.2392 0
      vertex 45.9164 45.2044 0
    endloop
  endfacet
  facet normal -0.614029 -0.354508 -0.705189
    outer loop
      vertex 45.3528 45.5298 0
      vertex 44.5383 45.3492 0.799999
      vertex 45.2692 45.6746 0
    endloop
  endfacet
  facet normal 0.207773 -0.978177 0
    outer loop
      vertex 80.1672 44.4088 0.799999
      vertex 80.4944 44.4783 2.6
      vertex 80.1672 44.4088 2.6
    endloop
  endfacet
  facet normal 0.207773 -0.978177 0
    outer loop
      vertex 80.4944 44.4783 2.6
      vertex 80.1672 44.4088 0.799999
      vertex 80.4944 44.4783 0.799999
    endloop
  endfacet
  facet normal -0.674308 -0.219118 -0.705192
    outer loop
      vertex 45.2692 45.6746 0
      vertex 44.5383 45.3492 0.799999
      vertex 45.2175 45.8337 0
    endloop
  endfacet
  facet normal -0.147317 -0.693555 -0.70518
    outer loop
      vertex 45.8328 44.4088 0.799999
      vertex 45.5056 44.4783 0.799999
      vertex 45.7528 45.2392 0
    endloop
  endfacet
  facet normal -0.743071 -0.669213 0
    outer loop
      vertex 44.9294 44.811 0.799999
      vertex 44.7056 45.0595 2.6
      vertex 44.7056 45.0595 0.799999
    endloop
  endfacet
  facet normal -0.743071 -0.669213 0
    outer loop
      vertex 44.7056 45.0595 2.6
      vertex 44.9294 44.811 0.799999
      vertex 44.9294 44.811 2.6
    endloop
  endfacet
  facet normal -0.207773 -0.978177 0
    outer loop
      vertex 45.5056 44.4783 0.799999
      vertex 45.8328 44.4088 2.6
      vertex 45.5056 44.4783 2.6
    endloop
  endfacet
  facet normal -0.207773 -0.978177 -0
    outer loop
      vertex 45.8328 44.4088 2.6
      vertex 45.5056 44.4783 0.799999
      vertex 45.8328 44.4088 0.799999
    endloop
  endfacet
  facet normal -0.406832 -0.913503 0
    outer loop
      vertex 45.2 44.6144 0.799999
      vertex 45.5056 44.4783 2.6
      vertex 45.2 44.6144 2.6
    endloop
  endfacet
  facet normal -0.406832 -0.913503 -0
    outer loop
      vertex 45.5056 44.4783 2.6
      vertex 45.2 44.6144 0.799999
      vertex 45.5056 44.4783 0.799999
    endloop
  endfacet
  facet normal -0.288456 -0.647701 -0.705178
    outer loop
      vertex 45.5056 44.4783 0.799999
      vertex 45.2 44.6144 0.799999
      vertex 45.7528 45.2392 0
    endloop
  endfacet
  facet normal -0.288291 -0.647808 -0.705148
    outer loop
      vertex 45.7528 45.2392 0
      vertex 45.2 44.6144 0.799999
      vertex 45.6 45.3072 0
    endloop
  endfacet
  facet normal 0.67437 -0.218995 -0.705171
    outer loop
      vertex 81.4617 45.3492 0.799999
      vertex 80.7825 45.8337 0
      vertex 81.565 45.6673 0.799999
    endloop
  endfacet
  facet normal 0.705156 -0.0741823 -0.705161
    outer loop
      vertex 81.565 45.6673 0.799999
      vertex 80.7825 45.8337 0
      vertex 81.6 46 0.799999
    endloop
  endfacet
  facet normal -0.705152 0.0742042 -0.705162
    outer loop
      vertex 45.2 80 0
      vertex 44.435 80.3327 0.799999
      vertex 45.2175 80.1663 0
    endloop
  endfacet
  facet normal -0.705158 0.0741825 -0.705159
    outer loop
      vertex 44.435 80.3327 0.799999
      vertex 45.2 80 0
      vertex 44.4 80 0.799999
    endloop
  endfacet
  facet normal -0.994512 -0.104623 0
    outer loop
      vertex 44.435 45.6673 0.799999
      vertex 44.4 46 2.6
      vertex 44.4 46 0.799999
    endloop
  endfacet
  facet normal -0.994512 -0.104623 0
    outer loop
      vertex 44.4 46 2.6
      vertex 44.435 45.6673 0.799999
      vertex 44.435 45.6673 2.6
    endloop
  endfacet
  facet normal -0.614001 -0.354582 -0.705177
    outer loop
      vertex 44.7056 45.0595 0.799999
      vertex 44.5383 45.3492 0.799999
      vertex 45.3528 45.5298 0
    endloop
  endfacet
  facet normal -0.67437 -0.218995 -0.705171
    outer loop
      vertex 44.5383 45.3492 0.799999
      vertex 44.435 45.6673 0.799999
      vertex 45.2175 45.8337 0
    endloop
  endfacet
  facet normal -0.705152 -0.0742042 -0.705162
    outer loop
      vertex 44.435 45.6673 0.799999
      vertex 45.2 46 0
      vertex 45.2175 45.8337 0
    endloop
  endfacet
  facet normal -0.705158 -0.0741825 -0.705159
    outer loop
      vertex 45.2 46 0
      vertex 44.435 45.6673 0.799999
      vertex 44.4 46 0.799999
    endloop
  endfacet
  facet normal 0 0 1
    outer loop
      vertex 80.1672 81.5912 2.6
      vertex 81.6 80 2.6
      vertex 81.565 80.3327 2.6
    endloop
  endfacet
  facet normal 0 0 1
    outer loop
      vertex 44.4 80 2.6
      vertex 81.6 80 2.6
      vertex 80.1672 81.5912 2.6
    endloop
  endfacet
  facet normal 0 0 1
    outer loop
      vertex 80.1672 81.5912 2.6
      vertex 81.565 80.3327 2.6
      vertex 81.4617 80.6508 2.6
    endloop
  endfacet
  facet normal 0 0 1
    outer loop
      vertex 81.6 80 2.6
      vertex 44.4 80 2.6
      vertex 81.6 46 2.6
    endloop
  endfacet
  facet normal 0 0 1
    outer loop
      vertex 80.1672 81.5912 2.6
      vertex 81.4617 80.6508 2.6
      vertex 81.2944 80.9405 2.6
    endloop
  endfacet
  facet normal 0 0 1
    outer loop
      vertex 81.6 46 2.6
      vertex 80.1672 44.4088 2.6
      vertex 81.565 45.6673 2.6
    endloop
  endfacet
  facet normal 0 0 1
    outer loop
      vertex 80.1672 81.5912 2.6
      vertex 81.2944 80.9405 2.6
      vertex 81.0706 81.189 2.6
    endloop
  endfacet
  facet normal 0 0 1
    outer loop
      vertex 81.565 45.6673 2.6
      vertex 80.1672 44.4088 2.6
      vertex 81.4617 45.3492 2.6
    endloop
  endfacet
  facet normal 0 0 1
    outer loop
      vertex 80.1672 81.5912 2.6
      vertex 81.0706 81.189 2.6
      vertex 80.8 81.3856 2.6
    endloop
  endfacet
  facet normal 0 0 1
    outer loop
      vertex 81.4617 45.3492 2.6
      vertex 80.1672 44.4088 2.6
      vertex 81.2944 45.0595 2.6
    endloop
  endfacet
  facet normal 0 0 1
    outer loop
      vertex 80.1672 81.5912 2.6
      vertex 80.8 81.3856 2.6
      vertex 80.4944 81.5217 2.6
    endloop
  endfacet
  facet normal 0 0 1
    outer loop
      vertex 81.2944 45.0595 2.6
      vertex 80.1672 44.4088 2.6
      vertex 81.0706 44.811 2.6
    endloop
  endfacet
  facet normal 0 0 1
    outer loop
      vertex 81.0706 44.811 2.6
      vertex 80.1672 44.4088 2.6
      vertex 80.8 44.6144 2.6
    endloop
  endfacet
  facet normal 0 0 1
    outer loop
      vertex 80.8 44.6144 2.6
      vertex 80.1672 44.4088 2.6
      vertex 80.4944 44.4783 2.6
    endloop
  endfacet
  facet normal 0 0 1
    outer loop
      vertex 44.4 80 2.6
      vertex 80.1672 81.5912 2.6
      vertex 45.8328 81.5912 2.6
    endloop
  endfacet
  facet normal 0 0 1
    outer loop
      vertex 44.4 46 2.6
      vertex 81.6 46 2.6
      vertex 44.4 80 2.6
    endloop
  endfacet
  facet normal 0 0 1
    outer loop
      vertex 44.4 80 2.6
      vertex 45.8328 81.5912 2.6
      vertex 45.5056 81.5217 2.6
    endloop
  endfacet
  facet normal 0 0 1
    outer loop
      vertex 81.6 46 2.6
      vertex 44.4 46 2.6
      vertex 80.1672 44.4088 2.6
    endloop
  endfacet
  facet normal 0 0 1
    outer loop
      vertex 44.4 80 2.6
      vertex 45.5056 81.5217 2.6
      vertex 45.2 81.3856 2.6
    endloop
  endfacet
  facet normal 0 0 1
    outer loop
      vertex 80.1672 44.4088 2.6
      vertex 44.4 46 2.6
      vertex 45.8328 44.4088 2.6
    endloop
  endfacet
  facet normal 0 0 1
    outer loop
      vertex 44.4 80 2.6
      vertex 45.2 81.3856 2.6
      vertex 44.9294 81.189 2.6
    endloop
  endfacet
  facet normal 0 0 1
    outer loop
      vertex 45.8328 44.4088 2.6
      vertex 44.4 46 2.6
      vertex 45.5056 44.4783 2.6
    endloop
  endfacet
  facet normal 0 0 1
    outer loop
      vertex 44.4 80 2.6
      vertex 44.9294 81.189 2.6
      vertex 44.7056 80.9405 2.6
    endloop
  endfacet
  facet normal 0 0 1
    outer loop
      vertex 45.5056 44.4783 2.6
      vertex 44.4 46 2.6
      vertex 45.2 44.6144 2.6
    endloop
  endfacet
  facet normal 0 0 1
    outer loop
      vertex 44.4 80 2.6
      vertex 44.7056 80.9405 2.6
      vertex 44.5383 80.6508 2.6
    endloop
  endfacet
  facet normal 0 0 1
    outer loop
      vertex 45.2 44.6144 2.6
      vertex 44.4 46 2.6
      vertex 44.9294 44.811 2.6
    endloop
  endfacet
  facet normal 0 0 1
    outer loop
      vertex 44.4 80 2.6
      vertex 44.5383 80.6508 2.6
      vertex 44.435 80.3327 2.6
    endloop
  endfacet
  facet normal 0 0 1
    outer loop
      vertex 44.9294 44.811 2.6
      vertex 44.4 46 2.6
      vertex 44.7056 45.0595 2.6
    endloop
  endfacet
  facet normal 0 0 1
    outer loop
      vertex 44.7056 45.0595 2.6
      vertex 44.4 46 2.6
      vertex 44.5383 45.3492 2.6
    endloop
  endfacet
  facet normal 0 0 1
    outer loop
      vertex 44.5383 45.3492 2.6
      vertex 44.4 46 2.6
      vertex 44.435 45.6673 2.6
    endloop
  endfacet
  facet normal -0.526912 0.474456 -0.705163
    outer loop
      vertex 44.9294 81.189 2.6
      vertex 42.9662 82.2042 4.75
      vertex 43.4908 82.7868 4.75
    endloop
  endfacet
  facet normal 0.526912 -0.474456 -0.705163
    outer loop
      vertex 82.5092 43.2132 4.75
      vertex 81.0706 44.811 2.6
      vertex 83.0338 43.7958 4.75
    endloop
  endfacet
  facet normal -0.707107 0 -0.707107
    outer loop
      vertex 42.25 46 4.75
      vertex 44.4 80 2.6
      vertex 44.4 46 2.6
    endloop
  endfacet
  facet normal -0.707107 0 -0.707107
    outer loop
      vertex 44.4 80 2.6
      vertex 42.25 46 4.75
      vertex 42.25 80 4.75
    endloop
  endfacet
  facet normal -0.416781 -0.573616 -0.705165
    outer loop
      vertex 44.125 42.7524 4.75
      vertex 43.4908 43.2132 4.75
      vertex 44.9294 44.811 2.6
    endloop
  endfacet
  facet normal -0.147426 -0.693536 -0.705176
    outer loop
      vertex 45.608 42.2705 4.75
      vertex 44.8412 42.4335 4.75
      vertex 45.8328 44.4088 2.6
    endloop
  endfacet
  facet normal 0.407064 0.9134 -0
    outer loop
      vertex 81.3327 83.489 4.75
      vertex 81.1588 83.5665 4.76
      vertex 81.3327 83.489 4.76
    endloop
  endfacet
  facet normal 0.407064 0.9134 0
    outer loop
      vertex 81.1588 83.5665 4.76
      vertex 81.3327 83.489 4.75
      vertex 81.1588 83.5665 4.75
    endloop
  endfacet
  facet normal 0.951029 -0.309103 0
    outer loop
      vertex 83.5 44.7031 4.76
      vertex 83.6681 45.2203 4.75
      vertex 83.6681 45.2203 4.76
    endloop
  endfacet
  facet normal 0.951029 -0.309103 0
    outer loop
      vertex 83.6681 45.2203 4.75
      vertex 83.5 44.7031 4.76
      vertex 83.5 44.7031 4.75
    endloop
  endfacet
  facet normal 0.674361 0.218992 -0.705181
    outer loop
      vertex 81.565 80.3327 2.6
      vertex 81.4617 80.6508 2.6
      vertex 83.6681 80.7797 4.75
    endloop
  endfacet
  facet normal 0.707107 0 -0.707107
    outer loop
      vertex 81.6 46 2.6
      vertex 83.75 80 4.75
      vertex 83.75 46 4.75
    endloop
  endfacet
  facet normal 0.707107 0 -0.707107
    outer loop
      vertex 83.75 80 4.75
      vertex 81.6 46 2.6
      vertex 81.6 80 2.6
    endloop
  endfacet
  facet normal 0.526877 -0.474507 -0.705155
    outer loop
      vertex 83.0338 43.7958 4.75
      vertex 81.0706 44.811 2.6
      vertex 81.2944 45.0595 2.6
    endloop
  endfacet
  facet normal -0.416762 0.573631 -0.705164
    outer loop
      vertex 44.9294 81.189 2.6
      vertex 43.4908 82.7868 4.75
      vertex 45.2 81.3856 2.6
    endloop
  endfacet
  facet normal 0 -0.709033 -0.705175
    outer loop
      vertex 45.8328 44.4088 2.6
      vertex 80.392 42.2705 4.75
      vertex 45.608 42.2705 4.75
    endloop
  endfacet
  facet normal 0 -0.709033 -0.705175
    outer loop
      vertex 80.392 42.2705 4.75
      vertex 45.8328 44.4088 2.6
      vertex 80.1672 44.4088 2.6
    endloop
  endfacet
  facet normal -0.207926 0.978145 0
    outer loop
      vertex 45.608 83.7295 4.75
      vertex 44.8412 83.5665 4.76
      vertex 45.608 83.7295 4.76
    endloop
  endfacet
  facet normal -0.207926 0.978145 0
    outer loop
      vertex 44.8412 83.5665 4.76
      vertex 45.608 83.7295 4.75
      vertex 44.8412 83.5665 4.75
    endloop
  endfacet
  facet normal 0.614041 0.35455 -0.705159
    outer loop
      vertex 83.4258 81.5253 4.75
      vertex 81.4617 80.6508 2.6
      vertex 83.0338 82.2042 4.75
    endloop
  endfacet
  facet normal 0.705138 -0.0741805 -0.705179
    outer loop
      vertex 83.6681 45.2203 4.75
      vertex 81.565 45.6673 2.6
      vertex 81.6 46 2.6
    endloop
  endfacet
  facet normal 0.705164 0.0740707 -0.705164
    outer loop
      vertex 83.75 80 4.75
      vertex 81.6 80 2.6
      vertex 83.6681 80.7797 4.75
    endloop
  endfacet
  facet normal 0.614011 0.354588 -0.705165
    outer loop
      vertex 81.4617 80.6508 2.6
      vertex 81.2944 80.9405 2.6
      vertex 83.0338 82.2042 4.75
    endloop
  endfacet
  facet normal 0.674361 -0.218992 -0.705181
    outer loop
      vertex 83.6681 45.2203 4.75
      vertex 81.4617 45.3492 2.6
      vertex 81.565 45.6673 2.6
    endloop
  endfacet
  facet normal -0.674361 -0.218992 -0.705181
    outer loop
      vertex 44.5383 45.3492 2.6
      vertex 42.3319 45.2203 4.75
      vertex 44.435 45.6673 2.6
    endloop
  endfacet
  facet normal 0.674328 -0.21917 -0.705157
    outer loop
      vertex 83.5 44.7031 4.75
      vertex 81.4617 45.3492 2.6
      vertex 83.6681 45.2203 4.75
    endloop
  endfacet
  facet normal 0.674357 -0.219078 -0.705158
    outer loop
      vertex 81.4617 45.3492 2.6
      vertex 83.5 44.7031 4.75
      vertex 83.4258 44.4747 4.75
    endloop
  endfacet
  facet normal 0.288414 -0.647733 -0.705166
    outer loop
      vertex 81.1588 42.4335 4.75
      vertex 80.4944 44.4783 2.6
      vertex 81.875 42.7524 4.75
    endloop
  endfacet
  facet normal 0.147426 -0.693536 -0.705176
    outer loop
      vertex 80.392 42.2705 4.75
      vertex 80.1672 44.4088 2.6
      vertex 81.1588 42.4335 4.75
    endloop
  endfacet
  facet normal 0.288458 -0.647706 -0.705173
    outer loop
      vertex 81.875 42.7524 4.75
      vertex 80.4944 44.4783 2.6
      vertex 80.8 44.6144 2.6
    endloop
  endfacet
  facet normal -0.147321 -0.693573 -0.705162
    outer loop
      vertex 45.8328 44.4088 2.6
      vertex 44.8412 42.4335 4.75
      vertex 45.5056 44.4783 2.6
    endloop
  endfacet
  facet normal 0.41676 -0.573628 -0.705168
    outer loop
      vertex 81.875 42.7524 4.75
      vertex 80.8 44.6144 2.6
      vertex 81.0706 44.811 2.6
    endloop
  endfacet
  facet normal -0.288412 -0.647729 -0.70517
    outer loop
      vertex 44.8412 42.4335 4.75
      vertex 44.125 42.7524 4.75
      vertex 45.2 44.6144 2.6
    endloop
  endfacet
  facet normal -0.147426 0.693536 -0.705176
    outer loop
      vertex 45.8328 81.5912 2.6
      vertex 44.8412 83.5665 4.75
      vertex 45.608 83.7295 4.75
    endloop
  endfacet
  facet normal 0.41678 0.573615 -0.705167
    outer loop
      vertex 82.5092 82.7868 4.75
      vertex 80.8 81.3856 2.6
      vertex 81.875 83.2476 4.75
    endloop
  endfacet
  facet normal 0.416781 -0.573616 -0.705165
    outer loop
      vertex 81.875 42.7524 4.75
      vertex 81.0706 44.811 2.6
      vertex 82.5092 43.2132 4.75
    endloop
  endfacet
  facet normal 0.614041 -0.35455 -0.705159
    outer loop
      vertex 83.0338 43.7958 4.75
      vertex 81.4617 45.3492 2.6
      vertex 83.4258 44.4747 4.75
    endloop
  endfacet
  facet normal 0.705164 -0.0740707 -0.705164
    outer loop
      vertex 83.6681 45.2203 4.75
      vertex 81.6 46 2.6
      vertex 83.75 46 4.75
    endloop
  endfacet
  facet normal -0.288462 -0.647715 -0.705163
    outer loop
      vertex 45.5056 44.4783 2.6
      vertex 44.8412 42.4335 4.75
      vertex 45.2 44.6144 2.6
    endloop
  endfacet
  facet normal 0.147321 -0.693573 -0.705162
    outer loop
      vertex 81.1588 42.4335 4.75
      vertex 80.1672 44.4088 2.6
      vertex 80.4944 44.4783 2.6
    endloop
  endfacet
  facet normal 0.416762 0.573631 -0.705164
    outer loop
      vertex 81.0706 81.189 2.6
      vertex 80.8 81.3856 2.6
      vertex 82.5092 82.7868 4.75
    endloop
  endfacet
  facet normal -0.41676 -0.573628 -0.705168
    outer loop
      vertex 45.2 44.6144 2.6
      vertex 44.125 42.7524 4.75
      vertex 44.9294 44.811 2.6
    endloop
  endfacet
  facet normal 1 -0 0
    outer loop
      vertex 83.75 46 4.76
      vertex 83.75 80 4.75
      vertex 83.75 80 4.76
    endloop
  endfacet
  facet normal 1 0 0
    outer loop
      vertex 83.75 80 4.75
      vertex 83.75 46 4.76
      vertex 83.75 46 4.75
    endloop
  endfacet
  facet normal 0.288346 0.647763 -0.705166
    outer loop
      vertex 80.8 81.3856 2.6
      vertex 81.3327 83.489 4.75
      vertex 81.875 83.2476 4.75
    endloop
  endfacet
  facet normal 0.288636 0.647663 -0.70514
    outer loop
      vertex 81.3327 83.489 4.75
      vertex 80.8 81.3856 2.6
      vertex 81.1588 83.5665 4.75
    endloop
  endfacet
  facet normal 0.951029 0.309103 0
    outer loop
      vertex 83.6681 80.7797 4.76
      vertex 83.5 81.2969 4.75
      vertex 83.5 81.2969 4.76
    endloop
  endfacet
  facet normal 0.951029 0.309103 0
    outer loop
      vertex 83.5 81.2969 4.75
      vertex 83.6681 80.7797 4.76
      vertex 83.6681 80.7797 4.75
    endloop
  endfacet
  facet normal 0.147426 0.693536 -0.705176
    outer loop
      vertex 81.1588 83.5665 4.75
      vertex 80.1672 81.5912 2.6
      vertex 80.392 83.7295 4.75
    endloop
  endfacet
  facet normal 0 1 -0
    outer loop
      vertex 80.392 83.7295 4.75
      vertex 45.608 83.7295 4.76
      vertex 80.392 83.7295 4.76
    endloop
  endfacet
  facet normal 0 1 0
    outer loop
      vertex 45.608 83.7295 4.76
      vertex 80.392 83.7295 4.75
      vertex 45.608 83.7295 4.75
    endloop
  endfacet
  facet normal 0.994528 0.104466 0
    outer loop
      vertex 83.75 80 4.76
      vertex 83.6681 80.7797 4.75
      vertex 83.6681 80.7797 4.76
    endloop
  endfacet
  facet normal 0.994528 0.104466 0
    outer loop
      vertex 83.6681 80.7797 4.75
      vertex 83.75 80 4.76
      vertex 83.75 80 4.75
    endloop
  endfacet
  facet normal -0.407064 0.9134 0
    outer loop
      vertex 44.8412 83.5665 4.75
      vertex 44.6673 83.489 4.76
      vertex 44.8412 83.5665 4.76
    endloop
  endfacet
  facet normal -0.407064 0.9134 0
    outer loop
      vertex 44.6673 83.489 4.76
      vertex 44.8412 83.5665 4.75
      vertex 44.6673 83.489 4.75
    endloop
  endfacet
  facet normal 0.994528 -0.104466 0
    outer loop
      vertex 83.6681 45.2203 4.76
      vertex 83.75 46 4.75
      vertex 83.75 46 4.76
    endloop
  endfacet
  facet normal 0.994528 -0.104466 0
    outer loop
      vertex 83.75 46 4.75
      vertex 83.6681 45.2203 4.76
      vertex 83.6681 45.2203 4.75
    endloop
  endfacet
  facet normal 0 0.709033 -0.705175
    outer loop
      vertex 80.1672 81.5912 2.6
      vertex 45.608 83.7295 4.75
      vertex 80.392 83.7295 4.75
    endloop
  endfacet
  facet normal 0 0.709033 -0.705175
    outer loop
      vertex 45.608 83.7295 4.75
      vertex 80.1672 81.5912 2.6
      vertex 45.8328 81.5912 2.6
    endloop
  endfacet
  facet normal 0.614011 -0.354588 -0.705165
    outer loop
      vertex 83.0338 43.7958 4.75
      vertex 81.2944 45.0595 2.6
      vertex 81.4617 45.3492 2.6
    endloop
  endfacet
  facet normal -0.674333 -0.21914 -0.705161
    outer loop
      vertex 42.5742 44.4747 4.75
      vertex 42.3319 45.2203 4.75
      vertex 44.5383 45.3492 2.6
    endloop
  endfacet
  facet normal -0.705158 -0.0741826 -0.705158
    outer loop
      vertex 44.435 45.6673 2.6
      vertex 42.25 46 4.75
      vertex 44.4 46 2.6
    endloop
  endfacet
  facet normal -0.288462 0.647715 -0.705163
    outer loop
      vertex 45.2 81.3856 2.6
      vertex 44.8412 83.5665 4.75
      vertex 45.5056 81.5217 2.6
    endloop
  endfacet
  facet normal -0.705156 -0.0740698 -0.705173
    outer loop
      vertex 42.3319 45.2203 4.75
      vertex 42.25 46 4.75
      vertex 44.435 45.6673 2.6
    endloop
  endfacet
  facet normal 0.705138 0.0741805 -0.705179
    outer loop
      vertex 81.6 80 2.6
      vertex 81.565 80.3327 2.6
      vertex 83.6681 80.7797 4.75
    endloop
  endfacet
  facet normal -0.526877 -0.474507 -0.705155
    outer loop
      vertex 44.9294 44.811 2.6
      vertex 42.9662 43.7958 4.75
      vertex 44.7056 45.0595 2.6
    endloop
  endfacet
  facet normal -0.705158 0.0741826 -0.705158
    outer loop
      vertex 44.4 80 2.6
      vertex 42.25 80 4.75
      vertex 44.435 80.3327 2.6
    endloop
  endfacet
  facet normal -0.147321 0.693573 -0.705162
    outer loop
      vertex 45.5056 81.5217 2.6
      vertex 44.8412 83.5665 4.75
      vertex 45.8328 81.5912 2.6
    endloop
  endfacet
  facet normal 0.147321 0.693573 -0.705162
    outer loop
      vertex 80.4944 81.5217 2.6
      vertex 80.1672 81.5912 2.6
      vertex 81.1588 83.5665 4.75
    endloop
  endfacet
  facet normal 0.288462 0.647715 -0.705163
    outer loop
      vertex 80.8 81.3856 2.6
      vertex 80.4944 81.5217 2.6
      vertex 81.1588 83.5665 4.75
    endloop
  endfacet
  facet normal 0 0 1
    outer loop
      vertex 83.5 81.2969 4.76
      vertex 83.75 80 4.76
      vertex 83.6681 80.7797 4.76
    endloop
  endfacet
  facet normal 0 0 1
    outer loop
      vertex 83.75 80 4.76
      vertex 83.5 81.2969 4.76
      vertex 83.75 46 4.76
    endloop
  endfacet
  facet normal 0 0 1
    outer loop
      vertex 83.5 44.7031 4.76
      vertex 83.75 46 4.76
      vertex 83.5 81.2969 4.76
    endloop
  endfacet
  facet normal 0 0 1
    outer loop
      vertex 83.75 46 4.76
      vertex 83.5 44.7031 4.76
      vertex 83.6681 45.2203 4.76
    endloop
  endfacet
  facet normal 0 0 1
    outer loop
      vertex 80.392 83.7295 4.76
      vertex 81.3327 83.489 4.76
      vertex 81.1588 83.5665 4.76
    endloop
  endfacet
  facet normal -0 0 1
    outer loop
      vertex 45.608 83.7295 4.76
      vertex 81.3327 83.489 4.76
      vertex 80.392 83.7295 4.76
    endloop
  endfacet
  facet normal 0 0 1
    outer loop
      vertex 44.6673 83.489 4.76
      vertex 45.608 83.7295 4.76
      vertex 44.8412 83.5665 4.76
    endloop
  endfacet
  facet normal 0 0 1
    outer loop
      vertex 45.608 83.7295 4.76
      vertex 44.6673 83.489 4.76
      vertex 81.3327 83.489 4.76
    endloop
  endfacet
  facet normal -0.614041 0.35455 -0.705159
    outer loop
      vertex 44.5383 80.6508 2.6
      vertex 42.5742 81.5253 4.75
      vertex 42.9662 82.2042 4.75
    endloop
  endfacet
  facet normal 0.207926 0.978145 -0
    outer loop
      vertex 81.1588 83.5665 4.75
      vertex 80.392 83.7295 4.76
      vertex 81.1588 83.5665 4.76
    endloop
  endfacet
  facet normal 0.207926 0.978145 0
    outer loop
      vertex 80.392 83.7295 4.76
      vertex 81.1588 83.5665 4.75
      vertex 80.392 83.7295 4.75
    endloop
  endfacet
  facet normal 0.674357 0.219078 -0.705158
    outer loop
      vertex 83.5 81.2969 4.75
      vertex 81.4617 80.6508 2.6
      vertex 83.4258 81.5253 4.75
    endloop
  endfacet
  facet normal 0.674328 0.21917 -0.705157
    outer loop
      vertex 81.4617 80.6508 2.6
      vertex 83.5 81.2969 4.75
      vertex 83.6681 80.7797 4.75
    endloop
  endfacet
  facet normal -0.674361 0.218992 -0.705181
    outer loop
      vertex 44.435 80.3327 2.6
      vertex 42.3319 80.7797 4.75
      vertex 44.5383 80.6508 2.6
    endloop
  endfacet
  facet normal -0.288636 0.647663 -0.70514
    outer loop
      vertex 45.2 81.3856 2.6
      vertex 44.6673 83.489 4.75
      vertex 44.8412 83.5665 4.75
    endloop
  endfacet
  facet normal -0.288346 0.647763 -0.705166
    outer loop
      vertex 44.6673 83.489 4.75
      vertex 45.2 81.3856 2.6
      vertex 44.125 83.2476 4.75
    endloop
  endfacet
  facet normal -0.41678 0.573615 -0.705167
    outer loop
      vertex 45.2 81.3856 2.6
      vertex 43.4908 82.7868 4.75
      vertex 44.125 83.2476 4.75
    endloop
  endfacet
  facet normal -0.614011 0.354588 -0.705165
    outer loop
      vertex 44.5383 80.6508 2.6
      vertex 42.9662 82.2042 4.75
      vertex 44.7056 80.9405 2.6
    endloop
  endfacet
  facet normal -0.526877 0.474507 -0.705155
    outer loop
      vertex 44.7056 80.9405 2.6
      vertex 42.9662 82.2042 4.75
      vertex 44.9294 81.189 2.6
    endloop
  endfacet
  facet normal 0 0 -1
    outer loop
      vertex 80.1672 44.4088 2.6
      vertex 81.6 46 2.6
      vertex 81.565 45.6673 2.6
    endloop
  endfacet
  facet normal 0 0 -1
    outer loop
      vertex 44.4 46 2.6
      vertex 81.6 46 2.6
      vertex 80.1672 44.4088 2.6
    endloop
  endfacet
  facet normal 0 0 -1
    outer loop
      vertex 80.1672 44.4088 2.6
      vertex 81.565 45.6673 2.6
      vertex 81.4617 45.3492 2.6
    endloop
  endfacet
  facet normal 0 0 -1
    outer loop
      vertex 81.6 46 2.6
      vertex 44.4 46 2.6
      vertex 81.6 80 2.6
    endloop
  endfacet
  facet normal 0 0 -1
    outer loop
      vertex 80.1672 44.4088 2.6
      vertex 81.4617 45.3492 2.6
      vertex 81.2944 45.0595 2.6
    endloop
  endfacet
  facet normal 0 0 -1
    outer loop
      vertex 81.6 80 2.6
      vertex 80.1672 81.5912 2.6
      vertex 81.565 80.3327 2.6
    endloop
  endfacet
  facet normal 0 0 -1
    outer loop
      vertex 80.1672 44.4088 2.6
      vertex 81.2944 45.0595 2.6
      vertex 81.0706 44.811 2.6
    endloop
  endfacet
  facet normal 0 0 -1
    outer loop
      vertex 81.565 80.3327 2.6
      vertex 80.1672 81.5912 2.6
      vertex 81.4617 80.6508 2.6
    endloop
  endfacet
  facet normal 0 0 -1
    outer loop
      vertex 80.1672 44.4088 2.6
      vertex 81.0706 44.811 2.6
      vertex 80.8 44.6144 2.6
    endloop
  endfacet
  facet normal 0 0 -1
    outer loop
      vertex 81.4617 80.6508 2.6
      vertex 80.1672 81.5912 2.6
      vertex 81.2944 80.9405 2.6
    endloop
  endfacet
  facet normal 0 0 -1
    outer loop
      vertex 80.1672 44.4088 2.6
      vertex 80.8 44.6144 2.6
      vertex 80.4944 44.4783 2.6
    endloop
  endfacet
  facet normal 0 0 -1
    outer loop
      vertex 81.2944 80.9405 2.6
      vertex 80.1672 81.5912 2.6
      vertex 81.0706 81.189 2.6
    endloop
  endfacet
  facet normal 0 0 -1
    outer loop
      vertex 81.0706 81.189 2.6
      vertex 80.1672 81.5912 2.6
      vertex 80.8 81.3856 2.6
    endloop
  endfacet
  facet normal 0 0 -1
    outer loop
      vertex 80.8 81.3856 2.6
      vertex 80.1672 81.5912 2.6
      vertex 80.4944 81.5217 2.6
    endloop
  endfacet
  facet normal 0 0 -1
    outer loop
      vertex 44.4 46 2.6
      vertex 80.1672 44.4088 2.6
      vertex 45.8328 44.4088 2.6
    endloop
  endfacet
  facet normal 0 0 -1
    outer loop
      vertex 44.4 80 2.6
      vertex 81.6 80 2.6
      vertex 44.4 46 2.6
    endloop
  endfacet
  facet normal 0 0 -1
    outer loop
      vertex 44.4 46 2.6
      vertex 45.8328 44.4088 2.6
      vertex 45.5056 44.4783 2.6
    endloop
  endfacet
  facet normal 0 0 -1
    outer loop
      vertex 81.6 80 2.6
      vertex 44.4 80 2.6
      vertex 80.1672 81.5912 2.6
    endloop
  endfacet
  facet normal 0 0 -1
    outer loop
      vertex 44.4 46 2.6
      vertex 45.5056 44.4783 2.6
      vertex 45.2 44.6144 2.6
    endloop
  endfacet
  facet normal -0 0 -1
    outer loop
      vertex 80.1672 81.5912 2.6
      vertex 44.4 80 2.6
      vertex 45.8328 81.5912 2.6
    endloop
  endfacet
  facet normal 0 0 -1
    outer loop
      vertex 44.4 46 2.6
      vertex 45.2 44.6144 2.6
      vertex 44.9294 44.811 2.6
    endloop
  endfacet
  facet normal 0 0 -1
    outer loop
      vertex 45.8328 81.5912 2.6
      vertex 44.4 80 2.6
      vertex 45.5056 81.5217 2.6
    endloop
  endfacet
  facet normal 0 0 -1
    outer loop
      vertex 44.4 46 2.6
      vertex 44.9294 44.811 2.6
      vertex 44.7056 45.0595 2.6
    endloop
  endfacet
  facet normal 0 0 -1
    outer loop
      vertex 45.5056 81.5217 2.6
      vertex 44.4 80 2.6
      vertex 45.2 81.3856 2.6
    endloop
  endfacet
  facet normal 0 0 -1
    outer loop
      vertex 44.4 46 2.6
      vertex 44.7056 45.0595 2.6
      vertex 44.5383 45.3492 2.6
    endloop
  endfacet
  facet normal 0 0 -1
    outer loop
      vertex 45.2 81.3856 2.6
      vertex 44.4 80 2.6
      vertex 44.9294 81.189 2.6
    endloop
  endfacet
  facet normal 0 0 -1
    outer loop
      vertex 44.4 46 2.6
      vertex 44.5383 45.3492 2.6
      vertex 44.435 45.6673 2.6
    endloop
  endfacet
  facet normal 0 0 -1
    outer loop
      vertex 44.9294 81.189 2.6
      vertex 44.4 80 2.6
      vertex 44.7056 80.9405 2.6
    endloop
  endfacet
  facet normal 0 0 -1
    outer loop
      vertex 44.7056 80.9405 2.6
      vertex 44.4 80 2.6
      vertex 44.5383 80.6508 2.6
    endloop
  endfacet
  facet normal 0 0 -1
    outer loop
      vertex 44.5383 80.6508 2.6
      vertex 44.4 80 2.6
      vertex 44.435 80.3327 2.6
    endloop
  endfacet
  facet normal -0.526912 -0.474456 -0.705163
    outer loop
      vertex 43.4908 43.2132 4.75
      vertex 42.9662 43.7958 4.75
      vertex 44.9294 44.811 2.6
    endloop
  endfacet
  facet normal 0.526877 0.474507 -0.705155
    outer loop
      vertex 81.2944 80.9405 2.6
      vertex 81.0706 81.189 2.6
      vertex 83.0338 82.2042 4.75
    endloop
  endfacet
  facet normal 0.526912 0.474456 -0.705163
    outer loop
      vertex 83.0338 82.2042 4.75
      vertex 81.0706 81.189 2.6
      vertex 82.5092 82.7868 4.75
    endloop
  endfacet
  facet normal -0.614011 -0.354588 -0.705165
    outer loop
      vertex 44.7056 45.0595 2.6
      vertex 42.9662 43.7958 4.75
      vertex 44.5383 45.3492 2.6
    endloop
  endfacet
  facet normal -0.674333 0.21914 -0.705161
    outer loop
      vertex 44.5383 80.6508 2.6
      vertex 42.3319 80.7797 4.75
      vertex 42.5742 81.5253 4.75
    endloop
  endfacet
  facet normal -0.705156 0.0740698 -0.705173
    outer loop
      vertex 44.435 80.3327 2.6
      vertex 42.25 80 4.75
      vertex 42.3319 80.7797 4.75
    endloop
  endfacet
  facet normal -0.614041 -0.35455 -0.705159
    outer loop
      vertex 42.9662 43.7958 4.75
      vertex 42.5742 44.4747 4.75
      vertex 44.5383 45.3492 2.6
    endloop
  endfacet
  facet normal 0.15642 0.987691 -0
    outer loop
      vertex 44.8687 56.4222 7
      vertex 43.3179 56.6678 21.1048
      vertex 44.8687 56.4222 21.1048
    endloop
  endfacet
  facet normal 0.15642 0.987691 0
    outer loop
      vertex 43.3179 56.6678 21.1048
      vertex 44.8687 56.4222 7
      vertex 43.3179 56.6678 7
    endloop
  endfacet
  facet normal -0.35833 -0.933595 0
    outer loop
      vertex 35.6489 28.0468 7
      vertex 37.1147 27.4842 21.1048
      vertex 35.6489 28.0468 21.1048
    endloop
  endfacet
  facet normal -0.35833 -0.933595 -0
    outer loop
      vertex 37.1147 27.4842 21.1048
      vertex 35.6489 28.0468 7
      vertex 37.1147 27.4842 7
    endloop
  endfacet
  facet normal 0.987691 0.15642 0
    outer loop
      vertex 56.6678 43.3179 21.1048
      vertex 56.4222 44.8687 7
      vertex 56.4222 44.8687 21.1048
    endloop
  endfacet
  facet normal 0.987691 0.15642 0
    outer loop
      vertex 56.4222 44.8687 7
      vertex 56.6678 43.3179 21.1048
      vertex 56.6678 43.3179 7
    endloop
  endfacet
  facet normal 0.707107 0.707107 0
    outer loop
      vertex 52.8972 51.787 21.1048
      vertex 51.787 52.8972 7
      vertex 51.787 52.8972 21.1048
    endloop
  endfacet
  facet normal 0.707107 0.707107 0
    outer loop
      vertex 51.787 52.8972 7
      vertex 52.8972 51.787 21.1048
      vertex 52.8972 51.787 7
    endloop
  endfacet
  facet normal 0.987691 -0.15642 0
    outer loop
      vertex 56.4222 38.6313 21.1048
      vertex 56.6678 40.1821 7
      vertex 56.6678 40.1821 21.1048
    endloop
  endfacet
  facet normal 0.987691 -0.15642 0
    outer loop
      vertex 56.6678 40.1821 7
      vertex 56.4222 38.6313 21.1048
      vertex 56.4222 38.6313 7
    endloop
  endfacet
  facet normal -0.258836 0.965921 0
    outer loop
      vertex 38.6313 56.4222 7
      vertex 37.1147 56.0158 21.1048
      vertex 38.6313 56.4222 21.1048
    endloop
  endfacet
  facet normal -0.258836 0.965921 0
    outer loop
      vertex 37.1147 56.0158 21.1048
      vertex 38.6313 56.4222 7
      vertex 37.1147 56.0158 7
    endloop
  endfacet
  facet normal -0.998629 -0.0523549 0
    outer loop
      vertex 26.8322 40.1821 7
      vertex 26.75 41.75 21.1048
      vertex 26.75 41.75 7
    endloop
  endfacet
  facet normal -0.998629 -0.0523549 0
    outer loop
      vertex 26.75 41.75 21.1048
      vertex 26.8322 40.1821 7
      vertex 26.8322 40.1821 21.1048
    endloop
  endfacet
  facet normal 0.998629 -0.0523549 0
    outer loop
      vertex 56.6678 40.1821 21.1048
      vertex 56.75 41.75 7
      vertex 56.75 41.75 21.1048
    endloop
  endfacet
  facet normal 0.998629 -0.0523549 0
    outer loop
      vertex 56.75 41.75 7
      vertex 56.6678 40.1821 21.1048
      vertex 56.6678 40.1821 7
    endloop
  endfacet
  facet normal -0.965921 0.258836 0
    outer loop
      vertex 27.0778 44.8687 7
      vertex 27.4842 46.3853 21.1048
      vertex 27.4842 46.3853 7
    endloop
  endfacet
  facet normal -0.965921 0.258836 0
    outer loop
      vertex 27.4842 46.3853 21.1048
      vertex 27.0778 44.8687 7
      vertex 27.0778 44.8687 21.1048
    endloop
  endfacet
  facet normal -0.454003 -0.891 0
    outer loop
      vertex 34.25 28.7596 7
      vertex 35.6489 28.0468 21.1048
      vertex 34.25 28.7596 21.1048
    endloop
  endfacet
  facet normal -0.454003 -0.891 -0
    outer loop
      vertex 35.6489 28.0468 21.1048
      vertex 34.25 28.7596 7
      vertex 35.6489 28.0468 7
    endloop
  endfacet
  facet normal -0.965921 -0.258836 0
    outer loop
      vertex 27.4842 37.1147 7
      vertex 27.0778 38.6313 21.1048
      vertex 27.0778 38.6313 7
    endloop
  endfacet
  facet normal -0.965921 -0.258836 0
    outer loop
      vertex 27.0778 38.6313 21.1048
      vertex 27.4842 37.1147 7
      vertex 27.4842 37.1147 21.1048
    endloop
  endfacet
  facet normal -0.777145 -0.629321 0
    outer loop
      vertex 30.6028 31.713 7
      vertex 29.6147 32.9332 21.1048
      vertex 29.6147 32.9332 7
    endloop
  endfacet
  facet normal -0.777145 -0.629321 0
    outer loop
      vertex 29.6147 32.9332 21.1048
      vertex 30.6028 31.713 7
      vertex 30.6028 31.713 21.1048
    endloop
  endfacet
  facet normal 0.998629 0.0523549 0
    outer loop
      vertex 56.75 41.75 21.1048
      vertex 56.6678 43.3179 7
      vertex 56.6678 43.3179 21.1048
    endloop
  endfacet
  facet normal 0.998629 0.0523549 0
    outer loop
      vertex 56.6678 43.3179 7
      vertex 56.75 41.75 21.1048
      vertex 56.75 41.75 7
    endloop
  endfacet
  facet normal 0.965921 -0.258836 0
    outer loop
      vertex 56.0158 37.1147 21.1048
      vertex 56.4222 38.6313 7
      vertex 56.4222 38.6313 21.1048
    endloop
  endfacet
  facet normal 0.965921 -0.258836 0
    outer loop
      vertex 56.4222 38.6313 7
      vertex 56.0158 37.1147 21.1048
      vertex 56.0158 37.1147 7
    endloop
  endfacet
  facet normal 0.838682 -0.544621 0
    outer loop
      vertex 53.8853 32.9332 21.1048
      vertex 54.7404 34.25 7
      vertex 54.7404 34.25 21.1048
    endloop
  endfacet
  facet normal 0.838682 -0.544621 0
    outer loop
      vertex 54.7404 34.25 7
      vertex 53.8853 32.9332 21.1048
      vertex 53.8853 32.9332 7
    endloop
  endfacet
  facet normal -0.0523549 -0.998629 0
    outer loop
      vertex 40.1821 26.8322 7
      vertex 41.75 26.75 21.1048
      vertex 40.1821 26.8322 21.1048
    endloop
  endfacet
  facet normal -0.0523549 -0.998629 -0
    outer loop
      vertex 41.75 26.75 21.1048
      vertex 40.1821 26.8322 7
      vertex 41.75 26.75 7
    endloop
  endfacet
  facet normal 0.777145 0.629321 0
    outer loop
      vertex 53.8853 50.5668 21.1048
      vertex 52.8972 51.787 7
      vertex 52.8972 51.787 21.1048
    endloop
  endfacet
  facet normal 0.777145 0.629321 0
    outer loop
      vertex 52.8972 51.787 7
      vertex 53.8853 50.5668 21.1048
      vertex 53.8853 50.5668 7
    endloop
  endfacet
  facet normal -0.454003 0.891 0
    outer loop
      vertex 35.6489 55.4532 7
      vertex 34.25 54.7404 21.1048
      vertex 35.6489 55.4532 21.1048
    endloop
  endfacet
  facet normal -0.454003 0.891 0
    outer loop
      vertex 34.25 54.7404 21.1048
      vertex 35.6489 55.4532 7
      vertex 34.25 54.7404 7
    endloop
  endfacet
  facet normal -0.933595 0.35833 0
    outer loop
      vertex 27.4842 46.3853 7
      vertex 28.0468 47.8511 21.1048
      vertex 28.0468 47.8511 7
    endloop
  endfacet
  facet normal -0.933595 0.35833 0
    outer loop
      vertex 28.0468 47.8511 21.1048
      vertex 27.4842 46.3853 7
      vertex 27.4842 46.3853 21.1048
    endloop
  endfacet
  facet normal -0.544621 -0.838682 0
    outer loop
      vertex 32.9332 29.6147 7
      vertex 34.25 28.7596 21.1048
      vertex 32.9332 29.6147 21.1048
    endloop
  endfacet
  facet normal -0.544621 -0.838682 -0
    outer loop
      vertex 34.25 28.7596 21.1048
      vertex 32.9332 29.6147 7
      vertex 34.25 28.7596 7
    endloop
  endfacet
  facet normal 0.454003 -0.891 0
    outer loop
      vertex 47.8511 28.0468 7
      vertex 49.25 28.7596 21.1048
      vertex 47.8511 28.0468 21.1048
    endloop
  endfacet
  facet normal 0.454003 -0.891 0
    outer loop
      vertex 49.25 28.7596 21.1048
      vertex 47.8511 28.0468 7
      vertex 49.25 28.7596 7
    endloop
  endfacet
  facet normal -0.838682 -0.544621 0
    outer loop
      vertex 29.6147 32.9332 7
      vertex 28.7596 34.25 21.1048
      vertex 28.7596 34.25 7
    endloop
  endfacet
  facet normal -0.838682 -0.544621 0
    outer loop
      vertex 28.7596 34.25 21.1048
      vertex 29.6147 32.9332 7
      vertex 29.6147 32.9332 21.1048
    endloop
  endfacet
  facet normal -0.629321 -0.777145 0
    outer loop
      vertex 31.713 30.6028 7
      vertex 32.9332 29.6147 21.1048
      vertex 31.713 30.6028 21.1048
    endloop
  endfacet
  facet normal -0.629321 -0.777145 -0
    outer loop
      vertex 32.9332 29.6147 21.1048
      vertex 31.713 30.6028 7
      vertex 32.9332 29.6147 7
    endloop
  endfacet
  facet normal 0.891 0.454003 0
    outer loop
      vertex 55.4532 47.8511 21.1048
      vertex 54.7404 49.25 7
      vertex 54.7404 49.25 21.1048
    endloop
  endfacet
  facet normal 0.891 0.454003 0
    outer loop
      vertex 54.7404 49.25 7
      vertex 55.4532 47.8511 21.1048
      vertex 55.4532 47.8511 7
    endloop
  endfacet
  facet normal 0.965921 0.258836 0
    outer loop
      vertex 56.4222 44.8687 21.1048
      vertex 56.0158 46.3853 7
      vertex 56.0158 46.3853 21.1048
    endloop
  endfacet
  facet normal 0.965921 0.258836 0
    outer loop
      vertex 56.0158 46.3853 7
      vertex 56.4222 44.8687 21.1048
      vertex 56.4222 44.8687 7
    endloop
  endfacet
  facet normal 0.629321 -0.777145 0
    outer loop
      vertex 50.5668 29.6147 7
      vertex 51.787 30.6028 21.1048
      vertex 50.5668 29.6147 21.1048
    endloop
  endfacet
  facet normal 0.629321 -0.777145 0
    outer loop
      vertex 51.787 30.6028 21.1048
      vertex 50.5668 29.6147 7
      vertex 51.787 30.6028 7
    endloop
  endfacet
  facet normal -0.777145 0.629321 0
    outer loop
      vertex 29.6147 50.5668 7
      vertex 30.6028 51.787 21.1048
      vertex 30.6028 51.787 7
    endloop
  endfacet
  facet normal -0.777145 0.629321 0
    outer loop
      vertex 30.6028 51.787 21.1048
      vertex 29.6147 50.5668 7
      vertex 29.6147 50.5668 21.1048
    endloop
  endfacet
  facet normal -0.707107 -0.707107 0
    outer loop
      vertex 31.713 30.6028 7
      vertex 30.6028 31.713 21.1048
      vertex 30.6028 31.713 7
    endloop
  endfacet
  facet normal -0.707107 -0.707107 0
    outer loop
      vertex 30.6028 31.713 21.1048
      vertex 31.713 30.6028 7
      vertex 31.713 30.6028 21.1048
    endloop
  endfacet
  facet normal -0.35833 0.933595 0
    outer loop
      vertex 37.1147 56.0158 7
      vertex 35.6489 55.4532 21.1048
      vertex 37.1147 56.0158 21.1048
    endloop
  endfacet
  facet normal -0.35833 0.933595 0
    outer loop
      vertex 35.6489 55.4532 21.1048
      vertex 37.1147 56.0158 7
      vertex 35.6489 55.4532 7
    endloop
  endfacet
  facet normal 0.15642 -0.987691 0
    outer loop
      vertex 43.3179 26.8322 7
      vertex 44.8687 27.0778 21.1048
      vertex 43.3179 26.8322 21.1048
    endloop
  endfacet
  facet normal 0.15642 -0.987691 0
    outer loop
      vertex 44.8687 27.0778 21.1048
      vertex 43.3179 26.8322 7
      vertex 44.8687 27.0778 7
    endloop
  endfacet
  facet normal 0.544621 0.838682 -0
    outer loop
      vertex 50.5668 53.8853 7
      vertex 49.25 54.7404 21.1048
      vertex 50.5668 53.8853 21.1048
    endloop
  endfacet
  facet normal 0.544621 0.838682 0
    outer loop
      vertex 49.25 54.7404 21.1048
      vertex 50.5668 53.8853 7
      vertex 49.25 54.7404 7
    endloop
  endfacet
  facet normal 0.629321 0.777145 -0
    outer loop
      vertex 51.787 52.8972 7
      vertex 50.5668 53.8853 21.1048
      vertex 51.787 52.8972 21.1048
    endloop
  endfacet
  facet normal 0.629321 0.777145 0
    outer loop
      vertex 50.5668 53.8853 21.1048
      vertex 51.787 52.8972 7
      vertex 50.5668 53.8853 7
    endloop
  endfacet
  facet normal 0.258836 0.965921 -0
    outer loop
      vertex 46.3853 56.0158 7
      vertex 44.8687 56.4222 21.1048
      vertex 46.3853 56.0158 21.1048
    endloop
  endfacet
  facet normal 0.258836 0.965921 0
    outer loop
      vertex 44.8687 56.4222 21.1048
      vertex 46.3853 56.0158 7
      vertex 44.8687 56.4222 7
    endloop
  endfacet
  facet normal 0.777145 -0.629321 0
    outer loop
      vertex 52.8972 31.713 21.1048
      vertex 53.8853 32.9332 7
      vertex 53.8853 32.9332 21.1048
    endloop
  endfacet
  facet normal 0.777145 -0.629321 0
    outer loop
      vertex 53.8853 32.9332 7
      vertex 52.8972 31.713 21.1048
      vertex 52.8972 31.713 7
    endloop
  endfacet
  facet normal 0.258836 -0.965921 0
    outer loop
      vertex 44.8687 27.0778 7
      vertex 46.3853 27.4842 21.1048
      vertex 44.8687 27.0778 21.1048
    endloop
  endfacet
  facet normal 0.258836 -0.965921 0
    outer loop
      vertex 46.3853 27.4842 21.1048
      vertex 44.8687 27.0778 7
      vertex 46.3853 27.4842 7
    endloop
  endfacet
  facet normal 0.544621 -0.838682 0
    outer loop
      vertex 49.25 28.7596 7
      vertex 50.5668 29.6147 21.1048
      vertex 49.25 28.7596 21.1048
    endloop
  endfacet
  facet normal 0.544621 -0.838682 0
    outer loop
      vertex 50.5668 29.6147 21.1048
      vertex 49.25 28.7596 7
      vertex 50.5668 29.6147 7
    endloop
  endfacet
  facet normal 0.35833 -0.933595 0
    outer loop
      vertex 46.3853 27.4842 7
      vertex 47.8511 28.0468 21.1048
      vertex 46.3853 27.4842 21.1048
    endloop
  endfacet
  facet normal 0.35833 -0.933595 0
    outer loop
      vertex 47.8511 28.0468 21.1048
      vertex 46.3853 27.4842 7
      vertex 47.8511 28.0468 7
    endloop
  endfacet
  facet normal 0.35833 0.933595 -0
    outer loop
      vertex 47.8511 55.4532 7
      vertex 46.3853 56.0158 21.1048
      vertex 47.8511 55.4532 21.1048
    endloop
  endfacet
  facet normal 0.35833 0.933595 0
    outer loop
      vertex 46.3853 56.0158 21.1048
      vertex 47.8511 55.4532 7
      vertex 46.3853 56.0158 7
    endloop
  endfacet
  facet normal -0.629321 0.777145 0
    outer loop
      vertex 32.9332 53.8853 7
      vertex 31.713 52.8972 21.1048
      vertex 32.9332 53.8853 21.1048
    endloop
  endfacet
  facet normal -0.629321 0.777145 0
    outer loop
      vertex 31.713 52.8972 21.1048
      vertex 32.9332 53.8853 7
      vertex 31.713 52.8972 7
    endloop
  endfacet
  facet normal -0.0523549 0.998629 0
    outer loop
      vertex 41.75 56.75 7
      vertex 40.1821 56.6678 21.1048
      vertex 41.75 56.75 21.1048
    endloop
  endfacet
  facet normal -0.0523549 0.998629 0
    outer loop
      vertex 40.1821 56.6678 21.1048
      vertex 41.75 56.75 7
      vertex 40.1821 56.6678 7
    endloop
  endfacet
  facet normal -0.987691 -0.15642 0
    outer loop
      vertex 27.0778 38.6313 7
      vertex 26.8322 40.1821 21.1048
      vertex 26.8322 40.1821 7
    endloop
  endfacet
  facet normal -0.987691 -0.15642 0
    outer loop
      vertex 26.8322 40.1821 21.1048
      vertex 27.0778 38.6313 7
      vertex 27.0778 38.6313 21.1048
    endloop
  endfacet
  facet normal -0.891 0.454003 0
    outer loop
      vertex 28.0468 47.8511 7
      vertex 28.7596 49.25 21.1048
      vertex 28.7596 49.25 7
    endloop
  endfacet
  facet normal -0.891 0.454003 0
    outer loop
      vertex 28.7596 49.25 21.1048
      vertex 28.0468 47.8511 7
      vertex 28.0468 47.8511 21.1048
    endloop
  endfacet
  facet normal 0.0523549 -0.998629 0
    outer loop
      vertex 41.75 26.75 7
      vertex 43.3179 26.8322 21.1048
      vertex 41.75 26.75 21.1048
    endloop
  endfacet
  facet normal 0.0523549 -0.998629 0
    outer loop
      vertex 43.3179 26.8322 21.1048
      vertex 41.75 26.75 7
      vertex 43.3179 26.8322 7
    endloop
  endfacet
  facet normal -0.891 -0.454003 0
    outer loop
      vertex 28.7596 34.25 7
      vertex 28.0468 35.6489 21.1048
      vertex 28.0468 35.6489 7
    endloop
  endfacet
  facet normal -0.891 -0.454003 0
    outer loop
      vertex 28.0468 35.6489 21.1048
      vertex 28.7596 34.25 7
      vertex 28.7596 34.25 21.1048
    endloop
  endfacet
  facet normal 0.454003 0.891 -0
    outer loop
      vertex 49.25 54.7404 7
      vertex 47.8511 55.4532 21.1048
      vertex 49.25 54.7404 21.1048
    endloop
  endfacet
  facet normal 0.454003 0.891 0
    outer loop
      vertex 47.8511 55.4532 21.1048
      vertex 49.25 54.7404 7
      vertex 47.8511 55.4532 7
    endloop
  endfacet
  facet normal -0.933595 -0.35833 0
    outer loop
      vertex 28.0468 35.6489 7
      vertex 27.4842 37.1147 21.1048
      vertex 27.4842 37.1147 7
    endloop
  endfacet
  facet normal -0.933595 -0.35833 0
    outer loop
      vertex 27.4842 37.1147 21.1048
      vertex 28.0468 35.6489 7
      vertex 28.0468 35.6489 21.1048
    endloop
  endfacet
  facet normal -0.15642 0.987691 0
    outer loop
      vertex 40.1821 56.6678 7
      vertex 38.6313 56.4222 21.1048
      vertex 40.1821 56.6678 21.1048
    endloop
  endfacet
  facet normal -0.15642 0.987691 0
    outer loop
      vertex 38.6313 56.4222 21.1048
      vertex 40.1821 56.6678 7
      vertex 38.6313 56.4222 7
    endloop
  endfacet
  facet normal 0.891 -0.454003 0
    outer loop
      vertex 54.7404 34.25 21.1048
      vertex 55.4532 35.6489 7
      vertex 55.4532 35.6489 21.1048
    endloop
  endfacet
  facet normal 0.891 -0.454003 0
    outer loop
      vertex 55.4532 35.6489 7
      vertex 54.7404 34.25 21.1048
      vertex 54.7404 34.25 7
    endloop
  endfacet
  facet normal 0.0523549 0.998629 -0
    outer loop
      vertex 43.3179 56.6678 7
      vertex 41.75 56.75 21.1048
      vertex 43.3179 56.6678 21.1048
    endloop
  endfacet
  facet normal 0.0523549 0.998629 0
    outer loop
      vertex 41.75 56.75 21.1048
      vertex 43.3179 56.6678 7
      vertex 41.75 56.75 7
    endloop
  endfacet
  facet normal 0.933595 0.35833 0
    outer loop
      vertex 56.0158 46.3853 21.1048
      vertex 55.4532 47.8511 7
      vertex 55.4532 47.8511 21.1048
    endloop
  endfacet
  facet normal 0.933595 0.35833 0
    outer loop
      vertex 55.4532 47.8511 7
      vertex 56.0158 46.3853 21.1048
      vertex 56.0158 46.3853 7
    endloop
  endfacet
  facet normal 0.838682 0.544621 0
    outer loop
      vertex 54.7404 49.25 21.1048
      vertex 53.8853 50.5668 7
      vertex 53.8853 50.5668 21.1048
    endloop
  endfacet
  facet normal 0.838682 0.544621 0
    outer loop
      vertex 53.8853 50.5668 7
      vertex 54.7404 49.25 21.1048
      vertex 54.7404 49.25 7
    endloop
  endfacet
  facet normal -0.998629 0.0523549 0
    outer loop
      vertex 26.75 41.75 7
      vertex 26.8322 43.3179 21.1048
      vertex 26.8322 43.3179 7
    endloop
  endfacet
  facet normal -0.998629 0.0523549 0
    outer loop
      vertex 26.8322 43.3179 21.1048
      vertex 26.75 41.75 7
      vertex 26.75 41.75 21.1048
    endloop
  endfacet
  facet normal -0.544621 0.838682 0
    outer loop
      vertex 34.25 54.7404 7
      vertex 32.9332 53.8853 21.1048
      vertex 34.25 54.7404 21.1048
    endloop
  endfacet
  facet normal -0.544621 0.838682 0
    outer loop
      vertex 32.9332 53.8853 21.1048
      vertex 34.25 54.7404 7
      vertex 32.9332 53.8853 7
    endloop
  endfacet
  facet normal -0.258836 -0.965921 0
    outer loop
      vertex 37.1147 27.4842 7
      vertex 38.6313 27.0778 21.1048
      vertex 37.1147 27.4842 21.1048
    endloop
  endfacet
  facet normal -0.258836 -0.965921 -0
    outer loop
      vertex 38.6313 27.0778 21.1048
      vertex 37.1147 27.4842 7
      vertex 38.6313 27.0778 7
    endloop
  endfacet
  facet normal -0.987691 0.15642 0
    outer loop
      vertex 26.8322 43.3179 7
      vertex 27.0778 44.8687 21.1048
      vertex 27.0778 44.8687 7
    endloop
  endfacet
  facet normal -0.987691 0.15642 0
    outer loop
      vertex 27.0778 44.8687 21.1048
      vertex 26.8322 43.3179 7
      vertex 26.8322 43.3179 21.1048
    endloop
  endfacet
  facet normal 0.933595 -0.35833 0
    outer loop
      vertex 55.4532 35.6489 21.1048
      vertex 56.0158 37.1147 7
      vertex 56.0158 37.1147 21.1048
    endloop
  endfacet
  facet normal 0.933595 -0.35833 0
    outer loop
      vertex 56.0158 37.1147 7
      vertex 55.4532 35.6489 21.1048
      vertex 55.4532 35.6489 7
    endloop
  endfacet
  facet normal -0.707107 0.707107 0
    outer loop
      vertex 30.6028 51.787 7
      vertex 31.713 52.8972 21.1048
      vertex 31.713 52.8972 7
    endloop
  endfacet
  facet normal -0.707107 0.707107 0
    outer loop
      vertex 31.713 52.8972 21.1048
      vertex 30.6028 51.787 7
      vertex 30.6028 51.787 21.1048
    endloop
  endfacet
  facet normal -0.838682 0.544621 0
    outer loop
      vertex 28.7596 49.25 7
      vertex 29.6147 50.5668 21.1048
      vertex 29.6147 50.5668 7
    endloop
  endfacet
  facet normal -0.838682 0.544621 0
    outer loop
      vertex 29.6147 50.5668 21.1048
      vertex 28.7596 49.25 7
      vertex 28.7596 49.25 21.1048
    endloop
  endfacet
  facet normal -0.15642 -0.987691 0
    outer loop
      vertex 38.6313 27.0778 7
      vertex 40.1821 26.8322 21.1048
      vertex 38.6313 27.0778 21.1048
    endloop
  endfacet
  facet normal -0.15642 -0.987691 -0
    outer loop
      vertex 40.1821 26.8322 21.1048
      vertex 38.6313 27.0778 7
      vertex 40.1821 26.8322 7
    endloop
  endfacet
  facet normal 0.707107 -0.707107 0
    outer loop
      vertex 51.787 30.6028 7
      vertex 52.8972 31.713 21.1048
      vertex 51.787 30.6028 21.1048
    endloop
  endfacet
  facet normal 0.707107 -0.707107 0
    outer loop
      vertex 52.8972 31.713 21.1048
      vertex 51.787 30.6028 7
      vertex 52.8972 31.713 7
    endloop
  endfacet
  facet normal -0.0108996 -0.0088246 0.999902
    outer loop
      vertex 41.114 41.2879 23
      vertex 39.849 40.3689 22.9781
      vertex 40.0038 40.1777 22.9781
    endloop
  endfacet
  facet normal -0.0497329 -0.0322853 0.998241
    outer loop
      vertex 37.0883 39.0586 22.8697
      vertex 35.8444 38.3404 22.7845
      vertex 37.3951 38.586 22.8697
    endloop
  endfacet
  facet normal 0.0768135 -0.00402438 0.997037
    outer loop
      vertex 49.9308 41.75 22.6796
      vertex 48.5692 41.75 22.7845
      vertex 49.886 40.8949 22.6796
    endloop
  endfacet
  facet normal -0.0088246 -0.0108996 0.999902
    outer loop
      vertex 41.2879 41.114 23
      vertex 40.1777 40.0038 22.9781
      vertex 40.3689 39.849 22.9781
    endloop
  endfacet
  facet normal 0.494481 0.6106 0.618593
    outer loop
      vertex 50.5668 53.8853 21.1048
      vertex 50.4702 53.7523 21.3133
      vertex 51.677 52.775 21.3133
    endloop
  endfacet
  facet normal -0.379573 0.0198876 0.924948
    outer loop
      vertex 27.8039 43.2158 21.7177
      vertex 27.2412 41.75 21.5183
      vertex 27.7271 41.75 21.7177
    endloop
  endfacet
  facet normal 0.0449327 0.283706 0.957858
    outer loop
      vertex 44.6655 55.4665 21.7177
      vertex 43.2158 55.6961 21.7177
      vertex 44.5326 54.841 21.9092
    endloop
  endfacet
  facet normal 0.117827 0.0186596 0.992859
    outer loop
      vertex 52.1391 43.9583 22.4162
      vertex 50.9962 43.7153 22.5564
      vertex 52.313 42.8602 22.4162
    endloop
  endfacet
  facet normal 0.283688 -0.0449202 0.957864
    outer loop
      vertex 55.0601 40.3511 21.9092
      vertex 54.841 38.9674 21.9092
      vertex 55.6961 40.2842 21.7177
    endloop
  endfacet
  facet normal -0.0155343 -0.0404766 0.99906
    outer loop
      vertex 40.1688 38.1985 22.9345
      vertex 39.5606 36.8325 22.8697
      vertex 40.5487 38.0527 22.9345
    endloop
  endfacet
  facet normal -0.375437 0.0594732 0.924938
    outer loop
      vertex 27.5583 44.7665 21.5183
      vertex 27.3207 43.2666 21.5183
      vertex 27.8039 43.2158 21.7177
    endloop
  endfacet
  facet normal 0.367146 0.0983769 0.924946
    outer loop
      vertex 55.5487 46.2335 21.5183
      vertex 55.0866 46.0833 21.7177
      vertex 55.4665 44.6655 21.7177
    endloop
  endfacet
  facet normal 0.513789 -0.137695 0.846794
    outer loop
      vertex 56.2615 38.6655 21.3133
      vertex 55.5487 37.2665 21.5183
      vertex 55.8595 37.1655 21.3133
    endloop
  endfacet
  facet normal 0.658958 0.427913 0.618599
    outer loop
      vertex 53.8853 50.5668 21.1048
      vertex 53.7523 50.4702 21.3133
      vertex 54.7404 49.25 21.1048
    endloop
  endfacet
  facet normal 0.0649755 0.10005 0.992859
    outer loop
      vertex 47.0606 50.9482 22.4162
      vertex 46.4764 49.9363 22.5564
      vertex 47.3062 49.3974 22.5564
    endloop
  endfacet
  facet normal -0.531074 -0.0278431 0.846868
    outer loop
      vertex 27.2412 41.75 21.5183
      vertex 26.9143 41.75 21.3133
      vertex 26.9956 40.1993 21.3133
    endloop
  endfacet
  facet normal -0.759066 0.20343 0.618413
    outer loop
      vertex 27.6405 46.3345 21.3133
      vertex 27.0778 44.8687 21.1048
      vertex 27.2385 44.8345 21.3133
    endloop
  endfacet
  facet normal -0.210399 -0.0807618 0.974274
    outer loop
      vertex 30.2418 36.6262 22.0908
      vertex 29.0216 37.6143 21.9092
      vertex 29.5236 36.3065 21.9092
    endloop
  endfacet
  facet normal -0.11523 -0.030875 0.992859
    outer loop
      vertex 32.5038 39.7847 22.5564
      vertex 31.3609 39.5417 22.4162
      vertex 32.7599 38.8289 22.5564
    endloop
  endfacet
  facet normal 0.0282792 -0.178517 0.98353
    outer loop
      vertex 44.3691 29.428 22.0908
      vertex 42.9702 30.1408 22.2604
      vertex 43.0668 29.2217 22.0908
    endloop
  endfacet
  facet normal 0.427913 -0.658958 0.618599
    outer loop
      vertex 50.4702 29.7477 21.3133
      vertex 49.25 28.7596 21.1048
      vertex 50.5668 29.6147 21.1048
    endloop
  endfacet
  facet normal -0.0597759 -0.0484118 0.997037
    outer loop
      vertex 36.6823 37.1871 22.7845
      vertex 35.1316 36.9414 22.6796
      vertex 35.6705 36.276 22.6796
    endloop
  endfacet
  facet normal -0.168739 0.0647816 0.98353
    outer loop
      vertex 30.2418 46.8738 22.0908
      vertex 29.7692 45.6428 22.0908
      vertex 30.6481 45.3572 22.2604
    endloop
  endfacet
  facet normal 0.318792 0.207021 0.92494
    outer loop
      vertex 54.315 49.0044 21.5183
      vertex 53.0948 49.9925 21.7177
      vertex 53.8942 48.7615 21.7177
    endloop
  endfacet
  facet normal 0.531088 0.0278396 0.846859
    outer loop
      vertex 56.5044 43.3007 21.3133
      vertex 56.1793 43.2666 21.5183
      vertex 56.2588 41.75 21.5183
    endloop
  endfacet
  facet normal -0.494481 0.6106 0.618593
    outer loop
      vertex 32.9332 53.8853 21.1048
      vertex 31.823 52.775 21.3133
      vertex 33.0298 53.7523 21.3133
    endloop
  endfacet
  facet normal 0.0647796 0.168746 0.983528
    outer loop
      vertex 46.8738 53.2582 22.0908
      vertex 45.3572 52.8519 22.2604
      vertex 46.4979 52.414 22.2604
    endloop
  endfacet
  facet normal 0.00220033 -0.0138501 0.999902
    outer loop
      vertex 41.9134 40.9811 23
      vertex 41.8322 40.9682 23
      vertex 41.9956 39.4131 22.9781
    endloop
  endfacet
  facet normal 0.0449202 0.283688 0.957864
    outer loop
      vertex 43.2158 55.6961 21.7177
      vertex 43.1489 55.0601 21.9092
      vertex 44.5326 54.841 21.9092
    endloop
  endfacet
  facet normal -0.255927 -0.130403 0.95786
    outer loop
      vertex 29.5236 36.3065 21.9092
      vertex 28.9394 36.0464 21.7177
      vertex 30.1596 35.0583 21.9092
    endloop
  endfacet
  facet normal -0.531074 0.0278431 0.846868
    outer loop
      vertex 26.9956 43.3007 21.3133
      vertex 26.9143 41.75 21.3133
      vertex 27.2412 41.75 21.5183
    endloop
  endfacet
  facet normal -0.117831 -0.0186658 0.992858
    outer loop
      vertex 32.349 40.7619 22.5564
      vertex 31.187 40.6398 22.4162
      vertex 32.5038 39.7847 22.5564
    endloop
  endfacet
  facet normal 0.0460828 0.0373166 0.99824
    outer loop
      vertex 46.8177 46.3129 22.7845
      vertex 45.7503 45.3519 22.8697
      vertex 46.1049 44.914 22.8697
    endloop
  endfacet
  facet normal 0.103725 -0.103725 0.989183
    outer loop
      vertex 49.6431 34.6431 22.4162
      vertex 49.5609 33.0751 22.2604
      vertex 50.4249 33.9391 22.2604
    endloop
  endfacet
  facet normal 0.103725 -0.103725 0.989183
    outer loop
      vertex 49.5609 33.0751 22.2604
      vertex 49.6431 34.6431 22.4162
      vertex 48.8569 33.8569 22.4162
    endloop
  endfacet
  facet normal 0.130706 -0.0665934 0.989182
    outer loop
      vertex 51.4529 37.43 22.4162
      vertex 50.9482 36.4394 22.4162
      vertex 51.8593 35.9134 22.2604
    endloop
  endfacet
  facet normal 0.203385 -0.758989 0.618523
    outer loop
      vertex 46.3345 27.6405 21.3133
      vertex 44.8687 27.0778 21.1048
      vertex 46.3853 27.4842 21.1048
    endloop
  endfacet
  facet normal 0.190627 0.496588 0.846795
    outer loop
      vertex 46.3345 55.8595 21.3133
      vertex 46.2335 55.5487 21.5183
      vertex 47.7842 55.303 21.3133
    endloop
  endfacet
  facet normal 0.784773 0.0411432 0.618416
    outer loop
      vertex 56.6678 43.3179 21.1048
      vertex 56.5044 43.3007 21.3133
      vertex 56.75 41.75 21.1048
    endloop
  endfacet
  facet normal 0.494419 -0.610556 0.618686
    outer loop
      vertex 51.677 30.725 21.3133
      vertex 50.5668 29.6147 21.1048
      vertex 51.787 30.6028 21.1048
    endloop
  endfacet
  facet normal 0.223207 -0.180746 0.957867
    outer loop
      vertex 53.0948 33.5075 21.7177
      vertex 51.6958 32.7947 21.9092
      vertex 52.1711 32.3668 21.7177
    endloop
  endfacet
  facet normal 0.0525813 -0.0809649 0.995329
    outer loop
      vertex 47.3062 34.1026 22.5564
      vertex 45.8404 34.6652 22.6796
      vertex 46.4764 33.5637 22.5564
    endloop
  endfacet
  facet normal 0.255922 -0.130397 0.957862
    outer loop
      vertex 54.5606 36.0464 21.7177
      vertex 53.3404 35.0583 21.9092
      vertex 53.8942 34.7385 21.7177
    endloop
  endfacet
  facet normal 0.130397 -0.255922 0.957862
    outer loop
      vertex 48.4417 30.1596 21.9092
      vertex 47.4536 28.9394 21.7177
      vertex 48.7615 29.6058 21.7177
    endloop
  endfacet
  facet normal 0.295439 -0.239237 0.924922
    outer loop
      vertex 53.0948 33.5075 21.7177
      vertex 52.1711 32.3668 21.7177
      vertex 52.5321 32.0417 21.5183
    endloop
  endfacet
  facet normal 0.0283389 0.00148528 0.999597
    outer loop
      vertex 45.6163 42.1564 22.9345
      vertex 44.0997 41.75 22.9781
      vertex 45.6376 41.75 22.9345
    endloop
  endfacet
  facet normal 0.00636693 0.0124955 0.999902
    outer loop
      vertex 42.9249 43.7849 22.9781
      vertex 42.0697 42.4682 23
      vertex 42.1431 42.4308 23
    endloop
  endfacet
  facet normal -0.286834 -0.0150286 0.957862
    outer loop
      vertex 28.3666 41.75 21.9092
      vertex 27.7271 41.75 21.7177
      vertex 27.8039 40.2842 21.7177
    endloop
  endfacet
  facet normal -0.0282711 0.178532 0.983528
    outer loop
      vertex 40.5298 53.3592 22.2604
      vertex 39.1309 54.072 22.0908
      vertex 39.323 53.1681 22.2604
    endloop
  endfacet
  facet normal 0.146497 0.00768381 0.989181
    outer loop
      vertex 53.3592 42.9702 22.2604
      vertex 52.3712 41.75 22.4162
      vertex 53.4232 41.75 22.2604
    endloop
  endfacet
  facet normal -0.00636734 0.0124953 0.999902
    outer loop
      vertex 40.7943 43.8966 22.9781
      vertex 40.5751 43.7849 22.9781
      vertex 41.4303 42.4682 23
    endloop
  endfacet
  facet normal 0.0645026 0.0418955 0.997038
    outer loop
      vertex 48.3684 46.5586 22.6796
      vertex 47.2668 45.7582 22.7845
      vertex 47.6556 45.1596 22.7845
    endloop
  endfacet
  facet normal -0.531088 0.0278396 0.846859
    outer loop
      vertex 27.3207 43.2666 21.5183
      vertex 26.9956 43.3007 21.3133
      vertex 27.2412 41.75 21.5183
    endloop
  endfacet
  facet normal -0.531088 -0.0278396 0.846859
    outer loop
      vertex 27.2412 41.75 21.5183
      vertex 26.9956 40.1993 21.3133
      vertex 27.3207 40.2334 21.5183
    endloop
  endfacet
  facet normal -0.217712 -0.0583208 0.974269
    outer loop
      vertex 29.428 39.1309 22.0908
      vertex 29.0216 37.6143 21.9092
      vertex 29.7692 37.8572 22.0908
    endloop
  endfacet
  facet normal -0.776187 -0.122921 0.618404
    outer loop
      vertex 27.2385 38.6655 21.3133
      vertex 26.9956 40.1993 21.3133
      vertex 27.0778 38.6313 21.1048
    endloop
  endfacet
  facet normal 0.0983769 -0.367146 0.924946
    outer loop
      vertex 46.0833 28.4134 21.7177
      vertex 44.6655 28.0335 21.7177
      vertex 46.2335 27.9513 21.5183
    endloop
  endfacet
  facet normal -0.494419 -0.610556 0.618686
    outer loop
      vertex 31.823 30.725 21.3133
      vertex 31.713 30.6028 21.1048
      vertex 32.9332 29.6147 21.1048
    endloop
  endfacet
  facet normal 0.0438203 -0.0860172 0.99533
    outer loop
      vertex 45.8404 34.6652 22.6796
      vertex 45.0774 34.2765 22.6796
      vertex 45.5948 33.1145 22.5564
    endloop
  endfacet
  facet normal -0.0404753 -0.015536 0.99906
    outer loop
      vertex 38.0527 40.5487 22.9345
      vertex 36.6306 40.0866 22.8697
      vertex 36.8325 39.5606 22.8697
    endloop
  endfacet
  facet normal 0.207021 -0.318792 0.92494
    outer loop
      vertex 49.9925 30.4052 21.7177
      vertex 48.7615 29.6058 21.7177
      vertex 49.0044 29.185 21.5183
    endloop
  endfacet
  facet normal 0.102932 -0.268157 0.95786
    outer loop
      vertex 47.1935 29.5236 21.9092
      vertex 45.8857 29.0216 21.9092
      vertex 47.4536 28.9394 21.7177
    endloop
  endfacet
  facet normal -0.0594662 -0.375471 0.924924
    outer loop
      vertex 38.8345 28.0335 21.7177
      vertex 38.7335 27.5583 21.5183
      vertex 40.2842 27.8039 21.7177
    endloop
  endfacet
  facet normal 0.156429 0.240877 0.957867
    outer loop
      vertex 49.9925 53.0948 21.7177
      vertex 48.4417 53.3404 21.9092
      vertex 49.6166 52.5774 21.9092
    endloop
  endfacet
  facet normal 0.6106 -0.494481 0.618593
    outer loop
      vertex 53.7523 33.0298 21.3133
      vertex 52.775 31.823 21.3133
      vertex 53.8853 32.9332 21.1048
    endloop
  endfacet
  facet normal 0.174599 0.0467787 0.983528
    outer loop
      vertex 54.072 44.3691 22.0908
      vertex 52.8519 45.3572 22.2604
      vertex 53.1681 44.177 22.2604
    endloop
  endfacet
  facet normal 0.122922 -0.776173 0.618422
    outer loop
      vertex 44.8687 27.0778 21.1048
      vertex 43.3007 26.9956 21.3133
      vertex 43.3179 26.8322 21.1048
    endloop
  endfacet
  facet normal 0.241426 -0.473878 0.846849
    outer loop
      vertex 49.0044 29.185 21.5183
      vertex 47.7842 28.197 21.3133
      vertex 49.1678 28.9019 21.3133
    endloop
  endfacet
  facet normal 0.22507 -0.0117933 0.974271
    outer loop
      vertex 55.1334 41.75 21.9092
      vertex 54.3473 41.75 22.0908
      vertex 55.0601 40.3511 21.9092
    endloop
  endfacet
  facet normal 0.115235 -0.0308853 0.992858
    outer loop
      vertex 52.1391 39.5417 22.4162
      vertex 50.7401 38.8289 22.5564
      vertex 51.8513 38.4679 22.4162
    endloop
  endfacet
  facet normal 0.0497305 -0.0323007 0.99824
    outer loop
      vertex 47.6556 38.3404 22.7845
      vertex 46.1049 38.586 22.8697
      vertex 47.2668 37.7418 22.7845
    endloop
  endfacet
  facet normal 0.223207 0.180746 0.957867
    outer loop
      vertex 52.1711 51.1332 21.7177
      vertex 51.6958 50.7053 21.9092
      vertex 53.0948 49.9925 21.7177
    endloop
  endfacet
  facet normal 0.0460879 -0.037314 0.99824
    outer loop
      vertex 47.2668 37.7418 22.7845
      vertex 46.1049 38.586 22.8697
      vertex 46.8177 37.1871 22.7845
    endloop
  endfacet
  facet normal 0.0138504 0.0021953 0.999902
    outer loop
      vertex 44.0484 42.2385 22.9781
      vertex 42.5189 41.9134 23
      vertex 44.0869 41.9956 22.9781
    endloop
  endfacet
  facet normal 0.0759696 0.0120258 0.997038
    outer loop
      vertex 49.886 42.6051 22.6796
      vertex 48.4202 43.1678 22.7845
      vertex 48.5318 42.4628 22.7845
    endloop
  endfacet
  facet normal -0.0427532 -0.111379 0.992858
    outer loop
      vertex 38.8289 32.7599 22.5564
      vertex 37.43 32.0471 22.4162
      vertex 38.4679 31.6487 22.4162
    endloop
  endfacet
  facet normal 0.178532 -0.0282711 0.983528
    outer loop
      vertex 53.3592 40.5298 22.2604
      vertex 53.1681 39.323 22.2604
      vertex 54.072 39.1309 22.0908
    endloop
  endfacet
  facet normal 0.0186658 0.117831 0.992858
    outer loop
      vertex 42.8602 52.313 22.4162
      vertex 42.7381 51.151 22.5564
      vertex 43.7153 50.9962 22.5564
    endloop
  endfacet
  facet normal 0.0809649 0.0525813 0.995329
    outer loop
      vertex 49.3974 47.3062 22.5564
      vertex 48.8348 45.8404 22.6796
      vertex 49.9363 46.4764 22.5564
    endloop
  endfacet
  facet normal -0.200807 0.102309 0.974274
    outer loop
      vertex 30.8404 48.0487 22.0908
      vertex 29.5236 47.1935 21.9092
      vertex 30.2418 46.8738 22.0908
    endloop
  endfacet
  facet normal -0.0200665 0.0200665 0.999597
    outer loop
      vertex 39.1487 44.6391 22.9345
      vertex 40.0038 43.3223 22.9781
      vertex 40.1777 43.4962 22.9781
    endloop
  endfacet
  facet normal -0.0200665 0.0200665 0.999597
    outer loop
      vertex 40.0038 43.3223 22.9781
      vertex 39.1487 44.6391 22.9345
      vertex 38.8609 44.3513 22.9345
    endloop
  endfacet
  facet normal 0.0820554 0.161054 0.983529
    outer loop
      vertex 46.8738 53.2582 22.0908
      vertex 46.4979 52.414 22.2604
      vertex 48.0487 52.6596 22.0908
    endloop
  endfacet
  facet normal 0.241417 0.473869 0.846857
    outer loop
      vertex 47.7842 55.303 21.3133
      vertex 47.6512 55.0044 21.5183
      vertex 49.0044 54.315 21.5183
    endloop
  endfacet
  facet normal 0.210414 0.0807812 0.974269
    outer loop
      vertex 54.4784 45.8857 21.9092
      vertex 53.2582 46.8738 22.0908
      vertex 53.7308 45.6428 22.0908
    endloop
  endfacet
  facet normal 0.0901237 0.0345977 0.995329
    outer loop
      vertex 50.3855 45.5948 22.5564
      vertex 49.2235 45.0774 22.6796
      vertex 50.7401 44.6711 22.5564
    endloop
  endfacet
  facet normal 0.700164 -0.356711 0.618489
    outer loop
      vertex 55.303 35.7158 21.3133
      vertex 54.5981 34.3322 21.3133
      vertex 54.7404 34.25 21.1048
    endloop
  endfacet
  facet normal 0.180748 0.223209 0.957866
    outer loop
      vertex 49.9925 53.0948 21.7177
      vertex 49.6166 52.5774 21.9092
      vertex 50.7053 51.6958 21.9092
    endloop
  endfacet
  facet normal -0.20343 0.759066 0.618413
    outer loop
      vertex 38.6313 56.4222 21.1048
      vertex 37.1655 55.8595 21.3133
      vertex 38.6655 56.2615 21.3133
    endloop
  endfacet
  facet normal -0.043295 -0.00226978 0.99906
    outer loop
      vertex 37.8624 41.75 22.9345
      vertex 36.3671 41.75 22.8697
      vertex 36.3966 41.1873 22.8697
    endloop
  endfacet
  facet normal -0.0528305 0.0269204 0.998241
    outer loop
      vertex 37.0883 44.4414 22.8697
      vertex 35.8444 45.1596 22.7845
      vertex 36.8325 43.9394 22.8697
    endloop
  endfacet
  facet normal -0.223207 -0.180746 0.957867
    outer loop
      vertex 31.8042 32.7947 21.9092
      vertex 30.4052 33.5075 21.7177
      vertex 31.3289 32.3668 21.7177
    endloop
  endfacet
  facet normal -0.379598 0.0198985 0.924938
    outer loop
      vertex 27.3207 43.2666 21.5183
      vertex 27.2412 41.75 21.5183
      vertex 27.8039 43.2158 21.7177
    endloop
  endfacet
  facet normal -0.513789 0.137695 0.846794
    outer loop
      vertex 27.6405 46.3345 21.3133
      vertex 27.2385 44.8345 21.3133
      vertex 27.9513 46.2335 21.5183
    endloop
  endfacet
  facet normal -0.784773 -0.0411432 0.618416
    outer loop
      vertex 26.9956 40.1993 21.3133
      vertex 26.75 41.75 21.1048
      vertex 26.8322 40.1821 21.1048
    endloop
  endfacet
  facet normal -0.189 -0.122753 0.974274
    outer loop
      vertex 31.5586 34.3455 22.0908
      vertex 30.8404 35.4513 22.0908
      vertex 30.9226 33.8834 21.9092
    endloop
  endfacet
  facet normal -0.217674 -0.0583317 0.974277
    outer loop
      vertex 29.428 39.1309 22.0908
      vertex 28.659 38.9674 21.9092
      vertex 29.0216 37.6143 21.9092
    endloop
  endfacet
  facet normal -0.168746 -0.0647796 0.983528
    outer loop
      vertex 30.6481 38.1428 22.2604
      vertex 30.2418 36.6262 22.0908
      vertex 31.086 37.0021 22.2604
    endloop
  endfacet
  facet normal -0.130703 0.0665942 0.989182
    outer loop
      vertex 31.6407 47.5866 22.2604
      vertex 31.086 46.4979 22.2604
      vertex 32.0471 46.07 22.4162
    endloop
  endfacet
  facet normal -0.015455 -0.0237999 0.999597
    outer loop
      vertex 40.3689 39.849 22.9781
      vertex 39.8062 38.3832 22.9345
      vertex 40.5751 39.7151 22.9781
    endloop
  endfacet
  facet normal -0.175142 -0.141826 0.974274
    outer loop
      vertex 31.5586 34.3455 22.0908
      vertex 30.9226 33.8834 21.9092
      vertex 31.8042 32.7947 21.9092
    endloop
  endfacet
  facet normal 0.0135451 0.00363142 0.999902
    outer loop
      vertex 43.9847 42.4761 22.9781
      vertex 42.5189 41.9134 23
      vertex 44.0484 42.2385 22.9781
    endloop
  endfacet
  facet normal -0.071813 -0.0275699 0.997037
    outer loop
      vertex 35.5203 38.9764 22.7845
      vertex 33.9696 39.222 22.6796
      vertex 34.2765 38.4226 22.6796
    endloop
  endfacet
  facet normal -0.0178568 -0.022056 0.999597
    outer loop
      vertex 40.1777 40.0038 22.9781
      vertex 39.1487 38.8609 22.9345
      vertex 39.4649 38.6049 22.9345
    endloop
  endfacet
  facet normal -0.0236158 -0.0363557 0.99906
    outer loop
      vertex 39.4649 38.6049 22.9345
      vertex 38.586 37.3951 22.8697
      vertex 39.8062 38.3832 22.9345
    endloop
  endfacet
  facet normal -0.0583208 -0.217712 0.974269
    outer loop
      vertex 37.8572 29.7692 22.0908
      vertex 37.6143 29.0216 21.9092
      vertex 39.1309 29.428 22.0908
    endloop
  endfacet
  facet normal -0.733585 -0.281563 0.618526
    outer loop
      vertex 27.6405 37.1655 21.3133
      vertex 27.4842 37.1147 21.1048
      vertex 28.0468 35.6489 21.1048
    endloop
  endfacet
  facet normal -0.0831734 -0.525201 0.846904
    outer loop
      vertex 38.7335 27.5583 21.5183
      vertex 38.6655 27.2385 21.3133
      vertex 40.1993 26.9956 21.3133
    endloop
  endfacet
  facet normal 0.0117936 -0.22507 0.974271
    outer loop
      vertex 43.0668 29.2217 22.0908
      vertex 41.75 29.1527 22.0908
      vertex 43.1489 28.4399 21.9092
    endloop
  endfacet
  facet normal -0.0983711 -0.367202 0.924925
    outer loop
      vertex 38.8345 28.0335 21.7177
      vertex 37.2665 27.9513 21.5183
      vertex 38.7335 27.5583 21.5183
    endloop
  endfacet
  facet normal -0.0583317 -0.217674 0.974277
    outer loop
      vertex 39.1309 29.428 22.0908
      vertex 37.6143 29.0216 21.9092
      vertex 38.9674 28.659 21.9092
    endloop
  endfacet
  facet normal -0.0449327 -0.283706 0.957858
    outer loop
      vertex 38.9674 28.659 21.9092
      vertex 38.8345 28.0335 21.7177
      vertex 40.2842 27.8039 21.7177
    endloop
  endfacet
  facet normal -0.356675 -0.69999 0.618706
    outer loop
      vertex 35.7158 28.197 21.3133
      vertex 34.25 28.7596 21.1048
      vertex 35.6489 28.0468 21.1048
    endloop
  endfacet
  facet normal 0.700164 0.356711 0.618489
    outer loop
      vertex 54.7404 49.25 21.1048
      vertex 54.5981 49.1678 21.3133
      vertex 55.303 47.7842 21.3133
    endloop
  endfacet
  facet normal 0.0831734 0.525201 0.846904
    outer loop
      vertex 44.8345 56.2615 21.3133
      vertex 43.3007 56.5044 21.3133
      vertex 44.7665 55.9417 21.5183
    endloop
  endfacet
  facet normal 0.473878 0.241426 0.846849
    outer loop
      vertex 54.5981 49.1678 21.3133
      vertex 54.315 49.0044 21.5183
      vertex 55.303 47.7842 21.3133
    endloop
  endfacet
  facet normal 0.356675 -0.69999 0.618706
    outer loop
      vertex 49.25 28.7596 21.1048
      vertex 47.7842 28.197 21.3133
      vertex 47.8511 28.0468 21.1048
    endloop
  endfacet
  facet normal 0.106294 -0.0541597 0.992859
    outer loop
      vertex 50.3855 37.9052 22.5564
      vertex 49.9363 37.0236 22.5564
      vertex 50.9482 36.4394 22.4162
    endloop
  endfacet
  facet normal 0.281549 -0.733444 0.6187
    outer loop
      vertex 47.7842 28.197 21.3133
      vertex 46.3345 27.6405 21.3133
      vertex 47.8511 28.0468 21.1048
    endloop
  endfacet
  facet normal 0.376084 -0.376084 0.846831
    outer loop
      vertex 52.5321 32.0417 21.5183
      vertex 51.677 30.725 21.3133
      vertex 52.775 31.823 21.3133
    endloop
  endfacet
  facet normal 0.376084 -0.376084 0.846831
    outer loop
      vertex 51.677 30.725 21.3133
      vertex 52.5321 32.0417 21.5183
      vertex 51.4583 30.9679 21.5183
    endloop
  endfacet
  facet normal 0.494481 -0.6106 0.618593
    outer loop
      vertex 51.677 30.725 21.3133
      vertex 50.4702 29.7477 21.3133
      vertex 50.5668 29.6147 21.1048
    endloop
  endfacet
  facet normal 0.0278396 -0.531088 0.846859
    outer loop
      vertex 43.2666 27.3207 21.5183
      vertex 41.75 27.2412 21.5183
      vertex 43.3007 26.9956 21.3133
    endloop
  endfacet
  facet normal 0.69999 -0.356675 0.618706
    outer loop
      vertex 55.303 35.7158 21.3133
      vertex 54.7404 34.25 21.1048
      vertex 55.4532 35.6489 21.1048
    endloop
  endfacet
  facet normal 0.286832 0.0150295 0.957863
    outer loop
      vertex 55.6961 43.2158 21.7177
      vertex 55.0601 43.1489 21.9092
      vertex 55.1334 41.75 21.9092
    endloop
  endfacet
  facet normal 0.379598 -0.0198985 0.924938
    outer loop
      vertex 56.2588 41.75 21.5183
      vertex 55.6961 40.2842 21.7177
      vertex 56.1793 40.2334 21.5183
    endloop
  endfacet
  facet normal 0.610556 -0.494419 0.618686
    outer loop
      vertex 53.8853 32.9332 21.1048
      vertex 52.775 31.823 21.3133
      vertex 52.8972 31.713 21.1048
    endloop
  endfacet
  facet normal 0.733444 -0.281549 0.6187
    outer loop
      vertex 55.8595 37.1655 21.3133
      vertex 55.303 35.7158 21.3133
      vertex 55.4532 35.6489 21.1048
    endloop
  endfacet
  facet normal 0.283688 0.0449202 0.957864
    outer loop
      vertex 55.6961 43.2158 21.7177
      vertex 54.841 44.5326 21.9092
      vertex 55.0601 43.1489 21.9092
    endloop
  endfacet
  facet normal 0.255927 0.130403 0.95786
    outer loop
      vertex 54.5606 47.4536 21.7177
      vertex 53.3404 48.4417 21.9092
      vertex 53.9764 47.1935 21.9092
    endloop
  endfacet
  facet normal 0.0964054 -0.00505083 0.995329
    outer loop
      vertex 49.9308 41.75 22.6796
      vertex 49.886 40.8949 22.6796
      vertex 51.151 40.7619 22.5564
    endloop
  endfacet
  facet normal 0.283706 -0.0449327 0.957858
    outer loop
      vertex 55.6961 40.2842 21.7177
      vertex 54.841 38.9674 21.9092
      vertex 55.4665 38.8345 21.7177
    endloop
  endfacet
  facet normal 0.113746 -0.140478 0.983528
    outer loop
      vertex 49.5609 33.0751 22.2604
      vertex 48.6113 32.3062 22.2604
      vertex 50.1793 32.3884 22.0908
    endloop
  endfacet
  facet normal 0.11523 -0.030875 0.992859
    outer loop
      vertex 50.9962 39.7847 22.5564
      vertex 50.7401 38.8289 22.5564
      vertex 52.1391 39.5417 22.4162
    endloop
  endfacet
  facet normal 0.0607565 -0.0750183 0.99533
    outer loop
      vertex 47.224 35.6705 22.6796
      vertex 46.5586 35.1316 22.6796
      vertex 48.0751 34.7252 22.5564
    endloop
  endfacet
  facet normal 0.0280293 0.00444269 0.999597
    outer loop
      vertex 45.6163 42.1564 22.9345
      vertex 44.0484 42.2385 22.9781
      vertex 44.0869 41.9956 22.9781
    endloop
  endfacet
  facet normal 0.0572745 0.0153553 0.99824
    outer loop
      vertex 48.4202 43.1678 22.7845
      vertex 46.8694 43.4134 22.8697
      vertex 47.0153 42.8692 22.8697
    endloop
  endfacet
  facet normal 0.058568 -0.00927118 0.99824
    outer loop
      vertex 48.5318 41.0372 22.7845
      vertex 47.1034 41.1873 22.8697
      vertex 48.4202 40.3322 22.7845
    endloop
  endfacet
  facet normal 0.0592157 -0.003107 0.99824
    outer loop
      vertex 48.5692 41.75 22.7845
      vertex 47.1034 41.1873 22.8697
      vertex 48.5318 41.0372 22.7845
    endloop
  endfacet
  facet normal -0.281549 0.733444 0.6187
    outer loop
      vertex 37.1655 55.8595 21.3133
      vertex 35.6489 55.4532 21.1048
      vertex 35.7158 55.303 21.3133
    endloop
  endfacet
  facet normal 0.0427532 0.111379 0.992858
    outer loop
      vertex 45.0321 51.8513 22.4162
      vertex 44.6711 50.7401 22.5564
      vertex 46.07 51.4529 22.4162
    endloop
  endfacet
  facet normal 0.17257 0.338732 0.924922
    outer loop
      vertex 47.6512 55.0044 21.5183
      vertex 47.4536 54.5606 21.7177
      vertex 49.0044 54.315 21.5183
    endloop
  endfacet
  facet normal 0.0150295 0.286832 0.957863
    outer loop
      vertex 43.2158 55.6961 21.7177
      vertex 41.75 55.1334 21.9092
      vertex 43.1489 55.0601 21.9092
    endloop
  endfacet
  facet normal 0.413325 0.334722 0.846831
    outer loop
      vertex 52.775 51.677 21.3133
      vertex 52.5321 51.4583 21.5183
      vertex 53.7523 50.4702 21.3133
    endloop
  endfacet
  facet normal 0.141826 0.175142 0.974274
    outer loop
      vertex 49.6166 52.5774 21.9092
      vertex 49.1545 51.9414 22.0908
      vertex 50.7053 51.6958 21.9092
    endloop
  endfacet
  facet normal 0.0685371 0.0349153 0.997037
    outer loop
      vertex 48.8348 45.8404 22.6796
      vertex 47.6556 45.1596 22.7845
      vertex 49.2235 45.0774 22.6796
    endloop
  endfacet
  facet normal 0.11523 0.030875 0.992859
    outer loop
      vertex 52.1391 43.9583 22.4162
      vertex 50.7401 44.6711 22.5564
      vertex 50.9962 43.7153 22.5564
    endloop
  endfacet
  facet normal 0.106294 0.0541597 0.992859
    outer loop
      vertex 50.9482 47.0606 22.4162
      vertex 49.9363 46.4764 22.5564
      vertex 50.3855 45.5948 22.5564
    endloop
  endfacet
  facet normal 0.0497305 0.0323007 0.99824
    outer loop
      vertex 47.2668 45.7582 22.7845
      vertex 46.1049 44.914 22.8697
      vertex 47.6556 45.1596 22.7845
    endloop
  endfacet
  facet normal 0.0483979 0.0597781 0.997038
    outer loop
      vertex 46.5586 48.3684 22.6796
      vertex 45.7582 47.2668 22.7845
      vertex 46.3129 46.8177 22.7845
    endloop
  endfacet
  facet normal 0.240877 0.156429 0.957867
    outer loop
      vertex 53.0948 49.9925 21.7177
      vertex 52.5774 49.6166 21.9092
      vertex 53.3404 48.4417 21.9092
    endloop
  endfacet
  facet normal 0.0572738 -0.0153505 0.99824
    outer loop
      vertex 48.4202 40.3322 22.7845
      vertex 46.8694 40.0866 22.8697
      vertex 48.2354 39.6427 22.7845
    endloop
  endfacet
  facet normal -0.111375 0.0427557 0.992858
    outer loop
      vertex 33.1145 45.5948 22.5564
      vertex 32.0471 46.07 22.4162
      vertex 32.7599 44.6711 22.5564
    endloop
  endfacet
  facet normal -0.0178568 0.022056 0.999597
    outer loop
      vertex 39.4649 44.8951 22.9345
      vertex 39.1487 44.6391 22.9345
      vertex 40.1777 43.4962 22.9781
    endloop
  endfacet
  facet normal 0.0798992 0.123024 0.989182
    outer loop
      vertex 47.5866 51.8593 22.2604
      vertex 47.0606 50.9482 22.4162
      vertex 48.6113 51.1938 22.2604
    endloop
  endfacet
  facet normal -0.00444269 0.0280293 0.999597
    outer loop
      vertex 41.3436 45.6163 22.9345
      vertex 41.2615 44.0484 22.9781
      vertex 41.5044 44.0869 22.9781
    endloop
  endfacet
  facet normal -0.096403 -0.00505382 0.99533
    outer loop
      vertex 33.5692 41.75 22.6796
      vertex 32.2972 41.75 22.5564
      vertex 32.349 40.7619 22.5564
    endloop
  endfacet
  facet normal 0.0112268 0.0418755 0.99906
    outer loop
      vertex 43.4134 46.8694 22.8697
      vertex 42.8692 47.0153 22.8697
      vertex 42.9513 45.4473 22.9345
    endloop
  endfacet
  facet normal -0.223207 0.180746 0.957867
    outer loop
      vertex 31.3289 51.1332 21.7177
      vertex 30.4052 49.9925 21.7177
      vertex 31.8042 50.7053 21.9092
    endloop
  endfacet
  facet normal -0.136258 0.3549 0.924921
    outer loop
      vertex 37.2665 55.5487 21.5183
      vertex 35.8488 55.0044 21.5183
      vertex 36.0464 54.5606 21.7177
    endloop
  endfacet
  facet normal -0.784777 -0.0411442 0.618412
    outer loop
      vertex 26.9143 41.75 21.3133
      vertex 26.75 41.75 21.1048
      vertex 26.9956 40.1993 21.3133
    endloop
  endfacet
  facet normal -0.22507 -0.0117933 0.974271
    outer loop
      vertex 29.1527 41.75 22.0908
      vertex 28.3666 41.75 21.9092
      vertex 28.4399 40.3511 21.9092
    endloop
  endfacet
  facet normal -0.513631 0.137598 0.846906
    outer loop
      vertex 27.9513 46.2335 21.5183
      vertex 27.2385 44.8345 21.3133
      vertex 27.5583 44.7665 21.5183
    endloop
  endfacet
  facet normal -0.41325 0.334612 0.846912
    outer loop
      vertex 30.9679 51.4583 21.5183
      vertex 29.7477 50.4702 21.3133
      vertex 30.0122 50.278 21.5183
    endloop
  endfacet
  facet normal -0.140478 -0.113746 0.983528
    outer loop
      vertex 33.0751 33.9391 22.2604
      vertex 32.3062 34.8887 22.2604
      vertex 32.3884 33.3207 22.0908
    endloop
  endfacet
  facet normal -0.525277 -0.0832094 0.846853
    outer loop
      vertex 27.3207 40.2334 21.5183
      vertex 26.9956 40.1993 21.3133
      vertex 27.5583 38.7335 21.5183
    endloop
  endfacet
  facet normal -0.168739 -0.0647816 0.98353
    outer loop
      vertex 30.6481 38.1428 22.2604
      vertex 29.7692 37.8572 22.0908
      vertex 30.2418 36.6262 22.0908
    endloop
  endfacet
  facet normal -0.658958 -0.427913 0.618599
    outer loop
      vertex 29.7477 33.0298 21.3133
      vertex 28.7596 34.25 21.1048
      vertex 29.6147 32.9332 21.1048
    endloop
  endfacet
  facet normal -0.513789 -0.137695 0.846794
    outer loop
      vertex 27.9513 37.2665 21.5183
      vertex 27.2385 38.6655 21.3133
      vertex 27.6405 37.1655 21.3133
    endloop
  endfacet
  facet normal -0.733444 -0.281549 0.6187
    outer loop
      vertex 28.197 35.7158 21.3133
      vertex 27.6405 37.1655 21.3133
      vertex 28.0468 35.6489 21.1048
    endloop
  endfacet
  facet normal -0.776173 -0.122922 0.618422
    outer loop
      vertex 26.9956 40.1993 21.3133
      vertex 26.8322 40.1821 21.1048
      vertex 27.0778 38.6313 21.1048
    endloop
  endfacet
  facet normal 0.0186596 -0.117827 0.992859
    outer loop
      vertex 43.7153 32.5038 22.5564
      vertex 42.8602 31.187 22.4162
      vertex 43.9583 31.3609 22.4162
    endloop
  endfacet
  facet normal 0.0264949 -0.0101664 0.999597
    outer loop
      vertex 43.9847 41.0239 22.9781
      vertex 43.8966 40.7943 22.9781
      vertex 45.4473 40.5487 22.9345
    endloop
  endfacet
  facet normal -0.0275583 -0.0718112 0.997037
    outer loop
      vertex 39.6427 35.2646 22.7845
      vertex 38.9764 35.5203 22.7845
      vertex 39.222 33.9696 22.6796
    endloop
  endfacet
  facet normal -0.0283411 0.00147706 0.999597
    outer loop
      vertex 39.4131 41.9956 22.9781
      vertex 37.8837 42.1564 22.9345
      vertex 39.4003 41.75 22.9781
    endloop
  endfacet
  facet normal -0.0236077 -0.0363657 0.99906
    outer loop
      vertex 39.8062 38.3832 22.9345
      vertex 38.586 37.3951 22.8697
      vertex 39.0586 37.0883 22.8697
    endloop
  endfacet
  facet normal -0.0349262 -0.0685376 0.997037
    outer loop
      vertex 38.9764 35.5203 22.7845
      vertex 38.3404 35.8444 22.7845
      vertex 38.4226 34.2765 22.6796
    endloop
  endfacet
  facet normal -0.003107 -0.0592157 0.99824
    outer loop
      vertex 41.1873 36.3966 22.8697
      vertex 41.0372 34.9682 22.7845
      vertex 41.75 34.9308 22.7845
    endloop
  endfacet
  facet normal 0.0322853 -0.0497329 0.998241
    outer loop
      vertex 44.914 37.3951 22.8697
      vertex 44.4414 37.0883 22.8697
      vertex 45.1596 35.8444 22.7845
    endloop
  endfacet
  facet normal -0.0264949 -0.0101664 0.999597
    outer loop
      vertex 39.5153 41.0239 22.9781
      vertex 38.0527 40.5487 22.9345
      vertex 39.6034 40.7943 22.9781
    endloop
  endfacet
  facet normal -0.0269204 -0.0528305 0.998241
    outer loop
      vertex 39.0586 37.0883 22.8697
      vertex 38.3404 35.8444 22.7845
      vertex 39.5606 36.8325 22.8697
    endloop
  endfacet
  facet normal -0.0585675 -0.00927187 0.99824
    outer loop
      vertex 36.3966 41.1873 22.8697
      vertex 35.0798 40.3322 22.7845
      vertex 36.4847 40.6308 22.8697
    endloop
  endfacet
  facet normal -0.0901243 -0.0345999 0.995329
    outer loop
      vertex 33.9696 39.222 22.6796
      vertex 32.7599 38.8289 22.5564
      vertex 34.2765 38.4226 22.6796
    endloop
  endfacet
  facet normal -0.0932486 -0.0249853 0.995329
    outer loop
      vertex 33.9696 39.222 22.6796
      vertex 32.5038 39.7847 22.5564
      vertex 32.7599 38.8289 22.5564
    endloop
  endfacet
  facet normal -0.223209 -0.180748 0.957866
    outer loop
      vertex 30.9226 33.8834 21.9092
      vertex 30.4052 33.5075 21.7177
      vertex 31.8042 32.7947 21.9092
    endloop
  endfacet
  facet normal -0.123033 -0.0798977 0.989181
    outer loop
      vertex 32.5518 36.4394 22.4162
      vertex 32.3062 34.8887 22.2604
      vertex 33.1573 35.507 22.4162
    endloop
  endfacet
  facet normal 0.0153553 -0.0572745 0.99824
    outer loop
      vertex 43.4134 36.6306 22.8697
      vertex 42.8692 36.4847 22.8697
      vertex 43.1678 35.0798 22.7845
    endloop
  endfacet
  facet normal 0.00768381 -0.146497 0.989181
    outer loop
      vertex 41.75 31.1288 22.4162
      vertex 41.75 30.0768 22.2604
      vertex 42.9702 30.1408 22.2604
    endloop
  endfacet
  facet normal 0.0349153 -0.0685371 0.997037
    outer loop
      vertex 45.1596 35.8444 22.7845
      vertex 45.0774 34.2765 22.6796
      vertex 45.8404 34.6652 22.6796
    endloop
  endfacet
  facet normal 0.00624558 -0.119136 0.992858
    outer loop
      vertex 41.75 32.2972 22.5564
      vertex 41.75 31.1288 22.4162
      vertex 42.7381 32.349 22.5564
    endloop
  endfacet
  facet normal -0.0229447 -0.144896 0.989181
    outer loop
      vertex 40.6398 31.187 22.4162
      vertex 39.323 30.3319 22.2604
      vertex 40.5298 30.1408 22.2604
    endloop
  endfacet
  facet normal -0.0807812 -0.210414 0.974269
    outer loop
      vertex 37.8572 29.7692 22.0908
      vertex 36.6262 30.2418 22.0908
      vertex 37.6143 29.0216 21.9092
    endloop
  endfacet
  facet normal -0.189021 -0.122753 0.97427
    outer loop
      vertex 30.8404 35.4513 22.0908
      vertex 30.1596 35.0583 21.9092
      vertex 30.9226 33.8834 21.9092
    endloop
  endfacet
  facet normal -0.338732 -0.17257 0.924922
    outer loop
      vertex 28.9394 36.0464 21.7177
      vertex 28.4956 35.8488 21.5183
      vertex 29.185 34.4956 21.5183
    endloop
  endfacet
  facet normal -0.494481 -0.6106 0.618593
    outer loop
      vertex 33.0298 29.7477 21.3133
      vertex 31.823 30.725 21.3133
      vertex 32.9332 29.6147 21.1048
    endloop
  endfacet
  facet normal -0.0352445 -0.222583 0.974277
    outer loop
      vertex 39.1309 29.428 22.0908
      vertex 38.9674 28.659 21.9092
      vertex 40.3511 28.4399 21.9092
    endloop
  endfacet
  facet normal -0.17257 -0.338732 0.924922
    outer loop
      vertex 36.0464 28.9394 21.7177
      vertex 34.4956 29.185 21.5183
      vertex 35.8488 28.4956 21.5183
    endloop
  endfacet
  facet normal 0.733585 0.281563 0.618526
    outer loop
      vertex 56.0158 46.3853 21.1048
      vertex 55.4532 47.8511 21.1048
      vertex 55.8595 46.3345 21.3133
    endloop
  endfacet
  facet normal 0.759066 0.20343 0.618413
    outer loop
      vertex 56.4222 44.8687 21.1048
      vertex 55.8595 46.3345 21.3133
      vertex 56.2615 44.8345 21.3133
    endloop
  endfacet
  facet normal 0.334612 0.41325 0.846912
    outer loop
      vertex 50.4702 53.7523 21.3133
      vertex 50.278 53.4878 21.5183
      vertex 51.4583 52.5321 21.5183
    endloop
  endfacet
  facet normal 0.203385 0.758989 0.618523
    outer loop
      vertex 46.3853 56.0158 21.1048
      vertex 44.8687 56.4222 21.1048
      vertex 46.3345 55.8595 21.3133
    endloop
  endfacet
  facet normal 0.289632 0.445933 0.84691
    outer loop
      vertex 50.4702 53.7523 21.3133
      vertex 49.0044 54.315 21.5183
      vertex 50.278 53.4878 21.5183
    endloop
  endfacet
  facet normal -0.525277 0.0832094 0.846853
    outer loop
      vertex 27.5583 44.7665 21.5183
      vertex 26.9956 43.3007 21.3133
      vertex 27.3207 43.2666 21.5183
    endloop
  endfacet
  facet normal 0.102309 -0.200807 0.974274
    outer loop
      vertex 48.0487 30.8404 22.0908
      vertex 46.8738 30.2418 22.0908
      vertex 47.1935 29.5236 21.9092
    endloop
  endfacet
  facet normal 0.0647796 -0.168746 0.983528
    outer loop
      vertex 46.4979 31.086 22.2604
      vertex 45.3572 30.6481 22.2604
      vertex 46.8738 30.2418 22.0908
    endloop
  endfacet
  facet normal 0.141826 -0.175142 0.974274
    outer loop
      vertex 50.7053 31.8042 21.9092
      vertex 49.1545 31.5586 22.0908
      vertex 49.6166 30.9226 21.9092
    endloop
  endfacet
  facet normal 0.0411442 -0.784777 0.618412
    outer loop
      vertex 41.75 26.9143 21.3133
      vertex 41.75 26.75 21.1048
      vertex 43.3007 26.9956 21.3133
    endloop
  endfacet
  facet normal 0.289632 -0.445933 0.84691
    outer loop
      vertex 50.278 30.0122 21.5183
      vertex 49.0044 29.185 21.5183
      vertex 50.4702 29.7477 21.3133
    endloop
  endfacet
  facet normal 0.334722 -0.413325 0.846831
    outer loop
      vertex 51.4583 30.9679 21.5183
      vertex 50.4702 29.7477 21.3133
      vertex 51.677 30.725 21.3133
    endloop
  endfacet
  facet normal 0.281563 -0.733585 0.618526
    outer loop
      vertex 47.8511 28.0468 21.1048
      vertex 46.3345 27.6405 21.3133
      vertex 46.3853 27.4842 21.1048
    endloop
  endfacet
  facet normal 0.20343 -0.759066 0.618413
    outer loop
      vertex 46.3345 27.6405 21.3133
      vertex 44.8345 27.2385 21.3133
      vertex 44.8687 27.0778 21.1048
    endloop
  endfacet
  facet normal 0.0352633 -0.222605 0.974271
    outer loop
      vertex 44.3691 29.428 22.0908
      vertex 43.0668 29.2217 22.0908
      vertex 43.1489 28.4399 21.9092
    endloop
  endfacet
  facet normal 0.151585 -0.0984483 0.983529
    outer loop
      vertex 51.8593 35.9134 22.2604
      vertex 51.1938 34.8887 22.2604
      vertex 52.6596 35.4513 22.0908
    endloop
  endfacet
  facet normal 0.223209 -0.180748 0.957866
    outer loop
      vertex 52.5774 33.8834 21.9092
      vertex 51.6958 32.7947 21.9092
      vertex 53.0948 33.5075 21.7177
    endloop
  endfacet
  facet normal 0.379598 0.0198985 0.924938
    outer loop
      vertex 56.1793 43.2666 21.5183
      vertex 55.6961 43.2158 21.7177
      vertex 56.2588 41.75 21.5183
    endloop
  endfacet
  facet normal 0.784777 0.0411442 0.618412
    outer loop
      vertex 56.75 41.75 21.1048
      vertex 56.5044 43.3007 21.3133
      vertex 56.5857 41.75 21.3133
    endloop
  endfacet
  facet normal 0.473869 -0.241417 0.846857
    outer loop
      vertex 55.0044 35.8488 21.5183
      vertex 54.315 34.4956 21.5183
      vertex 55.303 35.7158 21.3133
    endloop
  endfacet
  facet normal 0.334612 -0.41325 0.846912
    outer loop
      vertex 51.4583 30.9679 21.5183
      vertex 50.278 30.0122 21.5183
      vertex 50.4702 29.7477 21.3133
    endloop
  endfacet
  facet normal 0.413325 -0.334722 0.846831
    outer loop
      vertex 53.7523 33.0298 21.3133
      vertex 52.5321 32.0417 21.5183
      vertex 52.775 31.823 21.3133
    endloop
  endfacet
  facet normal 0.174592 0.0467699 0.983529
    outer loop
      vertex 53.7308 45.6428 22.0908
      vertex 52.8519 45.3572 22.2604
      vertex 54.072 44.3691 22.0908
    endloop
  endfacet
  facet normal 0.200815 0.102322 0.974271
    outer loop
      vertex 53.3404 48.4417 21.9092
      vertex 52.6596 48.0487 22.0908
      vertex 53.9764 47.1935 21.9092
    endloop
  endfacet
  facet normal 0.375437 0.0594732 0.924938
    outer loop
      vertex 55.9417 44.7665 21.5183
      vertex 55.6961 43.2158 21.7177
      vertex 56.1793 43.2666 21.5183
    endloop
  endfacet
  facet normal 0.496588 0.190627 0.846795
    outer loop
      vertex 55.8595 46.3345 21.3133
      vertex 55.303 47.7842 21.3133
      vertex 55.5487 46.2335 21.5183
    endloop
  endfacet
  facet normal 0.222583 -0.0352445 0.974277
    outer loop
      vertex 55.0601 40.3511 21.9092
      vertex 54.072 39.1309 22.0908
      vertex 54.841 38.9674 21.9092
    endloop
  endfacet
  facet normal 0.375471 -0.0594662 0.924924
    outer loop
      vertex 55.6961 40.2842 21.7177
      vertex 55.4665 38.8345 21.7177
      vertex 55.9417 38.7335 21.5183
    endloop
  endfacet
  facet normal 0.178517 -0.0282792 0.98353
    outer loop
      vertex 54.2783 40.4332 22.0908
      vertex 53.3592 40.5298 22.2604
      vertex 54.072 39.1309 22.0908
    endloop
  endfacet
  facet normal 0.180507 0.00946766 0.983528
    outer loop
      vertex 54.3473 41.75 22.0908
      vertex 53.3592 42.9702 22.2604
      vertex 53.4232 41.75 22.2604
    endloop
  endfacet
  facet normal 0.175142 -0.141826 0.974274
    outer loop
      vertex 51.9414 34.3455 22.0908
      vertex 51.6958 32.7947 21.9092
      vertex 52.5774 33.8834 21.9092
    endloop
  endfacet
  facet normal 0.144896 -0.0229447 0.989181
    outer loop
      vertex 53.3592 40.5298 22.2604
      vertex 52.313 40.6398 22.4162
      vertex 53.1681 39.323 22.2604
    endloop
  endfacet
  facet normal 0.295474 -0.239248 0.924908
    outer loop
      vertex 53.0948 33.5075 21.7177
      vertex 52.5321 32.0417 21.5183
      vertex 53.4878 33.222 21.5183
    endloop
  endfacet
  facet normal 0.496492 -0.190619 0.846853
    outer loop
      vertex 55.5487 37.2665 21.5183
      vertex 55.0044 35.8488 21.5183
      vertex 55.303 35.7158 21.3133
    endloop
  endfacet
  facet normal 0.030875 -0.11523 0.992859
    outer loop
      vertex 44.6711 32.7599 22.5564
      vertex 43.7153 32.5038 22.5564
      vertex 43.9583 31.3609 22.4162
    endloop
  endfacet
  facet normal 0.189 -0.122753 0.974274
    outer loop
      vertex 52.6596 35.4513 22.0908
      vertex 51.9414 34.3455 22.0908
      vertex 52.5774 33.8834 21.9092
    endloop
  endfacet
  facet normal 0.146501 -0.00768003 0.989181
    outer loop
      vertex 52.3712 41.75 22.4162
      vertex 52.313 40.6398 22.4162
      vertex 53.3592 40.5298 22.2604
    endloop
  endfacet
  facet normal 0.0750183 -0.0607565 0.99533
    outer loop
      vertex 48.3684 36.9414 22.6796
      vertex 47.8295 36.276 22.6796
      vertex 48.7748 35.4249 22.5564
    endloop
  endfacet
  facet normal 0.0759696 -0.0120258 0.997038
    outer loop
      vertex 48.5318 41.0372 22.7845
      vertex 48.4202 40.3322 22.7845
      vertex 49.886 40.8949 22.6796
    endloop
  endfacet
  facet normal 0.0901243 -0.0345999 0.995329
    outer loop
      vertex 49.5304 39.222 22.6796
      vertex 49.2235 38.4226 22.6796
      vertex 50.7401 38.8289 22.5564
    endloop
  endfacet
  facet normal 0.0528305 -0.0269204 0.998241
    outer loop
      vertex 46.6675 39.5606 22.8697
      vertex 46.4117 39.0586 22.8697
      vertex 47.6556 38.3404 22.7845
    endloop
  endfacet
  facet normal 0.0428215 0.00677644 0.99906
    outer loop
      vertex 47.1034 42.3127 22.8697
      vertex 45.5527 42.5583 22.9345
      vertex 45.6163 42.1564 22.9345
    endloop
  endfacet
  facet normal 0.0418755 0.0112268 0.99906
    outer loop
      vertex 46.8694 43.4134 22.8697
      vertex 45.4473 42.9513 22.9345
      vertex 47.0153 42.8692 22.8697
    endloop
  endfacet
  facet normal 0.0428215 -0.00677644 0.99906
    outer loop
      vertex 45.6163 41.3436 22.9345
      vertex 45.5527 40.9417 22.9345
      vertex 47.1034 41.1873 22.8697
    endloop
  endfacet
  facet normal 0.0138501 0.00220033 0.999902
    outer loop
      vertex 44.0869 41.9956 22.9781
      vertex 42.5189 41.9134 23
      vertex 42.5318 41.8322 23
    endloop
  endfacet
  facet normal 0.0901237 -0.0345977 0.995329
    outer loop
      vertex 50.7401 38.8289 22.5564
      vertex 49.2235 38.4226 22.6796
      vertex 50.3855 37.9052 22.5564
    endloop
  endfacet
  facet normal 0.0585675 -0.00927187 0.99824
    outer loop
      vertex 47.1034 41.1873 22.8697
      vertex 47.0153 40.6308 22.8697
      vertex 48.4202 40.3322 22.7845
    endloop
  endfacet
  facet normal 0.102322 0.200815 0.974271
    outer loop
      vertex 48.4417 53.3404 21.9092
      vertex 47.1935 53.9764 21.9092
      vertex 48.0487 52.6596 22.0908
    endloop
  endfacet
  facet normal 0.281563 0.733585 0.618526
    outer loop
      vertex 46.3853 56.0158 21.1048
      vertex 46.3345 55.8595 21.3133
      vertex 47.8511 55.4532 21.1048
    endloop
  endfacet
  facet normal 0.0411442 0.784777 0.618412
    outer loop
      vertex 41.75 56.75 21.1048
      vertex 41.75 56.5857 21.3133
      vertex 43.3007 56.5044 21.3133
    endloop
  endfacet
  facet normal 0.0983711 0.367202 0.924925
    outer loop
      vertex 44.7665 55.9417 21.5183
      vertex 44.6655 55.4665 21.7177
      vertex 46.2335 55.5487 21.5183
    endloop
  endfacet
  facet normal 0.122753 0.189021 0.97427
    outer loop
      vertex 48.4417 53.3404 21.9092
      vertex 48.0487 52.6596 22.0908
      vertex 49.6166 52.5774 21.9092
    endloop
  endfacet
  facet normal 0.122753 0.189 0.974274
    outer loop
      vertex 49.6166 52.5774 21.9092
      vertex 48.0487 52.6596 22.0908
      vertex 49.1545 51.9414 22.0908
    endloop
  endfacet
  facet normal 0.136211 0.354849 0.924948
    outer loop
      vertex 46.2335 55.5487 21.5183
      vertex 46.0833 55.0866 21.7177
      vertex 47.4536 54.5606 21.7177
    endloop
  endfacet
  facet normal 0.102932 0.268157 0.95786
    outer loop
      vertex 47.4536 54.5606 21.7177
      vertex 45.8857 54.4784 21.9092
      vertex 47.1935 53.9764 21.9092
    endloop
  endfacet
  facet normal 0.172565 0.338682 0.924941
    outer loop
      vertex 49.0044 54.315 21.5183
      vertex 47.4536 54.5606 21.7177
      vertex 48.7615 53.8942 21.7177
    endloop
  endfacet
  facet normal 0.200807 0.102309 0.974274
    outer loop
      vertex 53.9764 47.1935 21.9092
      vertex 52.6596 48.0487 22.0908
      vertex 53.2582 46.8738 22.0908
    endloop
  endfacet
  facet normal 0.0336918 0.0272827 0.99906
    outer loop
      vertex 45.7503 45.3519 22.8697
      vertex 44.8951 44.0351 22.9345
      vertex 46.1049 44.914 22.8697
    endloop
  endfacet
  facet normal 0.0597781 0.0483979 0.997038
    outer loop
      vertex 48.3684 46.5586 22.6796
      vertex 46.8177 46.3129 22.7845
      vertex 47.2668 45.7582 22.7845
    endloop
  endfacet
  facet normal 0.0927076 0.0750761 0.992859
    outer loop
      vertex 49.6431 48.8569 22.4162
      vertex 49.3974 47.3062 22.5564
      vertex 50.3427 47.993 22.4162
    endloop
  endfacet
  facet normal 0.0901243 0.0345999 0.995329
    outer loop
      vertex 50.7401 44.6711 22.5564
      vertex 49.2235 45.0774 22.6796
      vertex 49.5304 44.278 22.6796
    endloop
  endfacet
  facet normal 0.064509 0.0418922 0.997037
    outer loop
      vertex 48.3684 46.5586 22.6796
      vertex 47.6556 45.1596 22.7845
      vertex 48.8348 45.8404 22.6796
    endloop
  endfacet
  facet normal 0.159366 0.159366 0.974272
    outer loop
      vertex 50.7053 51.6958 21.9092
      vertex 51.1116 50.1793 22.0908
      vertex 51.6958 50.7053 21.9092
    endloop
  endfacet
  facet normal 0.159366 0.159366 0.974272
    outer loop
      vertex 51.1116 50.1793 22.0908
      vertex 50.7053 51.6958 21.9092
      vertex 50.1793 51.1116 22.0908
    endloop
  endfacet
  facet normal 0.0665942 0.130703 0.989182
    outer loop
      vertex 46.4979 52.414 22.2604
      vertex 46.07 51.4529 22.4162
      vertex 47.5866 51.8593 22.2604
    endloop
  endfacet
  facet normal 0.0750761 0.0927076 0.992859
    outer loop
      vertex 47.993 50.3427 22.4162
      vertex 47.3062 49.3974 22.5564
      vertex 48.8569 49.6431 22.4162
    endloop
  endfacet
  facet normal 0.295439 0.239237 0.924922
    outer loop
      vertex 52.5321 51.4583 21.5183
      vertex 52.1711 51.1332 21.7177
      vertex 53.0948 49.9925 21.7177
    endloop
  endfacet
  facet normal 0.69999 0.356675 0.618706
    outer loop
      vertex 55.4532 47.8511 21.1048
      vertex 54.7404 49.25 21.1048
      vertex 55.303 47.7842 21.3133
    endloop
  endfacet
  facet normal -0.0274103 0.00734865 0.999597
    outer loop
      vertex 39.5153 42.4761 22.9781
      vertex 38.0527 42.9513 22.9345
      vertex 39.4516 42.2385 22.9781
    endloop
  endfacet
  facet normal -0.0283411 -0.00147706 0.999597
    outer loop
      vertex 39.4003 41.75 22.9781
      vertex 37.8837 41.3436 22.9345
      vertex 39.4131 41.5044 22.9781
    endloop
  endfacet
  facet normal 0.0275699 0.071813 0.997037
    outer loop
      vertex 45.0774 49.2235 22.6796
      vertex 44.278 49.5304 22.6796
      vertex 44.5236 47.9797 22.7845
    endloop
  endfacet
  facet normal -0.0130934 0.00502406 0.999902
    outer loop
      vertex 39.6034 42.7057 22.9781
      vertex 39.5153 42.4761 22.9781
      vertex 41.0318 42.0697 23
    endloop
  endfacet
  facet normal 0.0130962 -0.00501339 0.999902
    outer loop
      vertex 42.4976 41.5071 23
      vertex 42.4682 41.4303 23
      vertex 43.9847 41.0239 22.9781
    endloop
  endfacet
  facet normal -0.0411432 0.784773 0.618416
    outer loop
      vertex 41.75 56.75 21.1048
      vertex 40.1821 56.6678 21.1048
      vertex 40.1993 56.5044 21.3133
    endloop
  endfacet
  facet normal 0.0438203 0.0860172 0.99533
    outer loop
      vertex 45.5948 50.3855 22.5564
      vertex 45.0774 49.2235 22.6796
      vertex 45.8404 48.8348 22.6796
    endloop
  endfacet
  facet normal 0.00226917 0.0432953 0.99906
    outer loop
      vertex 42.3127 47.1034 22.8697
      vertex 41.75 45.6376 22.9345
      vertex 42.1564 45.6163 22.9345
    endloop
  endfacet
  facet normal -0.0743006 -0.0199069 0.997037
    outer loop
      vertex 35.0798 40.3322 22.7845
      vertex 33.748 40.0491 22.6796
      vertex 33.9696 39.222 22.6796
    endloop
  endfacet
  facet normal -0.0901237 0.0345977 0.995329
    outer loop
      vertex 33.1145 45.5948 22.5564
      vertex 32.7599 44.6711 22.5564
      vertex 34.2765 45.0774 22.6796
    endloop
  endfacet
  facet normal -0.122753 0.189 0.974274
    outer loop
      vertex 35.4513 52.6596 22.0908
      vertex 33.8834 52.5774 21.9092
      vertex 34.3455 51.9414 22.0908
    endloop
  endfacet
  facet normal -0.156431 0.240889 0.957863
    outer loop
      vertex 34.7385 53.8942 21.7177
      vertex 33.5075 53.0948 21.7177
      vertex 35.0583 53.3404 21.9092
    endloop
  endfacet
  facet normal -0.733585 0.281563 0.618526
    outer loop
      vertex 28.0468 47.8511 21.1048
      vertex 27.4842 46.3853 21.1048
      vertex 27.6405 46.3345 21.3133
    endloop
  endfacet
  facet normal -0.525201 -0.0831734 0.846904
    outer loop
      vertex 27.5583 38.7335 21.5183
      vertex 26.9956 40.1993 21.3133
      vertex 27.2385 38.6655 21.3133
    endloop
  endfacet
  facet normal -0.367146 -0.0983769 0.924946
    outer loop
      vertex 28.0335 38.8345 21.7177
      vertex 27.9513 37.2665 21.5183
      vertex 28.4134 37.4167 21.7177
    endloop
  endfacet
  facet normal -0.379598 -0.0198985 0.924938
    outer loop
      vertex 27.8039 40.2842 21.7177
      vertex 27.2412 41.75 21.5183
      vertex 27.3207 40.2334 21.5183
    endloop
  endfacet
  facet normal -0.379573 -0.0198876 0.924948
    outer loop
      vertex 27.7271 41.75 21.7177
      vertex 27.2412 41.75 21.5183
      vertex 27.8039 40.2842 21.7177
    endloop
  endfacet
  facet normal -0.525201 0.0831734 0.846904
    outer loop
      vertex 27.2385 44.8345 21.3133
      vertex 26.9956 43.3007 21.3133
      vertex 27.5583 44.7665 21.5183
    endloop
  endfacet
  facet normal -0.776187 0.122921 0.618404
    outer loop
      vertex 27.0778 44.8687 21.1048
      vertex 26.9956 43.3007 21.3133
      vertex 27.2385 44.8345 21.3133
    endloop
  endfacet
  facet normal -0.151587 0.0984535 0.983528
    outer loop
      vertex 31.5586 49.1545 22.0908
      vertex 30.8404 48.0487 22.0908
      vertex 32.3062 48.6113 22.2604
    endloop
  endfacet
  facet normal -0.496588 0.190627 0.846795
    outer loop
      vertex 28.197 47.7842 21.3133
      vertex 27.6405 46.3345 21.3133
      vertex 27.9513 46.2335 21.5183
    endloop
  endfacet
  facet normal -0.286832 0.0150295 0.957863
    outer loop
      vertex 28.4399 43.1489 21.9092
      vertex 27.8039 43.2158 21.7177
      vertex 28.3666 41.75 21.9092
    endloop
  endfacet
  facet normal -0.286834 0.0150286 0.957862
    outer loop
      vertex 27.8039 43.2158 21.7177
      vertex 27.7271 41.75 21.7177
      vertex 28.3666 41.75 21.9092
    endloop
  endfacet
  facet normal -0.277455 -0.0743517 0.957857
    outer loop
      vertex 28.659 38.9674 21.9092
      vertex 28.0335 38.8345 21.7177
      vertex 29.0216 37.6143 21.9092
    endloop
  endfacet
  facet normal -0.496588 -0.190627 0.846795
    outer loop
      vertex 27.9513 37.2665 21.5183
      vertex 27.6405 37.1655 21.3133
      vertex 28.197 35.7158 21.3133
    endloop
  endfacet
  facet normal -0.555533 -0.555533 0.61868
    outer loop
      vertex 30.725 31.823 21.3133
      vertex 31.713 30.6028 21.1048
      vertex 31.823 30.725 21.3133
    endloop
  endfacet
  facet normal -0.555533 -0.555533 0.61868
    outer loop
      vertex 31.713 30.6028 21.1048
      vertex 30.725 31.823 21.3133
      vertex 30.6028 31.713 21.1048
    endloop
  endfacet
  facet normal -0.513631 -0.137598 0.846906
    outer loop
      vertex 27.5583 38.7335 21.5183
      vertex 27.2385 38.6655 21.3133
      vertex 27.9513 37.2665 21.5183
    endloop
  endfacet
  facet normal 0.00636734 -0.0124953 0.999902
    outer loop
      vertex 42.9249 39.7151 22.9781
      vertex 42.0697 41.0318 23
      vertex 42.7057 39.6034 22.9781
    endloop
  endfacet
  facet normal 0.0927076 -0.0750761 0.992859
    outer loop
      vertex 50.3427 35.507 22.4162
      vertex 49.3974 36.1938 22.5564
      vertex 49.6431 34.6431 22.4162
    endloop
  endfacet
  facet normal 0.111375 -0.0427557 0.992858
    outer loop
      vertex 50.7401 38.8289 22.5564
      vertex 50.3855 37.9052 22.5564
      vertex 51.4529 37.43 22.4162
    endloop
  endfacet
  facet normal 0.0418922 -0.064509 0.997037
    outer loop
      vertex 46.5586 35.1316 22.6796
      vertex 45.1596 35.8444 22.7845
      vertex 45.8404 34.6652 22.6796
    endloop
  endfacet
  facet normal -0.0597781 -0.0483979 0.997038
    outer loop
      vertex 36.2332 37.7418 22.7845
      vertex 35.1316 36.9414 22.6796
      vertex 36.6823 37.1871 22.7845
    endloop
  endfacet
  facet normal -0.0718112 -0.0275583 0.997037
    outer loop
      vertex 35.2646 39.6427 22.7845
      vertex 33.9696 39.222 22.6796
      vertex 35.5203 38.9764 22.7845
    endloop
  endfacet
  facet normal -0.00991616 -0.00991616 0.999902
    outer loop
      vertex 41.1658 41.224 23
      vertex 40.1777 40.0038 22.9781
      vertex 41.224 41.1658 23
    endloop
  endfacet
  facet normal -0.00991616 -0.00991616 0.999902
    outer loop
      vertex 40.1777 40.0038 22.9781
      vertex 41.1658 41.224 23
      vertex 40.0038 40.1777 22.9781
    endloop
  endfacet
  facet normal 0.00403014 -0.0768097 0.997038
    outer loop
      vertex 42.4628 34.9682 22.7845
      vertex 41.75 34.9308 22.7845
      vertex 42.6051 33.614 22.6796
    endloop
  endfacet
  facet normal -0.0525813 -0.0809649 0.995329
    outer loop
      vertex 37.6596 34.6652 22.6796
      vertex 36.1938 34.1026 22.5564
      vertex 37.0236 33.5637 22.5564
    endloop
  endfacet
  facet normal -0.00927118 -0.058568 0.99824
    outer loop
      vertex 41.1873 36.3966 22.8697
      vertex 40.3322 35.0798 22.7845
      vertex 41.0372 34.9682 22.7845
    endloop
  endfacet
  facet normal -0.0306559 -0.0306559 0.99906
    outer loop
      vertex 38.8609 39.1487 22.9345
      vertex 38.1481 37.7497 22.8697
      vertex 39.1487 38.8609 22.9345
    endloop
  endfacet
  facet normal -0.0306559 -0.0306559 0.99906
    outer loop
      vertex 38.1481 37.7497 22.8697
      vertex 38.8609 39.1487 22.9345
      vertex 37.7497 38.1481 22.8697
    endloop
  endfacet
  facet normal -0.0220559 -0.017857 0.999597
    outer loop
      vertex 39.849 40.3689 22.9781
      vertex 38.6049 39.4649 22.9345
      vertex 40.0038 40.1777 22.9781
    endloop
  endfacet
  facet normal 0.0101664 0.0264949 0.999597
    outer loop
      vertex 42.9513 45.4473 22.9345
      vertex 42.4761 43.9847 22.9781
      vertex 42.7057 43.8966 22.9781
    endloop
  endfacet
  facet normal -0.00501339 0.0130962 0.999902
    outer loop
      vertex 41.5071 42.4976 23
      vertex 41.0239 43.9847 22.9781
      vertex 41.4303 42.4682 23
    endloop
  endfacet
  facet normal -0.0953484 -0.0151043 0.995329
    outer loop
      vertex 33.614 40.8949 22.6796
      vertex 32.349 40.7619 22.5564
      vertex 32.5038 39.7847 22.5564
    endloop
  endfacet
  facet normal -0.0953469 -0.0151058 0.995329
    outer loop
      vertex 33.614 40.8949 22.6796
      vertex 32.5038 39.7847 22.5564
      vertex 33.748 40.0491 22.6796
    endloop
  endfacet
  facet normal -0.0386306 -0.0196847 0.99906
    outer loop
      vertex 38.3832 39.8062 22.9345
      vertex 36.8325 39.5606 22.8697
      vertex 37.0883 39.0586 22.8697
    endloop
  endfacet
  facet normal -0.0572745 -0.0153553 0.99824
    outer loop
      vertex 36.4847 40.6308 22.8697
      vertex 35.0798 40.3322 22.7845
      vertex 36.6306 40.0866 22.8697
    endloop
  endfacet
  facet normal -0.178517 0.0282792 0.98353
    outer loop
      vertex 29.428 44.3691 22.0908
      vertex 29.2217 43.0668 22.0908
      vertex 30.1408 42.9702 22.2604
    endloop
  endfacet
  facet normal -0.117827 -0.0186596 0.992859
    outer loop
      vertex 32.5038 39.7847 22.5564
      vertex 31.187 40.6398 22.4162
      vertex 31.3609 39.5417 22.4162
    endloop
  endfacet
  facet normal -0.0750183 -0.0607565 0.99533
    outer loop
      vertex 35.1316 36.9414 22.6796
      vertex 34.7252 35.4249 22.5564
      vertex 35.6705 36.276 22.6796
    endloop
  endfacet
  facet normal -0.0541579 -0.106298 0.992858
    outer loop
      vertex 37.9052 33.1145 22.5564
      vertex 36.4394 32.5518 22.4162
      vertex 37.43 32.0471 22.4162
    endloop
  endfacet
  facet normal -0.295439 -0.239237 0.924922
    outer loop
      vertex 31.3289 32.3668 21.7177
      vertex 30.4052 33.5075 21.7177
      vertex 30.9679 32.0417 21.5183
    endloop
  endfacet
  facet normal -0.277443 -0.0743409 0.957862
    outer loop
      vertex 29.0216 37.6143 21.9092
      vertex 28.0335 38.8345 21.7177
      vertex 28.4134 37.4167 21.7177
    endloop
  endfacet
  facet normal -0.268153 -0.102933 0.957861
    outer loop
      vertex 29.0216 37.6143 21.9092
      vertex 28.4134 37.4167 21.7177
      vertex 28.9394 36.0464 21.7177
    endloop
  endfacet
  facet normal 0.0798992 -0.123024 0.989182
    outer loop
      vertex 48.6113 32.3062 22.2604
      vertex 47.0606 32.5518 22.4162
      vertex 47.5866 31.6407 22.2604
    endloop
  endfacet
  facet normal 0.0665934 -0.130706 0.989182
    outer loop
      vertex 47.0606 32.5518 22.4162
      vertex 46.07 32.0471 22.4162
      vertex 47.5866 31.6407 22.2604
    endloop
  endfacet
  facet normal 0.0525719 -0.136946 0.989182
    outer loop
      vertex 46.07 32.0471 22.4162
      vertex 45.3572 30.6481 22.2604
      vertex 46.4979 31.086 22.2604
    endloop
  endfacet
  facet normal 0.0541579 -0.106298 0.992858
    outer loop
      vertex 47.0606 32.5518 22.4162
      vertex 45.5948 33.1145 22.5564
      vertex 46.07 32.0471 22.4162
    endloop
  endfacet
  facet normal 0.0120365 -0.0759736 0.997037
    outer loop
      vertex 43.1678 35.0798 22.7845
      vertex 42.6051 33.614 22.6796
      vertex 43.4509 33.748 22.6796
    endloop
  endfacet
  facet normal 0.0186658 -0.117831 0.992858
    outer loop
      vertex 43.7153 32.5038 22.5564
      vertex 42.7381 32.349 22.5564
      vertex 42.8602 31.187 22.4162
    endloop
  endfacet
  facet normal -0.0151058 -0.0953469 0.995329
    outer loop
      vertex 40.0491 33.748 22.6796
      vertex 39.7847 32.5038 22.5564
      vertex 40.8949 33.614 22.6796
    endloop
  endfacet
  facet normal -0.0199069 -0.0743006 0.997037
    outer loop
      vertex 40.3322 35.0798 22.7845
      vertex 39.222 33.9696 22.6796
      vertex 40.0491 33.748 22.6796
    endloop
  endfacet
  facet normal -0.0094579 -0.180495 0.98353
    outer loop
      vertex 40.5298 30.1408 22.2604
      vertex 40.4332 29.2217 22.0908
      vertex 41.75 29.1527 22.0908
    endloop
  endfacet
  facet normal -0.00946766 -0.180507 0.983528
    outer loop
      vertex 41.75 30.0768 22.2604
      vertex 40.5298 30.1408 22.2604
      vertex 41.75 29.1527 22.0908
    endloop
  endfacet
  facet normal -0.0743409 -0.277443 0.957862
    outer loop
      vertex 37.6143 29.0216 21.9092
      vertex 37.4167 28.4134 21.7177
      vertex 38.8345 28.0335 21.7177
    endloop
  endfacet
  facet normal -0.0743517 -0.277455 0.957857
    outer loop
      vertex 38.9674 28.659 21.9092
      vertex 37.6143 29.0216 21.9092
      vertex 38.8345 28.0335 21.7177
    endloop
  endfacet
  facet normal 0.0117933 -0.22507 0.974271
    outer loop
      vertex 41.75 29.1527 22.0908
      vertex 41.75 28.3666 21.9092
      vertex 43.1489 28.4399 21.9092
    endloop
  endfacet
  facet normal 0.0983711 -0.367202 0.924925
    outer loop
      vertex 46.2335 27.9513 21.5183
      vertex 44.6655 28.0335 21.7177
      vertex 44.7665 27.5583 21.5183
    endloop
  endfacet
  facet normal -0.239237 -0.295439 0.924922
    outer loop
      vertex 32.3668 31.3289 21.7177
      vertex 32.0417 30.9679 21.5183
      vertex 33.5075 30.4052 21.7177
    endloop
  endfacet
  facet normal -0.0820554 -0.161054 0.983529
    outer loop
      vertex 37.0021 31.086 22.2604
      vertex 35.4513 30.8404 22.0908
      vertex 36.6262 30.2418 22.0908
    endloop
  endfacet
  facet normal -0.0438288 -0.0860185 0.995329
    outer loop
      vertex 37.6596 34.6652 22.6796
      vertex 37.0236 33.5637 22.5564
      vertex 37.9052 33.1145 22.5564
    endloop
  endfacet
  facet normal -0.137695 -0.513789 0.846794
    outer loop
      vertex 37.2665 27.9513 21.5183
      vertex 37.1655 27.6405 21.3133
      vertex 38.6655 27.2385 21.3133
    endloop
  endfacet
  facet normal -0.427913 -0.658958 0.618599
    outer loop
      vertex 33.0298 29.7477 21.3133
      vertex 32.9332 29.6147 21.1048
      vertex 34.25 28.7596 21.1048
    endloop
  endfacet
  facet normal -0.0983769 -0.367146 0.924946
    outer loop
      vertex 37.4167 28.4134 21.7177
      vertex 37.2665 27.9513 21.5183
      vertex 38.8345 28.0335 21.7177
    endloop
  endfacet
  facet normal -0.156431 -0.240889 0.957863
    outer loop
      vertex 35.0583 30.1596 21.9092
      vertex 33.5075 30.4052 21.7177
      vertex 34.7385 29.6058 21.7177
    endloop
  endfacet
  facet normal 0.376084 0.376084 0.846831
    outer loop
      vertex 51.677 52.775 21.3133
      vertex 52.5321 51.4583 21.5183
      vertex 52.775 51.677 21.3133
    endloop
  endfacet
  facet normal 0.376084 0.376084 0.846831
    outer loop
      vertex 52.5321 51.4583 21.5183
      vertex 51.677 52.775 21.3133
      vertex 51.4583 52.5321 21.5183
    endloop
  endfacet
  facet normal 0.334722 0.413325 0.846831
    outer loop
      vertex 51.677 52.775 21.3133
      vertex 50.4702 53.7523 21.3133
      vertex 51.4583 52.5321 21.5183
    endloop
  endfacet
  facet normal 0.494419 0.610556 0.618686
    outer loop
      vertex 51.787 52.8972 21.1048
      vertex 50.5668 53.8853 21.1048
      vertex 51.677 52.775 21.3133
    endloop
  endfacet
  facet normal 0.659013 0.427974 0.618499
    outer loop
      vertex 54.7404 49.25 21.1048
      vertex 53.7523 50.4702 21.3133
      vertex 54.5981 49.1678 21.3133
    endloop
  endfacet
  facet normal 0.356711 0.700164 0.618489
    outer loop
      vertex 49.25 54.7404 21.1048
      vertex 47.7842 55.303 21.3133
      vertex 49.1678 54.5981 21.3133
    endloop
  endfacet
  facet normal -0.784777 0.0411442 0.618412
    outer loop
      vertex 26.9956 43.3007 21.3133
      vertex 26.75 41.75 21.1048
      vertex 26.9143 41.75 21.3133
    endloop
  endfacet
  facet normal 0.0249853 -0.0932486 0.995329
    outer loop
      vertex 44.278 33.9696 22.6796
      vertex 43.7153 32.5038 22.5564
      vertex 44.6711 32.7599 22.5564
    endloop
  endfacet
  facet normal 0.0379649 -0.141702 0.989181
    outer loop
      vertex 45.3572 30.6481 22.2604
      vertex 43.9583 31.3609 22.4162
      vertex 44.177 30.3319 22.2604
    endloop
  endfacet
  facet normal 0.17257 -0.338732 0.924922
    outer loop
      vertex 49.0044 29.185 21.5183
      vertex 47.4536 28.9394 21.7177
      vertex 47.6512 28.4956 21.5183
    endloop
  endfacet
  facet normal 0.0449202 -0.283688 0.957864
    outer loop
      vertex 44.5326 28.659 21.9092
      vertex 43.1489 28.4399 21.9092
      vertex 43.2158 27.8039 21.7177
    endloop
  endfacet
  facet normal 0.141828 -0.175157 0.974272
    outer loop
      vertex 50.1793 32.3884 22.0908
      vertex 49.1545 31.5586 22.0908
      vertex 50.7053 31.8042 21.9092
    endloop
  endfacet
  facet normal 0.113746 -0.140476 0.983529
    outer loop
      vertex 50.1793 32.3884 22.0908
      vertex 48.6113 32.3062 22.2604
      vertex 49.1545 31.5586 22.0908
    endloop
  endfacet
  facet normal 0.239248 -0.295474 0.924908
    outer loop
      vertex 51.4583 30.9679 21.5183
      vertex 49.9925 30.4052 21.7177
      vertex 50.278 30.0122 21.5183
    endloop
  endfacet
  facet normal 0.207086 -0.31884 0.924909
    outer loop
      vertex 49.9925 30.4052 21.7177
      vertex 49.0044 29.185 21.5183
      vertex 50.278 30.0122 21.5183
    endloop
  endfacet
  facet normal 0.356711 -0.700164 0.618489
    outer loop
      vertex 49.1678 28.9019 21.3133
      vertex 47.7842 28.197 21.3133
      vertex 49.25 28.7596 21.1048
    endloop
  endfacet
  facet normal -0.0594732 -0.375437 0.924938
    outer loop
      vertex 40.2842 27.8039 21.7177
      vertex 38.7335 27.5583 21.5183
      vertex 40.2334 27.3207 21.5183
    endloop
  endfacet
  facet normal 0.0278431 -0.531074 0.846868
    outer loop
      vertex 41.75 27.2412 21.5183
      vertex 41.75 26.9143 21.3133
      vertex 43.3007 26.9956 21.3133
    endloop
  endfacet
  facet normal -0.0278396 -0.531088 0.846859
    outer loop
      vertex 40.2334 27.3207 21.5183
      vertex 40.1993 26.9956 21.3133
      vertex 41.75 27.2412 21.5183
    endloop
  endfacet
  facet normal 0.31884 -0.207086 0.924909
    outer loop
      vertex 54.315 34.4956 21.5183
      vertex 53.0948 33.5075 21.7177
      vertex 53.4878 33.222 21.5183
    endloop
  endfacet
  facet normal 0.658958 -0.427913 0.618599
    outer loop
      vertex 54.7404 34.25 21.1048
      vertex 53.7523 33.0298 21.3133
      vertex 53.8853 32.9332 21.1048
    endloop
  endfacet
  facet normal 0.525201 -0.0831734 0.846904
    outer loop
      vertex 56.5044 40.1993 21.3133
      vertex 55.9417 38.7335 21.5183
      vertex 56.2615 38.6655 21.3133
    endloop
  endfacet
  facet normal 0.776173 0.122922 0.618422
    outer loop
      vertex 56.6678 43.3179 21.1048
      vertex 56.4222 44.8687 21.1048
      vertex 56.5044 43.3007 21.3133
    endloop
  endfacet
  facet normal 0.277443 0.0743409 0.957862
    outer loop
      vertex 55.0866 46.0833 21.7177
      vertex 54.4784 45.8857 21.9092
      vertex 55.4665 44.6655 21.7177
    endloop
  endfacet
  facet normal 0.354849 -0.136211 0.924948
    outer loop
      vertex 55.0866 37.4167 21.7177
      vertex 54.5606 36.0464 21.7177
      vertex 55.5487 37.2665 21.5183
    endloop
  endfacet
  facet normal 0.3549 -0.136258 0.924921
    outer loop
      vertex 55.5487 37.2665 21.5183
      vertex 54.5606 36.0464 21.7177
      vertex 55.0044 35.8488 21.5183
    endloop
  endfacet
  facet normal 0.784777 -0.0411442 0.618412
    outer loop
      vertex 56.5857 41.75 21.3133
      vertex 56.5044 40.1993 21.3133
      vertex 56.75 41.75 21.1048
    endloop
  endfacet
  facet normal 0.555533 -0.555533 0.61868
    outer loop
      vertex 52.775 31.823 21.3133
      vertex 51.787 30.6028 21.1048
      vertex 52.8972 31.713 21.1048
    endloop
  endfacet
  facet normal 0.555533 -0.555533 0.61868
    outer loop
      vertex 51.787 30.6028 21.1048
      vertex 52.775 31.823 21.3133
      vertex 51.677 30.725 21.3133
    endloop
  endfacet
  facet normal 0.180746 -0.223207 0.957867
    outer loop
      vertex 50.7053 31.8042 21.9092
      vertex 49.9925 30.4052 21.7177
      vertex 51.1332 31.3289 21.7177
    endloop
  endfacet
  facet normal 0.0809674 0.0525803 0.995329
    outer loop
      vertex 49.3974 47.3062 22.5564
      vertex 48.3684 46.5586 22.6796
      vertex 48.8348 45.8404 22.6796
    endloop
  endfacet
  facet normal 0.22507 0.0117933 0.974271
    outer loop
      vertex 55.0601 43.1489 21.9092
      vertex 54.3473 41.75 22.0908
      vertex 55.1334 41.75 21.9092
    endloop
  endfacet
  facet normal 0.140476 0.113746 0.983529
    outer loop
      vertex 51.9414 49.1545 22.0908
      vertex 51.1116 50.1793 22.0908
      vertex 51.1938 48.6113 22.2604
    endloop
  endfacet
  facet normal 0.130703 0.0665942 0.989182
    outer loop
      vertex 51.8593 47.5866 22.2604
      vertex 51.4529 46.07 22.4162
      vertex 52.414 46.4979 22.2604
    endloop
  endfacet
  facet normal 0.136943 0.052566 0.989183
    outer loop
      vertex 52.8519 45.3572 22.2604
      vertex 51.4529 46.07 22.4162
      vertex 51.8513 45.0321 22.4162
    endloop
  endfacet
  facet normal 0.111379 0.0427532 0.992858
    outer loop
      vertex 51.4529 46.07 22.4162
      vertex 50.7401 44.6711 22.5564
      vertex 51.8513 45.0321 22.4162
    endloop
  endfacet
  facet normal 0.217712 0.0583208 0.974269
    outer loop
      vertex 54.4784 45.8857 21.9092
      vertex 53.7308 45.6428 22.0908
      vertex 54.072 44.3691 22.0908
    endloop
  endfacet
  facet normal 0.217674 0.0583317 0.974277
    outer loop
      vertex 54.4784 45.8857 21.9092
      vertex 54.072 44.3691 22.0908
      vertex 54.841 44.5326 21.9092
    endloop
  endfacet
  facet normal 0.354849 0.136211 0.924948
    outer loop
      vertex 55.5487 46.2335 21.5183
      vertex 54.5606 47.4536 21.7177
      vertex 55.0866 46.0833 21.7177
    endloop
  endfacet
  facet normal 0.268153 0.102933 0.957861
    outer loop
      vertex 54.5606 47.4536 21.7177
      vertex 54.4784 45.8857 21.9092
      vertex 55.0866 46.0833 21.7177
    endloop
  endfacet
  facet normal 0.277455 0.0743517 0.957857
    outer loop
      vertex 55.4665 44.6655 21.7177
      vertex 54.4784 45.8857 21.9092
      vertex 54.841 44.5326 21.9092
    endloop
  endfacet
  facet normal 0.283706 0.0449327 0.957858
    outer loop
      vertex 55.4665 44.6655 21.7177
      vertex 54.841 44.5326 21.9092
      vertex 55.6961 43.2158 21.7177
    endloop
  endfacet
  facet normal 0.338732 0.17257 0.924922
    outer loop
      vertex 55.0044 47.6512 21.5183
      vertex 54.315 49.0044 21.5183
      vertex 54.5606 47.4536 21.7177
    endloop
  endfacet
  facet normal 0.473869 0.241417 0.846857
    outer loop
      vertex 55.303 47.7842 21.3133
      vertex 54.315 49.0044 21.5183
      vertex 55.0044 47.6512 21.5183
    endloop
  endfacet
  facet normal 0.277443 -0.0743409 0.957862
    outer loop
      vertex 55.4665 38.8345 21.7177
      vertex 54.4784 37.6143 21.9092
      vertex 55.0866 37.4167 21.7177
    endloop
  endfacet
  facet normal 0.168746 -0.0647796 0.983528
    outer loop
      vertex 52.8519 38.1428 22.2604
      vertex 52.414 37.0021 22.2604
      vertex 53.2582 36.6262 22.0908
    endloop
  endfacet
  facet normal 0.379573 -0.0198876 0.924948
    outer loop
      vertex 55.7729 41.75 21.7177
      vertex 55.6961 40.2842 21.7177
      vertex 56.2588 41.75 21.5183
    endloop
  endfacet
  facet normal 0.379573 0.0198876 0.924948
    outer loop
      vertex 56.2588 41.75 21.5183
      vertex 55.6961 43.2158 21.7177
      vertex 55.7729 41.75 21.7177
    endloop
  endfacet
  facet normal 0.180748 -0.223209 0.957866
    outer loop
      vertex 50.7053 31.8042 21.9092
      vertex 49.6166 30.9226 21.9092
      vertex 49.9925 30.4052 21.7177
    endloop
  endfacet
  facet normal 0.239237 -0.295439 0.924922
    outer loop
      vertex 51.1332 31.3289 21.7177
      vertex 49.9925 30.4052 21.7177
      vertex 51.4583 30.9679 21.5183
    endloop
  endfacet
  facet normal 0.16105 -0.0820561 0.983529
    outer loop
      vertex 52.414 37.0021 22.2604
      vertex 51.8593 35.9134 22.2604
      vertex 52.6596 35.4513 22.0908
    endloop
  endfacet
  facet normal 0.338682 -0.172565 0.924941
    outer loop
      vertex 54.5606 36.0464 21.7177
      vertex 53.8942 34.7385 21.7177
      vertex 54.315 34.4956 21.5183
    endloop
  endfacet
  facet normal 0.127811 -0.127811 0.983529
    outer loop
      vertex 50.4249 33.9391 22.2604
      vertex 50.1793 32.3884 22.0908
      vertex 51.1116 33.3207 22.0908
    endloop
  endfacet
  facet normal 0.127811 -0.127811 0.983529
    outer loop
      vertex 50.1793 32.3884 22.0908
      vertex 50.4249 33.9391 22.2604
      vertex 49.5609 33.0751 22.2604
    endloop
  endfacet
  facet normal 0.140478 -0.113746 0.983528
    outer loop
      vertex 51.1938 34.8887 22.2604
      vertex 50.4249 33.9391 22.2604
      vertex 51.1116 33.3207 22.0908
    endloop
  endfacet
  facet normal 0.0923101 -0.114004 0.989182
    outer loop
      vertex 48.8569 33.8569 22.4162
      vertex 48.6113 32.3062 22.2604
      vertex 49.5609 33.0751 22.2604
    endloop
  endfacet
  facet normal 0.210399 -0.0807618 0.974274
    outer loop
      vertex 54.4784 37.6143 21.9092
      vertex 53.2582 36.6262 22.0908
      vertex 53.9764 36.3065 21.9092
    endloop
  endfacet
  facet normal 0.151587 -0.0984535 0.983528
    outer loop
      vertex 52.6596 35.4513 22.0908
      vertex 51.1938 34.8887 22.2604
      vertex 51.9414 34.3455 22.0908
    endloop
  endfacet
  facet normal 0.106298 -0.0541579 0.992858
    outer loop
      vertex 51.4529 37.43 22.4162
      vertex 50.3855 37.9052 22.5564
      vertex 50.9482 36.4394 22.4162
    endloop
  endfacet
  facet normal 0.130703 -0.0665942 0.989182
    outer loop
      vertex 52.414 37.0021 22.2604
      vertex 51.4529 37.43 22.4162
      vertex 51.8593 35.9134 22.2604
    endloop
  endfacet
  facet normal 0.144896 0.0229447 0.989181
    outer loop
      vertex 53.1681 44.177 22.2604
      vertex 52.313 42.8602 22.4162
      vertex 53.3592 42.9702 22.2604
    endloop
  endfacet
  facet normal 0.0932479 -0.0249833 0.995329
    outer loop
      vertex 49.752 40.0491 22.6796
      vertex 49.5304 39.222 22.6796
      vertex 50.9962 39.7847 22.5564
    endloop
  endfacet
  facet normal 0.100049 -0.0649717 0.992859
    outer loop
      vertex 50.9482 36.4394 22.4162
      vertex 49.3974 36.1938 22.5564
      vertex 50.3427 35.507 22.4162
    endloop
  endfacet
  facet normal 0.0718112 -0.0275583 0.997037
    outer loop
      vertex 48.2354 39.6427 22.7845
      vertex 47.9797 38.9764 22.7845
      vertex 49.5304 39.222 22.6796
    endloop
  endfacet
  facet normal 0.0953469 -0.0151058 0.995329
    outer loop
      vertex 49.886 40.8949 22.6796
      vertex 49.752 40.0491 22.6796
      vertex 50.9962 39.7847 22.5564
    endloop
  endfacet
  facet normal 0.0768097 -0.00403014 0.997038
    outer loop
      vertex 48.5692 41.75 22.7845
      vertex 48.5318 41.0372 22.7845
      vertex 49.886 40.8949 22.6796
    endloop
  endfacet
  facet normal 0.0553585 -0.0212444 0.998241
    outer loop
      vertex 48.2354 39.6427 22.7845
      vertex 46.8694 40.0866 22.8697
      vertex 47.9797 38.9764 22.7845
    endloop
  endfacet
  facet normal 0.042822 -0.00677918 0.99906
    outer loop
      vertex 47.1034 41.1873 22.8697
      vertex 45.5527 40.9417 22.9345
      vertex 47.0153 40.6308 22.8697
    endloop
  endfacet
  facet normal 0.0418757 0.0112308 0.99906
    outer loop
      vertex 47.0153 42.8692 22.8697
      vertex 45.4473 42.9513 22.9345
      vertex 45.5527 42.5583 22.9345
    endloop
  endfacet
  facet normal 0.0404753 0.015536 0.99906
    outer loop
      vertex 46.6675 43.9394 22.8697
      vertex 45.4473 42.9513 22.9345
      vertex 46.8694 43.4134 22.8697
    endloop
  endfacet
  facet normal 0.0768097 0.00403014 0.997038
    outer loop
      vertex 49.886 42.6051 22.6796
      vertex 48.5318 42.4628 22.7845
      vertex 48.5692 41.75 22.7845
    endloop
  endfacet
  facet normal 0.0768135 0.00402438 0.997037
    outer loop
      vertex 49.886 42.6051 22.6796
      vertex 48.5692 41.75 22.7845
      vertex 49.9308 41.75 22.6796
    endloop
  endfacet
  facet normal 0.0140043 0.000732587 0.999902
    outer loop
      vertex 44.0869 41.9956 22.9781
      vertex 42.5318 41.8322 23
      vertex 42.5361 41.75 23
    endloop
  endfacet
  facet normal 0.0236158 -0.0363557 0.99906
    outer loop
      vertex 44.0351 38.6049 22.9345
      vertex 43.6938 38.3832 22.9345
      vertex 44.914 37.3951 22.8697
    endloop
  endfacet
  facet normal 0.0418755 -0.0112268 0.99906
    outer loop
      vertex 47.0153 40.6308 22.8697
      vertex 45.4473 40.5487 22.9345
      vertex 46.8694 40.0866 22.8697
    endloop
  endfacet
  facet normal 0.074295 -0.0199126 0.997037
    outer loop
      vertex 48.4202 40.3322 22.7845
      vertex 48.2354 39.6427 22.7845
      vertex 49.5304 39.222 22.6796
    endloop
  endfacet
  facet normal 0.0418757 -0.0112308 0.99906
    outer loop
      vertex 45.5527 40.9417 22.9345
      vertex 45.4473 40.5487 22.9345
      vertex 47.0153 40.6308 22.8697
    endloop
  endfacet
  facet normal 0.0386306 -0.0196847 0.99906
    outer loop
      vertex 46.6675 39.5606 22.8697
      vertex 45.1168 39.8062 22.9345
      vertex 46.4117 39.0586 22.8697
    endloop
  endfacet
  facet normal -0.0831734 0.525201 0.846904
    outer loop
      vertex 40.1993 56.5044 21.3133
      vertex 38.6655 56.2615 21.3133
      vertex 38.7335 55.9417 21.5183
    endloop
  endfacet
  facet normal 0.0594732 0.375437 0.924938
    outer loop
      vertex 43.2666 56.1793 21.5183
      vertex 43.2158 55.6961 21.7177
      vertex 44.7665 55.9417 21.5183
    endloop
  endfacet
  facet normal 0.0832094 0.525277 0.846853
    outer loop
      vertex 43.3007 56.5044 21.3133
      vertex 43.2666 56.1793 21.5183
      vertex 44.7665 55.9417 21.5183
    endloop
  endfacet
  facet normal 0.122921 0.776187 0.618404
    outer loop
      vertex 44.8687 56.4222 21.1048
      vertex 43.3007 56.5044 21.3133
      vertex 44.8345 56.2615 21.3133
    endloop
  endfacet
  facet normal 0.0411432 0.784773 0.618416
    outer loop
      vertex 43.3179 56.6678 21.1048
      vertex 41.75 56.75 21.1048
      vertex 43.3007 56.5044 21.3133
    endloop
  endfacet
  facet normal 0.136258 0.3549 0.924921
    outer loop
      vertex 47.6512 55.0044 21.5183
      vertex 46.2335 55.5487 21.5183
      vertex 47.4536 54.5606 21.7177
    endloop
  endfacet
  facet normal 0.427974 0.659013 0.618499
    outer loop
      vertex 49.25 54.7404 21.1048
      vertex 49.1678 54.5981 21.3133
      vertex 50.4702 53.7523 21.3133
    endloop
  endfacet
  facet normal 0.0807618 0.210399 0.974274
    outer loop
      vertex 47.1935 53.9764 21.9092
      vertex 45.8857 54.4784 21.9092
      vertex 46.8738 53.2582 22.0908
    endloop
  endfacet
  facet normal 0.102933 0.268153 0.957861
    outer loop
      vertex 46.0833 55.0866 21.7177
      vertex 45.8857 54.4784 21.9092
      vertex 47.4536 54.5606 21.7177
    endloop
  endfacet
  facet normal 0.268809 0.268809 0.924924
    outer loop
      vertex 51.4583 52.5321 21.5183
      vertex 52.1711 51.1332 21.7177
      vertex 52.5321 51.4583 21.5183
    endloop
  endfacet
  facet normal 0.268809 0.268809 0.924924
    outer loop
      vertex 52.1711 51.1332 21.7177
      vertex 51.4583 52.5321 21.5183
      vertex 51.1332 52.1711 21.7177
    endloop
  endfacet
  facet normal 0.239248 0.295474 0.924908
    outer loop
      vertex 50.278 53.4878 21.5183
      vertex 49.9925 53.0948 21.7177
      vertex 51.4583 52.5321 21.5183
    endloop
  endfacet
  facet normal 0.239237 0.295439 0.924922
    outer loop
      vertex 51.4583 52.5321 21.5183
      vertex 49.9925 53.0948 21.7177
      vertex 51.1332 52.1711 21.7177
    endloop
  endfacet
  facet normal 0.141828 0.175157 0.974272
    outer loop
      vertex 50.7053 51.6958 21.9092
      vertex 49.1545 51.9414 22.0908
      vertex 50.1793 51.1116 22.0908
    endloop
  endfacet
  facet normal 0.0460879 0.037314 0.99824
    outer loop
      vertex 46.8177 46.3129 22.7845
      vertex 46.1049 44.914 22.8697
      vertex 47.2668 45.7582 22.7845
    endloop
  endfacet
  facet normal 0.0750294 0.0607534 0.995329
    outer loop
      vertex 48.7748 48.0751 22.5564
      vertex 48.3684 46.5586 22.6796
      vertex 49.3974 47.3062 22.5564
    endloop
  endfacet
  facet normal 0.0528293 0.0269214 0.998241
    outer loop
      vertex 47.6556 45.1596 22.7845
      vertex 46.6675 43.9394 22.8697
      vertex 47.9797 44.5236 22.7845
    endloop
  endfacet
  facet normal 0.0404766 0.0155343 0.99906
    outer loop
      vertex 46.6675 43.9394 22.8697
      vertex 45.3015 43.3312 22.9345
      vertex 45.4473 42.9513 22.9345
    endloop
  endfacet
  facet normal 0.071813 0.0275699 0.997037
    outer loop
      vertex 49.2235 45.0774 22.6796
      vertex 47.9797 44.5236 22.7845
      vertex 49.5304 44.278 22.6796
    endloop
  endfacet
  facet normal 0.117831 0.0186658 0.992858
    outer loop
      vertex 52.313 42.8602 22.4162
      vertex 50.9962 43.7153 22.5564
      vertex 51.151 42.7381 22.5564
    endloop
  endfacet
  facet normal 0.0553553 0.0212476 0.998241
    outer loop
      vertex 47.9797 44.5236 22.7845
      vertex 46.6675 43.9394 22.8697
      vertex 46.8694 43.4134 22.8697
    endloop
  endfacet
  facet normal 0.0572738 0.0153505 0.99824
    outer loop
      vertex 48.2354 43.8573 22.7845
      vertex 46.8694 43.4134 22.8697
      vertex 48.4202 43.1678 22.7845
    endloop
  endfacet
  facet normal 0.092716 0.0750747 0.992858
    outer loop
      vertex 49.6431 48.8569 22.4162
      vertex 48.7748 48.0751 22.5564
      vertex 49.3974 47.3062 22.5564
    endloop
  endfacet
  facet normal 0.0860172 0.0438203 0.99533
    outer loop
      vertex 50.3855 45.5948 22.5564
      vertex 48.8348 45.8404 22.6796
      vertex 49.2235 45.0774 22.6796
    endloop
  endfacet
  facet normal 0.0525719 0.136946 0.989182
    outer loop
      vertex 46.4979 52.414 22.2604
      vertex 45.3572 52.8519 22.2604
      vertex 46.07 51.4529 22.4162
    endloop
  endfacet
  facet normal 0.0649717 0.100049 0.992859
    outer loop
      vertex 47.993 50.3427 22.4162
      vertex 47.0606 50.9482 22.4162
      vertex 47.3062 49.3974 22.5564
    endloop
  endfacet
  facet normal 0.127811 0.127811 0.983529
    outer loop
      vertex 50.1793 51.1116 22.0908
      vertex 50.4249 49.5609 22.2604
      vertex 51.1116 50.1793 22.0908
    endloop
  endfacet
  facet normal 0.127811 0.127811 0.983529
    outer loop
      vertex 50.4249 49.5609 22.2604
      vertex 50.1793 51.1116 22.0908
      vertex 49.5609 50.4249 22.2604
    endloop
  endfacet
  facet normal 0.130403 0.255927 0.95786
    outer loop
      vertex 47.4536 54.5606 21.7177
      vertex 47.1935 53.9764 21.9092
      vertex 48.4417 53.3404 21.9092
    endloop
  endfacet
  facet normal 0.102309 0.200807 0.974274
    outer loop
      vertex 47.1935 53.9764 21.9092
      vertex 46.8738 53.2582 22.0908
      vertex 48.0487 52.6596 22.0908
    endloop
  endfacet
  facet normal 0.41325 0.334612 0.846912
    outer loop
      vertex 53.7523 50.4702 21.3133
      vertex 52.5321 51.4583 21.5183
      vertex 53.4878 50.278 21.5183
    endloop
  endfacet
  facet normal 0.610556 0.494419 0.618686
    outer loop
      vertex 52.8972 51.787 21.1048
      vertex 52.775 51.677 21.3133
      vertex 53.8853 50.5668 21.1048
    endloop
  endfacet
  facet normal -0.017857 -0.0220559 0.999597
    outer loop
      vertex 40.1777 40.0038 22.9781
      vertex 39.4649 38.6049 22.9345
      vertex 40.3689 39.849 22.9781
    endloop
  endfacet
  facet normal -0.042822 -0.00677918 0.99906
    outer loop
      vertex 37.9473 40.9417 22.9345
      vertex 36.3966 41.1873 22.8697
      vertex 36.4847 40.6308 22.8697
    endloop
  endfacet
  facet normal -0.0418755 0.0112268 0.99906
    outer loop
      vertex 36.6306 43.4134 22.8697
      vertex 36.4847 42.8692 22.8697
      vertex 38.0527 42.9513 22.9345
    endloop
  endfacet
  facet normal -0.042822 0.00677918 0.99906
    outer loop
      vertex 36.4847 42.8692 22.8697
      vertex 36.3966 42.3127 22.8697
      vertex 37.9473 42.5583 22.9345
    endloop
  endfacet
  facet normal -0.0432953 0.00226917 0.99906
    outer loop
      vertex 37.8837 42.1564 22.9345
      vertex 36.3966 42.3127 22.8697
      vertex 37.8624 41.75 22.9345
    endloop
  endfacet
  facet normal 0.0283411 0.00147706 0.999597
    outer loop
      vertex 45.6163 42.1564 22.9345
      vertex 44.0869 41.9956 22.9781
      vertex 44.0997 41.75 22.9781
    endloop
  endfacet
  facet normal -0.0264946 0.0101682 0.999597
    outer loop
      vertex 38.1985 43.3312 22.9345
      vertex 38.0527 42.9513 22.9345
      vertex 39.6034 42.7057 22.9781
    endloop
  endfacet
  facet normal -0.0252869 0.0128806 0.999597
    outer loop
      vertex 38.3832 43.6938 22.9345
      vertex 38.1985 43.3312 22.9345
      vertex 39.6034 42.7057 22.9781
    endloop
  endfacet
  facet normal 0.00734865 0.0274103 0.999597
    outer loop
      vertex 42.9513 45.4473 22.9345
      vertex 42.2385 44.0484 22.9781
      vertex 42.4761 43.9847 22.9781
    endloop
  endfacet
  facet normal -0.0404766 0.0155343 0.99906
    outer loop
      vertex 38.1985 43.3312 22.9345
      vertex 36.8325 43.9394 22.8697
      vertex 38.0527 42.9513 22.9345
    endloop
  endfacet
  facet normal -0.0130962 0.00501339 0.999902
    outer loop
      vertex 41.0318 42.0697 23
      vertex 39.5153 42.4761 22.9781
      vertex 41.0024 41.9929 23
    endloop
  endfacet
  facet normal 0.0130962 0.00501339 0.999902
    outer loop
      vertex 43.9847 42.4761 22.9781
      vertex 42.4682 42.0697 23
      vertex 42.4976 41.9929 23
    endloop
  endfacet
  facet normal -0.0597759 0.0484118 0.997037
    outer loop
      vertex 35.6705 47.224 22.6796
      vertex 35.1316 46.5586 22.6796
      vertex 36.6823 46.3129 22.7845
    endloop
  endfacet
  facet normal -0.0138501 -0.00220033 0.999902
    outer loop
      vertex 40.9682 41.6678 23
      vertex 39.4131 41.5044 22.9781
      vertex 40.9811 41.5866 23
    endloop
  endfacet
  facet normal 0.0541597 0.106294 0.992859
    outer loop
      vertex 47.0606 50.9482 22.4162
      vertex 45.5948 50.3855 22.5564
      vertex 46.4764 49.9363 22.5564
    endloop
  endfacet
  facet normal 0.052566 0.136943 0.989183
    outer loop
      vertex 45.3572 52.8519 22.2604
      vertex 45.0321 51.8513 22.4162
      vertex 46.07 51.4529 22.4162
    endloop
  endfacet
  facet normal 0.0647816 0.168739 0.98353
    outer loop
      vertex 45.6428 53.7308 22.0908
      vertex 45.3572 52.8519 22.2604
      vertex 46.8738 53.2582 22.0908
    endloop
  endfacet
  facet normal -0.0198876 0.379573 0.924948
    outer loop
      vertex 41.75 56.2588 21.5183
      vertex 40.2842 55.6961 21.7177
      vertex 41.75 55.7729 21.7177
    endloop
  endfacet
  facet normal 0.0186596 0.117827 0.992859
    outer loop
      vertex 43.9583 52.1391 22.4162
      vertex 42.8602 52.313 22.4162
      vertex 43.7153 50.9962 22.5564
    endloop
  endfacet
  facet normal -0.0404753 0.015536 0.99906
    outer loop
      vertex 36.8325 43.9394 22.8697
      vertex 36.6306 43.4134 22.8697
      vertex 38.0527 42.9513 22.9345
    endloop
  endfacet
  facet normal 0.030875 0.11523 0.992859
    outer loop
      vertex 43.9583 52.1391 22.4162
      vertex 43.7153 50.9962 22.5564
      vertex 44.6711 50.7401 22.5564
    endloop
  endfacet
  facet normal -0.0229447 0.144896 0.989181
    outer loop
      vertex 40.5298 53.3592 22.2604
      vertex 39.323 53.1681 22.2604
      vertex 40.6398 52.313 22.4162
    endloop
  endfacet
  facet normal 0.0923101 0.114004 0.989182
    outer loop
      vertex 49.5609 50.4249 22.2604
      vertex 48.6113 51.1938 22.2604
      vertex 48.8569 49.6431 22.4162
    endloop
  endfacet
  facet normal 0.0798977 0.123033 0.989181
    outer loop
      vertex 48.6113 51.1938 22.2604
      vertex 47.0606 50.9482 22.4162
      vertex 47.993 50.3427 22.4162
    endloop
  endfacet
  facet normal -0.0592147 -0.00310438 0.99824
    outer loop
      vertex 36.3671 41.75 22.8697
      vertex 34.9308 41.75 22.7845
      vertex 36.3966 41.1873 22.8697
    endloop
  endfacet
  facet normal -0.0572745 0.0153553 0.99824
    outer loop
      vertex 36.6306 43.4134 22.8697
      vertex 35.0798 43.1678 22.7845
      vertex 36.4847 42.8692 22.8697
    endloop
  endfacet
  facet normal -0.117827 0.0186596 0.992859
    outer loop
      vertex 31.3609 43.9583 22.4162
      vertex 31.187 42.8602 22.4162
      vertex 32.5038 43.7153 22.5564
    endloop
  endfacet
  facet normal -0.0743006 0.0199069 0.997037
    outer loop
      vertex 33.9696 44.278 22.6796
      vertex 33.748 43.4509 22.6796
      vertex 35.0798 43.1678 22.7845
    endloop
  endfacet
  facet normal -0.189 0.122753 0.974274
    outer loop
      vertex 30.9226 49.6166 21.9092
      vertex 30.8404 48.0487 22.0908
      vertex 31.5586 49.1545 22.0908
    endloop
  endfacet
  facet normal -0.283706 0.0449327 0.957858
    outer loop
      vertex 28.0335 44.6655 21.7177
      vertex 27.8039 43.2158 21.7177
      vertex 28.659 44.5326 21.9092
    endloop
  endfacet
  facet normal -0.141826 0.175142 0.974274
    outer loop
      vertex 33.8834 52.5774 21.9092
      vertex 32.7947 51.6958 21.9092
      vertex 34.3455 51.9414 22.0908
    endloop
  endfacet
  facet normal 0.0094579 0.180495 0.98353
    outer loop
      vertex 43.0668 54.2783 22.0908
      vertex 41.75 54.3473 22.0908
      vertex 42.9702 53.3592 22.2604
    endloop
  endfacet
  facet normal -0.203385 0.758989 0.618523
    outer loop
      vertex 38.6313 56.4222 21.1048
      vertex 37.1147 56.0158 21.1048
      vertex 37.1655 55.8595 21.3133
    endloop
  endfacet
  facet normal -0.427974 0.659013 0.618499
    outer loop
      vertex 34.25 54.7404 21.1048
      vertex 33.0298 53.7523 21.3133
      vertex 34.3322 54.5981 21.3133
    endloop
  endfacet
  facet normal -0.241417 0.473869 0.846857
    outer loop
      vertex 35.7158 55.303 21.3133
      vertex 34.4956 54.315 21.5183
      vertex 35.8488 55.0044 21.5183
    endloop
  endfacet
  facet normal -0.289632 0.445933 0.84691
    outer loop
      vertex 34.4956 54.315 21.5183
      vertex 33.0298 53.7523 21.3133
      vertex 33.222 53.4878 21.5183
    endloop
  endfacet
  facet normal -0.658958 0.427913 0.618599
    outer loop
      vertex 29.6147 50.5668 21.1048
      vertex 28.7596 49.25 21.1048
      vertex 29.7477 50.4702 21.3133
    endloop
  endfacet
  facet normal -0.356711 0.700164 0.618489
    outer loop
      vertex 35.7158 55.303 21.3133
      vertex 34.25 54.7404 21.1048
      vertex 34.3322 54.5981 21.3133
    endloop
  endfacet
  facet normal -0.113746 0.140478 0.983528
    outer loop
      vertex 34.8887 51.1938 22.2604
      vertex 33.3207 51.1116 22.0908
      vertex 33.9391 50.4249 22.2604
    endloop
  endfacet
  facet normal -0.180746 0.223207 0.957867
    outer loop
      vertex 33.5075 53.0948 21.7177
      vertex 32.3668 52.1711 21.7177
      vertex 32.7947 51.6958 21.9092
    endloop
  endfacet
  facet normal -0.758989 0.203385 0.618523
    outer loop
      vertex 27.4842 46.3853 21.1048
      vertex 27.0778 44.8687 21.1048
      vertex 27.6405 46.3345 21.3133
    endloop
  endfacet
  facet normal -0.69999 0.356675 0.618706
    outer loop
      vertex 28.7596 49.25 21.1048
      vertex 28.0468 47.8511 21.1048
      vertex 28.197 47.7842 21.3133
    endloop
  endfacet
  facet normal -0.367202 0.0983711 0.924925
    outer loop
      vertex 27.9513 46.2335 21.5183
      vertex 27.5583 44.7665 21.5183
      vertex 28.0335 44.6655 21.7177
    endloop
  endfacet
  facet normal -0.375471 0.0594662 0.924924
    outer loop
      vertex 28.0335 44.6655 21.7177
      vertex 27.5583 44.7665 21.5183
      vertex 27.8039 43.2158 21.7177
    endloop
  endfacet
  facet normal -0.659013 0.427974 0.618499
    outer loop
      vertex 29.7477 50.4702 21.3133
      vertex 28.7596 49.25 21.1048
      vertex 28.9019 49.1678 21.3133
    endloop
  endfacet
  facet normal -0.733444 0.281549 0.6187
    outer loop
      vertex 28.0468 47.8511 21.1048
      vertex 27.6405 46.3345 21.3133
      vertex 28.197 47.7842 21.3133
    endloop
  endfacet
  facet normal -0.286832 -0.0150295 0.957863
    outer loop
      vertex 28.3666 41.75 21.9092
      vertex 27.8039 40.2842 21.7177
      vertex 28.4399 40.3511 21.9092
    endloop
  endfacet
  facet normal -0.283688 -0.0449202 0.957864
    outer loop
      vertex 28.4399 40.3511 21.9092
      vertex 27.8039 40.2842 21.7177
      vertex 28.659 38.9674 21.9092
    endloop
  endfacet
  facet normal -0.338732 0.17257 0.924922
    outer loop
      vertex 29.185 49.0044 21.5183
      vertex 28.4956 47.6512 21.5183
      vertex 28.9394 47.4536 21.7177
    endloop
  endfacet
  facet normal -0.283688 0.0449202 0.957864
    outer loop
      vertex 28.659 44.5326 21.9092
      vertex 27.8039 43.2158 21.7177
      vertex 28.4399 43.1489 21.9092
    endloop
  endfacet
  facet normal -0.283706 -0.0449327 0.957858
    outer loop
      vertex 28.659 38.9674 21.9092
      vertex 27.8039 40.2842 21.7177
      vertex 28.0335 38.8345 21.7177
    endloop
  endfacet
  facet normal -0.354849 -0.136211 0.924948
    outer loop
      vertex 28.4134 37.4167 21.7177
      vertex 27.9513 37.2665 21.5183
      vertex 28.9394 36.0464 21.7177
    endloop
  endfacet
  facet normal -0.239248 -0.295474 0.924908
    outer loop
      vertex 33.5075 30.4052 21.7177
      vertex 32.0417 30.9679 21.5183
      vertex 33.222 30.0122 21.5183
    endloop
  endfacet
  facet normal -0.141826 -0.175142 0.974274
    outer loop
      vertex 34.3455 31.5586 22.0908
      vertex 32.7947 31.8042 21.9092
      vertex 33.8834 30.9226 21.9092
    endloop
  endfacet
  facet normal -0.427974 -0.659013 0.618499
    outer loop
      vertex 34.3322 28.9019 21.3133
      vertex 33.0298 29.7477 21.3133
      vertex 34.25 28.7596 21.1048
    endloop
  endfacet
  facet normal -0.758989 -0.203385 0.618523
    outer loop
      vertex 27.6405 37.1655 21.3133
      vertex 27.0778 38.6313 21.1048
      vertex 27.4842 37.1147 21.1048
    endloop
  endfacet
  facet normal -0.446035 -0.289663 0.846846
    outer loop
      vertex 29.185 34.4956 21.5183
      vertex 28.9019 34.3322 21.3133
      vertex 29.7477 33.0298 21.3133
    endloop
  endfacet
  facet normal -0.659013 -0.427974 0.618499
    outer loop
      vertex 28.9019 34.3322 21.3133
      vertex 28.7596 34.25 21.1048
      vertex 29.7477 33.0298 21.3133
    endloop
  endfacet
  facet normal -0.700164 -0.356711 0.618489
    outer loop
      vertex 28.9019 34.3322 21.3133
      vertex 28.197 35.7158 21.3133
      vertex 28.7596 34.25 21.1048
    endloop
  endfacet
  facet normal -0.69999 -0.356675 0.618706
    outer loop
      vertex 28.197 35.7158 21.3133
      vertex 28.0468 35.6489 21.1048
      vertex 28.7596 34.25 21.1048
    endloop
  endfacet
  facet normal 0.0597781 -0.0483979 0.997038
    outer loop
      vertex 47.2668 37.7418 22.7845
      vertex 46.8177 37.1871 22.7845
      vertex 48.3684 36.9414 22.6796
    endloop
  endfacet
  facet normal 0.0645026 -0.0418955 0.997038
    outer loop
      vertex 47.6556 38.3404 22.7845
      vertex 47.2668 37.7418 22.7845
      vertex 48.3684 36.9414 22.6796
    endloop
  endfacet
  facet normal 0.0597759 -0.0484118 0.997037
    outer loop
      vertex 48.3684 36.9414 22.6796
      vertex 46.8177 37.1871 22.7845
      vertex 47.8295 36.276 22.6796
    endloop
  endfacet
  facet normal 0.0460828 -0.0373166 0.99824
    outer loop
      vertex 46.1049 38.586 22.8697
      vertex 45.7503 38.1481 22.8697
      vertex 46.8177 37.1871 22.7845
    endloop
  endfacet
  facet normal 0.0438288 -0.0860185 0.995329
    outer loop
      vertex 45.8404 34.6652 22.6796
      vertex 45.5948 33.1145 22.5564
      vertex 46.4764 33.5637 22.5564
    endloop
  endfacet
  facet normal 0.0427557 -0.111375 0.992858
    outer loop
      vertex 45.5948 33.1145 22.5564
      vertex 44.6711 32.7599 22.5564
      vertex 46.07 32.0471 22.4162
    endloop
  endfacet
  facet normal -0.0543914 -0.0543914 0.997037
    outer loop
      vertex 36.6823 37.1871 22.7845
      vertex 36.276 35.6705 22.6796
      vertex 37.1871 36.6823 22.7845
    endloop
  endfacet
  facet normal -0.0543914 -0.0543914 0.997037
    outer loop
      vertex 36.276 35.6705 22.6796
      vertex 36.6823 37.1871 22.7845
      vertex 35.6705 36.276 22.6796
    endloop
  endfacet
  facet normal -0.0607565 -0.0750183 0.99533
    outer loop
      vertex 36.276 35.6705 22.6796
      vertex 35.4249 34.7252 22.5564
      vertex 36.9414 35.1316 22.6796
    endloop
  endfacet
  facet normal -0.0418955 -0.0645026 0.997038
    outer loop
      vertex 37.7418 36.2332 22.7845
      vertex 36.9414 35.1316 22.6796
      vertex 38.3404 35.8444 22.7845
    endloop
  endfacet
  facet normal -0.0553585 -0.0212444 0.998241
    outer loop
      vertex 36.6306 40.0866 22.8697
      vertex 35.2646 39.6427 22.7845
      vertex 35.5203 38.9764 22.7845
    endloop
  endfacet
  facet normal -0.200807 -0.102309 0.974274
    outer loop
      vertex 30.2418 36.6262 22.0908
      vertex 29.5236 36.3065 21.9092
      vertex 30.8404 35.4513 22.0908
    endloop
  endfacet
  facet normal 0.0275583 -0.0718112 0.997037
    outer loop
      vertex 44.5236 35.5203 22.7845
      vertex 43.8573 35.2646 22.7845
      vertex 44.278 33.9696 22.6796
    endloop
  endfacet
  facet normal 0.0212444 -0.0553585 0.998241
    outer loop
      vertex 44.5236 35.5203 22.7845
      vertex 43.4134 36.6306 22.8697
      vertex 43.8573 35.2646 22.7845
    endloop
  endfacet
  facet normal -0.0108996 0.0088246 0.999902
    outer loop
      vertex 40.0038 43.3223 22.9781
      vertex 39.849 43.1311 22.9781
      vertex 41.114 42.2121 23
    endloop
  endfacet
  facet normal -0.0128842 -0.025284 0.999597
    outer loop
      vertex 40.5751 39.7151 22.9781
      vertex 39.8062 38.3832 22.9345
      vertex 40.7943 39.6034 22.9781
    endloop
  endfacet
  facet normal -0.0112268 -0.0418755 0.99906
    outer loop
      vertex 40.5487 38.0527 22.9345
      vertex 40.0866 36.6306 22.8697
      vertex 40.6308 36.4847 22.8697
    endloop
  endfacet
  facet normal -0.0153553 -0.0572745 0.99824
    outer loop
      vertex 40.6308 36.4847 22.8697
      vertex 40.0866 36.6306 22.8697
      vertex 40.3322 35.0798 22.7845
    endloop
  endfacet
  facet normal -0.0124955 -0.00636693 0.999902
    outer loop
      vertex 41.0318 41.4303 23
      vertex 39.7151 40.5751 22.9781
      vertex 41.0692 41.3569 23
    endloop
  endfacet
  facet normal -0.0418755 -0.0112268 0.99906
    outer loop
      vertex 38.0527 40.5487 22.9345
      vertex 36.4847 40.6308 22.8697
      vertex 36.6306 40.0866 22.8697
    endloop
  endfacet
  facet normal -0.0363657 -0.0236077 0.99906
    outer loop
      vertex 38.3832 39.8062 22.9345
      vertex 37.0883 39.0586 22.8697
      vertex 37.3951 38.586 22.8697
    endloop
  endfacet
  facet normal -0.0138504 -0.0021953 0.999902
    outer loop
      vertex 40.9811 41.5866 23
      vertex 39.4131 41.5044 22.9781
      vertex 39.4516 41.2615 22.9781
    endloop
  endfacet
  facet normal -0.0932479 -0.0249833 0.995329
    outer loop
      vertex 33.748 40.0491 22.6796
      vertex 32.5038 39.7847 22.5564
      vertex 33.9696 39.222 22.6796
    endloop
  endfacet
  facet normal -0.0759736 -0.0120365 0.997037
    outer loop
      vertex 35.0798 40.3322 22.7845
      vertex 33.614 40.8949 22.6796
      vertex 33.748 40.0491 22.6796
    endloop
  endfacet
  facet normal -0.115235 -0.0308853 0.992858
    outer loop
      vertex 32.7599 38.8289 22.5564
      vertex 31.3609 39.5417 22.4162
      vertex 31.6487 38.4679 22.4162
    endloop
  endfacet
  facet normal -0.175157 -0.141828 0.974272
    outer loop
      vertex 32.3884 33.3207 22.0908
      vertex 31.5586 34.3455 22.0908
      vertex 31.8042 32.7947 21.9092
    endloop
  endfacet
  facet normal -0.114004 -0.0923101 0.989182
    outer loop
      vertex 33.8569 34.6431 22.4162
      vertex 32.3062 34.8887 22.2604
      vertex 33.0751 33.9391 22.2604
    endloop
  endfacet
  facet normal -0.10005 -0.0649755 0.992859
    outer loop
      vertex 33.5637 37.0236 22.5564
      vertex 32.5518 36.4394 22.4162
      vertex 34.1026 36.1938 22.5564
    endloop
  endfacet
  facet normal -0.200815 -0.102322 0.974271
    outer loop
      vertex 30.8404 35.4513 22.0908
      vertex 29.5236 36.3065 21.9092
      vertex 30.1596 35.0583 21.9092
    endloop
  endfacet
  facet normal -0.473869 -0.241417 0.846857
    outer loop
      vertex 28.4956 35.8488 21.5183
      vertex 28.197 35.7158 21.3133
      vertex 29.185 34.4956 21.5183
    endloop
  endfacet
  facet normal -0.295474 -0.239248 0.924908
    outer loop
      vertex 30.4052 33.5075 21.7177
      vertex 30.0122 33.222 21.5183
      vertex 30.9679 32.0417 21.5183
    endloop
  endfacet
  facet normal -0.473878 -0.241426 0.846849
    outer loop
      vertex 29.185 34.4956 21.5183
      vertex 28.197 35.7158 21.3133
      vertex 28.9019 34.3322 21.3133
    endloop
  endfacet
  facet normal -0.178517 -0.0282792 0.98353
    outer loop
      vertex 30.1408 40.5298 22.2604
      vertex 29.2217 40.4332 22.0908
      vertex 29.428 39.1309 22.0908
    endloop
  endfacet
  facet normal -0.268157 -0.102932 0.95786
    outer loop
      vertex 29.0216 37.6143 21.9092
      vertex 28.9394 36.0464 21.7177
      vertex 29.5236 36.3065 21.9092
    endloop
  endfacet
  facet normal 0.0984483 -0.151585 0.983529
    outer loop
      vertex 48.6113 32.3062 22.2604
      vertex 47.5866 31.6407 22.2604
      vertex 48.0487 30.8404 22.0908
    endloop
  endfacet
  facet normal 0.0820561 -0.16105 0.983529
    outer loop
      vertex 47.5866 31.6407 22.2604
      vertex 46.4979 31.086 22.2604
      vertex 48.0487 30.8404 22.0908
    endloop
  endfacet
  facet normal 0.0094579 -0.180495 0.98353
    outer loop
      vertex 42.9702 30.1408 22.2604
      vertex 41.75 29.1527 22.0908
      vertex 43.0668 29.2217 22.0908
    endloop
  endfacet
  facet normal -0.0229461 -0.144894 0.989181
    outer loop
      vertex 39.5417 31.3609 22.4162
      vertex 39.323 30.3319 22.2604
      vertex 40.6398 31.187 22.4162
    endloop
  endfacet
  facet normal 0.0308853 -0.115235 0.992858
    outer loop
      vertex 44.6711 32.7599 22.5564
      vertex 43.9583 31.3609 22.4162
      vertex 45.0321 31.6487 22.4162
    endloop
  endfacet
  facet normal 0.0427532 -0.111379 0.992858
    outer loop
      vertex 46.07 32.0471 22.4162
      vertex 44.6711 32.7599 22.5564
      vertex 45.0321 31.6487 22.4162
    endloop
  endfacet
  facet normal -0.0212444 -0.0553585 0.998241
    outer loop
      vertex 40.0866 36.6306 22.8697
      vertex 38.9764 35.5203 22.7845
      vertex 39.6427 35.2646 22.7845
    endloop
  endfacet
  facet normal -0.00505083 -0.0964054 0.995329
    outer loop
      vertex 40.8949 33.614 22.6796
      vertex 40.7619 32.349 22.5564
      vertex 41.75 33.5692 22.6796
    endloop
  endfacet
  facet normal -0.0120365 -0.0759736 0.997037
    outer loop
      vertex 40.3322 35.0798 22.7845
      vertex 40.0491 33.748 22.6796
      vertex 40.8949 33.614 22.6796
    endloop
  endfacet
  facet normal -0.0120258 -0.0759696 0.997038
    outer loop
      vertex 41.0372 34.9682 22.7845
      vertex 40.3322 35.0798 22.7845
      vertex 40.8949 33.614 22.6796
    endloop
  endfacet
  facet normal -0.0345977 -0.0901237 0.995329
    outer loop
      vertex 38.4226 34.2765 22.6796
      vertex 37.9052 33.1145 22.5564
      vertex 38.8289 32.7599 22.5564
    endloop
  endfacet
  facet normal -0.0438203 -0.0860172 0.99533
    outer loop
      vertex 38.4226 34.2765 22.6796
      vertex 37.6596 34.6652 22.6796
      vertex 37.9052 33.1145 22.5564
    endloop
  endfacet
  facet normal -0.0352633 -0.222605 0.974271
    outer loop
      vertex 40.4332 29.2217 22.0908
      vertex 39.1309 29.428 22.0908
      vertex 40.3511 28.4399 21.9092
    endloop
  endfacet
  facet normal -0.0449202 -0.283688 0.957864
    outer loop
      vertex 40.3511 28.4399 21.9092
      vertex 38.9674 28.659 21.9092
      vertex 40.2842 27.8039 21.7177
    endloop
  endfacet
  facet normal -0.052566 -0.136943 0.989183
    outer loop
      vertex 38.4679 31.6487 22.4162
      vertex 37.43 32.0471 22.4162
      vertex 38.1428 30.6481 22.2604
    endloop
  endfacet
  facet normal -0.0647796 -0.168746 0.983528
    outer loop
      vertex 37.0021 31.086 22.2604
      vertex 36.6262 30.2418 22.0908
      vertex 38.1428 30.6481 22.2604
    endloop
  endfacet
  facet normal 0.0198876 -0.379573 0.924948
    outer loop
      vertex 41.75 27.7271 21.7177
      vertex 41.75 27.2412 21.5183
      vertex 43.2158 27.8039 21.7177
    endloop
  endfacet
  facet normal 0.0150295 -0.286832 0.957863
    outer loop
      vertex 43.1489 28.4399 21.9092
      vertex 41.75 28.3666 21.9092
      vertex 43.2158 27.8039 21.7177
    endloop
  endfacet
  facet normal 0.136211 -0.354849 0.924948
    outer loop
      vertex 47.4536 28.9394 21.7177
      vertex 46.0833 28.4134 21.7177
      vertex 46.2335 27.9513 21.5183
    endloop
  endfacet
  facet normal 0.156431 -0.240889 0.957863
    outer loop
      vertex 49.9925 30.4052 21.7177
      vertex 48.4417 30.1596 21.9092
      vertex 48.7615 29.6058 21.7177
    endloop
  endfacet
  facet normal -0.413325 -0.334722 0.846831
    outer loop
      vertex 30.9679 32.0417 21.5183
      vertex 29.7477 33.0298 21.3133
      vertex 30.725 31.823 21.3133
    endloop
  endfacet
  facet normal -0.172565 -0.338682 0.924941
    outer loop
      vertex 34.7385 29.6058 21.7177
      vertex 34.4956 29.185 21.5183
      vertex 36.0464 28.9394 21.7177
    endloop
  endfacet
  facet normal -0.102933 -0.268153 0.957861
    outer loop
      vertex 37.6143 29.0216 21.9092
      vertex 36.0464 28.9394 21.7177
      vertex 37.4167 28.4134 21.7177
    endloop
  endfacet
  facet normal -0.0467787 -0.174599 0.983528
    outer loop
      vertex 39.323 30.3319 22.2604
      vertex 38.1428 30.6481 22.2604
      vertex 39.1309 29.428 22.0908
    endloop
  endfacet
  facet normal -0.207021 -0.318792 0.92494
    outer loop
      vertex 34.7385 29.6058 21.7177
      vertex 33.5075 30.4052 21.7177
      vertex 34.4956 29.185 21.5183
    endloop
  endfacet
  facet normal -0.207086 -0.31884 0.924909
    outer loop
      vertex 33.5075 30.4052 21.7177
      vertex 33.222 30.0122 21.5183
      vertex 34.4956 29.185 21.5183
    endloop
  endfacet
  facet normal -0.241417 -0.473869 0.846857
    outer loop
      vertex 35.8488 28.4956 21.5183
      vertex 34.4956 29.185 21.5183
      vertex 35.7158 28.197 21.3133
    endloop
  endfacet
  facet normal -0.190627 -0.496588 0.846795
    outer loop
      vertex 37.2665 27.9513 21.5183
      vertex 35.7158 28.197 21.3133
      vertex 37.1655 27.6405 21.3133
    endloop
  endfacet
  facet normal -0.281549 -0.733444 0.6187
    outer loop
      vertex 35.7158 28.197 21.3133
      vertex 35.6489 28.0468 21.1048
      vertex 37.1655 27.6405 21.3133
    endloop
  endfacet
  facet normal 0.446035 0.289663 0.846846
    outer loop
      vertex 54.5981 49.1678 21.3133
      vertex 53.7523 50.4702 21.3133
      vertex 54.315 49.0044 21.5183
    endloop
  endfacet
  facet normal 0.180746 0.223207 0.957867
    outer loop
      vertex 51.1332 52.1711 21.7177
      vertex 49.9925 53.0948 21.7177
      vertex 50.7053 51.6958 21.9092
    endloop
  endfacet
  facet normal 0.190619 0.496492 0.846853
    outer loop
      vertex 47.7842 55.303 21.3133
      vertex 46.2335 55.5487 21.5183
      vertex 47.6512 55.0044 21.5183
    endloop
  endfacet
  facet normal 0.427913 0.658958 0.618599
    outer loop
      vertex 50.5668 53.8853 21.1048
      vertex 49.25 54.7404 21.1048
      vertex 50.4702 53.7523 21.3133
    endloop
  endfacet
  facet normal 0.0379742 -0.141684 0.989183
    outer loop
      vertex 45.0321 31.6487 22.4162
      vertex 43.9583 31.3609 22.4162
      vertex 45.3572 30.6481 22.2604
    endloop
  endfacet
  facet normal 0.052566 -0.136943 0.989183
    outer loop
      vertex 46.07 32.0471 22.4162
      vertex 45.0321 31.6487 22.4162
      vertex 45.3572 30.6481 22.2604
    endloop
  endfacet
  facet normal 0.0807618 -0.210399 0.974274
    outer loop
      vertex 46.8738 30.2418 22.0908
      vertex 45.8857 29.0216 21.9092
      vertex 47.1935 29.5236 21.9092
    endloop
  endfacet
  facet normal 0.172565 -0.338682 0.924941
    outer loop
      vertex 48.7615 29.6058 21.7177
      vertex 47.4536 28.9394 21.7177
      vertex 49.0044 29.185 21.5183
    endloop
  endfacet
  facet normal 0.0807812 -0.210414 0.974269
    outer loop
      vertex 46.8738 30.2418 22.0908
      vertex 45.6428 29.7692 22.0908
      vertex 45.8857 29.0216 21.9092
    endloop
  endfacet
  facet normal 0.0352445 -0.222583 0.974277
    outer loop
      vertex 44.3691 29.428 22.0908
      vertex 43.1489 28.4399 21.9092
      vertex 44.5326 28.659 21.9092
    endloop
  endfacet
  facet normal 0.190627 -0.496588 0.846795
    outer loop
      vertex 47.7842 28.197 21.3133
      vertex 46.2335 27.9513 21.5183
      vertex 46.3345 27.6405 21.3133
    endloop
  endfacet
  facet normal 0.136258 -0.3549 0.924921
    outer loop
      vertex 47.4536 28.9394 21.7177
      vertex 46.2335 27.9513 21.5183
      vertex 47.6512 28.4956 21.5183
    endloop
  endfacet
  facet normal -0.0198985 -0.379598 0.924938
    outer loop
      vertex 40.2842 27.8039 21.7177
      vertex 40.2334 27.3207 21.5183
      vertex 41.75 27.2412 21.5183
    endloop
  endfacet
  facet normal -0.122922 -0.776173 0.618422
    outer loop
      vertex 40.1993 26.9956 21.3133
      vertex 38.6313 27.0778 21.1048
      vertex 40.1821 26.8322 21.1048
    endloop
  endfacet
  facet normal 0.0831734 -0.525201 0.846904
    outer loop
      vertex 44.7665 27.5583 21.5183
      vertex 43.3007 26.9956 21.3133
      vertex 44.8345 27.2385 21.3133
    endloop
  endfacet
  facet normal 0.122921 -0.776187 0.618404
    outer loop
      vertex 44.8345 27.2385 21.3133
      vertex 43.3007 26.9956 21.3133
      vertex 44.8687 27.0778 21.1048
    endloop
  endfacet
  facet normal 0.0411432 -0.784773 0.618416
    outer loop
      vertex 43.3007 26.9956 21.3133
      vertex 41.75 26.75 21.1048
      vertex 43.3179 26.8322 21.1048
    endloop
  endfacet
  facet normal -0.0832094 -0.525277 0.846853
    outer loop
      vertex 40.2334 27.3207 21.5183
      vertex 38.7335 27.5583 21.5183
      vertex 40.1993 26.9956 21.3133
    endloop
  endfacet
  facet normal -0.137598 -0.513631 0.846906
    outer loop
      vertex 38.7335 27.5583 21.5183
      vertex 37.2665 27.9513 21.5183
      vertex 38.6655 27.2385 21.3133
    endloop
  endfacet
  facet normal -0.0411432 -0.784773 0.618416
    outer loop
      vertex 40.1993 26.9956 21.3133
      vertex 40.1821 26.8322 21.1048
      vertex 41.75 26.75 21.1048
    endloop
  endfacet
  facet normal 0.659013 -0.427974 0.618499
    outer loop
      vertex 54.5981 34.3322 21.3133
      vertex 53.7523 33.0298 21.3133
      vertex 54.7404 34.25 21.1048
    endloop
  endfacet
  facet normal 0.776173 -0.122922 0.618422
    outer loop
      vertex 56.5044 40.1993 21.3133
      vertex 56.4222 38.6313 21.1048
      vertex 56.6678 40.1821 21.1048
    endloop
  endfacet
  facet normal 0.473878 -0.241426 0.846849
    outer loop
      vertex 55.303 35.7158 21.3133
      vertex 54.315 34.4956 21.5183
      vertex 54.5981 34.3322 21.3133
    endloop
  endfacet
  facet normal 0.525277 0.0832094 0.846853
    outer loop
      vertex 56.5044 43.3007 21.3133
      vertex 55.9417 44.7665 21.5183
      vertex 56.1793 43.2666 21.5183
    endloop
  endfacet
  facet normal 0.367202 0.0983711 0.924925
    outer loop
      vertex 55.5487 46.2335 21.5183
      vertex 55.4665 44.6655 21.7177
      vertex 55.9417 44.7665 21.5183
    endloop
  endfacet
  facet normal 0.338732 -0.17257 0.924922
    outer loop
      vertex 54.5606 36.0464 21.7177
      vertex 54.315 34.4956 21.5183
      vertex 55.0044 35.8488 21.5183
    endloop
  endfacet
  facet normal 0.496588 -0.190627 0.846795
    outer loop
      vertex 55.5487 37.2665 21.5183
      vertex 55.303 35.7158 21.3133
      vertex 55.8595 37.1655 21.3133
    endloop
  endfacet
  facet normal 0.367202 -0.0983711 0.924925
    outer loop
      vertex 55.9417 38.7335 21.5183
      vertex 55.4665 38.8345 21.7177
      vertex 55.5487 37.2665 21.5183
    endloop
  endfacet
  facet normal 0.367146 -0.0983769 0.924946
    outer loop
      vertex 55.4665 38.8345 21.7177
      vertex 55.0866 37.4167 21.7177
      vertex 55.5487 37.2665 21.5183
    endloop
  endfacet
  facet normal 0.531074 0.0278431 0.846868
    outer loop
      vertex 56.5044 43.3007 21.3133
      vertex 56.2588 41.75 21.5183
      vertex 56.5857 41.75 21.3133
    endloop
  endfacet
  facet normal 0.446035 -0.289663 0.846846
    outer loop
      vertex 54.315 34.4956 21.5183
      vertex 53.7523 33.0298 21.3133
      vertex 54.5981 34.3322 21.3133
    endloop
  endfacet
  facet normal 0.268809 -0.268809 0.924924
    outer loop
      vertex 52.1711 32.3668 21.7177
      vertex 51.4583 30.9679 21.5183
      vertex 52.5321 32.0417 21.5183
    endloop
  endfacet
  facet normal 0.268809 -0.268809 0.924924
    outer loop
      vertex 51.4583 30.9679 21.5183
      vertex 52.1711 32.3668 21.7177
      vertex 51.1332 31.3289 21.7177
    endloop
  endfacet
  facet normal 0.100049 0.0649717 0.992859
    outer loop
      vertex 50.3427 47.993 22.4162
      vertex 49.3974 47.3062 22.5564
      vertex 50.9482 47.0606 22.4162
    endloop
  endfacet
  facet normal 0.10005 0.0649755 0.992859
    outer loop
      vertex 50.9482 47.0606 22.4162
      vertex 49.3974 47.3062 22.5564
      vertex 49.9363 46.4764 22.5564
    endloop
  endfacet
  facet normal 0.189 0.122753 0.974274
    outer loop
      vertex 52.5774 49.6166 21.9092
      vertex 51.9414 49.1545 22.0908
      vertex 52.6596 48.0487 22.0908
    endloop
  endfacet
  facet normal 0.151587 0.0984535 0.983528
    outer loop
      vertex 51.9414 49.1545 22.0908
      vertex 51.1938 48.6113 22.2604
      vertex 52.6596 48.0487 22.0908
    endloop
  endfacet
  facet normal 0.0685376 0.0349262 0.997037
    outer loop
      vertex 49.2235 45.0774 22.6796
      vertex 47.6556 45.1596 22.7845
      vertex 47.9797 44.5236 22.7845
    endloop
  endfacet
  facet normal 0.0860185 0.0438288 0.995329
    outer loop
      vertex 49.9363 46.4764 22.5564
      vertex 48.8348 45.8404 22.6796
      vertex 50.3855 45.5948 22.5564
    endloop
  endfacet
  facet normal 0.119136 -0.00624547 0.992858
    outer loop
      vertex 52.3712 41.75 22.4162
      vertex 51.151 40.7619 22.5564
      vertex 52.313 40.6398 22.4162
    endloop
  endfacet
  facet normal 0.144894 -0.0229461 0.989181
    outer loop
      vertex 52.313 40.6398 22.4162
      vertex 52.1391 39.5417 22.4162
      vertex 53.1681 39.323 22.2604
    endloop
  endfacet
  facet normal 0.210399 0.0807618 0.974274
    outer loop
      vertex 53.9764 47.1935 21.9092
      vertex 53.2582 46.8738 22.0908
      vertex 54.4784 45.8857 21.9092
    endloop
  endfacet
  facet normal 0.268157 0.102932 0.95786
    outer loop
      vertex 54.5606 47.4536 21.7177
      vertex 53.9764 47.1935 21.9092
      vertex 54.4784 45.8857 21.9092
    endloop
  endfacet
  facet normal 0.161054 0.0820554 0.983529
    outer loop
      vertex 52.6596 48.0487 22.0908
      vertex 52.414 46.4979 22.2604
      vertex 53.2582 46.8738 22.0908
    endloop
  endfacet
  facet normal 0.222583 0.0352445 0.974277
    outer loop
      vertex 54.841 44.5326 21.9092
      vertex 54.072 44.3691 22.0908
      vertex 55.0601 43.1489 21.9092
    endloop
  endfacet
  facet normal 0.513631 0.137598 0.846906
    outer loop
      vertex 56.2615 44.8345 21.3133
      vertex 55.5487 46.2335 21.5183
      vertex 55.9417 44.7665 21.5183
    endloop
  endfacet
  facet normal 0.733444 0.281549 0.6187
    outer loop
      vertex 55.4532 47.8511 21.1048
      vertex 55.303 47.7842 21.3133
      vertex 55.8595 46.3345 21.3133
    endloop
  endfacet
  facet normal 0.295474 0.239248 0.924908
    outer loop
      vertex 53.4878 50.278 21.5183
      vertex 52.5321 51.4583 21.5183
      vertex 53.0948 49.9925 21.7177
    endloop
  endfacet
  facet normal 0.338682 0.172565 0.924941
    outer loop
      vertex 54.315 49.0044 21.5183
      vertex 53.8942 48.7615 21.7177
      vertex 54.5606 47.4536 21.7177
    endloop
  endfacet
  facet normal 0.217674 -0.0583317 0.974277
    outer loop
      vertex 54.841 38.9674 21.9092
      vertex 54.072 39.1309 22.0908
      vertex 54.4784 37.6143 21.9092
    endloop
  endfacet
  facet normal 0.277455 -0.0743517 0.957857
    outer loop
      vertex 54.841 38.9674 21.9092
      vertex 54.4784 37.6143 21.9092
      vertex 55.4665 38.8345 21.7177
    endloop
  endfacet
  facet normal 0.286834 -0.0150286 0.957862
    outer loop
      vertex 55.7729 41.75 21.7177
      vertex 55.1334 41.75 21.9092
      vertex 55.6961 40.2842 21.7177
    endloop
  endfacet
  facet normal 0.286834 0.0150286 0.957862
    outer loop
      vertex 55.6961 43.2158 21.7177
      vertex 55.1334 41.75 21.9092
      vertex 55.7729 41.75 21.7177
    endloop
  endfacet
  facet normal 0.203091 -0.203091 0.957867
    outer loop
      vertex 51.6958 32.7947 21.9092
      vertex 51.1332 31.3289 21.7177
      vertex 52.1711 32.3668 21.7177
    endloop
  endfacet
  facet normal 0.203091 -0.203091 0.957867
    outer loop
      vertex 51.1332 31.3289 21.7177
      vertex 51.6958 32.7947 21.9092
      vertex 50.7053 31.8042 21.9092
    endloop
  endfacet
  facet normal 0.141702 -0.0379649 0.989181
    outer loop
      vertex 53.1681 39.323 22.2604
      vertex 52.1391 39.5417 22.4162
      vertex 52.8519 38.1428 22.2604
    endloop
  endfacet
  facet normal 0.174592 -0.0467699 0.983529
    outer loop
      vertex 54.072 39.1309 22.0908
      vertex 52.8519 38.1428 22.2604
      vertex 53.7308 37.8572 22.0908
    endloop
  endfacet
  facet normal 0.210414 -0.0807812 0.974269
    outer loop
      vertex 53.7308 37.8572 22.0908
      vertex 53.2582 36.6262 22.0908
      vertex 54.4784 37.6143 21.9092
    endloop
  endfacet
  facet normal 0.174599 -0.0467787 0.983528
    outer loop
      vertex 53.1681 39.323 22.2604
      vertex 52.8519 38.1428 22.2604
      vertex 54.072 39.1309 22.0908
    endloop
  endfacet
  facet normal 0.114006 -0.0923239 0.989181
    outer loop
      vertex 50.3427 35.507 22.4162
      vertex 49.6431 34.6431 22.4162
      vertex 51.1938 34.8887 22.2604
    endloop
  endfacet
  facet normal 0.0607534 -0.0750294 0.995329
    outer loop
      vertex 48.0751 34.7252 22.5564
      vertex 46.5586 35.1316 22.6796
      vertex 47.3062 34.1026 22.5564
    endloop
  endfacet
  facet normal 0.114004 -0.0923101 0.989182
    outer loop
      vertex 51.1938 34.8887 22.2604
      vertex 49.6431 34.6431 22.4162
      vertex 50.4249 33.9391 22.2604
    endloop
  endfacet
  facet normal 0.159366 -0.159366 0.974272
    outer loop
      vertex 51.1116 33.3207 22.0908
      vertex 50.7053 31.8042 21.9092
      vertex 51.6958 32.7947 21.9092
    endloop
  endfacet
  facet normal 0.159366 -0.159366 0.974272
    outer loop
      vertex 50.7053 31.8042 21.9092
      vertex 51.1116 33.3207 22.0908
      vertex 50.1793 32.3884 22.0908
    endloop
  endfacet
  facet normal 0.0953484 0.0151043 0.995329
    outer loop
      vertex 50.9962 43.7153 22.5564
      vertex 49.886 42.6051 22.6796
      vertex 51.151 42.7381 22.5564
    endloop
  endfacet
  facet normal 0.0964054 0.00505083 0.995329
    outer loop
      vertex 51.151 42.7381 22.5564
      vertex 49.886 42.6051 22.6796
      vertex 49.9308 41.75 22.6796
    endloop
  endfacet
  facet normal 0.0484118 -0.0597759 0.997037
    outer loop
      vertex 47.224 35.6705 22.6796
      vertex 46.3129 36.6823 22.7845
      vertex 46.5586 35.1316 22.6796
    endloop
  endfacet
  facet normal 0.0483979 -0.0597781 0.997038
    outer loop
      vertex 46.3129 36.6823 22.7845
      vertex 45.7582 36.2332 22.7845
      vertex 46.5586 35.1316 22.6796
    endloop
  endfacet
  facet normal 0.123024 -0.0798992 0.989182
    outer loop
      vertex 51.8593 35.9134 22.2604
      vertex 50.9482 36.4394 22.4162
      vertex 51.1938 34.8887 22.2604
    endloop
  endfacet
  facet normal 0.064509 -0.0418922 0.997037
    outer loop
      vertex 48.8348 37.6596 22.6796
      vertex 47.6556 38.3404 22.7845
      vertex 48.3684 36.9414 22.6796
    endloop
  endfacet
  facet normal 0.0932486 -0.0249853 0.995329
    outer loop
      vertex 50.9962 39.7847 22.5564
      vertex 49.5304 39.222 22.6796
      vertex 50.7401 38.8289 22.5564
    endloop
  endfacet
  facet normal 0.117831 -0.0186658 0.992858
    outer loop
      vertex 51.151 40.7619 22.5564
      vertex 50.9962 39.7847 22.5564
      vertex 52.313 40.6398 22.4162
    endloop
  endfacet
  facet normal 0.117827 -0.0186596 0.992859
    outer loop
      vertex 52.313 40.6398 22.4162
      vertex 50.9962 39.7847 22.5564
      vertex 52.1391 39.5417 22.4162
    endloop
  endfacet
  facet normal 0.0953484 -0.0151043 0.995329
    outer loop
      vertex 51.151 40.7619 22.5564
      vertex 49.886 40.8949 22.6796
      vertex 50.9962 39.7847 22.5564
    endloop
  endfacet
  facet normal 0.0572745 -0.0153553 0.99824
    outer loop
      vertex 47.0153 40.6308 22.8697
      vertex 46.8694 40.0866 22.8697
      vertex 48.4202 40.3322 22.7845
    endloop
  endfacet
  facet normal 0.0528293 -0.0269214 0.998241
    outer loop
      vertex 47.9797 38.9764 22.7845
      vertex 46.6675 39.5606 22.8697
      vertex 47.6556 38.3404 22.7845
    endloop
  endfacet
  facet normal 0.0743006 -0.0199069 0.997037
    outer loop
      vertex 49.752 40.0491 22.6796
      vertex 48.4202 40.3322 22.7845
      vertex 49.5304 39.222 22.6796
    endloop
  endfacet
  facet normal 0.0759736 -0.0120365 0.997037
    outer loop
      vertex 49.886 40.8949 22.6796
      vertex 48.4202 40.3322 22.7845
      vertex 49.752 40.0491 22.6796
    endloop
  endfacet
  facet normal 0.0274092 0.00735096 0.999597
    outer loop
      vertex 45.4473 42.9513 22.9345
      vertex 44.0484 42.2385 22.9781
      vertex 45.5527 42.5583 22.9345
    endloop
  endfacet
  facet normal 0.028029 0.00443554 0.999597
    outer loop
      vertex 45.5527 42.5583 22.9345
      vertex 44.0484 42.2385 22.9781
      vertex 45.6163 42.1564 22.9345
    endloop
  endfacet
  facet normal 0.0953469 0.0151058 0.995329
    outer loop
      vertex 50.9962 43.7153 22.5564
      vertex 49.752 43.4509 22.6796
      vertex 49.886 42.6051 22.6796
    endloop
  endfacet
  facet normal 0.0759736 0.0120365 0.997037
    outer loop
      vertex 49.752 43.4509 22.6796
      vertex 48.4202 43.1678 22.7845
      vertex 49.886 42.6051 22.6796
    endloop
  endfacet
  facet normal 0.0592157 0.003107 0.99824
    outer loop
      vertex 48.5318 42.4628 22.7845
      vertex 47.1034 42.3127 22.8697
      vertex 48.5692 41.75 22.7845
    endloop
  endfacet
  facet normal 0.058568 0.00927118 0.99824
    outer loop
      vertex 48.4202 43.1678 22.7845
      vertex 47.1034 42.3127 22.8697
      vertex 48.5318 42.4628 22.7845
    endloop
  endfacet
  facet normal 0.0404753 -0.015536 0.99906
    outer loop
      vertex 46.8694 40.0866 22.8697
      vertex 45.4473 40.5487 22.9345
      vertex 46.6675 39.5606 22.8697
    endloop
  endfacet
  facet normal 0.0553553 -0.0212476 0.998241
    outer loop
      vertex 46.8694 40.0866 22.8697
      vertex 46.6675 39.5606 22.8697
      vertex 47.9797 38.9764 22.7845
    endloop
  endfacet
  facet normal -0.00226917 -0.0432953 0.99906
    outer loop
      vertex 41.3436 37.8837 22.9345
      vertex 41.1873 36.3966 22.8697
      vertex 41.75 37.8624 22.9345
    endloop
  endfacet
  facet normal 0.0432953 0.00226917 0.99906
    outer loop
      vertex 47.1034 42.3127 22.8697
      vertex 45.6163 42.1564 22.9345
      vertex 45.6376 41.75 22.9345
    endloop
  endfacet
  facet normal 0.0743517 0.277455 0.957857
    outer loop
      vertex 44.6655 55.4665 21.7177
      vertex 44.5326 54.841 21.9092
      vertex 45.8857 54.4784 21.9092
    endloop
  endfacet
  facet normal 0.0594662 0.375471 0.924924
    outer loop
      vertex 44.7665 55.9417 21.5183
      vertex 43.2158 55.6961 21.7177
      vertex 44.6655 55.4665 21.7177
    endloop
  endfacet
  facet normal 0.122922 0.776173 0.618422
    outer loop
      vertex 43.3179 56.6678 21.1048
      vertex 43.3007 56.5044 21.3133
      vertex 44.8687 56.4222 21.1048
    endloop
  endfacet
  facet normal 0.20343 0.759066 0.618413
    outer loop
      vertex 44.8687 56.4222 21.1048
      vertex 44.8345 56.2615 21.3133
      vertex 46.3345 55.8595 21.3133
    endloop
  endfacet
  facet normal 0.203091 0.203091 0.957867
    outer loop
      vertex 51.1332 52.1711 21.7177
      vertex 51.6958 50.7053 21.9092
      vertex 52.1711 51.1332 21.7177
    endloop
  endfacet
  facet normal 0.203091 0.203091 0.957867
    outer loop
      vertex 51.6958 50.7053 21.9092
      vertex 51.1332 52.1711 21.7177
      vertex 50.7053 51.6958 21.9092
    endloop
  endfacet
  facet normal 0.0438288 0.0860185 0.995329
    outer loop
      vertex 46.4764 49.9363 22.5564
      vertex 45.5948 50.3855 22.5564
      vertex 45.8404 48.8348 22.6796
    endloop
  endfacet
  facet normal 0.00677918 0.042822 0.99906
    outer loop
      vertex 42.8692 47.0153 22.8697
      vertex 42.3127 47.1034 22.8697
      vertex 42.5583 45.5527 22.9345
    endloop
  endfacet
  facet normal 0.0528305 0.0269204 0.998241
    outer loop
      vertex 47.6556 45.1596 22.7845
      vertex 46.4117 44.4414 22.8697
      vertex 46.6675 43.9394 22.8697
    endloop
  endfacet
  facet normal 0.0497329 0.0322853 0.998241
    outer loop
      vertex 47.6556 45.1596 22.7845
      vertex 46.1049 44.914 22.8697
      vertex 46.4117 44.4414 22.8697
    endloop
  endfacet
  facet normal 0.0923239 0.114006 0.989181
    outer loop
      vertex 48.6113 51.1938 22.2604
      vertex 47.993 50.3427 22.4162
      vertex 48.8569 49.6431 22.4162
    endloop
  endfacet
  facet normal 0.0682613 0.0682613 0.995329
    outer loop
      vertex 48.0751 48.7748 22.5564
      vertex 47.8295 47.224 22.6796
      vertex 48.7748 48.0751 22.5564
    endloop
  endfacet
  facet normal 0.0682613 0.0682613 0.995329
    outer loop
      vertex 47.8295 47.224 22.6796
      vertex 48.0751 48.7748 22.5564
      vertex 47.224 47.8295 22.6796
    endloop
  endfacet
  facet normal 0.0750747 0.092716 0.992858
    outer loop
      vertex 48.8569 49.6431 22.4162
      vertex 47.3062 49.3974 22.5564
      vertex 48.0751 48.7748 22.5564
    endloop
  endfacet
  facet normal 0.0843578 0.0843578 0.992858
    outer loop
      vertex 48.8569 49.6431 22.4162
      vertex 48.7748 48.0751 22.5564
      vertex 49.6431 48.8569 22.4162
    endloop
  endfacet
  facet normal 0.0843578 0.0843578 0.992858
    outer loop
      vertex 48.7748 48.0751 22.5564
      vertex 48.8569 49.6431 22.4162
      vertex 48.0751 48.7748 22.5564
    endloop
  endfacet
  facet normal 0.113746 0.140478 0.983528
    outer loop
      vertex 50.1793 51.1116 22.0908
      vertex 48.6113 51.1938 22.2604
      vertex 49.5609 50.4249 22.2604
    endloop
  endfacet
  facet normal 0.103725 0.103725 0.989183
    outer loop
      vertex 49.5609 50.4249 22.2604
      vertex 49.6431 48.8569 22.4162
      vertex 50.4249 49.5609 22.2604
    endloop
  endfacet
  facet normal 0.103725 0.103725 0.989183
    outer loop
      vertex 49.6431 48.8569 22.4162
      vertex 49.5609 50.4249 22.2604
      vertex 48.8569 49.6431 22.4162
    endloop
  endfacet
  facet normal 0.114004 0.0923101 0.989182
    outer loop
      vertex 50.4249 49.5609 22.2604
      vertex 49.6431 48.8569 22.4162
      vertex 51.1938 48.6113 22.2604
    endloop
  endfacet
  facet normal 0.140478 0.113746 0.983528
    outer loop
      vertex 51.1116 50.1793 22.0908
      vertex 50.4249 49.5609 22.2604
      vertex 51.1938 48.6113 22.2604
    endloop
  endfacet
  facet normal 0.0984483 0.151585 0.983529
    outer loop
      vertex 48.0487 52.6596 22.0908
      vertex 47.5866 51.8593 22.2604
      vertex 48.6113 51.1938 22.2604
    endloop
  endfacet
  facet normal 0.0820561 0.16105 0.983529
    outer loop
      vertex 48.0487 52.6596 22.0908
      vertex 46.4979 52.414 22.2604
      vertex 47.5866 51.8593 22.2604
    endloop
  endfacet
  facet normal 0.156431 0.240889 0.957863
    outer loop
      vertex 48.7615 53.8942 21.7177
      vertex 48.4417 53.3404 21.9092
      vertex 49.9925 53.0948 21.7177
    endloop
  endfacet
  facet normal 0.130397 0.255922 0.957862
    outer loop
      vertex 48.7615 53.8942 21.7177
      vertex 47.4536 54.5606 21.7177
      vertex 48.4417 53.3404 21.9092
    endloop
  endfacet
  facet normal 0.6106 0.494481 0.618593
    outer loop
      vertex 53.8853 50.5668 21.1048
      vertex 52.775 51.677 21.3133
      vertex 53.7523 50.4702 21.3133
    endloop
  endfacet
  facet normal -0.022056 -0.0178568 0.999597
    outer loop
      vertex 40.0038 40.1777 22.9781
      vertex 38.6049 39.4649 22.9345
      vertex 38.8609 39.1487 22.9345
    endloop
  endfacet
  facet normal 0.00072989 0.0140048 0.999902
    outer loop
      vertex 41.75 44.0997 22.9781
      vertex 41.75 42.5361 23
      vertex 41.9956 44.0869 22.9781
    endloop
  endfacet
  facet normal -0.028029 0.00443554 0.999597
    outer loop
      vertex 37.9473 42.5583 22.9345
      vertex 37.8837 42.1564 22.9345
      vertex 39.4516 42.2385 22.9781
    endloop
  endfacet
  facet normal -0.0280293 0.00444269 0.999597
    outer loop
      vertex 39.4516 42.2385 22.9781
      vertex 37.8837 42.1564 22.9345
      vertex 39.4131 41.9956 22.9781
    endloop
  endfacet
  facet normal -0.0237984 0.0154589 0.999597
    outer loop
      vertex 38.6049 44.0351 22.9345
      vertex 38.3832 43.6938 22.9345
      vertex 39.849 43.1311 22.9781
    endloop
  endfacet
  facet normal 0.00220033 0.0138501 0.999902
    outer loop
      vertex 41.9956 44.0869 22.9781
      vertex 41.8322 42.5318 23
      vertex 41.9134 42.5189 23
    endloop
  endfacet
  facet normal -0.025284 0.0128842 0.999597
    outer loop
      vertex 39.7151 42.9249 22.9781
      vertex 38.3832 43.6938 22.9345
      vertex 39.6034 42.7057 22.9781
    endloop
  endfacet
  facet normal -0.0124953 0.00636734 0.999902
    outer loop
      vertex 39.7151 42.9249 22.9781
      vertex 39.6034 42.7057 22.9781
      vertex 41.0318 42.0697 23
    endloop
  endfacet
  facet normal -0.00443554 0.028029 0.999597
    outer loop
      vertex 41.3436 45.6163 22.9345
      vertex 40.9417 45.5527 22.9345
      vertex 41.2615 44.0484 22.9781
    endloop
  endfacet
  facet normal 0.0124953 0.00636734 0.999902
    outer loop
      vertex 43.7849 42.9249 22.9781
      vertex 42.4682 42.0697 23
      vertex 43.8966 42.7057 22.9781
    endloop
  endfacet
  facet normal 0.0418922 0.064509 0.997037
    outer loop
      vertex 45.8404 48.8348 22.6796
      vertex 45.1596 47.6556 22.7845
      vertex 46.5586 48.3684 22.6796
    endloop
  endfacet
  facet normal 0.0135459 0.00362929 0.999902
    outer loop
      vertex 43.9847 42.4761 22.9781
      vertex 42.4976 41.9929 23
      vertex 42.5189 41.9134 23
    endloop
  endfacet
  facet normal 0.028029 -0.00443554 0.999597
    outer loop
      vertex 45.6163 41.3436 22.9345
      vertex 44.0484 41.2615 22.9781
      vertex 45.5527 40.9417 22.9345
    endloop
  endfacet
  facet normal -0.0124953 -0.00636734 0.999902
    outer loop
      vertex 41.0318 41.4303 23
      vertex 39.6034 40.7943 22.9781
      vertex 39.7151 40.5751 22.9781
    endloop
  endfacet
  facet normal -0.0128806 0.0252869 0.999597
    outer loop
      vertex 40.1688 45.3015 22.9345
      vertex 39.8062 45.1168 22.9345
      vertex 40.7943 43.8966 22.9781
    endloop
  endfacet
  facet normal -0.0607534 0.0750294 0.995329
    outer loop
      vertex 36.1938 49.3974 22.5564
      vertex 35.4249 48.7748 22.5564
      vertex 36.9414 48.3684 22.6796
    endloop
  endfacet
  facet normal -0.0275583 0.0718112 0.997037
    outer loop
      vertex 39.222 49.5304 22.6796
      vertex 38.9764 47.9797 22.7845
      vertex 39.6427 48.2354 22.7845
    endloop
  endfacet
  facet normal -0.00763778 0.0117618 0.999902
    outer loop
      vertex 40.5751 43.7849 22.9781
      vertex 40.3689 43.651 22.9781
      vertex 41.2879 42.386 23
    endloop
  endfacet
  facet normal 0.0665934 0.130706 0.989182
    outer loop
      vertex 47.5866 51.8593 22.2604
      vertex 46.07 51.4529 22.4162
      vertex 47.0606 50.9482 22.4162
    endloop
  endfacet
  facet normal 0.0427557 0.111375 0.992858
    outer loop
      vertex 46.07 51.4529 22.4162
      vertex 44.6711 50.7401 22.5564
      vertex 45.5948 50.3855 22.5564
    endloop
  endfacet
  facet normal 0.0249853 0.0932486 0.995329
    outer loop
      vertex 44.6711 50.7401 22.5564
      vertex 43.7153 50.9962 22.5564
      vertex 44.278 49.5304 22.6796
    endloop
  endfacet
  facet normal 0.0541579 0.106298 0.992858
    outer loop
      vertex 46.07 51.4529 22.4162
      vertex 45.5948 50.3855 22.5564
      vertex 47.0606 50.9482 22.4162
    endloop
  endfacet
  facet normal 0.0379649 0.141702 0.989181
    outer loop
      vertex 44.177 53.1681 22.2604
      vertex 43.9583 52.1391 22.4162
      vertex 45.3572 52.8519 22.2604
    endloop
  endfacet
  facet normal 0.0467787 0.174599 0.983528
    outer loop
      vertex 44.3691 54.072 22.0908
      vertex 44.177 53.1681 22.2604
      vertex 45.3572 52.8519 22.2604
    endloop
  endfacet
  facet normal 0.0379742 0.141684 0.989183
    outer loop
      vertex 45.3572 52.8519 22.2604
      vertex 43.9583 52.1391 22.4162
      vertex 45.0321 51.8513 22.4162
    endloop
  endfacet
  facet normal 0.0308853 0.115235 0.992858
    outer loop
      vertex 45.0321 51.8513 22.4162
      vertex 43.9583 52.1391 22.4162
      vertex 44.6711 50.7401 22.5564
    endloop
  endfacet
  facet normal -0.0983711 0.367202 0.924925
    outer loop
      vertex 38.7335 55.9417 21.5183
      vertex 37.2665 55.5487 21.5183
      vertex 38.8345 55.4665 21.7177
    endloop
  endfacet
  facet normal -0.0150295 0.286832 0.957863
    outer loop
      vertex 41.75 55.1334 21.9092
      vertex 40.2842 55.6961 21.7177
      vertex 40.3511 55.0601 21.9092
    endloop
  endfacet
  facet normal 0.00946766 0.180507 0.983528
    outer loop
      vertex 41.75 54.3473 22.0908
      vertex 41.75 53.4232 22.2604
      vertex 42.9702 53.3592 22.2604
    endloop
  endfacet
  facet normal -0.0306559 0.0306559 0.99906
    outer loop
      vertex 38.1481 45.7503 22.8697
      vertex 38.8609 44.3513 22.9345
      vertex 39.1487 44.6391 22.9345
    endloop
  endfacet
  facet normal -0.0306559 0.0306559 0.99906
    outer loop
      vertex 38.8609 44.3513 22.9345
      vertex 38.1481 45.7503 22.8697
      vertex 37.7497 45.3519 22.8697
    endloop
  endfacet
  facet normal -0.0153553 0.0572745 0.99824
    outer loop
      vertex 40.3322 48.4202 22.7845
      vertex 40.0866 46.8694 22.8697
      vertex 40.6308 47.0153 22.8697
    endloop
  endfacet
  facet normal -0.0428215 0.00677644 0.99906
    outer loop
      vertex 37.9473 42.5583 22.9345
      vertex 36.3966 42.3127 22.8697
      vertex 37.8837 42.1564 22.9345
    endloop
  endfacet
  facet normal -0.0264949 0.0101664 0.999597
    outer loop
      vertex 39.6034 42.7057 22.9781
      vertex 38.0527 42.9513 22.9345
      vertex 39.5153 42.4761 22.9781
    endloop
  endfacet
  facet normal -0.0460828 0.0373166 0.99824
    outer loop
      vertex 37.7497 45.3519 22.8697
      vertex 36.6823 46.3129 22.7845
      vertex 37.3951 44.914 22.8697
    endloop
  endfacet
  facet normal -0.0718112 0.0275583 0.997037
    outer loop
      vertex 35.5203 44.5236 22.7845
      vertex 33.9696 44.278 22.6796
      vertex 35.2646 43.8573 22.7845
    endloop
  endfacet
  facet normal -0.222605 0.0352633 0.974271
    outer loop
      vertex 29.428 44.3691 22.0908
      vertex 28.4399 43.1489 21.9092
      vertex 29.2217 43.0668 22.0908
    endloop
  endfacet
  facet normal -0.0932479 0.0249833 0.995329
    outer loop
      vertex 33.9696 44.278 22.6796
      vertex 32.5038 43.7153 22.5564
      vertex 33.748 43.4509 22.6796
    endloop
  endfacet
  facet normal -0.159366 0.159366 0.974272
    outer loop
      vertex 32.7947 51.6958 21.9092
      vertex 32.3884 50.1793 22.0908
      vertex 33.3207 51.1116 22.0908
    endloop
  endfacet
  facet normal -0.159366 0.159366 0.974272
    outer loop
      vertex 32.3884 50.1793 22.0908
      vertex 32.7947 51.6958 21.9092
      vertex 31.8042 50.7053 21.9092
    endloop
  endfacet
  facet normal -0.136946 0.0525719 0.989182
    outer loop
      vertex 31.086 46.4979 22.2604
      vertex 30.6481 45.3572 22.2604
      vertex 32.0471 46.07 22.4162
    endloop
  endfacet
  facet normal -0.16105 0.0820561 0.983529
    outer loop
      vertex 31.6407 47.5866 22.2604
      vertex 30.8404 48.0487 22.0908
      vertex 31.086 46.4979 22.2604
    endloop
  endfacet
  facet normal -0.22507 0.0117936 0.974271
    outer loop
      vertex 29.2217 43.0668 22.0908
      vertex 28.4399 43.1489 21.9092
      vertex 29.1527 41.75 22.0908
    endloop
  endfacet
  facet normal -0.119136 -0.00624547 0.992858
    outer loop
      vertex 32.349 40.7619 22.5564
      vertex 31.1288 41.75 22.4162
      vertex 31.187 40.6398 22.4162
    endloop
  endfacet
  facet normal -0.31884 0.207086 0.924909
    outer loop
      vertex 30.0122 50.278 21.5183
      vertex 29.185 49.0044 21.5183
      vertex 30.4052 49.9925 21.7177
    endloop
  endfacet
  facet normal -0.318792 0.207021 0.92494
    outer loop
      vertex 30.4052 49.9925 21.7177
      vertex 29.185 49.0044 21.5183
      vertex 29.6058 48.7615 21.7177
    endloop
  endfacet
  facet normal 0.0198985 0.379598 0.924938
    outer loop
      vertex 43.2666 56.1793 21.5183
      vertex 41.75 56.2588 21.5183
      vertex 43.2158 55.6961 21.7177
    endloop
  endfacet
  facet normal -0.0583208 0.217712 0.974269
    outer loop
      vertex 39.1309 54.072 22.0908
      vertex 37.6143 54.4784 21.9092
      vertex 37.8572 53.7308 22.0908
    endloop
  endfacet
  facet normal -0.156429 0.240877 0.957867
    outer loop
      vertex 35.0583 53.3404 21.9092
      vertex 33.5075 53.0948 21.7177
      vertex 33.8834 52.5774 21.9092
    endloop
  endfacet
  facet normal -0.0594732 0.375437 0.924938
    outer loop
      vertex 40.2334 56.1793 21.5183
      vertex 38.7335 55.9417 21.5183
      vertex 40.2842 55.6961 21.7177
    endloop
  endfacet
  facet normal -0.190627 0.496588 0.846795
    outer loop
      vertex 37.1655 55.8595 21.3133
      vertex 35.7158 55.303 21.3133
      vertex 37.2665 55.5487 21.5183
    endloop
  endfacet
  facet normal -0.0665934 0.130706 0.989182
    outer loop
      vertex 37.43 51.4529 22.4162
      vertex 35.9134 51.8593 22.2604
      vertex 36.4394 50.9482 22.4162
    endloop
  endfacet
  facet normal -0.190619 0.496492 0.846853
    outer loop
      vertex 37.2665 55.5487 21.5183
      vertex 35.7158 55.303 21.3133
      vertex 35.8488 55.0044 21.5183
    endloop
  endfacet
  facet normal -0.281563 0.733585 0.618526
    outer loop
      vertex 37.1147 56.0158 21.1048
      vertex 35.6489 55.4532 21.1048
      vertex 37.1655 55.8595 21.3133
    endloop
  endfacet
  facet normal -0.445933 0.289632 0.84691
    outer loop
      vertex 29.7477 50.4702 21.3133
      vertex 29.185 49.0044 21.5183
      vertex 30.0122 50.278 21.5183
    endloop
  endfacet
  facet normal -0.207021 0.318792 0.92494
    outer loop
      vertex 34.4956 54.315 21.5183
      vertex 33.5075 53.0948 21.7177
      vertex 34.7385 53.8942 21.7177
    endloop
  endfacet
  facet normal -0.376084 0.376084 0.846831
    outer loop
      vertex 31.823 52.775 21.3133
      vertex 30.9679 51.4583 21.5183
      vertex 32.0417 52.5321 21.5183
    endloop
  endfacet
  facet normal -0.376084 0.376084 0.846831
    outer loop
      vertex 30.9679 51.4583 21.5183
      vertex 31.823 52.775 21.3133
      vertex 30.725 51.677 21.3133
    endloop
  endfacet
  facet normal -0.295474 0.239248 0.924908
    outer loop
      vertex 30.9679 51.4583 21.5183
      vertex 30.0122 50.278 21.5183
      vertex 30.4052 49.9925 21.7177
    endloop
  endfacet
  facet normal -0.494419 0.610556 0.618686
    outer loop
      vertex 32.9332 53.8853 21.1048
      vertex 31.713 52.8972 21.1048
      vertex 31.823 52.775 21.3133
    endloop
  endfacet
  facet normal -0.473878 0.241426 0.846849
    outer loop
      vertex 28.9019 49.1678 21.3133
      vertex 28.197 47.7842 21.3133
      vertex 29.185 49.0044 21.5183
    endloop
  endfacet
  facet normal -0.146497 0.00768381 0.989181
    outer loop
      vertex 30.1408 42.9702 22.2604
      vertex 30.0768 41.75 22.2604
      vertex 31.1288 41.75 22.4162
    endloop
  endfacet
  facet normal -0.222583 -0.0352445 0.974277
    outer loop
      vertex 29.428 39.1309 22.0908
      vertex 28.4399 40.3511 21.9092
      vertex 28.659 38.9674 21.9092
    endloop
  endfacet
  facet normal -0.375471 -0.0594662 0.924924
    outer loop
      vertex 27.8039 40.2842 21.7177
      vertex 27.5583 38.7335 21.5183
      vertex 28.0335 38.8345 21.7177
    endloop
  endfacet
  facet normal -0.375437 -0.0594732 0.924938
    outer loop
      vertex 27.8039 40.2842 21.7177
      vertex 27.3207 40.2334 21.5183
      vertex 27.5583 38.7335 21.5183
    endloop
  endfacet
  facet normal -0.376084 -0.376084 0.846831
    outer loop
      vertex 30.9679 32.0417 21.5183
      vertex 31.823 30.725 21.3133
      vertex 32.0417 30.9679 21.5183
    endloop
  endfacet
  facet normal -0.376084 -0.376084 0.846831
    outer loop
      vertex 31.823 30.725 21.3133
      vertex 30.9679 32.0417 21.5183
      vertex 30.725 31.823 21.3133
    endloop
  endfacet
  facet normal -0.159366 -0.159366 0.974272
    outer loop
      vertex 32.3884 33.3207 22.0908
      vertex 32.7947 31.8042 21.9092
      vertex 33.3207 32.3884 22.0908
    endloop
  endfacet
  facet normal -0.159366 -0.159366 0.974272
    outer loop
      vertex 32.7947 31.8042 21.9092
      vertex 32.3884 33.3207 22.0908
      vertex 31.8042 32.7947 21.9092
    endloop
  endfacet
  facet normal -0.356711 -0.700164 0.618489
    outer loop
      vertex 34.3322 28.9019 21.3133
      vertex 34.25 28.7596 21.1048
      vertex 35.7158 28.197 21.3133
    endloop
  endfacet
  facet normal -0.289632 -0.445933 0.84691
    outer loop
      vertex 33.222 30.0122 21.5183
      vertex 33.0298 29.7477 21.3133
      vertex 34.4956 29.185 21.5183
    endloop
  endfacet
  facet normal -0.759066 -0.20343 0.618413
    outer loop
      vertex 27.2385 38.6655 21.3133
      vertex 27.0778 38.6313 21.1048
      vertex 27.6405 37.1655 21.3133
    endloop
  endfacet
  facet normal -0.367202 -0.0983711 0.924925
    outer loop
      vertex 28.0335 38.8345 21.7177
      vertex 27.5583 38.7335 21.5183
      vertex 27.9513 37.2665 21.5183
    endloop
  endfacet
  facet normal -0.610556 -0.494419 0.618686
    outer loop
      vertex 30.725 31.823 21.3133
      vertex 29.6147 32.9332 21.1048
      vertex 30.6028 31.713 21.1048
    endloop
  endfacet
  facet normal -0.6106 -0.494481 0.618593
    outer loop
      vertex 29.7477 33.0298 21.3133
      vertex 29.6147 32.9332 21.1048
      vertex 30.725 31.823 21.3133
    endloop
  endfacet
  facet normal 0.037314 -0.0460879 0.99824
    outer loop
      vertex 46.3129 36.6823 22.7845
      vertex 44.914 37.3951 22.8697
      vertex 45.7582 36.2332 22.7845
    endloop
  endfacet
  facet normal 0.0418955 -0.0645026 0.997038
    outer loop
      vertex 45.7582 36.2332 22.7845
      vertex 45.1596 35.8444 22.7845
      vertex 46.5586 35.1316 22.6796
    endloop
  endfacet
  facet normal 0.0541597 -0.106294 0.992859
    outer loop
      vertex 46.4764 33.5637 22.5564
      vertex 45.5948 33.1145 22.5564
      vertex 47.0606 32.5518 22.4162
    endloop
  endfacet
  facet normal 0.0649755 -0.10005 0.992859
    outer loop
      vertex 47.3062 34.1026 22.5564
      vertex 46.4764 33.5637 22.5564
      vertex 47.0606 32.5518 22.4162
    endloop
  endfacet
  facet normal 0.0323007 -0.0497305 0.99824
    outer loop
      vertex 45.7582 36.2332 22.7845
      vertex 44.914 37.3951 22.8697
      vertex 45.1596 35.8444 22.7845
    endloop
  endfacet
  facet normal 0.0275699 -0.071813 0.997037
    outer loop
      vertex 44.5236 35.5203 22.7845
      vertex 44.278 33.9696 22.6796
      vertex 45.0774 34.2765 22.6796
    endloop
  endfacet
  facet normal -0.0649755 -0.10005 0.992859
    outer loop
      vertex 37.0236 33.5637 22.5564
      vertex 36.1938 34.1026 22.5564
      vertex 36.4394 32.5518 22.4162
    endloop
  endfacet
  facet normal -0.0923101 -0.114004 0.989182
    outer loop
      vertex 34.6431 33.8569 22.4162
      vertex 33.9391 33.0751 22.2604
      vertex 34.8887 32.3062 22.2604
    endloop
  endfacet
  facet normal -0.0418922 -0.064509 0.997037
    outer loop
      vertex 38.3404 35.8444 22.7845
      vertex 36.9414 35.1316 22.6796
      vertex 37.6596 34.6652 22.6796
    endloop
  endfacet
  facet normal -0.0349153 -0.0685371 0.997037
    outer loop
      vertex 38.3404 35.8444 22.7845
      vertex 37.6596 34.6652 22.6796
      vertex 38.4226 34.2765 22.6796
    endloop
  endfacet
  facet normal -0.0154589 -0.0237984 0.999597
    outer loop
      vertex 40.3689 39.849 22.9781
      vertex 39.4649 38.6049 22.9345
      vertex 39.8062 38.3832 22.9345
    endloop
  endfacet
  facet normal -0.0483979 -0.0597781 0.997038
    outer loop
      vertex 37.1871 36.6823 22.7845
      vertex 36.9414 35.1316 22.6796
      vertex 37.7418 36.2332 22.7845
    endloop
  endfacet
  facet normal -0.0460828 -0.0373166 0.99824
    outer loop
      vertex 37.3951 38.586 22.8697
      vertex 36.6823 37.1871 22.7845
      vertex 37.7497 38.1481 22.8697
    endloop
  endfacet
  facet normal 0.00763778 0.0117618 0.999902
    outer loop
      vertex 42.9249 43.7849 22.9781
      vertex 42.2121 42.386 23
      vertex 43.1311 43.651 22.9781
    endloop
  endfacet
  facet normal -0.037314 -0.0460879 0.99824
    outer loop
      vertex 38.586 37.3951 22.8697
      vertex 37.1871 36.6823 22.7845
      vertex 37.7418 36.2332 22.7845
    endloop
  endfacet
  facet normal -0.0685376 -0.0349262 0.997037
    outer loop
      vertex 35.5203 38.9764 22.7845
      vertex 34.2765 38.4226 22.6796
      vertex 35.8444 38.3404 22.7845
    endloop
  endfacet
  facet normal -0.0645026 -0.0418955 0.997038
    outer loop
      vertex 35.8444 38.3404 22.7845
      vertex 35.1316 36.9414 22.6796
      vertex 36.2332 37.7418 22.7845
    endloop
  endfacet
  facet normal -0.0553553 -0.0212476 0.998241
    outer loop
      vertex 36.6306 40.0866 22.8697
      vertex 35.5203 38.9764 22.7845
      vertex 36.8325 39.5606 22.8697
    endloop
  endfacet
  facet normal -0.0528293 -0.0269214 0.998241
    outer loop
      vertex 36.8325 39.5606 22.8697
      vertex 35.5203 38.9764 22.7845
      vertex 35.8444 38.3404 22.7845
    endloop
  endfacet
  facet normal -0.0572738 -0.0153505 0.99824
    outer loop
      vertex 36.6306 40.0866 22.8697
      vertex 35.0798 40.3322 22.7845
      vertex 35.2646 39.6427 22.7845
    endloop
  endfacet
  facet normal -0.074295 -0.0199126 0.997037
    outer loop
      vertex 35.0798 40.3322 22.7845
      vertex 33.9696 39.222 22.6796
      vertex 35.2646 39.6427 22.7845
    endloop
  endfacet
  facet normal 0.015536 -0.0404753 0.99906
    outer loop
      vertex 43.9394 36.8325 22.8697
      vertex 42.9513 38.0527 22.9345
      vertex 43.4134 36.6306 22.8697
    endloop
  endfacet
  facet normal 0.0349262 -0.0685376 0.997037
    outer loop
      vertex 45.1596 35.8444 22.7845
      vertex 44.5236 35.5203 22.7845
      vertex 45.0774 34.2765 22.6796
    endloop
  endfacet
  facet normal 0.00505382 -0.096403 0.99533
    outer loop
      vertex 41.75 33.5692 22.6796
      vertex 41.75 32.2972 22.5564
      vertex 42.7381 32.349 22.5564
    endloop
  endfacet
  facet normal 0.0199069 -0.0743006 0.997037
    outer loop
      vertex 44.278 33.9696 22.6796
      vertex 43.1678 35.0798 22.7845
      vertex 43.4509 33.748 22.6796
    endloop
  endfacet
  facet normal 0.00991616 0.00991616 0.999902
    outer loop
      vertex 43.3223 43.4962 22.9781
      vertex 42.3342 42.276 23
      vertex 43.4962 43.3223 22.9781
    endloop
  endfacet
  facet normal 0.00991616 0.00991616 0.999902
    outer loop
      vertex 42.3342 42.276 23
      vertex 43.3223 43.4962 22.9781
      vertex 42.276 42.3342 23
    endloop
  endfacet
  facet normal -0.00883073 -0.0108935 0.999902
    outer loop
      vertex 41.224 41.1658 23
      vertex 40.1777 40.0038 22.9781
      vertex 41.2879 41.114 23
    endloop
  endfacet
  facet normal -0.00927187 -0.0585675 0.99824
    outer loop
      vertex 40.6308 36.4847 22.8697
      vertex 40.3322 35.0798 22.7845
      vertex 41.1873 36.3966 22.8697
    endloop
  endfacet
  facet normal -0.0196847 -0.0386306 0.99906
    outer loop
      vertex 39.8062 38.3832 22.9345
      vertex 39.0586 37.0883 22.8697
      vertex 39.5606 36.8325 22.8697
    endloop
  endfacet
  facet normal 0.00226978 -0.043295 0.99906
    outer loop
      vertex 41.75 37.8624 22.9345
      vertex 41.75 36.3671 22.8697
      vertex 42.3127 36.3966 22.8697
    endloop
  endfacet
  facet normal 0.0112308 -0.0418757 0.99906
    outer loop
      vertex 42.9513 38.0527 22.9345
      vertex 42.5583 37.9473 22.9345
      vertex 42.8692 36.4847 22.8697
    endloop
  endfacet
  facet normal -0.017857 0.0220559 0.999597
    outer loop
      vertex 40.3689 43.651 22.9781
      vertex 39.4649 44.8951 22.9345
      vertex 40.1777 43.4962 22.9781
    endloop
  endfacet
  facet normal -0.0140043 0.000732587 0.999902
    outer loop
      vertex 40.9682 41.8322 23
      vertex 39.4131 41.9956 22.9781
      vertex 40.9639 41.75 23
    endloop
  endfacet
  facet normal -0.130706 -0.0665934 0.989182
    outer loop
      vertex 32.0471 37.43 22.4162
      vertex 31.6407 35.9134 22.2604
      vertex 32.5518 36.4394 22.4162
    endloop
  endfacet
  facet normal -0.106294 -0.0541597 0.992859
    outer loop
      vertex 33.1145 37.9052 22.5564
      vertex 32.5518 36.4394 22.4162
      vertex 33.5637 37.0236 22.5564
    endloop
  endfacet
  facet normal -0.180748 -0.223209 0.957866
    outer loop
      vertex 33.8834 30.9226 21.9092
      vertex 32.7947 31.8042 21.9092
      vertex 33.5075 30.4052 21.7177
    endloop
  endfacet
  facet normal -0.136946 -0.0525719 0.989182
    outer loop
      vertex 32.0471 37.43 22.4162
      vertex 30.6481 38.1428 22.2604
      vertex 31.086 37.0021 22.2604
    endloop
  endfacet
  facet normal -0.240877 -0.156429 0.957867
    outer loop
      vertex 30.9226 33.8834 21.9092
      vertex 30.1596 35.0583 21.9092
      vertex 30.4052 33.5075 21.7177
    endloop
  endfacet
  facet normal -0.318792 -0.207021 0.92494
    outer loop
      vertex 29.6058 34.7385 21.7177
      vertex 29.185 34.4956 21.5183
      vertex 30.4052 33.5075 21.7177
    endloop
  endfacet
  facet normal -0.111375 -0.0427557 0.992858
    outer loop
      vertex 32.7599 38.8289 22.5564
      vertex 32.0471 37.43 22.4162
      vertex 33.1145 37.9052 22.5564
    endloop
  endfacet
  facet normal -0.106298 -0.0541579 0.992858
    outer loop
      vertex 33.1145 37.9052 22.5564
      vertex 32.0471 37.43 22.4162
      vertex 32.5518 36.4394 22.4162
    endloop
  endfacet
  facet normal 0.0820554 -0.161054 0.983529
    outer loop
      vertex 48.0487 30.8404 22.0908
      vertex 46.4979 31.086 22.2604
      vertex 46.8738 30.2418 22.0908
    endloop
  endfacet
  facet normal 0.0665942 -0.130703 0.989182
    outer loop
      vertex 47.5866 31.6407 22.2604
      vertex 46.07 32.0471 22.4162
      vertex 46.4979 31.086 22.2604
    endloop
  endfacet
  facet normal 0.122753 -0.189 0.974274
    outer loop
      vertex 49.1545 31.5586 22.0908
      vertex 48.0487 30.8404 22.0908
      vertex 49.6166 30.9226 21.9092
    endloop
  endfacet
  facet normal 0.0984535 -0.151587 0.983528
    outer loop
      vertex 48.6113 32.3062 22.2604
      vertex 48.0487 30.8404 22.0908
      vertex 49.1545 31.5586 22.0908
    endloop
  endfacet
  facet normal 0.0229461 -0.144894 0.989181
    outer loop
      vertex 43.9583 31.3609 22.4162
      vertex 42.8602 31.187 22.4162
      vertex 44.177 30.3319 22.2604
    endloop
  endfacet
  facet normal -0.030875 -0.11523 0.992859
    outer loop
      vertex 39.7847 32.5038 22.5564
      vertex 38.8289 32.7599 22.5564
      vertex 39.5417 31.3609 22.4162
    endloop
  endfacet
  facet normal 0.0151043 -0.0953484 0.995329
    outer loop
      vertex 43.7153 32.5038 22.5564
      vertex 42.6051 33.614 22.6796
      vertex 42.7381 32.349 22.5564
    endloop
  endfacet
  facet normal 0.00768003 -0.146501 0.989181
    outer loop
      vertex 42.8602 31.187 22.4162
      vertex 41.75 31.1288 22.4162
      vertex 42.9702 30.1408 22.2604
    endloop
  endfacet
  facet normal -0.00505382 -0.096403 0.99533
    outer loop
      vertex 41.75 33.5692 22.6796
      vertex 40.7619 32.349 22.5564
      vertex 41.75 32.2972 22.5564
    endloop
  endfacet
  facet normal 0.00624547 -0.119136 0.992858
    outer loop
      vertex 42.7381 32.349 22.5564
      vertex 41.75 31.1288 22.4162
      vertex 42.8602 31.187 22.4162
    endloop
  endfacet
  facet normal 0.00505083 -0.0964054 0.995329
    outer loop
      vertex 42.6051 33.614 22.6796
      vertex 41.75 33.5692 22.6796
      vertex 42.7381 32.349 22.5564
    endloop
  endfacet
  facet normal 0.003107 -0.0592157 0.99824
    outer loop
      vertex 42.3127 36.3966 22.8697
      vertex 41.75 34.9308 22.7845
      vertex 42.4628 34.9682 22.7845
    endloop
  endfacet
  facet normal -0.0275699 -0.071813 0.997037
    outer loop
      vertex 38.9764 35.5203 22.7845
      vertex 38.4226 34.2765 22.6796
      vertex 39.222 33.9696 22.6796
    endloop
  endfacet
  facet normal -0.0345999 -0.0901243 0.995329
    outer loop
      vertex 39.222 33.9696 22.6796
      vertex 38.4226 34.2765 22.6796
      vertex 38.8289 32.7599 22.5564
    endloop
  endfacet
  facet normal -0.0525719 -0.136946 0.989182
    outer loop
      vertex 37.43 32.0471 22.4162
      vertex 37.0021 31.086 22.2604
      vertex 38.1428 30.6481 22.2604
    endloop
  endfacet
  facet normal -0.0427557 -0.111375 0.992858
    outer loop
      vertex 37.9052 33.1145 22.5564
      vertex 37.43 32.0471 22.4162
      vertex 38.8289 32.7599 22.5564
    endloop
  endfacet
  facet normal 0.00946766 -0.180507 0.983528
    outer loop
      vertex 41.75 30.0768 22.2604
      vertex 41.75 29.1527 22.0908
      vertex 42.9702 30.1408 22.2604
    endloop
  endfacet
  facet normal -0.0150295 -0.286832 0.957863
    outer loop
      vertex 40.3511 28.4399 21.9092
      vertex 40.2842 27.8039 21.7177
      vertex 41.75 28.3666 21.9092
    endloop
  endfacet
  facet normal 0.0583208 -0.217712 0.974269
    outer loop
      vertex 45.6428 29.7692 22.0908
      vertex 44.3691 29.428 22.0908
      vertex 45.8857 29.0216 21.9092
    endloop
  endfacet
  facet normal 0.0229447 -0.144896 0.989181
    outer loop
      vertex 44.177 30.3319 22.2604
      vertex 42.8602 31.187 22.4162
      vertex 42.9702 30.1408 22.2604
    endloop
  endfacet
  facet normal -0.0117936 -0.22507 0.974271
    outer loop
      vertex 40.4332 29.2217 22.0908
      vertex 40.3511 28.4399 21.9092
      vertex 41.75 29.1527 22.0908
    endloop
  endfacet
  facet normal -0.0117933 -0.22507 0.974271
    outer loop
      vertex 41.75 29.1527 22.0908
      vertex 40.3511 28.4399 21.9092
      vertex 41.75 28.3666 21.9092
    endloop
  endfacet
  facet normal -0.156429 -0.240877 0.957867
    outer loop
      vertex 33.8834 30.9226 21.9092
      vertex 33.5075 30.4052 21.7177
      vertex 35.0583 30.1596 21.9092
    endloop
  endfacet
  facet normal -0.0807618 -0.210399 0.974274
    outer loop
      vertex 36.6262 30.2418 22.0908
      vertex 36.3065 29.5236 21.9092
      vertex 37.6143 29.0216 21.9092
    endloop
  endfacet
  facet normal -0.0541597 -0.106294 0.992859
    outer loop
      vertex 37.0236 33.5637 22.5564
      vertex 36.4394 32.5518 22.4162
      vertex 37.9052 33.1145 22.5564
    endloop
  endfacet
  facet normal -0.0798977 -0.123033 0.989181
    outer loop
      vertex 35.507 33.1573 22.4162
      vertex 34.8887 32.3062 22.2604
      vertex 36.4394 32.5518 22.4162
    endloop
  endfacet
  facet normal -0.102932 -0.268157 0.95786
    outer loop
      vertex 36.3065 29.5236 21.9092
      vertex 36.0464 28.9394 21.7177
      vertex 37.6143 29.0216 21.9092
    endloop
  endfacet
  facet normal -0.136211 -0.354849 0.924948
    outer loop
      vertex 37.4167 28.4134 21.7177
      vertex 36.0464 28.9394 21.7177
      vertex 37.2665 27.9513 21.5183
    endloop
  endfacet
  facet normal 0.555533 0.555533 0.61868
    outer loop
      vertex 51.787 52.8972 21.1048
      vertex 52.775 51.677 21.3133
      vertex 52.8972 51.787 21.1048
    endloop
  endfacet
  facet normal 0.555533 0.555533 0.61868
    outer loop
      vertex 52.775 51.677 21.3133
      vertex 51.787 52.8972 21.1048
      vertex 51.677 52.775 21.3133
    endloop
  endfacet
  facet normal 0.356675 0.69999 0.618706
    outer loop
      vertex 47.8511 55.4532 21.1048
      vertex 47.7842 55.303 21.3133
      vertex 49.25 54.7404 21.1048
    endloop
  endfacet
  facet normal 0.281549 0.733444 0.6187
    outer loop
      vertex 47.8511 55.4532 21.1048
      vertex 46.3345 55.8595 21.3133
      vertex 47.7842 55.303 21.3133
    endloop
  endfacet
  facet normal 0.758989 0.203385 0.618523
    outer loop
      vertex 56.0158 46.3853 21.1048
      vertex 55.8595 46.3345 21.3133
      vertex 56.4222 44.8687 21.1048
    endloop
  endfacet
  facet normal 0.427974 -0.659013 0.618499
    outer loop
      vertex 50.4702 29.7477 21.3133
      vertex 49.1678 28.9019 21.3133
      vertex 49.25 28.7596 21.1048
    endloop
  endfacet
  facet normal 0.289663 -0.446035 0.846846
    outer loop
      vertex 50.4702 29.7477 21.3133
      vertex 49.0044 29.185 21.5183
      vertex 49.1678 28.9019 21.3133
    endloop
  endfacet
  facet normal -0.784773 0.0411432 0.618416
    outer loop
      vertex 26.8322 43.3179 21.1048
      vertex 26.75 41.75 21.1048
      vertex 26.9956 43.3007 21.3133
    endloop
  endfacet
  facet normal -0.776173 0.122922 0.618422
    outer loop
      vertex 27.0778 44.8687 21.1048
      vertex 26.8322 43.3179 21.1048
      vertex 26.9956 43.3007 21.3133
    endloop
  endfacet
  facet normal 0.0345977 -0.0901237 0.995329
    outer loop
      vertex 45.0774 34.2765 22.6796
      vertex 44.6711 32.7599 22.5564
      vertex 45.5948 33.1145 22.5564
    endloop
  endfacet
  facet normal 0.0345999 -0.0901243 0.995329
    outer loop
      vertex 45.0774 34.2765 22.6796
      vertex 44.278 33.9696 22.6796
      vertex 44.6711 32.7599 22.5564
    endloop
  endfacet
  facet normal 0.156429 -0.240877 0.957867
    outer loop
      vertex 49.6166 30.9226 21.9092
      vertex 48.4417 30.1596 21.9092
      vertex 49.9925 30.4052 21.7177
    endloop
  endfacet
  facet normal 0.122753 -0.189021 0.97427
    outer loop
      vertex 49.6166 30.9226 21.9092
      vertex 48.0487 30.8404 22.0908
      vertex 48.4417 30.1596 21.9092
    endloop
  endfacet
  facet normal 0.0467787 -0.174599 0.983528
    outer loop
      vertex 45.3572 30.6481 22.2604
      vertex 44.177 30.3319 22.2604
      vertex 44.3691 29.428 22.0908
    endloop
  endfacet
  facet normal 0.0282711 -0.178532 0.983528
    outer loop
      vertex 44.177 30.3319 22.2604
      vertex 42.9702 30.1408 22.2604
      vertex 44.3691 29.428 22.0908
    endloop
  endfacet
  facet normal 0.0449327 -0.283706 0.957858
    outer loop
      vertex 44.5326 28.659 21.9092
      vertex 43.2158 27.8039 21.7177
      vertex 44.6655 28.0335 21.7177
    endloop
  endfacet
  facet normal 0.0594662 -0.375471 0.924924
    outer loop
      vertex 44.6655 28.0335 21.7177
      vertex 43.2158 27.8039 21.7177
      vertex 44.7665 27.5583 21.5183
    endloop
  endfacet
  facet normal 0.190619 -0.496492 0.846853
    outer loop
      vertex 47.6512 28.4956 21.5183
      vertex 46.2335 27.9513 21.5183
      vertex 47.7842 28.197 21.3133
    endloop
  endfacet
  facet normal 0.241417 -0.473869 0.846857
    outer loop
      vertex 49.0044 29.185 21.5183
      vertex 47.6512 28.4956 21.5183
      vertex 47.7842 28.197 21.3133
    endloop
  endfacet
  facet normal 0.0832094 -0.525277 0.846853
    outer loop
      vertex 44.7665 27.5583 21.5183
      vertex 43.2666 27.3207 21.5183
      vertex 43.3007 26.9956 21.3133
    endloop
  endfacet
  facet normal -0.0198876 -0.379573 0.924948
    outer loop
      vertex 41.75 27.7271 21.7177
      vertex 40.2842 27.8039 21.7177
      vertex 41.75 27.2412 21.5183
    endloop
  endfacet
  facet normal 0.137695 -0.513789 0.846794
    outer loop
      vertex 46.2335 27.9513 21.5183
      vertex 44.8345 27.2385 21.3133
      vertex 46.3345 27.6405 21.3133
    endloop
  endfacet
  facet normal 0.137598 -0.513631 0.846906
    outer loop
      vertex 46.2335 27.9513 21.5183
      vertex 44.7665 27.5583 21.5183
      vertex 44.8345 27.2385 21.3133
    endloop
  endfacet
  facet normal -0.0411442 -0.784777 0.618412
    outer loop
      vertex 41.75 26.9143 21.3133
      vertex 40.1993 26.9956 21.3133
      vertex 41.75 26.75 21.1048
    endloop
  endfacet
  facet normal -0.0278431 -0.531074 0.846868
    outer loop
      vertex 41.75 27.2412 21.5183
      vertex 40.1993 26.9956 21.3133
      vertex 41.75 26.9143 21.3133
    endloop
  endfacet
  facet normal 0.513789 0.137695 0.846794
    outer loop
      vertex 55.8595 46.3345 21.3133
      vertex 55.5487 46.2335 21.5183
      vertex 56.2615 44.8345 21.3133
    endloop
  endfacet
  facet normal 0.375471 0.0594662 0.924924
    outer loop
      vertex 55.9417 44.7665 21.5183
      vertex 55.4665 44.6655 21.7177
      vertex 55.6961 43.2158 21.7177
    endloop
  endfacet
  facet normal 0.240889 -0.156431 0.957863
    outer loop
      vertex 53.3404 35.0583 21.9092
      vertex 53.0948 33.5075 21.7177
      vertex 53.8942 34.7385 21.7177
    endloop
  endfacet
  facet normal 0.318792 -0.207021 0.92494
    outer loop
      vertex 53.8942 34.7385 21.7177
      vertex 53.0948 33.5075 21.7177
      vertex 54.315 34.4956 21.5183
    endloop
  endfacet
  facet normal 0.531074 -0.0278431 0.846868
    outer loop
      vertex 56.5857 41.75 21.3133
      vertex 56.2588 41.75 21.5183
      vertex 56.5044 40.1993 21.3133
    endloop
  endfacet
  facet normal 0.531088 -0.0278396 0.846859
    outer loop
      vertex 56.2588 41.75 21.5183
      vertex 56.1793 40.2334 21.5183
      vertex 56.5044 40.1993 21.3133
    endloop
  endfacet
  facet normal 0.41325 -0.334612 0.846912
    outer loop
      vertex 53.4878 33.222 21.5183
      vertex 52.5321 32.0417 21.5183
      vertex 53.7523 33.0298 21.3133
    endloop
  endfacet
  facet normal 0.445933 -0.289632 0.84691
    outer loop
      vertex 54.315 34.4956 21.5183
      vertex 53.4878 33.222 21.5183
      vertex 53.7523 33.0298 21.3133
    endloop
  endfacet
  facet normal 0.106298 0.0541579 0.992858
    outer loop
      vertex 50.9482 47.0606 22.4162
      vertex 50.3855 45.5948 22.5564
      vertex 51.4529 46.07 22.4162
    endloop
  endfacet
  facet normal 0.111375 0.0427557 0.992858
    outer loop
      vertex 51.4529 46.07 22.4162
      vertex 50.3855 45.5948 22.5564
      vertex 50.7401 44.6711 22.5564
    endloop
  endfacet
  facet normal 0.123033 0.0798977 0.989181
    outer loop
      vertex 51.1938 48.6113 22.2604
      vertex 50.3427 47.993 22.4162
      vertex 50.9482 47.0606 22.4162
    endloop
  endfacet
  facet normal 0.114006 0.0923239 0.989181
    outer loop
      vertex 51.1938 48.6113 22.2604
      vertex 49.6431 48.8569 22.4162
      vertex 50.3427 47.993 22.4162
    endloop
  endfacet
  facet normal 0.189021 0.122753 0.97427
    outer loop
      vertex 53.3404 48.4417 21.9092
      vertex 52.5774 49.6166 21.9092
      vertex 52.6596 48.0487 22.0908
    endloop
  endfacet
  facet normal 0.175157 0.141828 0.974272
    outer loop
      vertex 51.6958 50.7053 21.9092
      vertex 51.1116 50.1793 22.0908
      vertex 51.9414 49.1545 22.0908
    endloop
  endfacet
  facet normal 0.0750183 0.0607565 0.99533
    outer loop
      vertex 48.7748 48.0751 22.5564
      vertex 47.8295 47.224 22.6796
      vertex 48.3684 46.5586 22.6796
    endloop
  endfacet
  facet normal 0.0597759 0.0484118 0.997037
    outer loop
      vertex 47.8295 47.224 22.6796
      vertex 46.8177 46.3129 22.7845
      vertex 48.3684 46.5586 22.6796
    endloop
  endfacet
  facet normal 0.0743006 0.0199069 0.997037
    outer loop
      vertex 49.5304 44.278 22.6796
      vertex 48.4202 43.1678 22.7845
      vertex 49.752 43.4509 22.6796
    endloop
  endfacet
  facet normal 0.0932479 0.0249833 0.995329
    outer loop
      vertex 50.9962 43.7153 22.5564
      vertex 49.5304 44.278 22.6796
      vertex 49.752 43.4509 22.6796
    endloop
  endfacet
  facet normal 0.180495 -0.0094579 0.98353
    outer loop
      vertex 54.3473 41.75 22.0908
      vertex 53.3592 40.5298 22.2604
      vertex 54.2783 40.4332 22.0908
    endloop
  endfacet
  facet normal 0.286832 -0.0150295 0.957863
    outer loop
      vertex 55.1334 41.75 21.9092
      vertex 55.0601 40.3511 21.9092
      vertex 55.6961 40.2842 21.7177
    endloop
  endfacet
  facet normal 0.146501 0.00768003 0.989181
    outer loop
      vertex 53.3592 42.9702 22.2604
      vertex 52.313 42.8602 22.4162
      vertex 52.3712 41.75 22.4162
    endloop
  endfacet
  facet normal 0.119136 0.00624547 0.992858
    outer loop
      vertex 52.313 42.8602 22.4162
      vertex 51.151 42.7381 22.5564
      vertex 52.3712 41.75 22.4162
    endloop
  endfacet
  facet normal 0.168739 0.0647816 0.98353
    outer loop
      vertex 53.2582 46.8738 22.0908
      vertex 52.8519 45.3572 22.2604
      vertex 53.7308 45.6428 22.0908
    endloop
  endfacet
  facet normal 0.178532 0.0282711 0.983528
    outer loop
      vertex 54.072 44.3691 22.0908
      vertex 53.1681 44.177 22.2604
      vertex 53.3592 42.9702 22.2604
    endloop
  endfacet
  facet normal 0.240889 0.156431 0.957863
    outer loop
      vertex 53.8942 48.7615 21.7177
      vertex 53.0948 49.9925 21.7177
      vertex 53.3404 48.4417 21.9092
    endloop
  endfacet
  facet normal 0.255922 0.130397 0.957862
    outer loop
      vertex 53.8942 48.7615 21.7177
      vertex 53.3404 48.4417 21.9092
      vertex 54.5606 47.4536 21.7177
    endloop
  endfacet
  facet normal 0.200807 -0.102309 0.974274
    outer loop
      vertex 53.2582 36.6262 22.0908
      vertex 52.6596 35.4513 22.0908
      vertex 53.9764 36.3065 21.9092
    endloop
  endfacet
  facet normal 0.268153 -0.102933 0.957861
    outer loop
      vertex 55.0866 37.4167 21.7177
      vertex 54.4784 37.6143 21.9092
      vertex 54.5606 36.0464 21.7177
    endloop
  endfacet
  facet normal 0.168739 -0.0647816 0.98353
    outer loop
      vertex 53.7308 37.8572 22.0908
      vertex 52.8519 38.1428 22.2604
      vertex 53.2582 36.6262 22.0908
    endloop
  endfacet
  facet normal 0.217712 -0.0583208 0.974269
    outer loop
      vertex 54.072 39.1309 22.0908
      vertex 53.7308 37.8572 22.0908
      vertex 54.4784 37.6143 21.9092
    endloop
  endfacet
  facet normal 0.180495 0.0094579 0.98353
    outer loop
      vertex 54.2783 43.0668 22.0908
      vertex 53.3592 42.9702 22.2604
      vertex 54.3473 41.75 22.0908
    endloop
  endfacet
  facet normal 0.22507 0.0117936 0.974271
    outer loop
      vertex 55.0601 43.1489 21.9092
      vertex 54.2783 43.0668 22.0908
      vertex 54.3473 41.75 22.0908
    endloop
  endfacet
  facet normal 0.22507 -0.0117936 0.974271
    outer loop
      vertex 54.3473 41.75 22.0908
      vertex 54.2783 40.4332 22.0908
      vertex 55.0601 40.3511 21.9092
    endloop
  endfacet
  facet normal 0.222605 -0.0352633 0.974271
    outer loop
      vertex 54.2783 40.4332 22.0908
      vertex 54.072 39.1309 22.0908
      vertex 55.0601 40.3511 21.9092
    endloop
  endfacet
  facet normal 0.240877 -0.156429 0.957867
    outer loop
      vertex 53.3404 35.0583 21.9092
      vertex 52.5774 33.8834 21.9092
      vertex 53.0948 33.5075 21.7177
    endloop
  endfacet
  facet normal 0.189021 -0.122753 0.97427
    outer loop
      vertex 52.6596 35.4513 22.0908
      vertex 52.5774 33.8834 21.9092
      vertex 53.3404 35.0583 21.9092
    endloop
  endfacet
  facet normal 0.175157 -0.141828 0.974272
    outer loop
      vertex 51.9414 34.3455 22.0908
      vertex 51.1116 33.3207 22.0908
      vertex 51.6958 32.7947 21.9092
    endloop
  endfacet
  facet normal 0.140476 -0.113746 0.983529
    outer loop
      vertex 51.1938 34.8887 22.2604
      vertex 51.1116 33.3207 22.0908
      vertex 51.9414 34.3455 22.0908
    endloop
  endfacet
  facet normal 0.141684 -0.0379742 0.989183
    outer loop
      vertex 52.1391 39.5417 22.4162
      vertex 51.8513 38.4679 22.4162
      vertex 52.8519 38.1428 22.2604
    endloop
  endfacet
  facet normal 0.136946 -0.0525719 0.989182
    outer loop
      vertex 52.8519 38.1428 22.2604
      vertex 51.4529 37.43 22.4162
      vertex 52.414 37.0021 22.2604
    endloop
  endfacet
  facet normal 0.180507 -0.00946766 0.983528
    outer loop
      vertex 53.4232 41.75 22.2604
      vertex 53.3592 40.5298 22.2604
      vertex 54.3473 41.75 22.0908
    endloop
  endfacet
  facet normal 0.146497 -0.00768381 0.989181
    outer loop
      vertex 53.4232 41.75 22.2604
      vertex 52.3712 41.75 22.4162
      vertex 53.3592 40.5298 22.2604
    endloop
  endfacet
  facet normal 0.200815 -0.102322 0.974271
    outer loop
      vertex 53.9764 36.3065 21.9092
      vertex 52.6596 35.4513 22.0908
      vertex 53.3404 35.0583 21.9092
    endloop
  endfacet
  facet normal 0.161054 -0.0820554 0.983529
    outer loop
      vertex 53.2582 36.6262 22.0908
      vertex 52.414 37.0021 22.2604
      vertex 52.6596 35.4513 22.0908
    endloop
  endfacet
  facet normal 0.10005 -0.0649755 0.992859
    outer loop
      vertex 49.9363 37.0236 22.5564
      vertex 49.3974 36.1938 22.5564
      vertex 50.9482 36.4394 22.4162
    endloop
  endfacet
  facet normal 0.0525803 -0.0809674 0.995329
    outer loop
      vertex 46.5586 35.1316 22.6796
      vertex 45.8404 34.6652 22.6796
      vertex 47.3062 34.1026 22.5564
    endloop
  endfacet
  facet normal 0.0750747 -0.092716 0.992858
    outer loop
      vertex 48.0751 34.7252 22.5564
      vertex 47.3062 34.1026 22.5564
      vertex 48.8569 33.8569 22.4162
    endloop
  endfacet
  facet normal 0.0809674 -0.0525803 0.995329
    outer loop
      vertex 48.8348 37.6596 22.6796
      vertex 48.3684 36.9414 22.6796
      vertex 49.3974 36.1938 22.5564
    endloop
  endfacet
  facet normal 0.0809649 -0.0525813 0.995329
    outer loop
      vertex 49.9363 37.0236 22.5564
      vertex 48.8348 37.6596 22.6796
      vertex 49.3974 36.1938 22.5564
    endloop
  endfacet
  facet normal 0.092716 -0.0750747 0.992858
    outer loop
      vertex 49.3974 36.1938 22.5564
      vertex 48.7748 35.4249 22.5564
      vertex 49.6431 34.6431 22.4162
    endloop
  endfacet
  facet normal 0.123033 -0.0798977 0.989181
    outer loop
      vertex 50.9482 36.4394 22.4162
      vertex 50.3427 35.507 22.4162
      vertex 51.1938 34.8887 22.2604
    endloop
  endfacet
  facet normal 0.096403 -0.00505382 0.99533
    outer loop
      vertex 51.2028 41.75 22.5564
      vertex 49.9308 41.75 22.6796
      vertex 51.151 40.7619 22.5564
    endloop
  endfacet
  facet normal 0.119136 -0.00624558 0.992858
    outer loop
      vertex 51.2028 41.75 22.5564
      vertex 51.151 40.7619 22.5564
      vertex 52.3712 41.75 22.4162
    endloop
  endfacet
  facet normal 0.042822 0.00677918 0.99906
    outer loop
      vertex 47.0153 42.8692 22.8697
      vertex 45.5527 42.5583 22.9345
      vertex 47.1034 42.3127 22.8697
    endloop
  endfacet
  facet normal 0.0585675 0.00927187 0.99824
    outer loop
      vertex 48.4202 43.1678 22.7845
      vertex 47.0153 42.8692 22.8697
      vertex 47.1034 42.3127 22.8697
    endloop
  endfacet
  facet normal 0.0592147 -0.00310438 0.99824
    outer loop
      vertex 47.1329 41.75 22.8697
      vertex 47.1034 41.1873 22.8697
      vertex 48.5692 41.75 22.7845
    endloop
  endfacet
  facet normal 0.0592147 0.00310438 0.99824
    outer loop
      vertex 48.5692 41.75 22.7845
      vertex 47.1034 42.3127 22.8697
      vertex 47.1329 41.75 22.8697
    endloop
  endfacet
  facet normal 0.0386317 -0.0196781 0.99906
    outer loop
      vertex 45.3015 40.1688 22.9345
      vertex 45.1168 39.8062 22.9345
      vertex 46.6675 39.5606 22.8697
    endloop
  endfacet
  facet normal 0.0252869 -0.0128806 0.999597
    outer loop
      vertex 45.3015 40.1688 22.9345
      vertex 43.8966 40.7943 22.9781
      vertex 45.1168 39.8062 22.9345
    endloop
  endfacet
  facet normal 0.0140048 0.00072989 0.999902
    outer loop
      vertex 44.0869 41.9956 22.9781
      vertex 42.5361 41.75 23
      vertex 44.0997 41.75 22.9781
    endloop
  endfacet
  facet normal 0.0112268 -0.0418755 0.99906
    outer loop
      vertex 42.9513 38.0527 22.9345
      vertex 42.8692 36.4847 22.8697
      vertex 43.4134 36.6306 22.8697
    endloop
  endfacet
  facet normal 0.0583208 0.217712 0.974269
    outer loop
      vertex 45.8857 54.4784 21.9092
      vertex 44.3691 54.072 22.0908
      vertex 45.6428 53.7308 22.0908
    endloop
  endfacet
  facet normal 0.0807812 0.210414 0.974269
    outer loop
      vertex 45.8857 54.4784 21.9092
      vertex 45.6428 53.7308 22.0908
      vertex 46.8738 53.2582 22.0908
    endloop
  endfacet
  facet normal -0.122922 0.776173 0.618422
    outer loop
      vertex 40.1821 56.6678 21.1048
      vertex 38.6313 56.4222 21.1048
      vertex 40.1993 56.5044 21.3133
    endloop
  endfacet
  facet normal -0.122921 0.776187 0.618404
    outer loop
      vertex 40.1993 56.5044 21.3133
      vertex 38.6313 56.4222 21.1048
      vertex 38.6655 56.2615 21.3133
    endloop
  endfacet
  facet normal 0.137598 0.513631 0.846906
    outer loop
      vertex 44.8345 56.2615 21.3133
      vertex 44.7665 55.9417 21.5183
      vertex 46.2335 55.5487 21.5183
    endloop
  endfacet
  facet normal 0.137695 0.513789 0.846794
    outer loop
      vertex 46.3345 55.8595 21.3133
      vertex 44.8345 56.2615 21.3133
      vertex 46.2335 55.5487 21.5183
    endloop
  endfacet
  facet normal 0.0607534 0.0750294 0.995329
    outer loop
      vertex 47.3062 49.3974 22.5564
      vertex 46.5586 48.3684 22.6796
      vertex 48.0751 48.7748 22.5564
    endloop
  endfacet
  facet normal 0.0120258 0.0759696 0.997038
    outer loop
      vertex 42.6051 49.886 22.6796
      vertex 42.4628 48.5318 22.7845
      vertex 43.1678 48.4202 22.7845
    endloop
  endfacet
  facet normal 0.0984535 0.151587 0.983528
    outer loop
      vertex 49.1545 51.9414 22.0908
      vertex 48.0487 52.6596 22.0908
      vertex 48.6113 51.1938 22.2604
    endloop
  endfacet
  facet normal 0.113746 0.140476 0.983529
    outer loop
      vertex 49.1545 51.9414 22.0908
      vertex 48.6113 51.1938 22.2604
      vertex 50.1793 51.1116 22.0908
    endloop
  endfacet
  facet normal -0.0280293 -0.00444269 0.999597
    outer loop
      vertex 39.4131 41.5044 22.9781
      vertex 37.8837 41.3436 22.9345
      vertex 39.4516 41.2615 22.9781
    endloop
  endfacet
  facet normal -0.0283389 0.00148528 0.999597
    outer loop
      vertex 37.8837 42.1564 22.9345
      vertex 37.8624 41.75 22.9345
      vertex 39.4003 41.75 22.9781
    endloop
  endfacet
  facet normal -0.0135451 -0.00363142 0.999902
    outer loop
      vertex 40.9811 41.5866 23
      vertex 39.4516 41.2615 22.9781
      vertex 39.5153 41.0239 22.9781
    endloop
  endfacet
  facet normal -0.0418757 -0.0112308 0.99906
    outer loop
      vertex 37.9473 40.9417 22.9345
      vertex 36.4847 40.6308 22.8697
      vertex 38.0527 40.5487 22.9345
    endloop
  endfacet
  facet normal 0.00443554 0.028029 0.999597
    outer loop
      vertex 42.5583 45.5527 22.9345
      vertex 42.1564 45.6163 22.9345
      vertex 42.2385 44.0484 22.9781
    endloop
  endfacet
  facet normal -0.0117623 -0.00763695 0.999902
    outer loop
      vertex 41.0692 41.3569 23
      vertex 39.7151 40.5751 22.9781
      vertex 41.114 41.2879 23
    endloop
  endfacet
  facet normal -0.0140043 -0.000732587 0.999902
    outer loop
      vertex 40.9639 41.75 23
      vertex 39.4131 41.5044 22.9781
      vertex 40.9682 41.6678 23
    endloop
  endfacet
  facet normal -0.0229461 0.144894 0.989181
    outer loop
      vertex 40.6398 52.313 22.4162
      vertex 39.323 53.1681 22.2604
      vertex 39.5417 52.1391 22.4162
    endloop
  endfacet
  facet normal 0.0237999 0.015455 0.999597
    outer loop
      vertex 45.1168 43.6938 22.9345
      vertex 43.651 43.1311 22.9781
      vertex 43.7849 42.9249 22.9781
    endloop
  endfacet
  facet normal -0.00927118 0.058568 0.99824
    outer loop
      vertex 41.0372 48.5318 22.7845
      vertex 40.3322 48.4202 22.7845
      vertex 41.1873 47.1034 22.8697
    endloop
  endfacet
  facet normal 0.0120365 0.0759736 0.997037
    outer loop
      vertex 43.4509 49.752 22.6796
      vertex 42.6051 49.886 22.6796
      vertex 43.1678 48.4202 22.7845
    endloop
  endfacet
  facet normal 0.0128806 0.0252869 0.999597
    outer loop
      vertex 43.3312 45.3015 22.9345
      vertex 42.7057 43.8966 22.9781
      vertex 43.6938 45.1168 22.9345
    endloop
  endfacet
  facet normal 0.00636734 0.0124953 0.999902
    outer loop
      vertex 42.7057 43.8966 22.9781
      vertex 42.0697 42.4682 23
      vertex 42.9249 43.7849 22.9781
    endloop
  endfacet
  facet normal 0.0336955 0.0272803 0.99906
    outer loop
      vertex 45.7503 45.3519 22.8697
      vertex 44.6391 44.3513 22.9345
      vertex 44.8951 44.0351 22.9345
    endloop
  endfacet
  facet normal 0.0264949 0.0101664 0.999597
    outer loop
      vertex 45.4473 42.9513 22.9345
      vertex 43.8966 42.7057 22.9781
      vertex 43.9847 42.4761 22.9781
    endloop
  endfacet
  facet normal -0.0021953 0.0138504 0.999902
    outer loop
      vertex 41.5044 44.0869 22.9781
      vertex 41.2615 44.0484 22.9781
      vertex 41.5866 42.5189 23
    endloop
  endfacet
  facet normal 0.0117623 0.00763695 0.999902
    outer loop
      vertex 43.7849 42.9249 22.9781
      vertex 42.386 42.2121 23
      vertex 42.4308 42.1431 23
    endloop
  endfacet
  facet normal -0.00147706 -0.0283411 0.999597
    outer loop
      vertex 41.5044 39.4131 22.9781
      vertex 41.3436 37.8837 22.9345
      vertex 41.75 39.4003 22.9781
    endloop
  endfacet
  facet normal -0.00763695 0.0117623 0.999902
    outer loop
      vertex 41.3569 42.4308 23
      vertex 40.5751 43.7849 22.9781
      vertex 41.2879 42.386 23
    endloop
  endfacet
  facet normal 0.0274103 0.00734865 0.999597
    outer loop
      vertex 45.4473 42.9513 22.9345
      vertex 43.9847 42.4761 22.9781
      vertex 44.0484 42.2385 22.9781
    endloop
  endfacet
  facet normal 0.0130934 0.00502406 0.999902
    outer loop
      vertex 43.8966 42.7057 22.9781
      vertex 42.4682 42.0697 23
      vertex 43.9847 42.4761 22.9781
    endloop
  endfacet
  facet normal -0.037314 0.0460879 0.99824
    outer loop
      vertex 37.7418 47.2668 22.7845
      vertex 37.1871 46.8177 22.7845
      vertex 38.586 46.1049 22.8697
    endloop
  endfacet
  facet normal -0.0272803 0.0336955 0.99906
    outer loop
      vertex 39.4649 44.8951 22.9345
      vertex 38.1481 45.7503 22.8697
      vertex 39.1487 44.6391 22.9345
    endloop
  endfacet
  facet normal -0.00072989 -0.0140048 0.999902
    outer loop
      vertex 41.75 40.9639 23
      vertex 41.5044 39.4131 22.9781
      vertex 41.75 39.4003 22.9781
    endloop
  endfacet
  facet normal 0.00362929 -0.0135459 0.999902
    outer loop
      vertex 41.9929 41.0024 23
      vertex 41.9134 40.9811 23
      vertex 42.4761 39.5153 22.9781
    endloop
  endfacet
  facet normal -0.00763695 -0.0117623 0.999902
    outer loop
      vertex 41.2879 41.114 23
      vertex 40.5751 39.7151 22.9781
      vertex 41.3569 41.0692 23
    endloop
  endfacet
  facet normal 0.0345977 0.0901237 0.995329
    outer loop
      vertex 45.5948 50.3855 22.5564
      vertex 44.6711 50.7401 22.5564
      vertex 45.0774 49.2235 22.6796
    endloop
  endfacet
  facet normal 0.0543914 0.0543914 0.997037
    outer loop
      vertex 47.224 47.8295 22.6796
      vertex 46.8177 46.3129 22.7845
      vertex 47.8295 47.224 22.6796
    endloop
  endfacet
  facet normal 0.0543914 0.0543914 0.997037
    outer loop
      vertex 46.8177 46.3129 22.7845
      vertex 47.224 47.8295 22.6796
      vertex 46.3129 46.8177 22.7845
    endloop
  endfacet
  facet normal 0.0151058 0.0953469 0.995329
    outer loop
      vertex 43.7153 50.9962 22.5564
      vertex 42.6051 49.886 22.6796
      vertex 43.4509 49.752 22.6796
    endloop
  endfacet
  facet normal 0.0249833 0.0932479 0.995329
    outer loop
      vertex 43.7153 50.9962 22.5564
      vertex 43.4509 49.752 22.6796
      vertex 44.278 49.5304 22.6796
    endloop
  endfacet
  facet normal 0.0199069 0.0743006 0.997037
    outer loop
      vertex 43.4509 49.752 22.6796
      vertex 43.1678 48.4202 22.7845
      vertex 44.278 49.5304 22.6796
    endloop
  endfacet
  facet normal 0.0345999 0.0901243 0.995329
    outer loop
      vertex 44.6711 50.7401 22.5564
      vertex 44.278 49.5304 22.6796
      vertex 45.0774 49.2235 22.6796
    endloop
  endfacet
  facet normal -0.00403014 0.0768097 0.997038
    outer loop
      vertex 41.75 48.5692 22.7845
      vertex 40.8949 49.886 22.6796
      vertex 41.0372 48.5318 22.7845
    endloop
  endfacet
  facet normal 0.0117936 0.22507 0.974271
    outer loop
      vertex 43.1489 55.0601 21.9092
      vertex 41.75 54.3473 22.0908
      vertex 43.0668 54.2783 22.0908
    endloop
  endfacet
  facet normal 0.0282792 0.178517 0.98353
    outer loop
      vertex 43.0668 54.2783 22.0908
      vertex 42.9702 53.3592 22.2604
      vertex 44.3691 54.072 22.0908
    endloop
  endfacet
  facet normal 0.0352633 0.222605 0.974271
    outer loop
      vertex 43.1489 55.0601 21.9092
      vertex 43.0668 54.2783 22.0908
      vertex 44.3691 54.072 22.0908
    endloop
  endfacet
  facet normal -0.113746 0.140476 0.983529
    outer loop
      vertex 34.3455 51.9414 22.0908
      vertex 33.3207 51.1116 22.0908
      vertex 34.8887 51.1938 22.2604
    endloop
  endfacet
  facet normal -0.0807812 0.210414 0.974269
    outer loop
      vertex 37.6143 54.4784 21.9092
      vertex 36.6262 53.2582 22.0908
      vertex 37.8572 53.7308 22.0908
    endloop
  endfacet
  facet normal 0.00402438 0.0768135 0.997037
    outer loop
      vertex 41.75 49.9308 22.6796
      vertex 41.75 48.5692 22.7845
      vertex 42.6051 49.886 22.6796
    endloop
  endfacet
  facet normal -0.141828 0.175157 0.974272
    outer loop
      vertex 34.3455 51.9414 22.0908
      vertex 32.7947 51.6958 21.9092
      vertex 33.3207 51.1116 22.0908
    endloop
  endfacet
  facet normal -0.0572738 0.0153505 0.99824
    outer loop
      vertex 35.2646 43.8573 22.7845
      vertex 35.0798 43.1678 22.7845
      vertex 36.6306 43.4134 22.8697
    endloop
  endfacet
  facet normal -0.043295 0.00226978 0.99906
    outer loop
      vertex 36.3966 42.3127 22.8697
      vertex 36.3671 41.75 22.8697
      vertex 37.8624 41.75 22.9345
    endloop
  endfacet
  facet normal -0.071813 0.0275699 0.997037
    outer loop
      vertex 34.2765 45.0774 22.6796
      vertex 33.9696 44.278 22.6796
      vertex 35.5203 44.5236 22.7845
    endloop
  endfacet
  facet normal -0.074295 0.0199126 0.997037
    outer loop
      vertex 35.2646 43.8573 22.7845
      vertex 33.9696 44.278 22.6796
      vertex 35.0798 43.1678 22.7845
    endloop
  endfacet
  facet normal -0.0553585 0.0212444 0.998241
    outer loop
      vertex 35.5203 44.5236 22.7845
      vertex 35.2646 43.8573 22.7845
      vertex 36.6306 43.4134 22.8697
    endloop
  endfacet
  facet normal -0.0685376 0.0349262 0.997037
    outer loop
      vertex 35.8444 45.1596 22.7845
      vertex 34.2765 45.0774 22.6796
      vertex 35.5203 44.5236 22.7845
    endloop
  endfacet
  facet normal -0.0237999 0.015455 0.999597
    outer loop
      vertex 39.849 43.1311 22.9781
      vertex 38.3832 43.6938 22.9345
      vertex 39.7151 42.9249 22.9781
    endloop
  endfacet
  facet normal -0.0363557 0.0236158 0.99906
    outer loop
      vertex 38.6049 44.0351 22.9345
      vertex 37.3951 44.914 22.8697
      vertex 38.3832 43.6938 22.9345
    endloop
  endfacet
  facet normal -0.0964054 0.00505083 0.995329
    outer loop
      vertex 33.614 42.6051 22.6796
      vertex 32.349 42.7381 22.5564
      vertex 33.5692 41.75 22.6796
    endloop
  endfacet
  facet normal -0.0460879 0.037314 0.99824
    outer loop
      vertex 36.6823 46.3129 22.7845
      vertex 36.2332 45.7582 22.7845
      vertex 37.3951 44.914 22.8697
    endloop
  endfacet
  facet normal -0.0901243 0.0345999 0.995329
    outer loop
      vertex 34.2765 45.0774 22.6796
      vertex 32.7599 44.6711 22.5564
      vertex 33.9696 44.278 22.6796
    endloop
  endfacet
  facet normal -0.141684 0.0379742 0.989183
    outer loop
      vertex 31.6487 45.0321 22.4162
      vertex 30.6481 45.3572 22.2604
      vertex 31.3609 43.9583 22.4162
    endloop
  endfacet
  facet normal -0.161054 0.0820554 0.983529
    outer loop
      vertex 30.8404 48.0487 22.0908
      vertex 30.2418 46.8738 22.0908
      vertex 31.086 46.4979 22.2604
    endloop
  endfacet
  facet normal -0.117831 0.0186658 0.992858
    outer loop
      vertex 32.5038 43.7153 22.5564
      vertex 31.187 42.8602 22.4162
      vertex 32.349 42.7381 22.5564
    endloop
  endfacet
  facet normal -0.277455 0.0743517 0.957857
    outer loop
      vertex 29.0216 45.8857 21.9092
      vertex 28.0335 44.6655 21.7177
      vertex 28.659 44.5326 21.9092
    endloop
  endfacet
  facet normal -0.222583 0.0352445 0.974277
    outer loop
      vertex 28.659 44.5326 21.9092
      vertex 28.4399 43.1489 21.9092
      vertex 29.428 44.3691 22.0908
    endloop
  endfacet
  facet normal -0.144894 0.0229461 0.989181
    outer loop
      vertex 31.3609 43.9583 22.4162
      vertex 30.3319 44.177 22.2604
      vertex 31.187 42.8602 22.4162
    endloop
  endfacet
  facet normal -0.174592 0.0467699 0.983529
    outer loop
      vertex 29.7692 45.6428 22.0908
      vertex 29.428 44.3691 22.0908
      vertex 30.6481 45.3572 22.2604
    endloop
  endfacet
  facet normal -0.354849 0.136211 0.924948
    outer loop
      vertex 28.9394 47.4536 21.7177
      vertex 27.9513 46.2335 21.5183
      vertex 28.4134 46.0833 21.7177
    endloop
  endfacet
  facet normal -0.367146 0.0983769 0.924946
    outer loop
      vertex 28.4134 46.0833 21.7177
      vertex 27.9513 46.2335 21.5183
      vertex 28.0335 44.6655 21.7177
    endloop
  endfacet
  facet normal -0.203091 0.203091 0.957867
    outer loop
      vertex 32.3668 52.1711 21.7177
      vertex 31.8042 50.7053 21.9092
      vertex 32.7947 51.6958 21.9092
    endloop
  endfacet
  facet normal -0.203091 0.203091 0.957867
    outer loop
      vertex 31.8042 50.7053 21.9092
      vertex 32.3668 52.1711 21.7177
      vertex 31.3289 51.1332 21.7177
    endloop
  endfacet
  facet normal 0.0278396 0.531088 0.846859
    outer loop
      vertex 43.3007 56.5044 21.3133
      vertex 41.75 56.2588 21.5183
      vertex 43.2666 56.1793 21.5183
    endloop
  endfacet
  facet normal 0.0278431 0.531074 0.846868
    outer loop
      vertex 41.75 56.5857 21.3133
      vertex 41.75 56.2588 21.5183
      vertex 43.3007 56.5044 21.3133
    endloop
  endfacet
  facet normal -0.130397 0.255922 0.957862
    outer loop
      vertex 36.0464 54.5606 21.7177
      vertex 34.7385 53.8942 21.7177
      vertex 35.0583 53.3404 21.9092
    endloop
  endfacet
  facet normal -0.102932 0.268157 0.95786
    outer loop
      vertex 37.6143 54.4784 21.9092
      vertex 36.0464 54.5606 21.7177
      vertex 36.3065 53.9764 21.9092
    endloop
  endfacet
  facet normal -0.356675 0.69999 0.618706
    outer loop
      vertex 35.6489 55.4532 21.1048
      vertex 34.25 54.7404 21.1048
      vertex 35.7158 55.303 21.3133
    endloop
  endfacet
  facet normal -0.130403 0.255927 0.95786
    outer loop
      vertex 36.0464 54.5606 21.7177
      vertex 35.0583 53.3404 21.9092
      vertex 36.3065 53.9764 21.9092
    endloop
  endfacet
  facet normal -0.0743409 0.277443 0.957862
    outer loop
      vertex 38.8345 55.4665 21.7177
      vertex 37.4167 55.0866 21.7177
      vertex 37.6143 54.4784 21.9092
    endloop
  endfacet
  facet normal -0.0117933 0.22507 0.974271
    outer loop
      vertex 41.75 55.1334 21.9092
      vertex 40.3511 55.0601 21.9092
      vertex 41.75 54.3473 22.0908
    endloop
  endfacet
  facet normal -0.0594662 0.375471 0.924924
    outer loop
      vertex 40.2842 55.6961 21.7177
      vertex 38.7335 55.9417 21.5183
      vertex 38.8345 55.4665 21.7177
    endloop
  endfacet
  facet normal -0.700164 0.356711 0.618489
    outer loop
      vertex 28.7596 49.25 21.1048
      vertex 28.197 47.7842 21.3133
      vertex 28.9019 49.1678 21.3133
    endloop
  endfacet
  facet normal -0.446035 0.289663 0.846846
    outer loop
      vertex 29.7477 50.4702 21.3133
      vertex 28.9019 49.1678 21.3133
      vertex 29.185 49.0044 21.5183
    endloop
  endfacet
  facet normal -0.289663 0.446035 0.846846
    outer loop
      vertex 34.3322 54.5981 21.3133
      vertex 33.0298 53.7523 21.3133
      vertex 34.4956 54.315 21.5183
    endloop
  endfacet
  facet normal -0.207086 0.31884 0.924909
    outer loop
      vertex 34.4956 54.315 21.5183
      vertex 33.222 53.4878 21.5183
      vertex 33.5075 53.0948 21.7177
    endloop
  endfacet
  facet normal -0.180748 0.223209 0.957866
    outer loop
      vertex 33.5075 53.0948 21.7177
      vertex 32.7947 51.6958 21.9092
      vertex 33.8834 52.5774 21.9092
    endloop
  endfacet
  facet normal -0.122753 0.189021 0.97427
    outer loop
      vertex 35.0583 53.3404 21.9092
      vertex 33.8834 52.5774 21.9092
      vertex 35.4513 52.6596 22.0908
    endloop
  endfacet
  facet normal -0.268809 0.268809 0.924924
    outer loop
      vertex 32.0417 52.5321 21.5183
      vertex 31.3289 51.1332 21.7177
      vertex 32.3668 52.1711 21.7177
    endloop
  endfacet
  facet normal -0.268809 0.268809 0.924924
    outer loop
      vertex 31.3289 51.1332 21.7177
      vertex 32.0417 52.5321 21.5183
      vertex 30.9679 51.4583 21.5183
    endloop
  endfacet
  facet normal -0.295439 0.239237 0.924922
    outer loop
      vertex 30.9679 51.4583 21.5183
      vertex 30.4052 49.9925 21.7177
      vertex 31.3289 51.1332 21.7177
    endloop
  endfacet
  facet normal -0.239237 0.295439 0.924922
    outer loop
      vertex 33.5075 53.0948 21.7177
      vertex 32.0417 52.5321 21.5183
      vertex 32.3668 52.1711 21.7177
    endloop
  endfacet
  facet normal -0.239248 0.295474 0.924908
    outer loop
      vertex 33.222 53.4878 21.5183
      vertex 32.0417 52.5321 21.5183
      vertex 33.5075 53.0948 21.7177
    endloop
  endfacet
  facet normal -0.555533 0.555533 0.61868
    outer loop
      vertex 31.713 52.8972 21.1048
      vertex 30.725 51.677 21.3133
      vertex 31.823 52.775 21.3133
    endloop
  endfacet
  facet normal -0.555533 0.555533 0.61868
    outer loop
      vertex 30.725 51.677 21.3133
      vertex 31.713 52.8972 21.1048
      vertex 30.6028 51.787 21.1048
    endloop
  endfacet
  facet normal -0.610556 0.494419 0.618686
    outer loop
      vertex 30.6028 51.787 21.1048
      vertex 29.6147 50.5668 21.1048
      vertex 30.725 51.677 21.3133
    endloop
  endfacet
  facet normal -0.144894 -0.0229461 0.989181
    outer loop
      vertex 31.187 40.6398 22.4162
      vertex 30.3319 39.323 22.2604
      vertex 31.3609 39.5417 22.4162
    endloop
  endfacet
  facet normal -0.146501 -0.00768003 0.989181
    outer loop
      vertex 31.1288 41.75 22.4162
      vertex 30.1408 40.5298 22.2604
      vertex 31.187 40.6398 22.4162
    endloop
  endfacet
  facet normal -0.496492 -0.190619 0.846853
    outer loop
      vertex 28.4956 35.8488 21.5183
      vertex 27.9513 37.2665 21.5183
      vertex 28.197 35.7158 21.3133
    endloop
  endfacet
  facet normal -0.3549 -0.136258 0.924921
    outer loop
      vertex 28.9394 36.0464 21.7177
      vertex 27.9513 37.2665 21.5183
      vertex 28.4956 35.8488 21.5183
    endloop
  endfacet
  facet normal -0.334722 -0.413325 0.846831
    outer loop
      vertex 32.0417 30.9679 21.5183
      vertex 31.823 30.725 21.3133
      vertex 33.0298 29.7477 21.3133
    endloop
  endfacet
  facet normal -0.334612 -0.41325 0.846912
    outer loop
      vertex 33.222 30.0122 21.5183
      vertex 32.0417 30.9679 21.5183
      vertex 33.0298 29.7477 21.3133
    endloop
  endfacet
  facet normal -0.241426 -0.473878 0.846849
    outer loop
      vertex 34.4956 29.185 21.5183
      vertex 34.3322 28.9019 21.3133
      vertex 35.7158 28.197 21.3133
    endloop
  endfacet
  facet normal -0.289663 -0.446035 0.846846
    outer loop
      vertex 34.4956 29.185 21.5183
      vertex 33.0298 29.7477 21.3133
      vertex 34.3322 28.9019 21.3133
    endloop
  endfacet
  facet normal -0.100049 -0.0649717 0.992859
    outer loop
      vertex 34.1026 36.1938 22.5564
      vertex 32.5518 36.4394 22.4162
      vertex 33.1573 35.507 22.4162
    endloop
  endfacet
  facet normal -0.0750294 -0.0607534 0.995329
    outer loop
      vertex 35.1316 36.9414 22.6796
      vertex 34.1026 36.1938 22.5564
      vertex 34.7252 35.4249 22.5564
    endloop
  endfacet
  facet normal -0.0923239 -0.114006 0.989181
    outer loop
      vertex 35.507 33.1573 22.4162
      vertex 34.6431 33.8569 22.4162
      vertex 34.8887 32.3062 22.2604
    endloop
  endfacet
  facet normal -0.0649717 -0.100049 0.992859
    outer loop
      vertex 36.1938 34.1026 22.5564
      vertex 35.507 33.1573 22.4162
      vertex 36.4394 32.5518 22.4162
    endloop
  endfacet
  facet normal -0.0484118 -0.0597759 0.997037
    outer loop
      vertex 37.1871 36.6823 22.7845
      vertex 36.276 35.6705 22.6796
      vertex 36.9414 35.1316 22.6796
    endloop
  endfacet
  facet normal -0.0373166 -0.0460828 0.99824
    outer loop
      vertex 38.1481 37.7497 22.8697
      vertex 37.1871 36.6823 22.7845
      vertex 38.586 37.3951 22.8697
    endloop
  endfacet
  facet normal -0.0419296 -0.0419296 0.99824
    outer loop
      vertex 37.7497 38.1481 22.8697
      vertex 37.1871 36.6823 22.7845
      vertex 38.1481 37.7497 22.8697
    endloop
  endfacet
  facet normal -0.0419296 -0.0419296 0.99824
    outer loop
      vertex 37.1871 36.6823 22.7845
      vertex 37.7497 38.1481 22.8697
      vertex 36.6823 37.1871 22.7845
    endloop
  endfacet
  facet normal -0.0322853 -0.0497329 0.998241
    outer loop
      vertex 38.586 37.3951 22.8697
      vertex 38.3404 35.8444 22.7845
      vertex 39.0586 37.0883 22.8697
    endloop
  endfacet
  facet normal -0.0323007 -0.0497305 0.99824
    outer loop
      vertex 38.586 37.3951 22.8697
      vertex 37.7418 36.2332 22.7845
      vertex 38.3404 35.8444 22.7845
    endloop
  endfacet
  facet normal -0.0272803 -0.0336955 0.99906
    outer loop
      vertex 39.1487 38.8609 22.9345
      vertex 38.1481 37.7497 22.8697
      vertex 39.4649 38.6049 22.9345
    endloop
  endfacet
  facet normal -0.0272827 -0.0336918 0.99906
    outer loop
      vertex 39.4649 38.6049 22.9345
      vertex 38.1481 37.7497 22.8697
      vertex 38.586 37.3951 22.8697
    endloop
  endfacet
  facet normal -0.0809649 -0.0525813 0.995329
    outer loop
      vertex 34.6652 37.6596 22.6796
      vertex 33.5637 37.0236 22.5564
      vertex 34.1026 36.1938 22.5564
    endloop
  endfacet
  facet normal -0.092716 -0.0750747 0.992858
    outer loop
      vertex 34.1026 36.1938 22.5564
      vertex 33.8569 34.6431 22.4162
      vertex 34.7252 35.4249 22.5564
    endloop
  endfacet
  facet normal -0.0336955 -0.0272803 0.99906
    outer loop
      vertex 38.6049 39.4649 22.9345
      vertex 37.7497 38.1481 22.8697
      vertex 38.8609 39.1487 22.9345
    endloop
  endfacet
  facet normal -0.0528305 -0.0269204 0.998241
    outer loop
      vertex 36.8325 39.5606 22.8697
      vertex 35.8444 38.3404 22.7845
      vertex 37.0883 39.0586 22.8697
    endloop
  endfacet
  facet normal 0.0153505 -0.0572738 0.99824
    outer loop
      vertex 43.4134 36.6306 22.8697
      vertex 43.1678 35.0798 22.7845
      vertex 43.8573 35.2646 22.7845
    endloop
  endfacet
  facet normal 0.0199126 -0.074295 0.997037
    outer loop
      vertex 43.8573 35.2646 22.7845
      vertex 43.1678 35.0798 22.7845
      vertex 44.278 33.9696 22.6796
    endloop
  endfacet
  facet normal 0.00402438 -0.0768135 0.997037
    outer loop
      vertex 41.75 34.9308 22.7845
      vertex 41.75 33.5692 22.6796
      vertex 42.6051 33.614 22.6796
    endloop
  endfacet
  facet normal 0.00927118 -0.058568 0.99824
    outer loop
      vertex 43.1678 35.0798 22.7845
      vertex 42.3127 36.3966 22.8697
      vertex 42.4628 34.9682 22.7845
    endloop
  endfacet
  facet normal 0.0151058 -0.0953469 0.995329
    outer loop
      vertex 43.4509 33.748 22.6796
      vertex 42.6051 33.614 22.6796
      vertex 43.7153 32.5038 22.5564
    endloop
  endfacet
  facet normal 0.0249833 -0.0932479 0.995329
    outer loop
      vertex 44.278 33.9696 22.6796
      vertex 43.4509 33.748 22.6796
      vertex 43.7153 32.5038 22.5564
    endloop
  endfacet
  facet normal -0.0269214 -0.0528293 0.998241
    outer loop
      vertex 39.5606 36.8325 22.8697
      vertex 38.3404 35.8444 22.7845
      vertex 38.9764 35.5203 22.7845
    endloop
  endfacet
  facet normal -0.0212476 -0.0553553 0.998241
    outer loop
      vertex 39.5606 36.8325 22.8697
      vertex 38.9764 35.5203 22.7845
      vertex 40.0866 36.6306 22.8697
    endloop
  endfacet
  facet normal -0.0199126 -0.074295 0.997037
    outer loop
      vertex 39.6427 35.2646 22.7845
      vertex 39.222 33.9696 22.6796
      vertex 40.3322 35.0798 22.7845
    endloop
  endfacet
  facet normal -0.0153505 -0.0572738 0.99824
    outer loop
      vertex 40.0866 36.6306 22.8697
      vertex 39.6427 35.2646 22.7845
      vertex 40.3322 35.0798 22.7845
    endloop
  endfacet
  facet normal -0.0112308 -0.0418757 0.99906
    outer loop
      vertex 40.9417 37.9473 22.9345
      vertex 40.5487 38.0527 22.9345
      vertex 40.6308 36.4847 22.8697
    endloop
  endfacet
  facet normal -0.00363142 -0.0135451 0.999902
    outer loop
      vertex 41.5866 40.9811 23
      vertex 41.0239 39.5153 22.9781
      vertex 41.2615 39.4516 22.9781
    endloop
  endfacet
  facet normal 0.0237984 -0.0154589 0.999597
    outer loop
      vertex 45.1168 39.8062 22.9345
      vertex 43.651 40.3689 22.9781
      vertex 44.8951 39.4649 22.9345
    endloop
  endfacet
  facet normal -0.00226978 -0.043295 0.99906
    outer loop
      vertex 41.75 37.8624 22.9345
      vertex 41.1873 36.3966 22.8697
      vertex 41.75 36.3671 22.8697
    endloop
  endfacet
  facet normal -0.0101682 -0.0264946 0.999597
    outer loop
      vertex 40.7943 39.6034 22.9781
      vertex 40.1688 38.1985 22.9345
      vertex 40.5487 38.0527 22.9345
    endloop
  endfacet
  facet normal -0.015536 -0.0404753 0.99906
    outer loop
      vertex 40.5487 38.0527 22.9345
      vertex 39.5606 36.8325 22.8697
      vertex 40.0866 36.6306 22.8697
    endloop
  endfacet
  facet normal -0.025284 -0.0128842 0.999597
    outer loop
      vertex 39.6034 40.7943 22.9781
      vertex 38.3832 39.8062 22.9345
      vertex 39.7151 40.5751 22.9781
    endloop
  endfacet
  facet normal -0.0135451 0.00363142 0.999902
    outer loop
      vertex 39.5153 42.4761 22.9781
      vertex 39.4516 42.2385 22.9781
      vertex 40.9811 41.9134 23
    endloop
  endfacet
  facet normal -0.0138504 0.0021953 0.999902
    outer loop
      vertex 39.4516 42.2385 22.9781
      vertex 39.4131 41.9956 22.9781
      vertex 40.9811 41.9134 23
    endloop
  endfacet
  facet normal -0.111379 -0.0427532 0.992858
    outer loop
      vertex 32.7599 38.8289 22.5564
      vertex 31.6487 38.4679 22.4162
      vertex 32.0471 37.43 22.4162
    endloop
  endfacet
  facet normal -0.151585 -0.0984483 0.983529
    outer loop
      vertex 31.6407 35.9134 22.2604
      vertex 30.8404 35.4513 22.0908
      vertex 32.3062 34.8887 22.2604
    endloop
  endfacet
  facet normal -0.0798992 -0.123024 0.989182
    outer loop
      vertex 36.4394 32.5518 22.4162
      vertex 34.8887 32.3062 22.2604
      vertex 35.9134 31.6407 22.2604
    endloop
  endfacet
  facet normal -0.0984535 -0.151587 0.983528
    outer loop
      vertex 34.8887 32.3062 22.2604
      vertex 34.3455 31.5586 22.0908
      vertex 35.4513 30.8404 22.0908
    endloop
  endfacet
  facet normal -0.103725 -0.103725 0.989183
    outer loop
      vertex 33.8569 34.6431 22.4162
      vertex 33.9391 33.0751 22.2604
      vertex 34.6431 33.8569 22.4162
    endloop
  endfacet
  facet normal -0.103725 -0.103725 0.989183
    outer loop
      vertex 33.9391 33.0751 22.2604
      vertex 33.8569 34.6431 22.4162
      vertex 33.0751 33.9391 22.2604
    endloop
  endfacet
  facet normal -0.113746 -0.140478 0.983528
    outer loop
      vertex 33.9391 33.0751 22.2604
      vertex 33.3207 32.3884 22.0908
      vertex 34.8887 32.3062 22.2604
    endloop
  endfacet
  facet normal -0.31884 -0.207086 0.924909
    outer loop
      vertex 30.4052 33.5075 21.7177
      vertex 29.185 34.4956 21.5183
      vertex 30.0122 33.222 21.5183
    endloop
  endfacet
  facet normal -0.338682 -0.172565 0.924941
    outer loop
      vertex 29.6058 34.7385 21.7177
      vertex 28.9394 36.0464 21.7177
      vertex 29.185 34.4956 21.5183
    endloop
  endfacet
  facet normal -0.123024 -0.0798992 0.989182
    outer loop
      vertex 32.5518 36.4394 22.4162
      vertex 31.6407 35.9134 22.2604
      vertex 32.3062 34.8887 22.2604
    endloop
  endfacet
  facet normal -0.210414 -0.0807812 0.974269
    outer loop
      vertex 29.7692 37.8572 22.0908
      vertex 29.0216 37.6143 21.9092
      vertex 30.2418 36.6262 22.0908
    endloop
  endfacet
  facet normal -0.151587 -0.0984535 0.983528
    outer loop
      vertex 32.3062 34.8887 22.2604
      vertex 30.8404 35.4513 22.0908
      vertex 31.5586 34.3455 22.0908
    endloop
  endfacet
  facet normal -0.140476 -0.113746 0.983529
    outer loop
      vertex 32.3062 34.8887 22.2604
      vertex 31.5586 34.3455 22.0908
      vertex 32.3884 33.3207 22.0908
    endloop
  endfacet
  facet normal -0.0379649 -0.141702 0.989181
    outer loop
      vertex 39.5417 31.3609 22.4162
      vertex 38.1428 30.6481 22.2604
      vertex 39.323 30.3319 22.2604
    endloop
  endfacet
  facet normal -0.0186596 -0.117827 0.992859
    outer loop
      vertex 39.7847 32.5038 22.5564
      vertex 39.5417 31.3609 22.4162
      vertex 40.6398 31.187 22.4162
    endloop
  endfacet
  facet normal -0.0151043 -0.0953484 0.995329
    outer loop
      vertex 40.8949 33.614 22.6796
      vertex 39.7847 32.5038 22.5564
      vertex 40.7619 32.349 22.5564
    endloop
  endfacet
  facet normal -0.0186658 -0.117831 0.992858
    outer loop
      vertex 40.7619 32.349 22.5564
      vertex 39.7847 32.5038 22.5564
      vertex 40.6398 31.187 22.4162
    endloop
  endfacet
  facet normal -0.00624558 -0.119136 0.992858
    outer loop
      vertex 41.75 32.2972 22.5564
      vertex 40.7619 32.349 22.5564
      vertex 41.75 31.1288 22.4162
    endloop
  endfacet
  facet normal -0.00624547 -0.119136 0.992858
    outer loop
      vertex 40.7619 32.349 22.5564
      vertex 40.6398 31.187 22.4162
      vertex 41.75 31.1288 22.4162
    endloop
  endfacet
  facet normal -0.0467699 -0.174592 0.983529
    outer loop
      vertex 38.1428 30.6481 22.2604
      vertex 37.8572 29.7692 22.0908
      vertex 39.1309 29.428 22.0908
    endloop
  endfacet
  facet normal -0.0647816 -0.168739 0.98353
    outer loop
      vertex 38.1428 30.6481 22.2604
      vertex 36.6262 30.2418 22.0908
      vertex 37.8572 29.7692 22.0908
    endloop
  endfacet
  facet normal -0.0665942 -0.130703 0.989182
    outer loop
      vertex 37.43 32.0471 22.4162
      vertex 35.9134 31.6407 22.2604
      vertex 37.0021 31.086 22.2604
    endloop
  endfacet
  facet normal -0.0665934 -0.130706 0.989182
    outer loop
      vertex 36.4394 32.5518 22.4162
      vertex 35.9134 31.6407 22.2604
      vertex 37.43 32.0471 22.4162
    endloop
  endfacet
  facet normal -0.113746 -0.140476 0.983529
    outer loop
      vertex 34.8887 32.3062 22.2604
      vertex 33.3207 32.3884 22.0908
      vertex 34.3455 31.5586 22.0908
    endloop
  endfacet
  facet normal -0.203091 -0.203091 0.957867
    outer loop
      vertex 31.8042 32.7947 21.9092
      vertex 32.3668 31.3289 21.7177
      vertex 32.7947 31.8042 21.9092
    endloop
  endfacet
  facet normal -0.203091 -0.203091 0.957867
    outer loop
      vertex 32.3668 31.3289 21.7177
      vertex 31.8042 32.7947 21.9092
      vertex 31.3289 32.3668 21.7177
    endloop
  endfacet
  facet normal -0.130403 -0.255927 0.95786
    outer loop
      vertex 36.3065 29.5236 21.9092
      vertex 35.0583 30.1596 21.9092
      vertex 36.0464 28.9394 21.7177
    endloop
  endfacet
  facet normal -0.130397 -0.255922 0.957862
    outer loop
      vertex 35.0583 30.1596 21.9092
      vertex 34.7385 29.6058 21.7177
      vertex 36.0464 28.9394 21.7177
    endloop
  endfacet
  facet normal -0.203385 -0.758989 0.618523
    outer loop
      vertex 37.1655 27.6405 21.3133
      vertex 37.1147 27.4842 21.1048
      vertex 38.6313 27.0778 21.1048
    endloop
  endfacet
  facet normal -0.281563 -0.733585 0.618526
    outer loop
      vertex 37.1655 27.6405 21.3133
      vertex 35.6489 28.0468 21.1048
      vertex 37.1147 27.4842 21.1048
    endloop
  endfacet
  facet normal 0.241426 0.473878 0.846849
    outer loop
      vertex 49.1678 54.5981 21.3133
      vertex 47.7842 55.303 21.3133
      vertex 49.0044 54.315 21.5183
    endloop
  endfacet
  facet normal 0.289663 0.446035 0.846846
    outer loop
      vertex 49.1678 54.5981 21.3133
      vertex 49.0044 54.315 21.5183
      vertex 50.4702 53.7523 21.3133
    endloop
  endfacet
  facet normal 0.525201 0.0831734 0.846904
    outer loop
      vertex 56.2615 44.8345 21.3133
      vertex 55.9417 44.7665 21.5183
      vertex 56.5044 43.3007 21.3133
    endloop
  endfacet
  facet normal 0.776187 0.122921 0.618404
    outer loop
      vertex 56.4222 44.8687 21.1048
      vertex 56.2615 44.8345 21.3133
      vertex 56.5044 43.3007 21.3133
    endloop
  endfacet
  facet normal 0.784773 -0.0411432 0.618416
    outer loop
      vertex 56.75 41.75 21.1048
      vertex 56.5044 40.1993 21.3133
      vertex 56.6678 40.1821 21.1048
    endloop
  endfacet
  facet normal 0.130403 -0.255927 0.95786
    outer loop
      vertex 48.4417 30.1596 21.9092
      vertex 47.1935 29.5236 21.9092
      vertex 47.4536 28.9394 21.7177
    endloop
  endfacet
  facet normal 0.102322 -0.200815 0.974271
    outer loop
      vertex 48.0487 30.8404 22.0908
      vertex 47.1935 29.5236 21.9092
      vertex 48.4417 30.1596 21.9092
    endloop
  endfacet
  facet normal 0.0743517 -0.277455 0.957857
    outer loop
      vertex 45.8857 29.0216 21.9092
      vertex 44.5326 28.659 21.9092
      vertex 44.6655 28.0335 21.7177
    endloop
  endfacet
  facet normal 0.0583317 -0.217674 0.974277
    outer loop
      vertex 45.8857 29.0216 21.9092
      vertex 44.3691 29.428 22.0908
      vertex 44.5326 28.659 21.9092
    endloop
  endfacet
  facet normal 0.0647816 -0.168739 0.98353
    outer loop
      vertex 46.8738 30.2418 22.0908
      vertex 45.3572 30.6481 22.2604
      vertex 45.6428 29.7692 22.0908
    endloop
  endfacet
  facet normal 0.0467699 -0.174592 0.983529
    outer loop
      vertex 45.3572 30.6481 22.2604
      vertex 44.3691 29.428 22.0908
      vertex 45.6428 29.7692 22.0908
    endloop
  endfacet
  facet normal 0.102933 -0.268153 0.957861
    outer loop
      vertex 47.4536 28.9394 21.7177
      vertex 45.8857 29.0216 21.9092
      vertex 46.0833 28.4134 21.7177
    endloop
  endfacet
  facet normal 0.0743409 -0.277443 0.957862
    outer loop
      vertex 45.8857 29.0216 21.9092
      vertex 44.6655 28.0335 21.7177
      vertex 46.0833 28.4134 21.7177
    endloop
  endfacet
  facet normal 0.0594732 -0.375437 0.924938
    outer loop
      vertex 44.7665 27.5583 21.5183
      vertex 43.2158 27.8039 21.7177
      vertex 43.2666 27.3207 21.5183
    endloop
  endfacet
  facet normal 0.0198985 -0.379598 0.924938
    outer loop
      vertex 43.2158 27.8039 21.7177
      vertex 41.75 27.2412 21.5183
      vertex 43.2666 27.3207 21.5183
    endloop
  endfacet
  facet normal 0.0150286 -0.286834 0.957862
    outer loop
      vertex 41.75 28.3666 21.9092
      vertex 41.75 27.7271 21.7177
      vertex 43.2158 27.8039 21.7177
    endloop
  endfacet
  facet normal -0.0150286 -0.286834 0.957862
    outer loop
      vertex 41.75 28.3666 21.9092
      vertex 40.2842 27.8039 21.7177
      vertex 41.75 27.7271 21.7177
    endloop
  endfacet
  facet normal -0.20343 -0.759066 0.618413
    outer loop
      vertex 38.6655 27.2385 21.3133
      vertex 37.1655 27.6405 21.3133
      vertex 38.6313 27.0778 21.1048
    endloop
  endfacet
  facet normal -0.122921 -0.776187 0.618404
    outer loop
      vertex 38.6655 27.2385 21.3133
      vertex 38.6313 27.0778 21.1048
      vertex 40.1993 26.9956 21.3133
    endloop
  endfacet
  facet normal 0.513631 -0.137598 0.846906
    outer loop
      vertex 55.9417 38.7335 21.5183
      vertex 55.5487 37.2665 21.5183
      vertex 56.2615 38.6655 21.3133
    endloop
  endfacet
  facet normal 0.496492 0.190619 0.846853
    outer loop
      vertex 55.303 47.7842 21.3133
      vertex 55.0044 47.6512 21.5183
      vertex 55.5487 46.2335 21.5183
    endloop
  endfacet
  facet normal 0.3549 0.136258 0.924921
    outer loop
      vertex 55.0044 47.6512 21.5183
      vertex 54.5606 47.4536 21.7177
      vertex 55.5487 46.2335 21.5183
    endloop
  endfacet
  facet normal 0.759066 -0.20343 0.618413
    outer loop
      vertex 56.2615 38.6655 21.3133
      vertex 55.8595 37.1655 21.3133
      vertex 56.4222 38.6313 21.1048
    endloop
  endfacet
  facet normal 0.776187 -0.122921 0.618404
    outer loop
      vertex 56.5044 40.1993 21.3133
      vertex 56.2615 38.6655 21.3133
      vertex 56.4222 38.6313 21.1048
    endloop
  endfacet
  facet normal 0.375437 -0.0594732 0.924938
    outer loop
      vertex 56.1793 40.2334 21.5183
      vertex 55.6961 40.2842 21.7177
      vertex 55.9417 38.7335 21.5183
    endloop
  endfacet
  facet normal 0.525277 -0.0832094 0.846853
    outer loop
      vertex 56.1793 40.2334 21.5183
      vertex 55.9417 38.7335 21.5183
      vertex 56.5044 40.1993 21.3133
    endloop
  endfacet
  facet normal 0.144894 0.0229461 0.989181
    outer loop
      vertex 53.1681 44.177 22.2604
      vertex 52.1391 43.9583 22.4162
      vertex 52.313 42.8602 22.4162
    endloop
  endfacet
  facet normal 0.115235 0.0308853 0.992858
    outer loop
      vertex 51.8513 45.0321 22.4162
      vertex 50.7401 44.6711 22.5564
      vertex 52.1391 43.9583 22.4162
    endloop
  endfacet
  facet normal 0.16105 0.0820561 0.983529
    outer loop
      vertex 52.6596 48.0487 22.0908
      vertex 51.8593 47.5866 22.2604
      vertex 52.414 46.4979 22.2604
    endloop
  endfacet
  facet normal 0.151585 0.0984483 0.983529
    outer loop
      vertex 52.6596 48.0487 22.0908
      vertex 51.1938 48.6113 22.2604
      vertex 51.8593 47.5866 22.2604
    endloop
  endfacet
  facet normal 0.223209 0.180748 0.957866
    outer loop
      vertex 53.0948 49.9925 21.7177
      vertex 51.6958 50.7053 21.9092
      vertex 52.5774 49.6166 21.9092
    endloop
  endfacet
  facet normal 0.175142 0.141826 0.974274
    outer loop
      vertex 52.5774 49.6166 21.9092
      vertex 51.6958 50.7053 21.9092
      vertex 51.9414 49.1545 22.0908
    endloop
  endfacet
  facet normal 0.0553585 0.0212444 0.998241
    outer loop
      vertex 47.9797 44.5236 22.7845
      vertex 46.8694 43.4134 22.8697
      vertex 48.2354 43.8573 22.7845
    endloop
  endfacet
  facet normal 0.0932486 0.0249853 0.995329
    outer loop
      vertex 50.7401 44.6711 22.5564
      vertex 49.5304 44.278 22.6796
      vertex 50.9962 43.7153 22.5564
    endloop
  endfacet
  facet normal 0.0718112 0.0275583 0.997037
    outer loop
      vertex 49.5304 44.278 22.6796
      vertex 47.9797 44.5236 22.7845
      vertex 48.2354 43.8573 22.7845
    endloop
  endfacet
  facet normal 0.074295 0.0199126 0.997037
    outer loop
      vertex 49.5304 44.278 22.6796
      vertex 48.2354 43.8573 22.7845
      vertex 48.4202 43.1678 22.7845
    endloop
  endfacet
  facet normal 0.255927 -0.130403 0.95786
    outer loop
      vertex 53.9764 36.3065 21.9092
      vertex 53.3404 35.0583 21.9092
      vertex 54.5606 36.0464 21.7177
    endloop
  endfacet
  facet normal 0.268157 -0.102932 0.95786
    outer loop
      vertex 54.4784 37.6143 21.9092
      vertex 53.9764 36.3065 21.9092
      vertex 54.5606 36.0464 21.7177
    endloop
  endfacet
  facet normal 0.222605 0.0352633 0.974271
    outer loop
      vertex 55.0601 43.1489 21.9092
      vertex 54.072 44.3691 22.0908
      vertex 54.2783 43.0668 22.0908
    endloop
  endfacet
  facet normal 0.178517 0.0282792 0.98353
    outer loop
      vertex 54.072 44.3691 22.0908
      vertex 53.3592 42.9702 22.2604
      vertex 54.2783 43.0668 22.0908
    endloop
  endfacet
  facet normal 0.111379 -0.0427532 0.992858
    outer loop
      vertex 51.8513 38.4679 22.4162
      vertex 50.7401 38.8289 22.5564
      vertex 51.4529 37.43 22.4162
    endloop
  endfacet
  facet normal 0.136943 -0.052566 0.989183
    outer loop
      vertex 51.8513 38.4679 22.4162
      vertex 51.4529 37.43 22.4162
      vertex 52.8519 38.1428 22.2604
    endloop
  endfacet
  facet normal 0.0923239 -0.114006 0.989181
    outer loop
      vertex 48.8569 33.8569 22.4162
      vertex 47.993 33.1573 22.4162
      vertex 48.6113 32.3062 22.2604
    endloop
  endfacet
  facet normal 0.0750761 -0.0927076 0.992859
    outer loop
      vertex 48.8569 33.8569 22.4162
      vertex 47.3062 34.1026 22.5564
      vertex 47.993 33.1573 22.4162
    endloop
  endfacet
  facet normal 0.0860185 -0.0438288 0.995329
    outer loop
      vertex 50.3855 37.9052 22.5564
      vertex 48.8348 37.6596 22.6796
      vertex 49.9363 37.0236 22.5564
    endloop
  endfacet
  facet normal 0.0843578 -0.0843578 0.992858
    outer loop
      vertex 48.7748 35.4249 22.5564
      vertex 48.8569 33.8569 22.4162
      vertex 49.6431 34.6431 22.4162
    endloop
  endfacet
  facet normal 0.0843578 -0.0843578 0.992858
    outer loop
      vertex 48.8569 33.8569 22.4162
      vertex 48.7748 35.4249 22.5564
      vertex 48.0751 34.7252 22.5564
    endloop
  endfacet
  facet normal 0.071813 -0.0275699 0.997037
    outer loop
      vertex 49.5304 39.222 22.6796
      vertex 47.9797 38.9764 22.7845
      vertex 49.2235 38.4226 22.6796
    endloop
  endfacet
  facet normal 0.0685376 -0.0349262 0.997037
    outer loop
      vertex 47.9797 38.9764 22.7845
      vertex 47.6556 38.3404 22.7845
      vertex 49.2235 38.4226 22.6796
    endloop
  endfacet
  facet normal 0.119136 0.00624558 0.992858
    outer loop
      vertex 52.3712 41.75 22.4162
      vertex 51.151 42.7381 22.5564
      vertex 51.2028 41.75 22.5564
    endloop
  endfacet
  facet normal 0.096403 0.00505382 0.99533
    outer loop
      vertex 51.151 42.7381 22.5564
      vertex 49.9308 41.75 22.6796
      vertex 51.2028 41.75 22.5564
    endloop
  endfacet
  facet normal 0.0419296 -0.0419296 0.99824
    outer loop
      vertex 45.7503 38.1481 22.8697
      vertex 46.3129 36.6823 22.7845
      vertex 46.8177 37.1871 22.7845
    endloop
  endfacet
  facet normal 0.0419296 -0.0419296 0.99824
    outer loop
      vertex 46.3129 36.6823 22.7845
      vertex 45.7503 38.1481 22.8697
      vertex 45.3519 37.7497 22.8697
    endloop
  endfacet
  facet normal 0.0178568 -0.022056 0.999597
    outer loop
      vertex 44.3513 38.8609 22.9345
      vertex 43.3223 40.0038 22.9781
      vertex 44.0351 38.6049 22.9345
    endloop
  endfacet
  facet normal 0.0432953 -0.00226917 0.99906
    outer loop
      vertex 45.6376 41.75 22.9345
      vertex 45.6163 41.3436 22.9345
      vertex 47.1034 41.1873 22.8697
    endloop
  endfacet
  facet normal 0.0274092 -0.00735096 0.999597
    outer loop
      vertex 45.5527 40.9417 22.9345
      vertex 44.0484 41.2615 22.9781
      vertex 45.4473 40.5487 22.9345
    endloop
  endfacet
  facet normal 0.0272827 -0.0336918 0.99906
    outer loop
      vertex 45.3519 37.7497 22.8697
      vertex 44.0351 38.6049 22.9345
      vertex 44.914 37.3951 22.8697
    endloop
  endfacet
  facet normal -0.0108935 -0.00883073 0.999902
    outer loop
      vertex 41.114 41.2879 23
      vertex 40.0038 40.1777 22.9781
      vertex 41.1658 41.224 23
    endloop
  endfacet
  facet normal 0.0088246 0.0108996 0.999902
    outer loop
      vertex 43.1311 43.651 22.9781
      vertex 42.2121 42.386 23
      vertex 43.3223 43.4962 22.9781
    endloop
  endfacet
  facet normal 0.022056 -0.0178568 0.999597
    outer loop
      vertex 44.8951 39.4649 22.9345
      vertex 43.4962 40.1777 22.9781
      vertex 44.6391 39.1487 22.9345
    endloop
  endfacet
  facet normal 0.0373166 -0.0460828 0.99824
    outer loop
      vertex 45.3519 37.7497 22.8697
      vertex 44.914 37.3951 22.8697
      vertex 46.3129 36.6823 22.7845
    endloop
  endfacet
  facet normal 0.0983769 0.367146 0.924946
    outer loop
      vertex 46.2335 55.5487 21.5183
      vertex 44.6655 55.4665 21.7177
      vertex 46.0833 55.0866 21.7177
    endloop
  endfacet
  facet normal 0.0743409 0.277443 0.957862
    outer loop
      vertex 46.0833 55.0866 21.7177
      vertex 44.6655 55.4665 21.7177
      vertex 45.8857 54.4784 21.9092
    endloop
  endfacet
  facet normal -0.0278431 0.531074 0.846868
    outer loop
      vertex 41.75 56.5857 21.3133
      vertex 40.1993 56.5044 21.3133
      vertex 41.75 56.2588 21.5183
    endloop
  endfacet
  facet normal -0.0411442 0.784777 0.618412
    outer loop
      vertex 41.75 56.75 21.1048
      vertex 40.1993 56.5044 21.3133
      vertex 41.75 56.5857 21.3133
    endloop
  endfacet
  facet normal 0.0525803 0.0809674 0.995329
    outer loop
      vertex 47.3062 49.3974 22.5564
      vertex 45.8404 48.8348 22.6796
      vertex 46.5586 48.3684 22.6796
    endloop
  endfacet
  facet normal 0.0525813 0.0809649 0.995329
    outer loop
      vertex 46.4764 49.9363 22.5564
      vertex 45.8404 48.8348 22.6796
      vertex 47.3062 49.3974 22.5564
    endloop
  endfacet
  facet normal 0.0607565 0.0750183 0.99533
    outer loop
      vertex 48.0751 48.7748 22.5564
      vertex 46.5586 48.3684 22.6796
      vertex 47.224 47.8295 22.6796
    endloop
  endfacet
  facet normal 0.0349153 0.0685371 0.997037
    outer loop
      vertex 45.8404 48.8348 22.6796
      vertex 45.0774 49.2235 22.6796
      vertex 45.1596 47.6556 22.7845
    endloop
  endfacet
  facet normal -0.0140048 -0.00072989 0.999902
    outer loop
      vertex 40.9639 41.75 23
      vertex 39.4003 41.75 22.9781
      vertex 39.4131 41.5044 22.9781
    endloop
  endfacet
  facet normal -0.0140048 0.00072989 0.999902
    outer loop
      vertex 39.4131 41.9956 22.9781
      vertex 39.4003 41.75 22.9781
      vertex 40.9639 41.75 23
    endloop
  endfacet
  facet normal -0.0428215 -0.00677644 0.99906
    outer loop
      vertex 37.8837 41.3436 22.9345
      vertex 36.3966 41.1873 22.8697
      vertex 37.9473 40.9417 22.9345
    endloop
  endfacet
  facet normal -0.028029 -0.00443554 0.999597
    outer loop
      vertex 39.4516 41.2615 22.9781
      vertex 37.8837 41.3436 22.9345
      vertex 37.9473 40.9417 22.9345
    endloop
  endfacet
  facet normal -0.0130934 -0.00502406 0.999902
    outer loop
      vertex 41.0318 41.4303 23
      vertex 39.5153 41.0239 22.9781
      vertex 39.6034 40.7943 22.9781
    endloop
  endfacet
  facet normal -0.0237984 -0.0154589 0.999597
    outer loop
      vertex 39.849 40.3689 22.9781
      vertex 38.3832 39.8062 22.9345
      vertex 38.6049 39.4649 22.9345
    endloop
  endfacet
  facet normal 0.0124953 -0.00636734 0.999902
    outer loop
      vertex 43.8966 40.7943 22.9781
      vertex 42.4682 41.4303 23
      vertex 43.7849 40.5751 22.9781
    endloop
  endfacet
  facet normal 0.0124955 0.00636693 0.999902
    outer loop
      vertex 43.7849 42.9249 22.9781
      vertex 42.4308 42.1431 23
      vertex 42.4682 42.0697 23
    endloop
  endfacet
  facet normal -0.0117618 0.00763778 0.999902
    outer loop
      vertex 39.849 43.1311 22.9781
      vertex 39.7151 42.9249 22.9781
      vertex 41.114 42.2121 23
    endloop
  endfacet
  facet normal 0.0373166 0.0460828 0.99824
    outer loop
      vertex 46.3129 46.8177 22.7845
      vertex 44.914 46.1049 22.8697
      vertex 45.3519 45.7503 22.8697
    endloop
  endfacet
  facet normal 0.037314 0.0460879 0.99824
    outer loop
      vertex 45.7582 47.2668 22.7845
      vertex 44.914 46.1049 22.8697
      vertex 46.3129 46.8177 22.7845
    endloop
  endfacet
  facet normal 0.0484118 0.0597759 0.997037
    outer loop
      vertex 46.5586 48.3684 22.6796
      vertex 46.3129 46.8177 22.7845
      vertex 47.224 47.8295 22.6796
    endloop
  endfacet
  facet normal 0.00502406 0.0130934 0.999902
    outer loop
      vertex 42.4761 43.9847 22.9781
      vertex 42.0697 42.4682 23
      vertex 42.7057 43.8966 22.9781
    endloop
  endfacet
  facet normal 0.0101682 0.0264946 0.999597
    outer loop
      vertex 42.9513 45.4473 22.9345
      vertex 42.7057 43.8966 22.9781
      vertex 43.3312 45.3015 22.9345
    endloop
  endfacet
  facet normal 0.0349262 0.0685376 0.997037
    outer loop
      vertex 45.0774 49.2235 22.6796
      vertex 44.5236 47.9797 22.7845
      vertex 45.1596 47.6556 22.7845
    endloop
  endfacet
  facet normal -0.114006 0.0923239 0.989181
    outer loop
      vertex 33.8569 48.8569 22.4162
      vertex 32.3062 48.6113 22.2604
      vertex 33.1573 47.993 22.4162
    endloop
  endfacet
  facet normal 0.0306559 0.0306559 0.99906
    outer loop
      vertex 45.3519 45.7503 22.8697
      vertex 44.6391 44.3513 22.9345
      vertex 45.7503 45.3519 22.8697
    endloop
  endfacet
  facet normal 0.0306559 0.0306559 0.99906
    outer loop
      vertex 44.6391 44.3513 22.9345
      vertex 45.3519 45.7503 22.8697
      vertex 44.3513 44.6391 22.9345
    endloop
  endfacet
  facet normal 0.017857 0.0220559 0.999597
    outer loop
      vertex 44.0351 44.8951 22.9345
      vertex 43.1311 43.651 22.9781
      vertex 43.3223 43.4962 22.9781
    endloop
  endfacet
  facet normal 0.0272827 0.0336918 0.99906
    outer loop
      vertex 44.914 46.1049 22.8697
      vertex 44.0351 44.8951 22.9345
      vertex 45.3519 45.7503 22.8697
    endloop
  endfacet
  facet normal 0.0154589 0.0237984 0.999597
    outer loop
      vertex 43.6938 45.1168 22.9345
      vertex 43.1311 43.651 22.9781
      vertex 44.0351 44.8951 22.9345
    endloop
  endfacet
  facet normal 0.0200665 0.0200665 0.999597
    outer loop
      vertex 44.3513 44.6391 22.9345
      vertex 43.4962 43.3223 22.9781
      vertex 44.6391 44.3513 22.9345
    endloop
  endfacet
  facet normal 0.0200665 0.0200665 0.999597
    outer loop
      vertex 43.4962 43.3223 22.9781
      vertex 44.3513 44.6391 22.9345
      vertex 43.3223 43.4962 22.9781
    endloop
  endfacet
  facet normal 0.0117618 0.00763778 0.999902
    outer loop
      vertex 43.651 43.1311 22.9781
      vertex 42.386 42.2121 23
      vertex 43.7849 42.9249 22.9781
    endloop
  endfacet
  facet normal 0.0386306 0.0196847 0.99906
    outer loop
      vertex 46.4117 44.4414 22.8697
      vertex 45.1168 43.6938 22.9345
      vertex 46.6675 43.9394 22.8697
    endloop
  endfacet
  facet normal 0.0363657 0.0236077 0.99906
    outer loop
      vertex 46.1049 44.914 22.8697
      vertex 45.1168 43.6938 22.9345
      vertex 46.4117 44.4414 22.8697
    endloop
  endfacet
  facet normal 0.0108996 -0.0088246 0.999902
    outer loop
      vertex 43.651 40.3689 22.9781
      vertex 42.386 41.2879 23
      vertex 43.4962 40.1777 22.9781
    endloop
  endfacet
  facet normal -0.0130962 -0.00501339 0.999902
    outer loop
      vertex 41.0024 41.5071 23
      vertex 39.5153 41.0239 22.9781
      vertex 41.0318 41.4303 23
    endloop
  endfacet
  facet normal 0.0108935 0.00883073 0.999902
    outer loop
      vertex 43.4962 43.3223 22.9781
      vertex 42.3342 42.276 23
      vertex 42.386 42.2121 23
    endloop
  endfacet
  facet normal -0.0427532 0.111379 0.992858
    outer loop
      vertex 38.4679 51.8513 22.4162
      vertex 37.43 51.4529 22.4162
      vertex 38.8289 50.7401 22.5564
    endloop
  endfacet
  facet normal -0.0135459 -0.00362929 0.999902
    outer loop
      vertex 40.9811 41.5866 23
      vertex 39.5153 41.0239 22.9781
      vertex 41.0024 41.5071 23
    endloop
  endfacet
  facet normal -0.00677918 0.042822 0.99906
    outer loop
      vertex 41.1873 47.1034 22.8697
      vertex 40.6308 47.0153 22.8697
      vertex 40.9417 45.5527 22.9345
    endloop
  endfacet
  facet normal -0.0128842 0.025284 0.999597
    outer loop
      vertex 40.7943 43.8966 22.9781
      vertex 39.8062 45.1168 22.9345
      vertex 40.5751 43.7849 22.9781
    endloop
  endfacet
  facet normal 0.00677644 -0.0428215 0.99906
    outer loop
      vertex 42.5583 37.9473 22.9345
      vertex 42.1564 37.8837 22.9345
      vertex 42.3127 36.3966 22.8697
    endloop
  endfacet
  facet normal -0.103725 0.103725 0.989183
    outer loop
      vertex 33.9391 50.4249 22.2604
      vertex 33.8569 48.8569 22.4162
      vertex 34.6431 49.6431 22.4162
    endloop
  endfacet
  facet normal -0.103725 0.103725 0.989183
    outer loop
      vertex 33.8569 48.8569 22.4162
      vertex 33.9391 50.4249 22.2604
      vertex 33.0751 49.5609 22.2604
    endloop
  endfacet
  facet normal -0.0349153 0.0685371 0.997037
    outer loop
      vertex 38.4226 49.2235 22.6796
      vertex 37.6596 48.8348 22.6796
      vertex 38.3404 47.6556 22.7845
    endloop
  endfacet
  facet normal -0.015455 0.0237999 0.999597
    outer loop
      vertex 40.5751 43.7849 22.9781
      vertex 39.8062 45.1168 22.9345
      vertex 40.3689 43.651 22.9781
    endloop
  endfacet
  facet normal -0.0154589 0.0237984 0.999597
    outer loop
      vertex 39.8062 45.1168 22.9345
      vertex 39.4649 44.8951 22.9345
      vertex 40.3689 43.651 22.9781
    endloop
  endfacet
  facet normal 0.0229461 0.144894 0.989181
    outer loop
      vertex 44.177 53.1681 22.2604
      vertex 42.8602 52.313 22.4162
      vertex 43.9583 52.1391 22.4162
    endloop
  endfacet
  facet normal 0.0229447 0.144896 0.989181
    outer loop
      vertex 42.9702 53.3592 22.2604
      vertex 42.8602 52.313 22.4162
      vertex 44.177 53.1681 22.2604
    endloop
  endfacet
  facet normal 0.0196781 0.0386317 0.99906
    outer loop
      vertex 43.9394 46.6675 22.8697
      vertex 43.3312 45.3015 22.9345
      vertex 43.6938 45.1168 22.9345
    endloop
  endfacet
  facet normal 0.0199126 0.074295 0.997037
    outer loop
      vertex 44.278 49.5304 22.6796
      vertex 43.1678 48.4202 22.7845
      vertex 43.8573 48.2354 22.7845
    endloop
  endfacet
  facet normal -0.0117936 0.22507 0.974271
    outer loop
      vertex 41.75 54.3473 22.0908
      vertex 40.3511 55.0601 21.9092
      vertex 40.4332 54.2783 22.0908
    endloop
  endfacet
  facet normal 0.0117933 0.22507 0.974271
    outer loop
      vertex 41.75 55.1334 21.9092
      vertex 41.75 54.3473 22.0908
      vertex 43.1489 55.0601 21.9092
    endloop
  endfacet
  facet normal -0.0647816 0.168739 0.98353
    outer loop
      vertex 37.8572 53.7308 22.0908
      vertex 36.6262 53.2582 22.0908
      vertex 38.1428 52.8519 22.2604
    endloop
  endfacet
  facet normal -0.0984483 0.151585 0.983529
    outer loop
      vertex 35.4513 52.6596 22.0908
      vertex 34.8887 51.1938 22.2604
      vertex 35.9134 51.8593 22.2604
    endloop
  endfacet
  facet normal 0.0282711 0.178532 0.983528
    outer loop
      vertex 44.3691 54.072 22.0908
      vertex 42.9702 53.3592 22.2604
      vertex 44.177 53.1681 22.2604
    endloop
  endfacet
  facet normal 0.0467699 0.174592 0.983529
    outer loop
      vertex 45.6428 53.7308 22.0908
      vertex 44.3691 54.072 22.0908
      vertex 45.3572 52.8519 22.2604
    endloop
  endfacet
  facet normal -0.175157 0.141828 0.974272
    outer loop
      vertex 31.8042 50.7053 21.9092
      vertex 31.5586 49.1545 22.0908
      vertex 32.3884 50.1793 22.0908
    endloop
  endfacet
  facet normal -0.0984535 0.151587 0.983528
    outer loop
      vertex 35.4513 52.6596 22.0908
      vertex 34.3455 51.9414 22.0908
      vertex 34.8887 51.1938 22.2604
    endloop
  endfacet
  facet normal -0.151585 0.0984483 0.983529
    outer loop
      vertex 32.3062 48.6113 22.2604
      vertex 30.8404 48.0487 22.0908
      vertex 31.6407 47.5866 22.2604
    endloop
  endfacet
  facet normal -0.0927076 0.0750761 0.992859
    outer loop
      vertex 33.8569 48.8569 22.4162
      vertex 33.1573 47.993 22.4162
      vertex 34.1026 47.3062 22.5564
    endloop
  endfacet
  facet normal -0.0592147 0.00310438 0.99824
    outer loop
      vertex 36.3966 42.3127 22.8697
      vertex 34.9308 41.75 22.7845
      vertex 36.3671 41.75 22.8697
    endloop
  endfacet
  facet normal -0.0768135 -0.00402438 0.997037
    outer loop
      vertex 34.9308 41.75 22.7845
      vertex 33.5692 41.75 22.6796
      vertex 33.614 40.8949 22.6796
    endloop
  endfacet
  facet normal -0.0768135 0.00402438 0.997037
    outer loop
      vertex 33.614 42.6051 22.6796
      vertex 33.5692 41.75 22.6796
      vertex 34.9308 41.75 22.7845
    endloop
  endfacet
  facet normal -0.0585675 0.00927187 0.99824
    outer loop
      vertex 36.4847 42.8692 22.8697
      vertex 35.0798 43.1678 22.7845
      vertex 36.3966 42.3127 22.8697
    endloop
  endfacet
  facet normal -0.0418757 0.0112308 0.99906
    outer loop
      vertex 38.0527 42.9513 22.9345
      vertex 36.4847 42.8692 22.8697
      vertex 37.9473 42.5583 22.9345
    endloop
  endfacet
  facet normal -0.0274092 0.00735096 0.999597
    outer loop
      vertex 38.0527 42.9513 22.9345
      vertex 37.9473 42.5583 22.9345
      vertex 39.4516 42.2385 22.9781
    endloop
  endfacet
  facet normal -0.0386306 0.0196847 0.99906
    outer loop
      vertex 37.0883 44.4414 22.8697
      vertex 36.8325 43.9394 22.8697
      vertex 38.3832 43.6938 22.9345
    endloop
  endfacet
  facet normal -0.0363657 0.0236077 0.99906
    outer loop
      vertex 37.3951 44.914 22.8697
      vertex 37.0883 44.4414 22.8697
      vertex 38.3832 43.6938 22.9345
    endloop
  endfacet
  facet normal -0.0220559 0.017857 0.999597
    outer loop
      vertex 40.0038 43.3223 22.9781
      vertex 38.6049 44.0351 22.9345
      vertex 39.849 43.1311 22.9781
    endloop
  endfacet
  facet normal -0.022056 0.0178568 0.999597
    outer loop
      vertex 38.8609 44.3513 22.9345
      vertex 38.6049 44.0351 22.9345
      vertex 40.0038 43.3223 22.9781
    endloop
  endfacet
  facet normal -0.0759696 0.0120258 0.997038
    outer loop
      vertex 35.0798 43.1678 22.7845
      vertex 33.614 42.6051 22.6796
      vertex 34.9682 42.4628 22.7845
    endloop
  endfacet
  facet normal -0.0964054 -0.00505083 0.995329
    outer loop
      vertex 33.5692 41.75 22.6796
      vertex 32.349 40.7619 22.5564
      vertex 33.614 40.8949 22.6796
    endloop
  endfacet
  facet normal -0.119136 0.00624547 0.992858
    outer loop
      vertex 31.187 42.8602 22.4162
      vertex 31.1288 41.75 22.4162
      vertex 32.349 42.7381 22.5564
    endloop
  endfacet
  facet normal -0.096403 0.00505382 0.99533
    outer loop
      vertex 32.349 42.7381 22.5564
      vertex 32.2972 41.75 22.5564
      vertex 33.5692 41.75 22.6796
    endloop
  endfacet
  facet normal -0.11523 0.030875 0.992859
    outer loop
      vertex 32.7599 44.6711 22.5564
      vertex 31.3609 43.9583 22.4162
      vertex 32.5038 43.7153 22.5564
    endloop
  endfacet
  facet normal -0.0932486 0.0249853 0.995329
    outer loop
      vertex 32.7599 44.6711 22.5564
      vertex 32.5038 43.7153 22.5564
      vertex 33.9696 44.278 22.6796
    endloop
  endfacet
  facet normal -0.338682 0.172565 0.924941
    outer loop
      vertex 29.185 49.0044 21.5183
      vertex 28.9394 47.4536 21.7177
      vertex 29.6058 48.7615 21.7177
    endloop
  endfacet
  facet normal -0.168746 0.0647796 0.983528
    outer loop
      vertex 31.086 46.4979 22.2604
      vertex 30.2418 46.8738 22.0908
      vertex 30.6481 45.3572 22.2604
    endloop
  endfacet
  facet normal -0.178532 0.0282711 0.983528
    outer loop
      vertex 30.3319 44.177 22.2604
      vertex 29.428 44.3691 22.0908
      vertex 30.1408 42.9702 22.2604
    endloop
  endfacet
  facet normal -0.174599 0.0467787 0.983528
    outer loop
      vertex 30.6481 45.3572 22.2604
      vertex 29.428 44.3691 22.0908
      vertex 30.3319 44.177 22.2604
    endloop
  endfacet
  facet normal -0.141702 0.0379649 0.989181
    outer loop
      vertex 30.6481 45.3572 22.2604
      vertex 30.3319 44.177 22.2604
      vertex 31.3609 43.9583 22.4162
    endloop
  endfacet
  facet normal -0.136943 0.052566 0.989183
    outer loop
      vertex 32.0471 46.07 22.4162
      vertex 30.6481 45.3572 22.2604
      vertex 31.6487 45.0321 22.4162
    endloop
  endfacet
  facet normal -0.180495 0.0094579 0.98353
    outer loop
      vertex 29.2217 43.0668 22.0908
      vertex 29.1527 41.75 22.0908
      vertex 30.1408 42.9702 22.2604
    endloop
  endfacet
  facet normal -0.180507 0.00946766 0.983528
    outer loop
      vertex 30.1408 42.9702 22.2604
      vertex 29.1527 41.75 22.0908
      vertex 30.0768 41.75 22.2604
    endloop
  endfacet
  facet normal -0.473869 0.241417 0.846857
    outer loop
      vertex 29.185 49.0044 21.5183
      vertex 28.197 47.7842 21.3133
      vertex 28.4956 47.6512 21.5183
    endloop
  endfacet
  facet normal -0.240889 0.156431 0.957863
    outer loop
      vertex 30.4052 49.9925 21.7177
      vertex 29.6058 48.7615 21.7177
      vertex 30.1596 48.4417 21.9092
    endloop
  endfacet
  facet normal -0.277443 0.0743409 0.957862
    outer loop
      vertex 28.4134 46.0833 21.7177
      vertex 28.0335 44.6655 21.7177
      vertex 29.0216 45.8857 21.9092
    endloop
  endfacet
  facet normal -0.268153 0.102933 0.957861
    outer loop
      vertex 28.9394 47.4536 21.7177
      vertex 28.4134 46.0833 21.7177
      vertex 29.0216 45.8857 21.9092
    endloop
  endfacet
  facet normal -0.140476 0.113746 0.983529
    outer loop
      vertex 32.3884 50.1793 22.0908
      vertex 31.5586 49.1545 22.0908
      vertex 32.3062 48.6113 22.2604
    endloop
  endfacet
  facet normal -0.0198985 0.379598 0.924938
    outer loop
      vertex 41.75 56.2588 21.5183
      vertex 40.2334 56.1793 21.5183
      vertex 40.2842 55.6961 21.7177
    endloop
  endfacet
  facet normal 0.0198876 0.379573 0.924948
    outer loop
      vertex 41.75 56.2588 21.5183
      vertex 41.75 55.7729 21.7177
      vertex 43.2158 55.6961 21.7177
    endloop
  endfacet
  facet normal -0.102322 0.200815 0.974271
    outer loop
      vertex 36.3065 53.9764 21.9092
      vertex 35.0583 53.3404 21.9092
      vertex 35.4513 52.6596 22.0908
    endloop
  endfacet
  facet normal -0.0983769 0.367146 0.924946
    outer loop
      vertex 38.8345 55.4665 21.7177
      vertex 37.2665 55.5487 21.5183
      vertex 37.4167 55.0866 21.7177
    endloop
  endfacet
  facet normal -0.0807618 0.210399 0.974274
    outer loop
      vertex 37.6143 54.4784 21.9092
      vertex 36.3065 53.9764 21.9092
      vertex 36.6262 53.2582 22.0908
    endloop
  endfacet
  facet normal -0.102309 0.200807 0.974274
    outer loop
      vertex 36.3065 53.9764 21.9092
      vertex 35.4513 52.6596 22.0908
      vertex 36.6262 53.2582 22.0908
    endloop
  endfacet
  facet normal -0.17257 0.338732 0.924922
    outer loop
      vertex 35.8488 55.0044 21.5183
      vertex 34.4956 54.315 21.5183
      vertex 36.0464 54.5606 21.7177
    endloop
  endfacet
  facet normal -0.172565 0.338682 0.924941
    outer loop
      vertex 36.0464 54.5606 21.7177
      vertex 34.4956 54.315 21.5183
      vertex 34.7385 53.8942 21.7177
    endloop
  endfacet
  facet normal -0.427913 0.658958 0.618599
    outer loop
      vertex 34.25 54.7404 21.1048
      vertex 32.9332 53.8853 21.1048
      vertex 33.0298 53.7523 21.3133
    endloop
  endfacet
  facet normal -0.241426 0.473878 0.846849
    outer loop
      vertex 35.7158 55.303 21.3133
      vertex 34.3322 54.5981 21.3133
      vertex 34.4956 54.315 21.5183
    endloop
  endfacet
  facet normal -0.413325 0.334722 0.846831
    outer loop
      vertex 30.725 51.677 21.3133
      vertex 29.7477 50.4702 21.3133
      vertex 30.9679 51.4583 21.5183
    endloop
  endfacet
  facet normal -0.6106 0.494481 0.618593
    outer loop
      vertex 30.725 51.677 21.3133
      vertex 29.6147 50.5668 21.1048
      vertex 29.7477 50.4702 21.3133
    endloop
  endfacet
  facet normal -0.22507 0.0117933 0.974271
    outer loop
      vertex 28.4399 43.1489 21.9092
      vertex 28.3666 41.75 21.9092
      vertex 29.1527 41.75 22.0908
    endloop
  endfacet
  facet normal -0.222605 -0.0352633 0.974271
    outer loop
      vertex 29.2217 40.4332 22.0908
      vertex 28.4399 40.3511 21.9092
      vertex 29.428 39.1309 22.0908
    endloop
  endfacet
  facet normal -0.0843578 -0.0843578 0.992858
    outer loop
      vertex 34.7252 35.4249 22.5564
      vertex 34.6431 33.8569 22.4162
      vertex 35.4249 34.7252 22.5564
    endloop
  endfacet
  facet normal -0.0843578 -0.0843578 0.992858
    outer loop
      vertex 34.6431 33.8569 22.4162
      vertex 34.7252 35.4249 22.5564
      vertex 33.8569 34.6431 22.4162
    endloop
  endfacet
  facet normal -0.0525803 -0.0809674 0.995329
    outer loop
      vertex 36.9414 35.1316 22.6796
      vertex 36.1938 34.1026 22.5564
      vertex 37.6596 34.6652 22.6796
    endloop
  endfacet
  facet normal -0.0607534 -0.0750294 0.995329
    outer loop
      vertex 36.9414 35.1316 22.6796
      vertex 35.4249 34.7252 22.5564
      vertex 36.1938 34.1026 22.5564
    endloop
  endfacet
  facet normal -0.0460879 -0.037314 0.99824
    outer loop
      vertex 37.3951 38.586 22.8697
      vertex 36.2332 37.7418 22.7845
      vertex 36.6823 37.1871 22.7845
    endloop
  endfacet
  facet normal -0.0497305 -0.0323007 0.99824
    outer loop
      vertex 37.3951 38.586 22.8697
      vertex 35.8444 38.3404 22.7845
      vertex 36.2332 37.7418 22.7845
    endloop
  endfacet
  facet normal -0.0685371 -0.0349153 0.997037
    outer loop
      vertex 35.8444 38.3404 22.7845
      vertex 34.2765 38.4226 22.6796
      vertex 34.6652 37.6596 22.6796
    endloop
  endfacet
  facet normal -0.0860172 -0.0438203 0.99533
    outer loop
      vertex 34.2765 38.4226 22.6796
      vertex 33.1145 37.9052 22.5564
      vertex 34.6652 37.6596 22.6796
    endloop
  endfacet
  facet normal -0.0386317 -0.0196781 0.99906
    outer loop
      vertex 38.1985 40.1688 22.9345
      vertex 36.8325 39.5606 22.8697
      vertex 38.3832 39.8062 22.9345
    endloop
  endfacet
  facet normal -0.0252869 -0.0128806 0.999597
    outer loop
      vertex 39.6034 40.7943 22.9781
      vertex 38.1985 40.1688 22.9345
      vertex 38.3832 39.8062 22.9345
    endloop
  endfacet
  facet normal 0.00734865 -0.0274103 0.999597
    outer loop
      vertex 42.4761 39.5153 22.9781
      vertex 42.2385 39.4516 22.9781
      vertex 42.9513 38.0527 22.9345
    endloop
  endfacet
  facet normal 0.00927187 -0.0585675 0.99824
    outer loop
      vertex 42.8692 36.4847 22.8697
      vertex 42.3127 36.3966 22.8697
      vertex 43.1678 35.0798 22.7845
    endloop
  endfacet
  facet normal 0.00310438 -0.0592147 0.99824
    outer loop
      vertex 41.75 36.3671 22.8697
      vertex 41.75 34.9308 22.7845
      vertex 42.3127 36.3966 22.8697
    endloop
  endfacet
  facet normal 0.00677918 -0.042822 0.99906
    outer loop
      vertex 42.5583 37.9473 22.9345
      vertex 42.3127 36.3966 22.8697
      vertex 42.8692 36.4847 22.8697
    endloop
  endfacet
  facet normal -0.00310438 -0.0592147 0.99824
    outer loop
      vertex 41.75 36.3671 22.8697
      vertex 41.1873 36.3966 22.8697
      vertex 41.75 34.9308 22.7845
    endloop
  endfacet
  facet normal 0.0120258 -0.0759696 0.997038
    outer loop
      vertex 43.1678 35.0798 22.7845
      vertex 42.4628 34.9682 22.7845
      vertex 42.6051 33.614 22.6796
    endloop
  endfacet
  facet normal 0.0212476 -0.0553553 0.998241
    outer loop
      vertex 43.9394 36.8325 22.8697
      vertex 43.4134 36.6306 22.8697
      vertex 44.5236 35.5203 22.7845
    endloop
  endfacet
  facet normal 0.0269214 -0.0528293 0.998241
    outer loop
      vertex 45.1596 35.8444 22.7845
      vertex 43.9394 36.8325 22.8697
      vertex 44.5236 35.5203 22.7845
    endloop
  endfacet
  facet normal -0.00677918 -0.042822 0.99906
    outer loop
      vertex 40.9417 37.9473 22.9345
      vertex 40.6308 36.4847 22.8697
      vertex 41.1873 36.3966 22.8697
    endloop
  endfacet
  facet normal -0.00677644 -0.0428215 0.99906
    outer loop
      vertex 41.3436 37.8837 22.9345
      vertex 40.9417 37.9473 22.9345
      vertex 41.1873 36.3966 22.8697
    endloop
  endfacet
  facet normal -0.0128806 -0.0252869 0.999597
    outer loop
      vertex 40.7943 39.6034 22.9781
      vertex 39.8062 38.3832 22.9345
      vertex 40.1688 38.1985 22.9345
    endloop
  endfacet
  facet normal -0.0196781 -0.0386317 0.99906
    outer loop
      vertex 39.8062 38.3832 22.9345
      vertex 39.5606 36.8325 22.8697
      vertex 40.1688 38.1985 22.9345
    endloop
  endfacet
  facet normal -0.00148528 -0.0283389 0.999597
    outer loop
      vertex 41.75 39.4003 22.9781
      vertex 41.3436 37.8837 22.9345
      vertex 41.75 37.8624 22.9345
    endloop
  endfacet
  facet normal -0.00362929 0.0135459 0.999902
    outer loop
      vertex 41.5866 42.5189 23
      vertex 41.0239 43.9847 22.9781
      vertex 41.5071 42.4976 23
    endloop
  endfacet
  facet normal 0.000732587 0.0140043 0.999902
    outer loop
      vertex 41.9956 44.0869 22.9781
      vertex 41.75 42.5361 23
      vertex 41.8322 42.5318 23
    endloop
  endfacet
  facet normal -0.0135459 0.00362929 0.999902
    outer loop
      vertex 41.0024 41.9929 23
      vertex 39.5153 42.4761 22.9781
      vertex 40.9811 41.9134 23
    endloop
  endfacet
  facet normal -0.0138501 0.00220033 0.999902
    outer loop
      vertex 40.9811 41.9134 23
      vertex 39.4131 41.9956 22.9781
      vertex 40.9682 41.8322 23
    endloop
  endfacet
  facet normal 0.00636693 -0.0124955 0.999902
    outer loop
      vertex 42.1431 41.0692 23
      vertex 42.0697 41.0318 23
      vertex 42.9249 39.7151 22.9781
    endloop
  endfacet
  facet normal -0.00363142 0.0135451 0.999902
    outer loop
      vertex 41.2615 44.0484 22.9781
      vertex 41.0239 43.9847 22.9781
      vertex 41.5866 42.5189 23
    endloop
  endfacet
  facet normal -0.0860185 -0.0438288 0.995329
    outer loop
      vertex 34.6652 37.6596 22.6796
      vertex 33.1145 37.9052 22.5564
      vertex 33.5637 37.0236 22.5564
    endloop
  endfacet
  facet normal -0.0901237 -0.0345977 0.995329
    outer loop
      vertex 34.2765 38.4226 22.6796
      vertex 32.7599 38.8289 22.5564
      vertex 33.1145 37.9052 22.5564
    endloop
  endfacet
  facet normal -0.180746 -0.223207 0.957867
    outer loop
      vertex 32.7947 31.8042 21.9092
      vertex 32.3668 31.3289 21.7177
      vertex 33.5075 30.4052 21.7177
    endloop
  endfacet
  facet normal -0.268809 -0.268809 0.924924
    outer loop
      vertex 31.3289 32.3668 21.7177
      vertex 32.0417 30.9679 21.5183
      vertex 32.3668 31.3289 21.7177
    endloop
  endfacet
  facet normal -0.268809 -0.268809 0.924924
    outer loop
      vertex 32.0417 30.9679 21.5183
      vertex 31.3289 32.3668 21.7177
      vertex 30.9679 32.0417 21.5183
    endloop
  endfacet
  facet normal -0.445933 -0.289632 0.84691
    outer loop
      vertex 30.0122 33.222 21.5183
      vertex 29.185 34.4956 21.5183
      vertex 29.7477 33.0298 21.3133
    endloop
  endfacet
  facet normal -0.41325 -0.334612 0.846912
    outer loop
      vertex 30.0122 33.222 21.5183
      vertex 29.7477 33.0298 21.3133
      vertex 30.9679 32.0417 21.5183
    endloop
  endfacet
  facet normal -0.240889 -0.156431 0.957863
    outer loop
      vertex 30.1596 35.0583 21.9092
      vertex 29.6058 34.7385 21.7177
      vertex 30.4052 33.5075 21.7177
    endloop
  endfacet
  facet normal -0.255922 -0.130397 0.957862
    outer loop
      vertex 30.1596 35.0583 21.9092
      vertex 28.9394 36.0464 21.7177
      vertex 29.6058 34.7385 21.7177
    endloop
  endfacet
  facet normal -0.174592 -0.0467699 0.983529
    outer loop
      vertex 30.6481 38.1428 22.2604
      vertex 29.428 39.1309 22.0908
      vertex 29.7692 37.8572 22.0908
    endloop
  endfacet
  facet normal -0.136943 -0.052566 0.989183
    outer loop
      vertex 31.6487 38.4679 22.4162
      vertex 30.6481 38.1428 22.2604
      vertex 32.0471 37.43 22.4162
    endloop
  endfacet
  facet normal -0.141684 -0.0379742 0.989183
    outer loop
      vertex 31.3609 39.5417 22.4162
      vertex 30.6481 38.1428 22.2604
      vertex 31.6487 38.4679 22.4162
    endloop
  endfacet
  facet normal -0.161054 -0.0820554 0.983529
    outer loop
      vertex 31.086 37.0021 22.2604
      vertex 30.2418 36.6262 22.0908
      vertex 30.8404 35.4513 22.0908
    endloop
  endfacet
  facet normal -0.0379742 -0.141684 0.989183
    outer loop
      vertex 38.4679 31.6487 22.4162
      vertex 38.1428 30.6481 22.2604
      vertex 39.5417 31.3609 22.4162
    endloop
  endfacet
  facet normal -0.0308853 -0.115235 0.992858
    outer loop
      vertex 38.8289 32.7599 22.5564
      vertex 38.4679 31.6487 22.4162
      vertex 39.5417 31.3609 22.4162
    endloop
  endfacet
  facet normal -0.0282711 -0.178532 0.983528
    outer loop
      vertex 39.323 30.3319 22.2604
      vertex 39.1309 29.428 22.0908
      vertex 40.5298 30.1408 22.2604
    endloop
  endfacet
  facet normal -0.0282792 -0.178517 0.98353
    outer loop
      vertex 40.5298 30.1408 22.2604
      vertex 39.1309 29.428 22.0908
      vertex 40.4332 29.2217 22.0908
    endloop
  endfacet
  facet normal -0.0249833 -0.0932479 0.995329
    outer loop
      vertex 40.0491 33.748 22.6796
      vertex 39.222 33.9696 22.6796
      vertex 39.7847 32.5038 22.5564
    endloop
  endfacet
  facet normal -0.0249853 -0.0932486 0.995329
    outer loop
      vertex 39.222 33.9696 22.6796
      vertex 38.8289 32.7599 22.5564
      vertex 39.7847 32.5038 22.5564
    endloop
  endfacet
  facet normal -0.0984483 -0.151585 0.983529
    outer loop
      vertex 35.9134 31.6407 22.2604
      vertex 34.8887 32.3062 22.2604
      vertex 35.4513 30.8404 22.0908
    endloop
  endfacet
  facet normal -0.0820561 -0.16105 0.983529
    outer loop
      vertex 35.9134 31.6407 22.2604
      vertex 35.4513 30.8404 22.0908
      vertex 37.0021 31.086 22.2604
    endloop
  endfacet
  facet normal -0.127811 -0.127811 0.983529
    outer loop
      vertex 33.0751 33.9391 22.2604
      vertex 33.3207 32.3884 22.0908
      vertex 33.9391 33.0751 22.2604
    endloop
  endfacet
  facet normal -0.127811 -0.127811 0.983529
    outer loop
      vertex 33.3207 32.3884 22.0908
      vertex 33.0751 33.9391 22.2604
      vertex 32.3884 33.3207 22.0908
    endloop
  endfacet
  facet normal -0.190619 -0.496492 0.846853
    outer loop
      vertex 35.8488 28.4956 21.5183
      vertex 35.7158 28.197 21.3133
      vertex 37.2665 27.9513 21.5183
    endloop
  endfacet
  facet normal -0.136258 -0.3549 0.924921
    outer loop
      vertex 36.0464 28.9394 21.7177
      vertex 35.8488 28.4956 21.5183
      vertex 37.2665 27.9513 21.5183
    endloop
  endfacet
  facet normal 0.31884 0.207086 0.924909
    outer loop
      vertex 53.4878 50.278 21.5183
      vertex 53.0948 49.9925 21.7177
      vertex 54.315 49.0044 21.5183
    endloop
  endfacet
  facet normal 0.445933 0.289632 0.84691
    outer loop
      vertex 53.7523 50.4702 21.3133
      vertex 53.4878 50.278 21.5183
      vertex 54.315 49.0044 21.5183
    endloop
  endfacet
  facet normal 0.207021 0.318792 0.92494
    outer loop
      vertex 49.0044 54.315 21.5183
      vertex 48.7615 53.8942 21.7177
      vertex 49.9925 53.0948 21.7177
    endloop
  endfacet
  facet normal 0.207086 0.31884 0.924909
    outer loop
      vertex 50.278 53.4878 21.5183
      vertex 49.0044 54.315 21.5183
      vertex 49.9925 53.0948 21.7177
    endloop
  endfacet
  facet normal 0.758989 -0.203385 0.618523
    outer loop
      vertex 56.4222 38.6313 21.1048
      vertex 55.8595 37.1655 21.3133
      vertex 56.0158 37.1147 21.1048
    endloop
  endfacet
  facet normal 0.733585 -0.281563 0.618526
    outer loop
      vertex 55.8595 37.1655 21.3133
      vertex 55.4532 35.6489 21.1048
      vertex 56.0158 37.1147 21.1048
    endloop
  endfacet
  facet normal 0.141684 0.0379742 0.989183
    outer loop
      vertex 52.8519 45.3572 22.2604
      vertex 51.8513 45.0321 22.4162
      vertex 52.1391 43.9583 22.4162
    endloop
  endfacet
  facet normal 0.141702 0.0379649 0.989181
    outer loop
      vertex 52.8519 45.3572 22.2604
      vertex 52.1391 43.9583 22.4162
      vertex 53.1681 44.177 22.2604
    endloop
  endfacet
  facet normal 0.123024 0.0798992 0.989182
    outer loop
      vertex 51.1938 48.6113 22.2604
      vertex 50.9482 47.0606 22.4162
      vertex 51.8593 47.5866 22.2604
    endloop
  endfacet
  facet normal 0.130706 0.0665934 0.989182
    outer loop
      vertex 51.8593 47.5866 22.2604
      vertex 50.9482 47.0606 22.4162
      vertex 51.4529 46.07 22.4162
    endloop
  endfacet
  facet normal 0.0649717 -0.100049 0.992859
    outer loop
      vertex 47.3062 34.1026 22.5564
      vertex 47.0606 32.5518 22.4162
      vertex 47.993 33.1573 22.4162
    endloop
  endfacet
  facet normal 0.0798977 -0.123033 0.989181
    outer loop
      vertex 47.993 33.1573 22.4162
      vertex 47.0606 32.5518 22.4162
      vertex 48.6113 32.3062 22.2604
    endloop
  endfacet
  facet normal 0.0750294 -0.0607534 0.995329
    outer loop
      vertex 49.3974 36.1938 22.5564
      vertex 48.3684 36.9414 22.6796
      vertex 48.7748 35.4249 22.5564
    endloop
  endfacet
  facet normal 0.0682613 -0.0682613 0.995329
    outer loop
      vertex 47.8295 36.276 22.6796
      vertex 48.0751 34.7252 22.5564
      vertex 48.7748 35.4249 22.5564
    endloop
  endfacet
  facet normal 0.0682613 -0.0682613 0.995329
    outer loop
      vertex 48.0751 34.7252 22.5564
      vertex 47.8295 36.276 22.6796
      vertex 47.224 35.6705 22.6796
    endloop
  endfacet
  facet normal 0.0860172 -0.0438203 0.99533
    outer loop
      vertex 49.2235 38.4226 22.6796
      vertex 48.8348 37.6596 22.6796
      vertex 50.3855 37.9052 22.5564
    endloop
  endfacet
  facet normal 0.0685371 -0.0349153 0.997037
    outer loop
      vertex 49.2235 38.4226 22.6796
      vertex 47.6556 38.3404 22.7845
      vertex 48.8348 37.6596 22.6796
    endloop
  endfacet
  facet normal 0.0363657 -0.0236077 0.99906
    outer loop
      vertex 46.4117 39.0586 22.8697
      vertex 45.1168 39.8062 22.9345
      vertex 46.1049 38.586 22.8697
    endloop
  endfacet
  facet normal 0.0497329 -0.0322853 0.998241
    outer loop
      vertex 46.4117 39.0586 22.8697
      vertex 46.1049 38.586 22.8697
      vertex 47.6556 38.3404 22.7845
    endloop
  endfacet
  facet normal 0.0404766 -0.0155343 0.99906
    outer loop
      vertex 45.4473 40.5487 22.9345
      vertex 45.3015 40.1688 22.9345
      vertex 46.6675 39.5606 22.8697
    endloop
  endfacet
  facet normal 0.0264946 -0.0101682 0.999597
    outer loop
      vertex 45.4473 40.5487 22.9345
      vertex 43.8966 40.7943 22.9781
      vertex 45.3015 40.1688 22.9345
    endloop
  endfacet
  facet normal 0.0140048 -0.00072989 0.999902
    outer loop
      vertex 44.0997 41.75 22.9781
      vertex 42.5361 41.75 23
      vertex 44.0869 41.5044 22.9781
    endloop
  endfacet
  facet normal 0.0274103 -0.00734865 0.999597
    outer loop
      vertex 44.0484 41.2615 22.9781
      vertex 43.9847 41.0239 22.9781
      vertex 45.4473 40.5487 22.9345
    endloop
  endfacet
  facet normal 0.043295 -0.00226978 0.99906
    outer loop
      vertex 47.1329 41.75 22.8697
      vertex 45.6376 41.75 22.9345
      vertex 47.1034 41.1873 22.8697
    endloop
  endfacet
  facet normal 0.043295 0.00226978 0.99906
    outer loop
      vertex 47.1034 42.3127 22.8697
      vertex 45.6376 41.75 22.9345
      vertex 47.1329 41.75 22.8697
    endloop
  endfacet
  facet normal 0.0363557 -0.0236158 0.99906
    outer loop
      vertex 45.1168 39.8062 22.9345
      vertex 44.8951 39.4649 22.9345
      vertex 46.1049 38.586 22.8697
    endloop
  endfacet
  facet normal -0.00991616 0.00991616 0.999902
    outer loop
      vertex 40.1777 43.4962 22.9781
      vertex 41.1658 42.276 23
      vertex 41.224 42.3342 23
    endloop
  endfacet
  facet normal -0.00991616 0.00991616 0.999902
    outer loop
      vertex 41.1658 42.276 23
      vertex 40.1777 43.4962 22.9781
      vertex 40.0038 43.3223 22.9781
    endloop
  endfacet
  facet normal 0.00072989 -0.0140048 0.999902
    outer loop
      vertex 41.75 40.9639 23
      vertex 41.75 39.4003 22.9781
      vertex 41.9956 39.4131 22.9781
    endloop
  endfacet
  facet normal -0.137695 0.513789 0.846794
    outer loop
      vertex 38.6655 56.2615 21.3133
      vertex 37.1655 55.8595 21.3133
      vertex 37.2665 55.5487 21.5183
    endloop
  endfacet
  facet normal -0.137598 0.513631 0.846906
    outer loop
      vertex 38.6655 56.2615 21.3133
      vertex 37.2665 55.5487 21.5183
      vertex 38.7335 55.9417 21.5183
    endloop
  endfacet
  facet normal -0.0274092 -0.00735096 0.999597
    outer loop
      vertex 39.4516 41.2615 22.9781
      vertex 37.9473 40.9417 22.9345
      vertex 38.0527 40.5487 22.9345
    endloop
  endfacet
  facet normal -0.0274103 -0.00734865 0.999597
    outer loop
      vertex 39.4516 41.2615 22.9781
      vertex 38.0527 40.5487 22.9345
      vertex 39.5153 41.0239 22.9781
    endloop
  endfacet
  facet normal -0.0283389 -0.00148528 0.999597
    outer loop
      vertex 39.4003 41.75 22.9781
      vertex 37.8624 41.75 22.9345
      vertex 37.8837 41.3436 22.9345
    endloop
  endfacet
  facet normal -0.0432953 -0.00226917 0.99906
    outer loop
      vertex 37.8624 41.75 22.9345
      vertex 36.3966 41.1873 22.8697
      vertex 37.8837 41.3436 22.9345
    endloop
  endfacet
  facet normal -0.0200665 -0.0200665 0.999597
    outer loop
      vertex 40.0038 40.1777 22.9781
      vertex 39.1487 38.8609 22.9345
      vertex 40.1777 40.0038 22.9781
    endloop
  endfacet
  facet normal -0.0200665 -0.0200665 0.999597
    outer loop
      vertex 39.1487 38.8609 22.9345
      vertex 40.0038 40.1777 22.9781
      vertex 38.8609 39.1487 22.9345
    endloop
  endfacet
  facet normal -0.00502406 0.0130934 0.999902
    outer loop
      vertex 41.0239 43.9847 22.9781
      vertex 40.7943 43.8966 22.9781
      vertex 41.4303 42.4682 23
    endloop
  endfacet
  facet normal -0.000732587 0.0140043 0.999902
    outer loop
      vertex 41.75 42.5361 23
      vertex 41.5044 44.0869 22.9781
      vertex 41.6678 42.5318 23
    endloop
  endfacet
  facet normal -0.0108935 0.00883073 0.999902
    outer loop
      vertex 41.1658 42.276 23
      vertex 40.0038 43.3223 22.9781
      vertex 41.114 42.2121 23
    endloop
  endfacet
  facet normal -0.00362929 -0.0135459 0.999902
    outer loop
      vertex 41.5071 41.0024 23
      vertex 41.0239 39.5153 22.9781
      vertex 41.5866 40.9811 23
    endloop
  endfacet
  facet normal -0.0117623 0.00763695 0.999902
    outer loop
      vertex 41.114 42.2121 23
      vertex 39.7151 42.9249 22.9781
      vertex 41.0692 42.1431 23
    endloop
  endfacet
  facet normal -0.0124955 0.00636693 0.999902
    outer loop
      vertex 41.0692 42.1431 23
      vertex 39.7151 42.9249 22.9781
      vertex 41.0318 42.0697 23
    endloop
  endfacet
  facet normal 0.0272803 0.0336955 0.99906
    outer loop
      vertex 45.3519 45.7503 22.8697
      vertex 44.0351 44.8951 22.9345
      vertex 44.3513 44.6391 22.9345
    endloop
  endfacet
  facet normal 0.022056 0.0178568 0.999597
    outer loop
      vertex 44.6391 44.3513 22.9345
      vertex 43.4962 43.3223 22.9781
      vertex 44.8951 44.0351 22.9345
    endloop
  endfacet
  facet normal 0.0419296 0.0419296 0.99824
    outer loop
      vertex 46.3129 46.8177 22.7845
      vertex 45.7503 45.3519 22.8697
      vertex 46.8177 46.3129 22.7845
    endloop
  endfacet
  facet normal 0.0419296 0.0419296 0.99824
    outer loop
      vertex 45.7503 45.3519 22.8697
      vertex 46.3129 46.8177 22.7845
      vertex 45.3519 45.7503 22.8697
    endloop
  endfacet
  facet normal 0.0323007 0.0497305 0.99824
    outer loop
      vertex 45.1596 47.6556 22.7845
      vertex 44.914 46.1049 22.8697
      vertex 45.7582 47.2668 22.7845
    endloop
  endfacet
  facet normal 0.0418955 0.0645026 0.997038
    outer loop
      vertex 46.5586 48.3684 22.6796
      vertex 45.1596 47.6556 22.7845
      vertex 45.7582 47.2668 22.7845
    endloop
  endfacet
  facet normal 0.00148528 0.0283389 0.999597
    outer loop
      vertex 41.75 45.6376 22.9345
      vertex 41.75 44.0997 22.9781
      vertex 42.1564 45.6163 22.9345
    endloop
  endfacet
  facet normal -0.00226978 0.043295 0.99906
    outer loop
      vertex 41.75 47.1329 22.8697
      vertex 41.1873 47.1034 22.8697
      vertex 41.75 45.6376 22.9345
    endloop
  endfacet
  facet normal 0.00362929 0.0135459 0.999902
    outer loop
      vertex 42.4761 43.9847 22.9781
      vertex 41.9134 42.5189 23
      vertex 41.9929 42.4976 23
    endloop
  endfacet
  facet normal 0.00501339 0.0130962 0.999902
    outer loop
      vertex 42.4761 43.9847 22.9781
      vertex 41.9929 42.4976 23
      vertex 42.0697 42.4682 23
    endloop
  endfacet
  facet normal -0.0120365 0.0759736 0.997037
    outer loop
      vertex 40.8949 49.886 22.6796
      vertex 40.0491 49.752 22.6796
      vertex 40.3322 48.4202 22.7845
    endloop
  endfacet
  facet normal -0.0308853 0.115235 0.992858
    outer loop
      vertex 39.5417 52.1391 22.4162
      vertex 38.4679 51.8513 22.4162
      vertex 38.8289 50.7401 22.5564
    endloop
  endfacet
  facet normal 0.015455 0.0237999 0.999597
    outer loop
      vertex 43.6938 45.1168 22.9345
      vertex 42.9249 43.7849 22.9781
      vertex 43.1311 43.651 22.9781
    endloop
  endfacet
  facet normal 0.0128842 0.025284 0.999597
    outer loop
      vertex 43.6938 45.1168 22.9345
      vertex 42.7057 43.8966 22.9781
      vertex 42.9249 43.7849 22.9781
    endloop
  endfacet
  facet normal -0.00883073 0.0108935 0.999902
    outer loop
      vertex 41.2879 42.386 23
      vertex 40.1777 43.4962 22.9781
      vertex 41.224 42.3342 23
    endloop
  endfacet
  facet normal -0.0088246 0.0108996 0.999902
    outer loop
      vertex 40.3689 43.651 22.9781
      vertex 40.1777 43.4962 22.9781
      vertex 41.2879 42.386 23
    endloop
  endfacet
  facet normal 0.0178568 0.022056 0.999597
    outer loop
      vertex 44.0351 44.8951 22.9345
      vertex 43.3223 43.4962 22.9781
      vertex 44.3513 44.6391 22.9345
    endloop
  endfacet
  facet normal 0.0108996 0.0088246 0.999902
    outer loop
      vertex 43.4962 43.3223 22.9781
      vertex 42.386 42.2121 23
      vertex 43.651 43.1311 22.9781
    endloop
  endfacet
  facet normal 0.0220559 0.017857 0.999597
    outer loop
      vertex 44.8951 44.0351 22.9345
      vertex 43.4962 43.3223 22.9781
      vertex 43.651 43.1311 22.9781
    endloop
  endfacet
  facet normal 0.0237984 0.0154589 0.999597
    outer loop
      vertex 44.8951 44.0351 22.9345
      vertex 43.651 43.1311 22.9781
      vertex 45.1168 43.6938 22.9345
    endloop
  endfacet
  facet normal 0.0363557 0.0236158 0.99906
    outer loop
      vertex 46.1049 44.914 22.8697
      vertex 44.8951 44.0351 22.9345
      vertex 45.1168 43.6938 22.9345
    endloop
  endfacet
  facet normal 0.0386317 0.0196781 0.99906
    outer loop
      vertex 46.6675 43.9394 22.8697
      vertex 45.1168 43.6938 22.9345
      vertex 45.3015 43.3312 22.9345
    endloop
  endfacet
  facet normal 0.0264946 0.0101682 0.999597
    outer loop
      vertex 45.3015 43.3312 22.9345
      vertex 43.8966 42.7057 22.9781
      vertex 45.4473 42.9513 22.9345
    endloop
  endfacet
  facet normal 0.0101682 -0.0264946 0.999597
    outer loop
      vertex 43.3312 38.1985 22.9345
      vertex 42.7057 39.6034 22.9781
      vertex 42.9513 38.0527 22.9345
    endloop
  endfacet
  facet normal -0.00220033 0.0138501 0.999902
    outer loop
      vertex 41.6678 42.5318 23
      vertex 41.5044 44.0869 22.9781
      vertex 41.5866 42.5189 23
    endloop
  endfacet
  facet normal 0.0252869 0.0128806 0.999597
    outer loop
      vertex 45.1168 43.6938 22.9345
      vertex 43.8966 42.7057 22.9781
      vertex 45.3015 43.3312 22.9345
    endloop
  endfacet
  facet normal 0.025284 0.0128842 0.999597
    outer loop
      vertex 45.1168 43.6938 22.9345
      vertex 43.7849 42.9249 22.9781
      vertex 43.8966 42.7057 22.9781
    endloop
  endfacet
  facet normal -0.00734865 0.0274103 0.999597
    outer loop
      vertex 41.2615 44.0484 22.9781
      vertex 40.5487 45.4473 22.9345
      vertex 41.0239 43.9847 22.9781
    endloop
  endfacet
  facet normal -0.00677644 0.0428215 0.99906
    outer loop
      vertex 41.1873 47.1034 22.8697
      vertex 40.9417 45.5527 22.9345
      vertex 41.3436 45.6163 22.9345
    endloop
  endfacet
  facet normal -0.0386317 0.0196781 0.99906
    outer loop
      vertex 38.3832 43.6938 22.9345
      vertex 36.8325 43.9394 22.8697
      vertex 38.1985 43.3312 22.9345
    endloop
  endfacet
  facet normal -0.0497329 0.0322853 0.998241
    outer loop
      vertex 37.3951 44.914 22.8697
      vertex 35.8444 45.1596 22.7845
      vertex 37.0883 44.4414 22.8697
    endloop
  endfacet
  facet normal 0.00735096 0.0274092 0.999597
    outer loop
      vertex 42.5583 45.5527 22.9345
      vertex 42.2385 44.0484 22.9781
      vertex 42.9513 45.4473 22.9345
    endloop
  endfacet
  facet normal -0.00147706 0.0283411 0.999597
    outer loop
      vertex 41.75 44.0997 22.9781
      vertex 41.3436 45.6163 22.9345
      vertex 41.5044 44.0869 22.9781
    endloop
  endfacet
  facet normal -0.00636693 -0.0124955 0.999902
    outer loop
      vertex 41.3569 41.0692 23
      vertex 40.5751 39.7151 22.9781
      vertex 41.4303 41.0318 23
    endloop
  endfacet
  facet normal 0.0117623 -0.00763695 0.999902
    outer loop
      vertex 42.4308 41.3569 23
      vertex 42.386 41.2879 23
      vertex 43.7849 40.5751 22.9781
    endloop
  endfacet
  facet normal -0.00636693 0.0124955 0.999902
    outer loop
      vertex 41.4303 42.4682 23
      vertex 40.5751 43.7849 22.9781
      vertex 41.3569 42.4308 23
    endloop
  endfacet
  facet normal -0.00072989 0.0140048 0.999902
    outer loop
      vertex 41.75 44.0997 22.9781
      vertex 41.5044 44.0869 22.9781
      vertex 41.75 42.5361 23
    endloop
  endfacet
  facet normal 0.0088246 -0.0108996 0.999902
    outer loop
      vertex 43.3223 40.0038 22.9781
      vertex 42.2121 41.114 23
      vertex 43.1311 39.849 22.9781
    endloop
  endfacet
  facet normal 0.00624547 0.119136 0.992858
    outer loop
      vertex 42.8602 52.313 22.4162
      vertex 41.75 52.3712 22.4162
      vertex 42.7381 51.151 22.5564
    endloop
  endfacet
  facet normal 0.00768003 0.146501 0.989181
    outer loop
      vertex 42.9702 53.3592 22.2604
      vertex 41.75 52.3712 22.4162
      vertex 42.8602 52.313 22.4162
    endloop
  endfacet
  facet normal -0.0120258 0.0759696 0.997038
    outer loop
      vertex 40.8949 49.886 22.6796
      vertex 40.3322 48.4202 22.7845
      vertex 41.0372 48.5318 22.7845
    endloop
  endfacet
  facet normal -0.003107 0.0592157 0.99824
    outer loop
      vertex 41.75 48.5692 22.7845
      vertex 41.0372 48.5318 22.7845
      vertex 41.1873 47.1034 22.8697
    endloop
  endfacet
  facet normal 0.00363142 0.0135451 0.999902
    outer loop
      vertex 42.2385 44.0484 22.9781
      vertex 41.9134 42.5189 23
      vertex 42.4761 43.9847 22.9781
    endloop
  endfacet
  facet normal 0.0269204 0.0528305 0.998241
    outer loop
      vertex 45.1596 47.6556 22.7845
      vertex 43.9394 46.6675 22.8697
      vertex 44.4414 46.4117 22.8697
    endloop
  endfacet
  facet normal -0.0449202 0.283688 0.957864
    outer loop
      vertex 40.2842 55.6961 21.7177
      vertex 38.9674 54.841 21.9092
      vertex 40.3511 55.0601 21.9092
    endloop
  endfacet
  facet normal -0.0352445 0.222583 0.974277
    outer loop
      vertex 40.3511 55.0601 21.9092
      vertex 38.9674 54.841 21.9092
      vertex 39.1309 54.072 22.0908
    endloop
  endfacet
  facet normal -0.00768003 0.146501 0.989181
    outer loop
      vertex 41.75 52.3712 22.4162
      vertex 40.5298 53.3592 22.2604
      vertex 40.6398 52.313 22.4162
    endloop
  endfacet
  facet normal -0.00946766 0.180507 0.983528
    outer loop
      vertex 41.75 54.3473 22.0908
      vertex 40.5298 53.3592 22.2604
      vertex 41.75 53.4232 22.2604
    endloop
  endfacet
  facet normal 0.0583317 0.217674 0.974277
    outer loop
      vertex 44.5326 54.841 21.9092
      vertex 44.3691 54.072 22.0908
      vertex 45.8857 54.4784 21.9092
    endloop
  endfacet
  facet normal 0.0352445 0.222583 0.974277
    outer loop
      vertex 44.5326 54.841 21.9092
      vertex 43.1489 55.0601 21.9092
      vertex 44.3691 54.072 22.0908
    endloop
  endfacet
  facet normal -0.0379649 0.141702 0.989181
    outer loop
      vertex 39.323 53.1681 22.2604
      vertex 38.1428 52.8519 22.2604
      vertex 39.5417 52.1391 22.4162
    endloop
  endfacet
  facet normal -0.0750761 0.0927076 0.992859
    outer loop
      vertex 35.507 50.3427 22.4162
      vertex 34.6431 49.6431 22.4162
      vertex 36.1938 49.3974 22.5564
    endloop
  endfacet
  facet normal -0.140478 0.113746 0.983528
    outer loop
      vertex 32.3884 50.1793 22.0908
      vertex 32.3062 48.6113 22.2604
      vertex 33.0751 49.5609 22.2604
    endloop
  endfacet
  facet normal -0.0649717 0.100049 0.992859
    outer loop
      vertex 36.4394 50.9482 22.4162
      vertex 35.507 50.3427 22.4162
      vertex 36.1938 49.3974 22.5564
    endloop
  endfacet
  facet normal -0.058568 0.00927118 0.99824
    outer loop
      vertex 35.0798 43.1678 22.7845
      vertex 34.9682 42.4628 22.7845
      vertex 36.3966 42.3127 22.8697
    endloop
  endfacet
  facet normal -0.0759736 0.0120365 0.997037
    outer loop
      vertex 33.748 43.4509 22.6796
      vertex 33.614 42.6051 22.6796
      vertex 35.0798 43.1678 22.7845
    endloop
  endfacet
  facet normal -0.0592157 -0.003107 0.99824
    outer loop
      vertex 36.3966 41.1873 22.8697
      vertex 34.9308 41.75 22.7845
      vertex 34.9682 41.0372 22.7845
    endloop
  endfacet
  facet normal -0.0768097 -0.00403014 0.997038
    outer loop
      vertex 34.9308 41.75 22.7845
      vertex 33.614 40.8949 22.6796
      vertex 34.9682 41.0372 22.7845
    endloop
  endfacet
  facet normal -0.0528293 0.0269214 0.998241
    outer loop
      vertex 35.8444 45.1596 22.7845
      vertex 35.5203 44.5236 22.7845
      vertex 36.8325 43.9394 22.8697
    endloop
  endfacet
  facet normal -0.0553553 0.0212476 0.998241
    outer loop
      vertex 36.8325 43.9394 22.8697
      vertex 35.5203 44.5236 22.7845
      vertex 36.6306 43.4134 22.8697
    endloop
  endfacet
  facet normal -0.119136 0.00624558 0.992858
    outer loop
      vertex 32.349 42.7381 22.5564
      vertex 31.1288 41.75 22.4162
      vertex 32.2972 41.75 22.5564
    endloop
  endfacet
  facet normal -0.119136 -0.00624558 0.992858
    outer loop
      vertex 32.2972 41.75 22.5564
      vertex 31.1288 41.75 22.4162
      vertex 32.349 40.7619 22.5564
    endloop
  endfacet
  facet normal -0.144896 0.0229447 0.989181
    outer loop
      vertex 30.3319 44.177 22.2604
      vertex 30.1408 42.9702 22.2604
      vertex 31.187 42.8602 22.4162
    endloop
  endfacet
  facet normal -0.146501 0.00768003 0.989181
    outer loop
      vertex 31.187 42.8602 22.4162
      vertex 30.1408 42.9702 22.2604
      vertex 31.1288 41.75 22.4162
    endloop
  endfacet
  facet normal -0.0953484 0.0151043 0.995329
    outer loop
      vertex 32.5038 43.7153 22.5564
      vertex 32.349 42.7381 22.5564
      vertex 33.614 42.6051 22.6796
    endloop
  endfacet
  facet normal -0.0953469 0.0151058 0.995329
    outer loop
      vertex 33.748 43.4509 22.6796
      vertex 32.5038 43.7153 22.5564
      vertex 33.614 42.6051 22.6796
    endloop
  endfacet
  facet normal -0.268157 0.102932 0.95786
    outer loop
      vertex 29.5236 47.1935 21.9092
      vertex 28.9394 47.4536 21.7177
      vertex 29.0216 45.8857 21.9092
    endloop
  endfacet
  facet normal -0.210414 0.0807812 0.974269
    outer loop
      vertex 30.2418 46.8738 22.0908
      vertex 29.0216 45.8857 21.9092
      vertex 29.7692 45.6428 22.0908
    endloop
  endfacet
  facet normal -0.175142 0.141826 0.974274
    outer loop
      vertex 31.8042 50.7053 21.9092
      vertex 30.9226 49.6166 21.9092
      vertex 31.5586 49.1545 22.0908
    endloop
  endfacet
  facet normal -0.223209 0.180748 0.957866
    outer loop
      vertex 31.8042 50.7053 21.9092
      vertex 30.4052 49.9925 21.7177
      vertex 30.9226 49.6166 21.9092
    endloop
  endfacet
  facet normal -0.115235 0.0308853 0.992858
    outer loop
      vertex 31.6487 45.0321 22.4162
      vertex 31.3609 43.9583 22.4162
      vertex 32.7599 44.6711 22.5564
    endloop
  endfacet
  facet normal -0.111379 0.0427532 0.992858
    outer loop
      vertex 32.0471 46.07 22.4162
      vertex 31.6487 45.0321 22.4162
      vertex 32.7599 44.6711 22.5564
    endloop
  endfacet
  facet normal -0.496492 0.190619 0.846853
    outer loop
      vertex 28.197 47.7842 21.3133
      vertex 27.9513 46.2335 21.5183
      vertex 28.4956 47.6512 21.5183
    endloop
  endfacet
  facet normal -0.3549 0.136258 0.924921
    outer loop
      vertex 28.4956 47.6512 21.5183
      vertex 27.9513 46.2335 21.5183
      vertex 28.9394 47.4536 21.7177
    endloop
  endfacet
  facet normal -0.127811 0.127811 0.983529
    outer loop
      vertex 33.3207 51.1116 22.0908
      vertex 33.0751 49.5609 22.2604
      vertex 33.9391 50.4249 22.2604
    endloop
  endfacet
  facet normal -0.127811 0.127811 0.983529
    outer loop
      vertex 33.0751 49.5609 22.2604
      vertex 33.3207 51.1116 22.0908
      vertex 32.3884 50.1793 22.0908
    endloop
  endfacet
  facet normal -0.0809649 0.0525813 0.995329
    outer loop
      vertex 34.1026 47.3062 22.5564
      vertex 33.5637 46.4764 22.5564
      vertex 34.6652 45.8404 22.6796
    endloop
  endfacet
  facet normal -0.0798977 0.123033 0.989181
    outer loop
      vertex 36.4394 50.9482 22.4162
      vertex 34.8887 51.1938 22.2604
      vertex 35.507 50.3427 22.4162
    endloop
  endfacet
  facet normal -0.0278396 0.531088 0.846859
    outer loop
      vertex 41.75 56.2588 21.5183
      vertex 40.1993 56.5044 21.3133
      vertex 40.2334 56.1793 21.5183
    endloop
  endfacet
  facet normal -0.0832094 0.525277 0.846853
    outer loop
      vertex 40.1993 56.5044 21.3133
      vertex 38.7335 55.9417 21.5183
      vertex 40.2334 56.1793 21.5183
    endloop
  endfacet
  facet normal -0.0150286 0.286834 0.957862
    outer loop
      vertex 41.75 55.7729 21.7177
      vertex 40.2842 55.6961 21.7177
      vertex 41.75 55.1334 21.9092
    endloop
  endfacet
  facet normal 0.0150286 0.286834 0.957862
    outer loop
      vertex 41.75 55.7729 21.7177
      vertex 41.75 55.1334 21.9092
      vertex 43.2158 55.6961 21.7177
    endloop
  endfacet
  facet normal -0.0467699 0.174592 0.983529
    outer loop
      vertex 39.1309 54.072 22.0908
      vertex 37.8572 53.7308 22.0908
      vertex 38.1428 52.8519 22.2604
    endloop
  endfacet
  facet normal -0.0467787 0.174599 0.983528
    outer loop
      vertex 39.1309 54.072 22.0908
      vertex 38.1428 52.8519 22.2604
      vertex 39.323 53.1681 22.2604
    endloop
  endfacet
  facet normal -0.136211 0.354849 0.924948
    outer loop
      vertex 37.2665 55.5487 21.5183
      vertex 36.0464 54.5606 21.7177
      vertex 37.4167 55.0866 21.7177
    endloop
  endfacet
  facet normal -0.102933 0.268153 0.957861
    outer loop
      vertex 37.4167 55.0866 21.7177
      vertex 36.0464 54.5606 21.7177
      vertex 37.6143 54.4784 21.9092
    endloop
  endfacet
  facet normal -0.334722 0.413325 0.846831
    outer loop
      vertex 33.0298 53.7523 21.3133
      vertex 31.823 52.775 21.3133
      vertex 32.0417 52.5321 21.5183
    endloop
  endfacet
  facet normal -0.334612 0.41325 0.846912
    outer loop
      vertex 33.0298 53.7523 21.3133
      vertex 32.0417 52.5321 21.5183
      vertex 33.222 53.4878 21.5183
    endloop
  endfacet
  facet normal -0.22507 -0.0117936 0.974271
    outer loop
      vertex 29.1527 41.75 22.0908
      vertex 28.4399 40.3511 21.9092
      vertex 29.2217 40.4332 22.0908
    endloop
  endfacet
  facet normal -0.180495 -0.0094579 0.98353
    outer loop
      vertex 30.1408 40.5298 22.2604
      vertex 29.1527 41.75 22.0908
      vertex 29.2217 40.4332 22.0908
    endloop
  endfacet
  facet normal -0.0682613 -0.0682613 0.995329
    outer loop
      vertex 35.6705 36.276 22.6796
      vertex 35.4249 34.7252 22.5564
      vertex 36.276 35.6705 22.6796
    endloop
  endfacet
  facet normal -0.0682613 -0.0682613 0.995329
    outer loop
      vertex 35.4249 34.7252 22.5564
      vertex 35.6705 36.276 22.6796
      vertex 34.7252 35.4249 22.5564
    endloop
  endfacet
  facet normal -0.114006 -0.0923239 0.989181
    outer loop
      vertex 33.1573 35.507 22.4162
      vertex 32.3062 34.8887 22.2604
      vertex 33.8569 34.6431 22.4162
    endloop
  endfacet
  facet normal -0.0927076 -0.0750761 0.992859
    outer loop
      vertex 34.1026 36.1938 22.5564
      vertex 33.1573 35.507 22.4162
      vertex 33.8569 34.6431 22.4162
    endloop
  endfacet
  facet normal -0.0750761 -0.0927076 0.992859
    outer loop
      vertex 36.1938 34.1026 22.5564
      vertex 34.6431 33.8569 22.4162
      vertex 35.507 33.1573 22.4162
    endloop
  endfacet
  facet normal -0.0750747 -0.092716 0.992858
    outer loop
      vertex 35.4249 34.7252 22.5564
      vertex 34.6431 33.8569 22.4162
      vertex 36.1938 34.1026 22.5564
    endloop
  endfacet
  facet normal -0.0809674 -0.0525803 0.995329
    outer loop
      vertex 34.6652 37.6596 22.6796
      vertex 34.1026 36.1938 22.5564
      vertex 35.1316 36.9414 22.6796
    endloop
  endfacet
  facet normal -0.064509 -0.0418922 0.997037
    outer loop
      vertex 35.8444 38.3404 22.7845
      vertex 34.6652 37.6596 22.6796
      vertex 35.1316 36.9414 22.6796
    endloop
  endfacet
  facet normal -0.0363557 -0.0236158 0.99906
    outer loop
      vertex 38.3832 39.8062 22.9345
      vertex 37.3951 38.586 22.8697
      vertex 38.6049 39.4649 22.9345
    endloop
  endfacet
  facet normal -0.0336918 -0.0272827 0.99906
    outer loop
      vertex 38.6049 39.4649 22.9345
      vertex 37.3951 38.586 22.8697
      vertex 37.7497 38.1481 22.8697
    endloop
  endfacet
  facet normal -0.0237999 -0.015455 0.999597
    outer loop
      vertex 39.7151 40.5751 22.9781
      vertex 38.3832 39.8062 22.9345
      vertex 39.849 40.3689 22.9781
    endloop
  endfacet
  facet normal -0.0117618 -0.00763778 0.999902
    outer loop
      vertex 41.114 41.2879 23
      vertex 39.7151 40.5751 22.9781
      vertex 39.849 40.3689 22.9781
    endloop
  endfacet
  facet normal -0.0264946 -0.0101682 0.999597
    outer loop
      vertex 39.6034 40.7943 22.9781
      vertex 38.0527 40.5487 22.9345
      vertex 38.1985 40.1688 22.9345
    endloop
  endfacet
  facet normal -0.0404766 -0.0155343 0.99906
    outer loop
      vertex 38.0527 40.5487 22.9345
      vertex 36.8325 39.5606 22.8697
      vertex 38.1985 40.1688 22.9345
    endloop
  endfacet
  facet normal -0.00403014 -0.0768097 0.997038
    outer loop
      vertex 41.0372 34.9682 22.7845
      vertex 40.8949 33.614 22.6796
      vertex 41.75 34.9308 22.7845
    endloop
  endfacet
  facet normal -0.00402438 -0.0768135 0.997037
    outer loop
      vertex 41.75 34.9308 22.7845
      vertex 40.8949 33.614 22.6796
      vertex 41.75 33.5692 22.6796
    endloop
  endfacet
  facet normal 0.0196781 -0.0386317 0.99906
    outer loop
      vertex 43.6938 38.3832 22.9345
      vertex 43.3312 38.1985 22.9345
      vertex 43.9394 36.8325 22.8697
    endloop
  endfacet
  facet normal 0.0269204 -0.0528305 0.998241
    outer loop
      vertex 44.4414 37.0883 22.8697
      vertex 43.9394 36.8325 22.8697
      vertex 45.1596 35.8444 22.7845
    endloop
  endfacet
  facet normal -0.144896 -0.0229447 0.989181
    outer loop
      vertex 31.187 40.6398 22.4162
      vertex 30.1408 40.5298 22.2604
      vertex 30.3319 39.323 22.2604
    endloop
  endfacet
  facet normal -0.178532 -0.0282711 0.983528
    outer loop
      vertex 30.1408 40.5298 22.2604
      vertex 29.428 39.1309 22.0908
      vertex 30.3319 39.323 22.2604
    endloop
  endfacet
  facet normal -0.130703 -0.0665942 0.989182
    outer loop
      vertex 32.0471 37.43 22.4162
      vertex 31.086 37.0021 22.2604
      vertex 31.6407 35.9134 22.2604
    endloop
  endfacet
  facet normal -0.16105 -0.0820561 0.983529
    outer loop
      vertex 31.086 37.0021 22.2604
      vertex 30.8404 35.4513 22.0908
      vertex 31.6407 35.9134 22.2604
    endloop
  endfacet
  facet normal -0.141702 -0.0379649 0.989181
    outer loop
      vertex 31.3609 39.5417 22.4162
      vertex 30.3319 39.323 22.2604
      vertex 30.6481 38.1428 22.2604
    endloop
  endfacet
  facet normal -0.174599 -0.0467787 0.983528
    outer loop
      vertex 30.3319 39.323 22.2604
      vertex 29.428 39.1309 22.0908
      vertex 30.6481 38.1428 22.2604
    endloop
  endfacet
  facet normal -0.00768381 -0.146497 0.989181
    outer loop
      vertex 41.75 31.1288 22.4162
      vertex 40.5298 30.1408 22.2604
      vertex 41.75 30.0768 22.2604
    endloop
  endfacet
  facet normal -0.00768003 -0.146501 0.989181
    outer loop
      vertex 40.6398 31.187 22.4162
      vertex 40.5298 30.1408 22.2604
      vertex 41.75 31.1288 22.4162
    endloop
  endfacet
  facet normal -0.102322 -0.200815 0.974271
    outer loop
      vertex 35.4513 30.8404 22.0908
      vertex 35.0583 30.1596 21.9092
      vertex 36.3065 29.5236 21.9092
    endloop
  endfacet
  facet normal -0.102309 -0.200807 0.974274
    outer loop
      vertex 36.6262 30.2418 22.0908
      vertex 35.4513 30.8404 22.0908
      vertex 36.3065 29.5236 21.9092
    endloop
  endfacet
  facet normal -0.141828 -0.175157 0.974272
    outer loop
      vertex 33.3207 32.3884 22.0908
      vertex 32.7947 31.8042 21.9092
      vertex 34.3455 31.5586 22.0908
    endloop
  endfacet
  facet normal 0.168746 0.0647796 0.983528
    outer loop
      vertex 53.2582 46.8738 22.0908
      vertex 52.414 46.4979 22.2604
      vertex 52.8519 45.3572 22.2604
    endloop
  endfacet
  facet normal 0.136946 0.0525719 0.989182
    outer loop
      vertex 52.414 46.4979 22.2604
      vertex 51.4529 46.07 22.4162
      vertex 52.8519 45.3572 22.2604
    endloop
  endfacet
  facet normal 0.0543914 -0.0543914 0.997037
    outer loop
      vertex 46.8177 37.1871 22.7845
      vertex 47.224 35.6705 22.6796
      vertex 47.8295 36.276 22.6796
    endloop
  endfacet
  facet normal 0.0543914 -0.0543914 0.997037
    outer loop
      vertex 47.224 35.6705 22.6796
      vertex 46.8177 37.1871 22.7845
      vertex 46.3129 36.6823 22.7845
    endloop
  endfacet
  facet normal 0.0135451 -0.00363142 0.999902
    outer loop
      vertex 44.0484 41.2615 22.9781
      vertex 42.5189 41.5866 23
      vertex 43.9847 41.0239 22.9781
    endloop
  endfacet
  facet normal 0.0283411 -0.00147706 0.999597
    outer loop
      vertex 44.0997 41.75 22.9781
      vertex 44.0869 41.5044 22.9781
      vertex 45.6163 41.3436 22.9345
    endloop
  endfacet
  facet normal 0.0280293 -0.00444269 0.999597
    outer loop
      vertex 44.0869 41.5044 22.9781
      vertex 44.0484 41.2615 22.9781
      vertex 45.6163 41.3436 22.9345
    endloop
  endfacet
  facet normal 0.0283389 -0.00148528 0.999597
    outer loop
      vertex 45.6376 41.75 22.9345
      vertex 44.0997 41.75 22.9781
      vertex 45.6163 41.3436 22.9345
    endloop
  endfacet
  facet normal 0.0138504 -0.0021953 0.999902
    outer loop
      vertex 44.0869 41.5044 22.9781
      vertex 42.5189 41.5866 23
      vertex 44.0484 41.2615 22.9781
    endloop
  endfacet
  facet normal -0.000732587 -0.0140043 0.999902
    outer loop
      vertex 41.6678 40.9682 23
      vertex 41.5044 39.4131 22.9781
      vertex 41.75 40.9639 23
    endloop
  endfacet
  facet normal 0.0124955 -0.00636693 0.999902
    outer loop
      vertex 42.4682 41.4303 23
      vertex 42.4308 41.3569 23
      vertex 43.7849 40.5751 22.9781
    endloop
  endfacet
  facet normal 0.0155343 -0.0404766 0.99906
    outer loop
      vertex 43.3312 38.1985 22.9345
      vertex 42.9513 38.0527 22.9345
      vertex 43.9394 36.8325 22.8697
    endloop
  endfacet
  facet normal 0.00763695 0.0117623 0.999902
    outer loop
      vertex 42.9249 43.7849 22.9781
      vertex 42.1431 42.4308 23
      vertex 42.2121 42.386 23
    endloop
  endfacet
  facet normal -0.00734865 -0.0274103 0.999597
    outer loop
      vertex 41.0239 39.5153 22.9781
      vertex 40.5487 38.0527 22.9345
      vertex 41.2615 39.4516 22.9781
    endloop
  endfacet
  facet normal 0.000732587 -0.0140043 0.999902
    outer loop
      vertex 41.8322 40.9682 23
      vertex 41.75 40.9639 23
      vertex 41.9956 39.4131 22.9781
    endloop
  endfacet
  facet normal 0.00147706 -0.0283411 0.999597
    outer loop
      vertex 41.9956 39.4131 22.9781
      vertex 41.75 39.4003 22.9781
      vertex 42.1564 37.8837 22.9345
    endloop
  endfacet
  facet normal 0.015536 0.0404753 0.99906
    outer loop
      vertex 43.4134 46.8694 22.8697
      vertex 42.9513 45.4473 22.9345
      vertex 43.9394 46.6675 22.8697
    endloop
  endfacet
  facet normal 0.0322853 0.0497329 0.998241
    outer loop
      vertex 45.1596 47.6556 22.7845
      vertex 44.4414 46.4117 22.8697
      vertex 44.914 46.1049 22.8697
    endloop
  endfacet
  facet normal 0.0112308 0.0418757 0.99906
    outer loop
      vertex 42.8692 47.0153 22.8697
      vertex 42.5583 45.5527 22.9345
      vertex 42.9513 45.4473 22.9345
    endloop
  endfacet
  facet normal 0.00147706 0.0283411 0.999597
    outer loop
      vertex 42.1564 45.6163 22.9345
      vertex 41.75 44.0997 22.9781
      vertex 41.9956 44.0869 22.9781
    endloop
  endfacet
  facet normal -0.0923239 0.114006 0.989181
    outer loop
      vertex 34.8887 51.1938 22.2604
      vertex 34.6431 49.6431 22.4162
      vertex 35.507 50.3427 22.4162
    endloop
  endfacet
  facet normal 0.00505083 0.0964054 0.995329
    outer loop
      vertex 42.7381 51.151 22.5564
      vertex 41.75 49.9308 22.6796
      vertex 42.6051 49.886 22.6796
    endloop
  endfacet
  facet normal 0.00624558 0.119136 0.992858
    outer loop
      vertex 41.75 52.3712 22.4162
      vertex 41.75 51.2028 22.5564
      vertex 42.7381 51.151 22.5564
    endloop
  endfacet
  facet normal -0.0151058 0.0953469 0.995329
    outer loop
      vertex 40.8949 49.886 22.6796
      vertex 39.7847 50.9962 22.5564
      vertex 40.0491 49.752 22.6796
    endloop
  endfacet
  facet normal 0.0236158 0.0363557 0.99906
    outer loop
      vertex 44.914 46.1049 22.8697
      vertex 43.6938 45.1168 22.9345
      vertex 44.0351 44.8951 22.9345
    endloop
  endfacet
  facet normal 0.0269214 0.0528293 0.998241
    outer loop
      vertex 44.5236 47.9797 22.7845
      vertex 43.9394 46.6675 22.8697
      vertex 45.1596 47.6556 22.7845
    endloop
  endfacet
  facet normal -0.0249833 0.0932479 0.995329
    outer loop
      vertex 39.7847 50.9962 22.5564
      vertex 39.222 49.5304 22.6796
      vertex 40.0491 49.752 22.6796
    endloop
  endfacet
  facet normal -0.00927187 0.0585675 0.99824
    outer loop
      vertex 41.1873 47.1034 22.8697
      vertex 40.3322 48.4202 22.7845
      vertex 40.6308 47.0153 22.8697
    endloop
  endfacet
  facet normal -0.0196781 0.0386317 0.99906
    outer loop
      vertex 40.1688 45.3015 22.9345
      vertex 39.5606 46.6675 22.8697
      vertex 39.8062 45.1168 22.9345
    endloop
  endfacet
  facet normal -0.00735096 0.0274092 0.999597
    outer loop
      vertex 40.9417 45.5527 22.9345
      vertex 40.5487 45.4473 22.9345
      vertex 41.2615 44.0484 22.9781
    endloop
  endfacet
  facet normal -0.0750294 0.0607534 0.995329
    outer loop
      vertex 34.7252 48.0751 22.5564
      vertex 34.1026 47.3062 22.5564
      vertex 35.1316 46.5586 22.6796
    endloop
  endfacet
  facet normal -0.0597781 0.0483979 0.997038
    outer loop
      vertex 36.6823 46.3129 22.7845
      vertex 35.1316 46.5586 22.6796
      vertex 36.2332 45.7582 22.7845
    endloop
  endfacet
  facet normal 0.0108935 -0.00883073 0.999902
    outer loop
      vertex 42.386 41.2879 23
      vertex 42.3342 41.224 23
      vertex 43.4962 40.1777 22.9781
    endloop
  endfacet
  facet normal 0.00501339 -0.0130962 0.999902
    outer loop
      vertex 42.0697 41.0318 23
      vertex 41.9929 41.0024 23
      vertex 42.4761 39.5153 22.9781
    endloop
  endfacet
  facet normal 0.0130934 -0.00502406 0.999902
    outer loop
      vertex 43.9847 41.0239 22.9781
      vertex 42.4682 41.4303 23
      vertex 43.8966 40.7943 22.9781
    endloop
  endfacet
  facet normal -0.0345999 0.0901243 0.995329
    outer loop
      vertex 38.8289 50.7401 22.5564
      vertex 38.4226 49.2235 22.6796
      vertex 39.222 49.5304 22.6796
    endloop
  endfacet
  facet normal 0.00505382 0.096403 0.99533
    outer loop
      vertex 41.75 51.2028 22.5564
      vertex 41.75 49.9308 22.6796
      vertex 42.7381 51.151 22.5564
    endloop
  endfacet
  facet normal 0.0212444 0.0553585 0.998241
    outer loop
      vertex 43.8573 48.2354 22.7845
      vertex 43.4134 46.8694 22.8697
      vertex 44.5236 47.9797 22.7845
    endloop
  endfacet
  facet normal 0.0155343 0.0404766 0.99906
    outer loop
      vertex 43.9394 46.6675 22.8697
      vertex 42.9513 45.4473 22.9345
      vertex 43.3312 45.3015 22.9345
    endloop
  endfacet
  facet normal 0.00403014 0.0768097 0.997038
    outer loop
      vertex 42.6051 49.886 22.6796
      vertex 41.75 48.5692 22.7845
      vertex 42.4628 48.5318 22.7845
    endloop
  endfacet
  facet normal 0.00677644 0.0428215 0.99906
    outer loop
      vertex 42.3127 47.1034 22.8697
      vertex 42.1564 45.6163 22.9345
      vertex 42.5583 45.5527 22.9345
    endloop
  endfacet
  facet normal -0.00768381 0.146497 0.989181
    outer loop
      vertex 41.75 53.4232 22.2604
      vertex 40.5298 53.3592 22.2604
      vertex 41.75 52.3712 22.4162
    endloop
  endfacet
  facet normal 0.00768381 0.146497 0.989181
    outer loop
      vertex 41.75 53.4232 22.2604
      vertex 41.75 52.3712 22.4162
      vertex 42.9702 53.3592 22.2604
    endloop
  endfacet
  facet normal -0.106298 0.0541579 0.992858
    outer loop
      vertex 32.5518 47.0606 22.4162
      vertex 32.0471 46.07 22.4162
      vertex 33.1145 45.5948 22.5564
    endloop
  endfacet
  facet normal -0.064509 0.0418922 0.997037
    outer loop
      vertex 35.1316 46.5586 22.6796
      vertex 34.6652 45.8404 22.6796
      vertex 35.8444 45.1596 22.7845
    endloop
  endfacet
  facet normal -0.0809674 0.0525803 0.995329
    outer loop
      vertex 35.1316 46.5586 22.6796
      vertex 34.1026 47.3062 22.5564
      vertex 34.6652 45.8404 22.6796
    endloop
  endfacet
  facet normal -0.0860185 0.0438288 0.995329
    outer loop
      vertex 33.5637 46.4764 22.5564
      vertex 33.1145 45.5948 22.5564
      vertex 34.6652 45.8404 22.6796
    endloop
  endfacet
  facet normal -0.0768097 0.00403014 0.997038
    outer loop
      vertex 34.9682 42.4628 22.7845
      vertex 33.614 42.6051 22.6796
      vertex 34.9308 41.75 22.7845
    endloop
  endfacet
  facet normal -0.0592157 0.003107 0.99824
    outer loop
      vertex 34.9682 42.4628 22.7845
      vertex 34.9308 41.75 22.7845
      vertex 36.3966 42.3127 22.8697
    endloop
  endfacet
  facet normal -0.0759696 -0.0120258 0.997038
    outer loop
      vertex 34.9682 41.0372 22.7845
      vertex 33.614 40.8949 22.6796
      vertex 35.0798 40.3322 22.7845
    endloop
  endfacet
  facet normal -0.058568 -0.00927118 0.99824
    outer loop
      vertex 36.3966 41.1873 22.8697
      vertex 34.9682 41.0372 22.7845
      vertex 35.0798 40.3322 22.7845
    endloop
  endfacet
  facet normal -0.217674 0.0583317 0.974277
    outer loop
      vertex 29.0216 45.8857 21.9092
      vertex 28.659 44.5326 21.9092
      vertex 29.428 44.3691 22.0908
    endloop
  endfacet
  facet normal -0.217712 0.0583208 0.974269
    outer loop
      vertex 29.7692 45.6428 22.0908
      vertex 29.0216 45.8857 21.9092
      vertex 29.428 44.3691 22.0908
    endloop
  endfacet
  facet normal -0.255922 0.130397 0.957862
    outer loop
      vertex 29.6058 48.7615 21.7177
      vertex 28.9394 47.4536 21.7177
      vertex 30.1596 48.4417 21.9092
    endloop
  endfacet
  facet normal -0.210399 0.0807618 0.974274
    outer loop
      vertex 29.5236 47.1935 21.9092
      vertex 29.0216 45.8857 21.9092
      vertex 30.2418 46.8738 22.0908
    endloop
  endfacet
  facet normal -0.123033 0.0798977 0.989181
    outer loop
      vertex 33.1573 47.993 22.4162
      vertex 32.3062 48.6113 22.2604
      vertex 32.5518 47.0606 22.4162
    endloop
  endfacet
  facet normal -0.100049 0.0649717 0.992859
    outer loop
      vertex 33.1573 47.993 22.4162
      vertex 32.5518 47.0606 22.4162
      vertex 34.1026 47.3062 22.5564
    endloop
  endfacet
  facet normal -0.0352633 0.222605 0.974271
    outer loop
      vertex 40.3511 55.0601 21.9092
      vertex 39.1309 54.072 22.0908
      vertex 40.4332 54.2783 22.0908
    endloop
  endfacet
  facet normal -0.0583317 0.217674 0.974277
    outer loop
      vertex 38.9674 54.841 21.9092
      vertex 37.6143 54.4784 21.9092
      vertex 39.1309 54.072 22.0908
    endloop
  endfacet
  facet normal -0.180507 -0.00946766 0.983528
    outer loop
      vertex 30.0768 41.75 22.2604
      vertex 29.1527 41.75 22.0908
      vertex 30.1408 40.5298 22.2604
    endloop
  endfacet
  facet normal -0.146497 -0.00768381 0.989181
    outer loop
      vertex 31.1288 41.75 22.4162
      vertex 30.0768 41.75 22.2604
      vertex 30.1408 40.5298 22.2604
    endloop
  endfacet
  facet normal -0.122753 -0.189021 0.97427
    outer loop
      vertex 35.4513 30.8404 22.0908
      vertex 33.8834 30.9226 21.9092
      vertex 35.0583 30.1596 21.9092
    endloop
  endfacet
  facet normal -0.122753 -0.189 0.974274
    outer loop
      vertex 34.3455 31.5586 22.0908
      vertex 33.8834 30.9226 21.9092
      vertex 35.4513 30.8404 22.0908
    endloop
  endfacet
  facet normal 0.0140043 -0.000732587 0.999902
    outer loop
      vertex 42.5361 41.75 23
      vertex 42.5318 41.6678 23
      vertex 44.0869 41.5044 22.9781
    endloop
  endfacet
  facet normal 0.0138501 -0.00220033 0.999902
    outer loop
      vertex 42.5318 41.6678 23
      vertex 42.5189 41.5866 23
      vertex 44.0869 41.5044 22.9781
    endloop
  endfacet
  facet normal -0.00763778 -0.0117618 0.999902
    outer loop
      vertex 41.2879 41.114 23
      vertex 40.3689 39.849 22.9781
      vertex 40.5751 39.7151 22.9781
    endloop
  endfacet
  facet normal 0.0135459 -0.00362929 0.999902
    outer loop
      vertex 42.5189 41.5866 23
      vertex 42.4976 41.5071 23
      vertex 43.9847 41.0239 22.9781
    endloop
  endfacet
  facet normal 0.0272803 -0.0336955 0.99906
    outer loop
      vertex 44.3513 38.8609 22.9345
      vertex 44.0351 38.6049 22.9345
      vertex 45.3519 37.7497 22.8697
    endloop
  endfacet
  facet normal 0.0117618 -0.00763778 0.999902
    outer loop
      vertex 43.7849 40.5751 22.9781
      vertex 42.386 41.2879 23
      vertex 43.651 40.3689 22.9781
    endloop
  endfacet
  facet normal 0.0306559 -0.0306559 0.99906
    outer loop
      vertex 44.6391 39.1487 22.9345
      vertex 45.3519 37.7497 22.8697
      vertex 45.7503 38.1481 22.8697
    endloop
  endfacet
  facet normal 0.0306559 -0.0306559 0.99906
    outer loop
      vertex 45.3519 37.7497 22.8697
      vertex 44.6391 39.1487 22.9345
      vertex 44.3513 38.8609 22.9345
    endloop
  endfacet
  facet normal 0.0220559 -0.017857 0.999597
    outer loop
      vertex 43.651 40.3689 22.9781
      vertex 43.4962 40.1777 22.9781
      vertex 44.8951 39.4649 22.9345
    endloop
  endfacet
  facet normal 0.0196847 -0.0386306 0.99906
    outer loop
      vertex 44.4414 37.0883 22.8697
      vertex 43.6938 38.3832 22.9345
      vertex 43.9394 36.8325 22.8697
    endloop
  endfacet
  facet normal 0.0236077 -0.0363657 0.99906
    outer loop
      vertex 44.914 37.3951 22.8697
      vertex 43.6938 38.3832 22.9345
      vertex 44.4414 37.0883 22.8697
    endloop
  endfacet
  facet normal 0.00883073 0.0108935 0.999902
    outer loop
      vertex 43.3223 43.4962 22.9781
      vertex 42.2121 42.386 23
      vertex 42.276 42.3342 23
    endloop
  endfacet
  facet normal 0.00443554 -0.028029 0.999597
    outer loop
      vertex 42.2385 39.4516 22.9781
      vertex 42.1564 37.8837 22.9345
      vertex 42.5583 37.9473 22.9345
    endloop
  endfacet
  facet normal 0.00735096 -0.0274092 0.999597
    outer loop
      vertex 42.9513 38.0527 22.9345
      vertex 42.2385 39.4516 22.9781
      vertex 42.5583 37.9473 22.9345
    endloop
  endfacet
  facet normal 0.0212476 0.0553553 0.998241
    outer loop
      vertex 44.5236 47.9797 22.7845
      vertex 43.4134 46.8694 22.8697
      vertex 43.9394 46.6675 22.8697
    endloop
  endfacet
  facet normal 0.0275583 0.0718112 0.997037
    outer loop
      vertex 44.278 49.5304 22.6796
      vertex 43.8573 48.2354 22.7845
      vertex 44.5236 47.9797 22.7845
    endloop
  endfacet
  facet normal 0.00927118 0.058568 0.99824
    outer loop
      vertex 42.4628 48.5318 22.7845
      vertex 42.3127 47.1034 22.8697
      vertex 43.1678 48.4202 22.7845
    endloop
  endfacet
  facet normal 0.00927187 0.0585675 0.99824
    outer loop
      vertex 43.1678 48.4202 22.7845
      vertex 42.3127 47.1034 22.8697
      vertex 42.8692 47.0153 22.8697
    endloop
  endfacet
  facet normal 0.00444269 0.0280293 0.999597
    outer loop
      vertex 42.1564 45.6163 22.9345
      vertex 41.9956 44.0869 22.9781
      vertex 42.2385 44.0484 22.9781
    endloop
  endfacet
  facet normal 0.0021953 0.0138504 0.999902
    outer loop
      vertex 41.9956 44.0869 22.9781
      vertex 41.9134 42.5189 23
      vertex 42.2385 44.0484 22.9781
    endloop
  endfacet
  facet normal -0.114004 0.0923101 0.989182
    outer loop
      vertex 33.0751 49.5609 22.2604
      vertex 32.3062 48.6113 22.2604
      vertex 33.8569 48.8569 22.4162
    endloop
  endfacet
  facet normal -0.0379742 0.141684 0.989183
    outer loop
      vertex 39.5417 52.1391 22.4162
      vertex 38.1428 52.8519 22.2604
      vertex 38.4679 51.8513 22.4162
    endloop
  endfacet
  facet normal -0.0923101 0.114004 0.989182
    outer loop
      vertex 34.8887 51.1938 22.2604
      vertex 33.9391 50.4249 22.2604
      vertex 34.6431 49.6431 22.4162
    endloop
  endfacet
  facet normal -0.00624558 0.119136 0.992858
    outer loop
      vertex 41.75 52.3712 22.4162
      vertex 40.7619 51.151 22.5564
      vertex 41.75 51.2028 22.5564
    endloop
  endfacet
  facet normal -0.00624547 0.119136 0.992858
    outer loop
      vertex 41.75 52.3712 22.4162
      vertex 40.6398 52.313 22.4162
      vertex 40.7619 51.151 22.5564
    endloop
  endfacet
  facet normal -0.00505382 0.096403 0.99533
    outer loop
      vertex 41.75 51.2028 22.5564
      vertex 40.7619 51.151 22.5564
      vertex 41.75 49.9308 22.6796
    endloop
  endfacet
  facet normal 0.0151043 0.0953484 0.995329
    outer loop
      vertex 42.7381 51.151 22.5564
      vertex 42.6051 49.886 22.6796
      vertex 43.7153 50.9962 22.5564
    endloop
  endfacet
  facet normal -0.00636734 -0.0124953 0.999902
    outer loop
      vertex 41.4303 41.0318 23
      vertex 40.5751 39.7151 22.9781
      vertex 40.7943 39.6034 22.9781
    endloop
  endfacet
  facet normal -0.00501339 -0.0130962 0.999902
    outer loop
      vertex 41.4303 41.0318 23
      vertex 41.0239 39.5153 22.9781
      vertex 41.5071 41.0024 23
    endloop
  endfacet
  facet normal -0.0112308 0.0418757 0.99906
    outer loop
      vertex 40.6308 47.0153 22.8697
      vertex 40.5487 45.4473 22.9345
      vertex 40.9417 45.5527 22.9345
    endloop
  endfacet
  facet normal -0.0155343 0.0404766 0.99906
    outer loop
      vertex 40.5487 45.4473 22.9345
      vertex 39.5606 46.6675 22.8697
      vertex 40.1688 45.3015 22.9345
    endloop
  endfacet
  facet normal -0.0101682 0.0264946 0.999597
    outer loop
      vertex 40.5487 45.4473 22.9345
      vertex 40.1688 45.3015 22.9345
      vertex 40.7943 43.8966 22.9781
    endloop
  endfacet
  facet normal -0.0101664 0.0264949 0.999597
    outer loop
      vertex 41.0239 43.9847 22.9781
      vertex 40.5487 45.4473 22.9345
      vertex 40.7943 43.8966 22.9781
    endloop
  endfacet
  facet normal -0.00148528 0.0283389 0.999597
    outer loop
      vertex 41.75 45.6376 22.9345
      vertex 41.3436 45.6163 22.9345
      vertex 41.75 44.0997 22.9781
    endloop
  endfacet
  facet normal -0.00226917 0.0432953 0.99906
    outer loop
      vertex 41.75 45.6376 22.9345
      vertex 41.1873 47.1034 22.8697
      vertex 41.3436 45.6163 22.9345
    endloop
  endfacet
  facet normal -0.0336918 0.0272827 0.99906
    outer loop
      vertex 37.7497 45.3519 22.8697
      vertex 37.3951 44.914 22.8697
      vertex 38.6049 44.0351 22.9345
    endloop
  endfacet
  facet normal -0.0336955 0.0272803 0.99906
    outer loop
      vertex 38.8609 44.3513 22.9345
      vertex 37.7497 45.3519 22.8697
      vertex 38.6049 44.0351 22.9345
    endloop
  endfacet
  facet normal -0.0236158 0.0363557 0.99906
    outer loop
      vertex 39.8062 45.1168 22.9345
      vertex 38.586 46.1049 22.8697
      vertex 39.4649 44.8951 22.9345
    endloop
  endfacet
  facet normal -0.0525803 0.0809674 0.995329
    outer loop
      vertex 37.6596 48.8348 22.6796
      vertex 36.1938 49.3974 22.5564
      vertex 36.9414 48.3684 22.6796
    endloop
  endfacet
  facet normal -0.00505083 0.0964054 0.995329
    outer loop
      vertex 41.75 49.9308 22.6796
      vertex 40.7619 51.151 22.5564
      vertex 40.8949 49.886 22.6796
    endloop
  endfacet
  facet normal -0.00402438 0.0768135 0.997037
    outer loop
      vertex 41.75 49.9308 22.6796
      vertex 40.8949 49.886 22.6796
      vertex 41.75 48.5692 22.7845
    endloop
  endfacet
  facet normal 0.0196847 0.0386306 0.99906
    outer loop
      vertex 43.9394 46.6675 22.8697
      vertex 43.6938 45.1168 22.9345
      vertex 44.4414 46.4117 22.8697
    endloop
  endfacet
  facet normal 0.0236077 0.0363657 0.99906
    outer loop
      vertex 44.4414 46.4117 22.8697
      vertex 43.6938 45.1168 22.9345
      vertex 44.914 46.1049 22.8697
    endloop
  endfacet
  facet normal 0.003107 0.0592157 0.99824
    outer loop
      vertex 42.4628 48.5318 22.7845
      vertex 41.75 48.5692 22.7845
      vertex 42.3127 47.1034 22.8697
    endloop
  endfacet
  facet normal 0.00226978 0.043295 0.99906
    outer loop
      vertex 41.75 47.1329 22.8697
      vertex 41.75 45.6376 22.9345
      vertex 42.3127 47.1034 22.8697
    endloop
  endfacet
  facet normal -0.10005 0.0649755 0.992859
    outer loop
      vertex 34.1026 47.3062 22.5564
      vertex 32.5518 47.0606 22.4162
      vertex 33.5637 46.4764 22.5564
    endloop
  endfacet
  facet normal -0.106294 0.0541597 0.992859
    outer loop
      vertex 33.5637 46.4764 22.5564
      vertex 32.5518 47.0606 22.4162
      vertex 33.1145 45.5948 22.5564
    endloop
  endfacet
  facet normal -0.0645026 0.0418955 0.997038
    outer loop
      vertex 36.2332 45.7582 22.7845
      vertex 35.1316 46.5586 22.6796
      vertex 35.8444 45.1596 22.7845
    endloop
  endfacet
  facet normal -0.0497305 0.0323007 0.99824
    outer loop
      vertex 36.2332 45.7582 22.7845
      vertex 35.8444 45.1596 22.7845
      vertex 37.3951 44.914 22.8697
    endloop
  endfacet
  facet normal -0.189021 0.122753 0.97427
    outer loop
      vertex 30.9226 49.6166 21.9092
      vertex 30.1596 48.4417 21.9092
      vertex 30.8404 48.0487 22.0908
    endloop
  endfacet
  facet normal -0.240877 0.156429 0.957867
    outer loop
      vertex 30.4052 49.9925 21.7177
      vertex 30.1596 48.4417 21.9092
      vertex 30.9226 49.6166 21.9092
    endloop
  endfacet
  facet normal -0.0282792 0.178517 0.98353
    outer loop
      vertex 40.4332 54.2783 22.0908
      vertex 39.1309 54.072 22.0908
      vertex 40.5298 53.3592 22.2604
    endloop
  endfacet
  facet normal -0.0094579 0.180495 0.98353
    outer loop
      vertex 41.75 54.3473 22.0908
      vertex 40.4332 54.2783 22.0908
      vertex 40.5298 53.3592 22.2604
    endloop
  endfacet
  facet normal -0.0449327 0.283706 0.957858
    outer loop
      vertex 40.2842 55.6961 21.7177
      vertex 38.8345 55.4665 21.7177
      vertex 38.9674 54.841 21.9092
    endloop
  endfacet
  facet normal -0.0743517 0.277455 0.957857
    outer loop
      vertex 38.8345 55.4665 21.7177
      vertex 37.6143 54.4784 21.9092
      vertex 38.9674 54.841 21.9092
    endloop
  endfacet
  facet normal 0 0 1
    outer loop
      vertex 42.5318 41.8322 23
      vertex 42.5318 41.6678 23
      vertex 42.5361 41.75 23
    endloop
  endfacet
  facet normal 0 0 1
    outer loop
      vertex 42.5189 41.9134 23
      vertex 42.5318 41.6678 23
      vertex 42.5318 41.8322 23
    endloop
  endfacet
  facet normal 0 0 1
    outer loop
      vertex 42.5189 41.9134 23
      vertex 42.5189 41.5866 23
      vertex 42.5318 41.6678 23
    endloop
  endfacet
  facet normal 0 0 1
    outer loop
      vertex 42.4976 41.9929 23
      vertex 42.5189 41.5866 23
      vertex 42.5189 41.9134 23
    endloop
  endfacet
  facet normal 0 0 1
    outer loop
      vertex 42.4976 41.9929 23
      vertex 42.4976 41.5071 23
      vertex 42.5189 41.5866 23
    endloop
  endfacet
  facet normal 0 0 1
    outer loop
      vertex 42.4682 42.0697 23
      vertex 42.4976 41.5071 23
      vertex 42.4976 41.9929 23
    endloop
  endfacet
  facet normal 0 0 1
    outer loop
      vertex 42.4682 42.0697 23
      vertex 42.4682 41.4303 23
      vertex 42.4976 41.5071 23
    endloop
  endfacet
  facet normal 0 0 1
    outer loop
      vertex 42.4308 42.1431 23
      vertex 42.4682 41.4303 23
      vertex 42.4682 42.0697 23
    endloop
  endfacet
  facet normal 0 0 1
    outer loop
      vertex 42.4308 42.1431 23
      vertex 42.4308 41.3569 23
      vertex 42.4682 41.4303 23
    endloop
  endfacet
  facet normal 0 0 1
    outer loop
      vertex 42.386 42.2121 23
      vertex 42.4308 41.3569 23
      vertex 42.4308 42.1431 23
    endloop
  endfacet
  facet normal 0 0 1
    outer loop
      vertex 42.386 42.2121 23
      vertex 42.386 41.2879 23
      vertex 42.4308 41.3569 23
    endloop
  endfacet
  facet normal 0 0 1
    outer loop
      vertex 42.3342 42.276 23
      vertex 42.386 41.2879 23
      vertex 42.386 42.2121 23
    endloop
  endfacet
  facet normal 0 0 1
    outer loop
      vertex 42.3342 42.276 23
      vertex 42.3342 41.224 23
      vertex 42.386 41.2879 23
    endloop
  endfacet
  facet normal 0 0 1
    outer loop
      vertex 42.276 42.3342 23
      vertex 42.3342 41.224 23
      vertex 42.3342 42.276 23
    endloop
  endfacet
  facet normal 0 0 1
    outer loop
      vertex 42.276 42.3342 23
      vertex 42.276 41.1658 23
      vertex 42.3342 41.224 23
    endloop
  endfacet
  facet normal 0 0 1
    outer loop
      vertex 42.2121 42.386 23
      vertex 42.276 41.1658 23
      vertex 42.276 42.3342 23
    endloop
  endfacet
  facet normal 0 0 1
    outer loop
      vertex 42.2121 42.386 23
      vertex 42.2121 41.114 23
      vertex 42.276 41.1658 23
    endloop
  endfacet
  facet normal 0 0 1
    outer loop
      vertex 42.1431 42.4308 23
      vertex 42.2121 41.114 23
      vertex 42.2121 42.386 23
    endloop
  endfacet
  facet normal 0 0 1
    outer loop
      vertex 42.1431 42.4308 23
      vertex 42.1431 41.0692 23
      vertex 42.2121 41.114 23
    endloop
  endfacet
  facet normal 0 0 1
    outer loop
      vertex 42.0697 42.4682 23
      vertex 42.1431 41.0692 23
      vertex 42.1431 42.4308 23
    endloop
  endfacet
  facet normal 0 0 1
    outer loop
      vertex 42.0697 42.4682 23
      vertex 42.0697 41.0318 23
      vertex 42.1431 41.0692 23
    endloop
  endfacet
  facet normal 0 0 1
    outer loop
      vertex 41.9929 42.4976 23
      vertex 42.0697 41.0318 23
      vertex 42.0697 42.4682 23
    endloop
  endfacet
  facet normal 0 0 1
    outer loop
      vertex 41.9929 42.4976 23
      vertex 41.9929 41.0024 23
      vertex 42.0697 41.0318 23
    endloop
  endfacet
  facet normal 0 0 1
    outer loop
      vertex 41.9134 42.5189 23
      vertex 41.9929 41.0024 23
      vertex 41.9929 42.4976 23
    endloop
  endfacet
  facet normal 0 0 1
    outer loop
      vertex 41.9134 42.5189 23
      vertex 41.9134 40.9811 23
      vertex 41.9929 41.0024 23
    endloop
  endfacet
  facet normal 0 0 1
    outer loop
      vertex 41.8322 42.5318 23
      vertex 41.9134 40.9811 23
      vertex 41.9134 42.5189 23
    endloop
  endfacet
  facet normal 0 0 1
    outer loop
      vertex 41.8322 42.5318 23
      vertex 41.8322 40.9682 23
      vertex 41.9134 40.9811 23
    endloop
  endfacet
  facet normal 0 0 1
    outer loop
      vertex 41.75 42.5361 23
      vertex 41.8322 40.9682 23
      vertex 41.8322 42.5318 23
    endloop
  endfacet
  facet normal 0 0 1
    outer loop
      vertex 41.75 42.5361 23
      vertex 41.75 40.9639 23
      vertex 41.8322 40.9682 23
    endloop
  endfacet
  facet normal -0 0 1
    outer loop
      vertex 41.6678 42.5318 23
      vertex 41.75 40.9639 23
      vertex 41.75 42.5361 23
    endloop
  endfacet
  facet normal 0 0 1
    outer loop
      vertex 41.6678 42.5318 23
      vertex 41.6678 40.9682 23
      vertex 41.75 40.9639 23
    endloop
  endfacet
  facet normal -0 0 1
    outer loop
      vertex 41.5866 42.5189 23
      vertex 41.6678 40.9682 23
      vertex 41.6678 42.5318 23
    endloop
  endfacet
  facet normal 0 0 1
    outer loop
      vertex 41.5866 42.5189 23
      vertex 41.5866 40.9811 23
      vertex 41.6678 40.9682 23
    endloop
  endfacet
  facet normal -0 0 1
    outer loop
      vertex 41.5071 42.4976 23
      vertex 41.5866 40.9811 23
      vertex 41.5866 42.5189 23
    endloop
  endfacet
  facet normal 0 0 1
    outer loop
      vertex 41.5071 42.4976 23
      vertex 41.5071 41.0024 23
      vertex 41.5866 40.9811 23
    endloop
  endfacet
  facet normal -0 0 1
    outer loop
      vertex 41.4303 42.4682 23
      vertex 41.5071 41.0024 23
      vertex 41.5071 42.4976 23
    endloop
  endfacet
  facet normal 0 0 1
    outer loop
      vertex 41.4303 42.4682 23
      vertex 41.4303 41.0318 23
      vertex 41.5071 41.0024 23
    endloop
  endfacet
  facet normal -0 0 1
    outer loop
      vertex 41.3569 42.4308 23
      vertex 41.4303 41.0318 23
      vertex 41.4303 42.4682 23
    endloop
  endfacet
  facet normal 0 0 1
    outer loop
      vertex 41.3569 42.4308 23
      vertex 41.3569 41.0692 23
      vertex 41.4303 41.0318 23
    endloop
  endfacet
  facet normal -0 0 1
    outer loop
      vertex 41.2879 42.386 23
      vertex 41.3569 41.0692 23
      vertex 41.3569 42.4308 23
    endloop
  endfacet
  facet normal 0 0 1
    outer loop
      vertex 41.2879 42.386 23
      vertex 41.2879 41.114 23
      vertex 41.3569 41.0692 23
    endloop
  endfacet
  facet normal -0 0 1
    outer loop
      vertex 41.224 42.3342 23
      vertex 41.2879 41.114 23
      vertex 41.2879 42.386 23
    endloop
  endfacet
  facet normal 0 0 1
    outer loop
      vertex 41.224 42.3342 23
      vertex 41.224 41.1658 23
      vertex 41.2879 41.114 23
    endloop
  endfacet
  facet normal -0 0 1
    outer loop
      vertex 41.1658 42.276 23
      vertex 41.224 41.1658 23
      vertex 41.224 42.3342 23
    endloop
  endfacet
  facet normal 0 0 1
    outer loop
      vertex 41.1658 42.276 23
      vertex 41.1658 41.224 23
      vertex 41.224 41.1658 23
    endloop
  endfacet
  facet normal -0 0 1
    outer loop
      vertex 41.114 42.2121 23
      vertex 41.1658 41.224 23
      vertex 41.1658 42.276 23
    endloop
  endfacet
  facet normal 0 0 1
    outer loop
      vertex 41.114 42.2121 23
      vertex 41.114 41.2879 23
      vertex 41.1658 41.224 23
    endloop
  endfacet
  facet normal -0 0 1
    outer loop
      vertex 41.0692 42.1431 23
      vertex 41.114 41.2879 23
      vertex 41.114 42.2121 23
    endloop
  endfacet
  facet normal 0 0 1
    outer loop
      vertex 41.0692 42.1431 23
      vertex 41.0692 41.3569 23
      vertex 41.114 41.2879 23
    endloop
  endfacet
  facet normal -0 0 1
    outer loop
      vertex 41.0318 42.0697 23
      vertex 41.0692 41.3569 23
      vertex 41.0692 42.1431 23
    endloop
  endfacet
  facet normal 0 0 1
    outer loop
      vertex 41.0318 42.0697 23
      vertex 41.0318 41.4303 23
      vertex 41.0692 41.3569 23
    endloop
  endfacet
  facet normal -0 0 1
    outer loop
      vertex 41.0024 41.9929 23
      vertex 41.0318 41.4303 23
      vertex 41.0318 42.0697 23
    endloop
  endfacet
  facet normal 0 0 1
    outer loop
      vertex 41.0024 41.9929 23
      vertex 41.0024 41.5071 23
      vertex 41.0318 41.4303 23
    endloop
  endfacet
  facet normal -0 0 1
    outer loop
      vertex 40.9811 41.9134 23
      vertex 41.0024 41.5071 23
      vertex 41.0024 41.9929 23
    endloop
  endfacet
  facet normal 0 0 1
    outer loop
      vertex 40.9811 41.9134 23
      vertex 40.9811 41.5866 23
      vertex 41.0024 41.5071 23
    endloop
  endfacet
  facet normal -0 0 1
    outer loop
      vertex 40.9682 41.8322 23
      vertex 40.9811 41.5866 23
      vertex 40.9811 41.9134 23
    endloop
  endfacet
  facet normal 0 0 1
    outer loop
      vertex 40.9682 41.8322 23
      vertex 40.9682 41.6678 23
      vertex 40.9811 41.5866 23
    endloop
  endfacet
  facet normal 0 -0 1
    outer loop
      vertex 40.9682 41.6678 23
      vertex 40.9682 41.8322 23
      vertex 40.9639 41.75 23
    endloop
  endfacet
  facet normal 0.00991616 -0.00991616 0.999902
    outer loop
      vertex 42.3342 41.224 23
      vertex 43.3223 40.0038 22.9781
      vertex 43.4962 40.1777 22.9781
    endloop
  endfacet
  facet normal 0.00991616 -0.00991616 0.999902
    outer loop
      vertex 43.3223 40.0038 22.9781
      vertex 42.3342 41.224 23
      vertex 42.276 41.1658 23
    endloop
  endfacet
  facet normal 0.015455 -0.0237999 0.999597
    outer loop
      vertex 43.1311 39.849 22.9781
      vertex 42.9249 39.7151 22.9781
      vertex 43.6938 38.3832 22.9345
    endloop
  endfacet
  facet normal 0.00883073 -0.0108935 0.999902
    outer loop
      vertex 42.276 41.1658 23
      vertex 42.2121 41.114 23
      vertex 43.3223 40.0038 22.9781
    endloop
  endfacet
  facet normal 0.0237999 -0.015455 0.999597
    outer loop
      vertex 43.7849 40.5751 22.9781
      vertex 43.651 40.3689 22.9781
      vertex 45.1168 39.8062 22.9345
    endloop
  endfacet
  facet normal 0.025284 -0.0128842 0.999597
    outer loop
      vertex 43.8966 40.7943 22.9781
      vertex 43.7849 40.5751 22.9781
      vertex 45.1168 39.8062 22.9345
    endloop
  endfacet
  facet normal 0.0336955 -0.0272803 0.99906
    outer loop
      vertex 44.8951 39.4649 22.9345
      vertex 44.6391 39.1487 22.9345
      vertex 45.7503 38.1481 22.8697
    endloop
  endfacet
  facet normal 0.0336918 -0.0272827 0.99906
    outer loop
      vertex 46.1049 38.586 22.8697
      vertex 44.8951 39.4649 22.9345
      vertex 45.7503 38.1481 22.8697
    endloop
  endfacet
  facet normal 0.0200665 -0.0200665 0.999597
    outer loop
      vertex 43.4962 40.1777 22.9781
      vertex 44.3513 38.8609 22.9345
      vertex 44.6391 39.1487 22.9345
    endloop
  endfacet
  facet normal 0.0200665 -0.0200665 0.999597
    outer loop
      vertex 44.3513 38.8609 22.9345
      vertex 43.4962 40.1777 22.9781
      vertex 43.3223 40.0038 22.9781
    endloop
  endfacet
  facet normal 0.0128806 -0.0252869 0.999597
    outer loop
      vertex 43.6938 38.3832 22.9345
      vertex 42.7057 39.6034 22.9781
      vertex 43.3312 38.1985 22.9345
    endloop
  endfacet
  facet normal 0.0128842 -0.025284 0.999597
    outer loop
      vertex 42.9249 39.7151 22.9781
      vertex 42.7057 39.6034 22.9781
      vertex 43.6938 38.3832 22.9345
    endloop
  endfacet
  facet normal 0.0021953 -0.0138504 0.999902
    outer loop
      vertex 42.2385 39.4516 22.9781
      vertex 41.9134 40.9811 23
      vertex 41.9956 39.4131 22.9781
    endloop
  endfacet
  facet normal 0.00363142 -0.0135451 0.999902
    outer loop
      vertex 42.4761 39.5153 22.9781
      vertex 41.9134 40.9811 23
      vertex 42.2385 39.4516 22.9781
    endloop
  endfacet
  facet normal -0.00735096 -0.0274092 0.999597
    outer loop
      vertex 41.2615 39.4516 22.9781
      vertex 40.5487 38.0527 22.9345
      vertex 40.9417 37.9473 22.9345
    endloop
  endfacet
  facet normal -0.00443554 -0.028029 0.999597
    outer loop
      vertex 41.2615 39.4516 22.9781
      vertex 40.9417 37.9473 22.9345
      vertex 41.3436 37.8837 22.9345
    endloop
  endfacet
  facet normal -0.0021953 -0.0138504 0.999902
    outer loop
      vertex 41.5866 40.9811 23
      vertex 41.2615 39.4516 22.9781
      vertex 41.5044 39.4131 22.9781
    endloop
  endfacet
  facet normal 0.00444269 -0.0280293 0.999597
    outer loop
      vertex 42.2385 39.4516 22.9781
      vertex 41.9956 39.4131 22.9781
      vertex 42.1564 37.8837 22.9345
    endloop
  endfacet
  facet normal 0.0153505 0.0572738 0.99824
    outer loop
      vertex 43.8573 48.2354 22.7845
      vertex 43.1678 48.4202 22.7845
      vertex 43.4134 46.8694 22.8697
    endloop
  endfacet
  facet normal 0.0153553 0.0572745 0.99824
    outer loop
      vertex 43.1678 48.4202 22.7845
      vertex 42.8692 47.0153 22.8697
      vertex 43.4134 46.8694 22.8697
    endloop
  endfacet
  facet normal -0.0186596 0.117827 0.992859
    outer loop
      vertex 40.6398 52.313 22.4162
      vertex 39.5417 52.1391 22.4162
      vertex 39.7847 50.9962 22.5564
    endloop
  endfacet
  facet normal -0.030875 0.11523 0.992859
    outer loop
      vertex 39.5417 52.1391 22.4162
      vertex 38.8289 50.7401 22.5564
      vertex 39.7847 50.9962 22.5564
    endloop
  endfacet
  facet normal -0.0647796 0.168746 0.983528
    outer loop
      vertex 38.1428 52.8519 22.2604
      vertex 36.6262 53.2582 22.0908
      vertex 37.0021 52.414 22.2604
    endloop
  endfacet
  facet normal -0.0820554 0.161054 0.983529
    outer loop
      vertex 36.6262 53.2582 22.0908
      vertex 35.4513 52.6596 22.0908
      vertex 37.0021 52.414 22.2604
    endloop
  endfacet
  facet normal -0.0750183 0.0607565 0.99533
    outer loop
      vertex 35.6705 47.224 22.6796
      vertex 34.7252 48.0751 22.5564
      vertex 35.1316 46.5586 22.6796
    endloop
  endfacet
  facet normal -0.0153505 0.0572738 0.99824
    outer loop
      vertex 40.3322 48.4202 22.7845
      vertex 39.6427 48.2354 22.7845
      vertex 40.0866 46.8694 22.8697
    endloop
  endfacet
  facet normal -0.0275699 0.071813 0.997037
    outer loop
      vertex 39.222 49.5304 22.6796
      vertex 38.4226 49.2235 22.6796
      vertex 38.9764 47.9797 22.7845
    endloop
  endfacet
  facet normal -0.052566 0.136943 0.989183
    outer loop
      vertex 38.1428 52.8519 22.2604
      vertex 37.43 51.4529 22.4162
      vertex 38.4679 51.8513 22.4162
    endloop
  endfacet
  facet normal -0.0525719 0.136946 0.989182
    outer loop
      vertex 38.1428 52.8519 22.2604
      vertex 37.0021 52.414 22.2604
      vertex 37.43 51.4529 22.4162
    endloop
  endfacet
  facet normal -0.0419296 0.0419296 0.99824
    outer loop
      vertex 37.1871 46.8177 22.7845
      vertex 37.7497 45.3519 22.8697
      vertex 38.1481 45.7503 22.8697
    endloop
  endfacet
  facet normal -0.0419296 0.0419296 0.99824
    outer loop
      vertex 37.7497 45.3519 22.8697
      vertex 37.1871 46.8177 22.7845
      vertex 36.6823 46.3129 22.7845
    endloop
  endfacet
  facet normal -0.0843578 0.0843578 0.992858
    outer loop
      vertex 34.6431 49.6431 22.4162
      vertex 34.7252 48.0751 22.5564
      vertex 35.4249 48.7748 22.5564
    endloop
  endfacet
  facet normal -0.0843578 0.0843578 0.992858
    outer loop
      vertex 34.7252 48.0751 22.5564
      vertex 34.6431 49.6431 22.4162
      vertex 33.8569 48.8569 22.4162
    endloop
  endfacet
  facet normal 0.00310438 0.0592147 0.99824
    outer loop
      vertex 41.75 48.5692 22.7845
      vertex 41.75 47.1329 22.8697
      vertex 42.3127 47.1034 22.8697
    endloop
  endfacet
  facet normal -0.00310438 0.0592147 0.99824
    outer loop
      vertex 41.75 48.5692 22.7845
      vertex 41.1873 47.1034 22.8697
      vertex 41.75 47.1329 22.8697
    endloop
  endfacet
  facet normal -0.123024 0.0798992 0.989182
    outer loop
      vertex 32.3062 48.6113 22.2604
      vertex 31.6407 47.5866 22.2604
      vertex 32.5518 47.0606 22.4162
    endloop
  endfacet
  facet normal -0.130706 0.0665934 0.989182
    outer loop
      vertex 32.5518 47.0606 22.4162
      vertex 31.6407 47.5866 22.2604
      vertex 32.0471 46.07 22.4162
    endloop
  endfacet
  facet normal -0.0860172 0.0438203 0.99533
    outer loop
      vertex 34.6652 45.8404 22.6796
      vertex 33.1145 45.5948 22.5564
      vertex 34.2765 45.0774 22.6796
    endloop
  endfacet
  facet normal -0.0685371 0.0349153 0.997037
    outer loop
      vertex 34.6652 45.8404 22.6796
      vertex 34.2765 45.0774 22.6796
      vertex 35.8444 45.1596 22.7845
    endloop
  endfacet
  facet normal -0.200815 0.102322 0.974271
    outer loop
      vertex 30.1596 48.4417 21.9092
      vertex 29.5236 47.1935 21.9092
      vertex 30.8404 48.0487 22.0908
    endloop
  endfacet
  facet normal -0.255927 0.130403 0.95786
    outer loop
      vertex 30.1596 48.4417 21.9092
      vertex 28.9394 47.4536 21.7177
      vertex 29.5236 47.1935 21.9092
    endloop
  endfacet
  facet normal 0.00763778 -0.0117618 0.999902
    outer loop
      vertex 43.1311 39.849 22.9781
      vertex 42.2121 41.114 23
      vertex 42.9249 39.7151 22.9781
    endloop
  endfacet
  facet normal 0.00763695 -0.0117623 0.999902
    outer loop
      vertex 42.2121 41.114 23
      vertex 42.1431 41.0692 23
      vertex 42.9249 39.7151 22.9781
    endloop
  endfacet
  facet normal -0.00220033 -0.0138501 0.999902
    outer loop
      vertex 41.5866 40.9811 23
      vertex 41.5044 39.4131 22.9781
      vertex 41.6678 40.9682 23
    endloop
  endfacet
  facet normal 0.0154589 -0.0237984 0.999597
    outer loop
      vertex 44.0351 38.6049 22.9345
      vertex 43.1311 39.849 22.9781
      vertex 43.6938 38.3832 22.9345
    endloop
  endfacet
  facet normal 0.017857 -0.0220559 0.999597
    outer loop
      vertex 43.3223 40.0038 22.9781
      vertex 43.1311 39.849 22.9781
      vertex 44.0351 38.6049 22.9345
    endloop
  endfacet
  facet normal -0.00444269 -0.0280293 0.999597
    outer loop
      vertex 41.5044 39.4131 22.9781
      vertex 41.2615 39.4516 22.9781
      vertex 41.3436 37.8837 22.9345
    endloop
  endfacet
  facet normal -0.00502406 -0.0130934 0.999902
    outer loop
      vertex 41.4303 41.0318 23
      vertex 40.7943 39.6034 22.9781
      vertex 41.0239 39.5153 22.9781
    endloop
  endfacet
  facet normal -0.0101664 -0.0264949 0.999597
    outer loop
      vertex 40.7943 39.6034 22.9781
      vertex 40.5487 38.0527 22.9345
      vertex 41.0239 39.5153 22.9781
    endloop
  endfacet
  facet normal 0.00148528 -0.0283389 0.999597
    outer loop
      vertex 41.75 39.4003 22.9781
      vertex 41.75 37.8624 22.9345
      vertex 42.1564 37.8837 22.9345
    endloop
  endfacet
  facet normal 0.00226917 -0.0432953 0.99906
    outer loop
      vertex 42.1564 37.8837 22.9345
      vertex 41.75 37.8624 22.9345
      vertex 42.3127 36.3966 22.8697
    endloop
  endfacet
  facet normal -0.0151043 0.0953484 0.995329
    outer loop
      vertex 40.7619 51.151 22.5564
      vertex 39.7847 50.9962 22.5564
      vertex 40.8949 49.886 22.6796
    endloop
  endfacet
  facet normal -0.0186658 0.117831 0.992858
    outer loop
      vertex 40.6398 52.313 22.4162
      vertex 39.7847 50.9962 22.5564
      vertex 40.7619 51.151 22.5564
    endloop
  endfacet
  facet normal -0.0438203 0.0860172 0.99533
    outer loop
      vertex 37.9052 50.3855 22.5564
      vertex 37.6596 48.8348 22.6796
      vertex 38.4226 49.2235 22.6796
    endloop
  endfacet
  facet normal -0.0820561 0.16105 0.983529
    outer loop
      vertex 37.0021 52.414 22.2604
      vertex 35.4513 52.6596 22.0908
      vertex 35.9134 51.8593 22.2604
    endloop
  endfacet
  facet normal -0.0607565 0.0750183 0.99533
    outer loop
      vertex 36.9414 48.3684 22.6796
      vertex 35.4249 48.7748 22.5564
      vertex 36.276 47.8295 22.6796
    endloop
  endfacet
  facet normal -0.092716 0.0750747 0.992858
    outer loop
      vertex 34.7252 48.0751 22.5564
      vertex 33.8569 48.8569 22.4162
      vertex 34.1026 47.3062 22.5564
    endloop
  endfacet
  facet normal -0.0212444 0.0553585 0.998241
    outer loop
      vertex 39.6427 48.2354 22.7845
      vertex 38.9764 47.9797 22.7845
      vertex 40.0866 46.8694 22.8697
    endloop
  endfacet
  facet normal -0.0249853 0.0932486 0.995329
    outer loop
      vertex 39.7847 50.9962 22.5564
      vertex 38.8289 50.7401 22.5564
      vertex 39.222 49.5304 22.6796
    endloop
  endfacet
  facet normal -0.0212476 0.0553553 0.998241
    outer loop
      vertex 40.0866 46.8694 22.8697
      vertex 38.9764 47.9797 22.7845
      vertex 39.5606 46.6675 22.8697
    endloop
  endfacet
  facet normal -0.0272827 0.0336918 0.99906
    outer loop
      vertex 38.586 46.1049 22.8697
      vertex 38.1481 45.7503 22.8697
      vertex 39.4649 44.8951 22.9345
    endloop
  endfacet
  facet normal -0.015536 0.0404753 0.99906
    outer loop
      vertex 40.0866 46.8694 22.8697
      vertex 39.5606 46.6675 22.8697
      vertex 40.5487 45.4473 22.9345
    endloop
  endfacet
  facet normal -0.0112268 0.0418755 0.99906
    outer loop
      vertex 40.6308 47.0153 22.8697
      vertex 40.0866 46.8694 22.8697
      vertex 40.5487 45.4473 22.9345
    endloop
  endfacet
  facet normal -0.0665942 0.130703 0.989182
    outer loop
      vertex 37.0021 52.414 22.2604
      vertex 35.9134 51.8593 22.2604
      vertex 37.43 51.4529 22.4162
    endloop
  endfacet
  facet normal -0.0798992 0.123024 0.989182
    outer loop
      vertex 35.9134 51.8593 22.2604
      vertex 34.8887 51.1938 22.2604
      vertex 36.4394 50.9482 22.4162
    endloop
  endfacet
  facet normal 0.00502406 -0.0130934 0.999902
    outer loop
      vertex 42.7057 39.6034 22.9781
      vertex 42.0697 41.0318 23
      vertex 42.4761 39.5153 22.9781
    endloop
  endfacet
  facet normal 0.0101664 -0.0264949 0.999597
    outer loop
      vertex 42.7057 39.6034 22.9781
      vertex 42.4761 39.5153 22.9781
      vertex 42.9513 38.0527 22.9345
    endloop
  endfacet
  facet normal -0.0418955 0.0645026 0.997038
    outer loop
      vertex 38.3404 47.6556 22.7845
      vertex 36.9414 48.3684 22.6796
      vertex 37.7418 47.2668 22.7845
    endloop
  endfacet
  facet normal -0.0750747 0.092716 0.992858
    outer loop
      vertex 36.1938 49.3974 22.5564
      vertex 34.6431 49.6431 22.4162
      vertex 35.4249 48.7748 22.5564
    endloop
  endfacet
  facet normal -0.0199126 0.074295 0.997037
    outer loop
      vertex 40.3322 48.4202 22.7845
      vertex 39.222 49.5304 22.6796
      vertex 39.6427 48.2354 22.7845
    endloop
  endfacet
  facet normal -0.0199069 0.0743006 0.997037
    outer loop
      vertex 40.0491 49.752 22.6796
      vertex 39.222 49.5304 22.6796
      vertex 40.3322 48.4202 22.7845
    endloop
  endfacet
  facet normal -0.0418922 0.064509 0.997037
    outer loop
      vertex 37.6596 48.8348 22.6796
      vertex 36.9414 48.3684 22.6796
      vertex 38.3404 47.6556 22.7845
    endloop
  endfacet
  facet normal -0.0345977 0.0901237 0.995329
    outer loop
      vertex 38.8289 50.7401 22.5564
      vertex 37.9052 50.3855 22.5564
      vertex 38.4226 49.2235 22.6796
    endloop
  endfacet
  facet normal -0.0373166 0.0460828 0.99824
    outer loop
      vertex 38.586 46.1049 22.8697
      vertex 37.1871 46.8177 22.7845
      vertex 38.1481 45.7503 22.8697
    endloop
  endfacet
  facet normal -0.0483979 0.0597781 0.997038
    outer loop
      vertex 37.7418 47.2668 22.7845
      vertex 36.9414 48.3684 22.6796
      vertex 37.1871 46.8177 22.7845
    endloop
  endfacet
  facet normal -0.0236077 0.0363657 0.99906
    outer loop
      vertex 39.0586 46.4117 22.8697
      vertex 38.586 46.1049 22.8697
      vertex 39.8062 45.1168 22.9345
    endloop
  endfacet
  facet normal -0.0196847 0.0386306 0.99906
    outer loop
      vertex 39.5606 46.6675 22.8697
      vertex 39.0586 46.4117 22.8697
      vertex 39.8062 45.1168 22.9345
    endloop
  endfacet
  facet normal -0.0541579 0.106298 0.992858
    outer loop
      vertex 37.43 51.4529 22.4162
      vertex 36.4394 50.9482 22.4162
      vertex 37.9052 50.3855 22.5564
    endloop
  endfacet
  facet normal -0.0427557 0.111375 0.992858
    outer loop
      vertex 38.8289 50.7401 22.5564
      vertex 37.43 51.4529 22.4162
      vertex 37.9052 50.3855 22.5564
    endloop
  endfacet
  facet normal -0.0541597 0.106294 0.992859
    outer loop
      vertex 37.9052 50.3855 22.5564
      vertex 36.4394 50.9482 22.4162
      vertex 37.0236 49.9363 22.5564
    endloop
  endfacet
  facet normal -0.0649755 0.10005 0.992859
    outer loop
      vertex 36.4394 50.9482 22.4162
      vertex 36.1938 49.3974 22.5564
      vertex 37.0236 49.9363 22.5564
    endloop
  endfacet
  facet normal -0.0323007 0.0497305 0.99824
    outer loop
      vertex 38.3404 47.6556 22.7845
      vertex 37.7418 47.2668 22.7845
      vertex 38.586 46.1049 22.8697
    endloop
  endfacet
  facet normal -0.0682613 0.0682613 0.995329
    outer loop
      vertex 35.4249 48.7748 22.5564
      vertex 35.6705 47.224 22.6796
      vertex 36.276 47.8295 22.6796
    endloop
  endfacet
  facet normal -0.0682613 0.0682613 0.995329
    outer loop
      vertex 35.6705 47.224 22.6796
      vertex 35.4249 48.7748 22.5564
      vertex 34.7252 48.0751 22.5564
    endloop
  endfacet
  facet normal -0.0484118 0.0597759 0.997037
    outer loop
      vertex 36.9414 48.3684 22.6796
      vertex 36.276 47.8295 22.6796
      vertex 37.1871 46.8177 22.7845
    endloop
  endfacet
  facet normal -0.0543914 0.0543914 0.997037
    outer loop
      vertex 36.276 47.8295 22.6796
      vertex 36.6823 46.3129 22.7845
      vertex 37.1871 46.8177 22.7845
    endloop
  endfacet
  facet normal -0.0543914 0.0543914 0.997037
    outer loop
      vertex 36.6823 46.3129 22.7845
      vertex 36.276 47.8295 22.6796
      vertex 35.6705 47.224 22.6796
    endloop
  endfacet
  facet normal -0.0322853 0.0497329 0.998241
    outer loop
      vertex 39.0586 46.4117 22.8697
      vertex 38.3404 47.6556 22.7845
      vertex 38.586 46.1049 22.8697
    endloop
  endfacet
  facet normal -0.0269204 0.0528305 0.998241
    outer loop
      vertex 39.5606 46.6675 22.8697
      vertex 38.3404 47.6556 22.7845
      vertex 39.0586 46.4117 22.8697
    endloop
  endfacet
  facet normal -0.0349262 0.0685376 0.997037
    outer loop
      vertex 38.4226 49.2235 22.6796
      vertex 38.3404 47.6556 22.7845
      vertex 38.9764 47.9797 22.7845
    endloop
  endfacet
  facet normal -0.0269214 0.0528293 0.998241
    outer loop
      vertex 38.9764 47.9797 22.7845
      vertex 38.3404 47.6556 22.7845
      vertex 39.5606 46.6675 22.8697
    endloop
  endfacet
  facet normal -0.0438288 0.0860185 0.995329
    outer loop
      vertex 37.9052 50.3855 22.5564
      vertex 37.0236 49.9363 22.5564
      vertex 37.6596 48.8348 22.6796
    endloop
  endfacet
  facet normal -0.0525813 0.0809649 0.995329
    outer loop
      vertex 37.0236 49.9363 22.5564
      vertex 36.1938 49.3974 22.5564
      vertex 37.6596 48.8348 22.6796
    endloop
  endfacet
  facet normal 0 0 -1
    outer loop
      vertex 42.3319 45.2203 4.75
      vertex 41.75 46 4.75
      vertex 42.25 46 4.75
    endloop
  endfacet
  facet normal 0 0 -1
    outer loop
      vertex 42.5742 44.4747 4.75
      vertex 41.6681 45.2203 4.75
      vertex 41.75 46 4.75
    endloop
  endfacet
  facet normal 0 0 -1
    outer loop
      vertex 40.5092 43.2132 4.75
      vertex 43.4908 43.2132 4.75
      vertex 40.5092 40.7868 4.75
    endloop
  endfacet
  facet normal 0 0 -1
    outer loop
      vertex 42.5742 44.4747 4.75
      vertex 41.4258 44.4747 4.75
      vertex 41.6681 45.2203 4.75
    endloop
  endfacet
  facet normal 0 0 -1
    outer loop
      vertex 42.9662 43.7958 4.75
      vertex 41.0338 43.7958 4.75
      vertex 42.5742 44.4747 4.75
    endloop
  endfacet
  facet normal -0 0 -1
    outer loop
      vertex 42.5742 44.4747 4.75
      vertex 41.0338 43.7958 4.75
      vertex 41.4258 44.4747 4.75
    endloop
  endfacet
  facet normal 0 0 -1
    outer loop
      vertex 43.4908 43.2132 4.75
      vertex 40.5092 43.2132 4.75
      vertex 42.9662 43.7958 4.75
    endloop
  endfacet
  facet normal -0 0 -1
    outer loop
      vertex 42.9662 43.7958 4.75
      vertex 40.5092 43.2132 4.75
      vertex 41.0338 43.7958 4.75
    endloop
  endfacet
  facet normal 0 0 -1
    outer loop
      vertex 39.875 41.2476 4.75
      vertex 40.5092 43.2132 4.75
      vertex 40.5092 40.7868 4.75
    endloop
  endfacet
  facet normal 0 0 -1
    outer loop
      vertex 39.875 41.2476 4.75
      vertex 39.875 42.7524 4.75
      vertex 40.5092 43.2132 4.75
    endloop
  endfacet
  facet normal 0 0 -1
    outer loop
      vertex 39.1588 41.5665 4.75
      vertex 39.875 42.7524 4.75
      vertex 39.875 41.2476 4.75
    endloop
  endfacet
  facet normal 0 0 -1
    outer loop
      vertex 39.1588 41.5665 4.75
      vertex 39.1588 42.4335 4.75
      vertex 39.875 42.7524 4.75
    endloop
  endfacet
  facet normal 0 0 -1
    outer loop
      vertex 38.392 41.7295 4.75
      vertex 39.1588 42.4335 4.75
      vertex 39.1588 41.5665 4.75
    endloop
  endfacet
  facet normal 0 0 -1
    outer loop
      vertex 38.392 41.7295 4.75
      vertex 38.392 42.2705 4.75
      vertex 39.1588 42.4335 4.75
    endloop
  endfacet
  facet normal 0 0 -1
    outer loop
      vertex 3.60802 41.7295 4.75
      vertex 38.392 42.2705 4.75
      vertex 38.392 41.7295 4.75
    endloop
  endfacet
  facet normal 0 0 -1
    outer loop
      vertex 3.60802 41.7295 4.75
      vertex 3.60802 42.2705 4.75
      vertex 38.392 42.2705 4.75
    endloop
  endfacet
  facet normal 0 0 -1
    outer loop
      vertex 2.84119 41.5665 4.75
      vertex 3.60802 42.2705 4.75
      vertex 3.60802 41.7295 4.75
    endloop
  endfacet
  facet normal 0 0 -1
    outer loop
      vertex 2.84119 41.5665 4.75
      vertex 2.84119 42.4335 4.75
      vertex 3.60802 42.2705 4.75
    endloop
  endfacet
  facet normal 0 0 -1
    outer loop
      vertex 2.125 41.2476 4.75
      vertex 2.84119 42.4335 4.75
      vertex 2.84119 41.5665 4.75
    endloop
  endfacet
  facet normal 0 0 -1
    outer loop
      vertex 2.125 41.2476 4.75
      vertex 2.125 42.7524 4.75
      vertex 2.84119 42.4335 4.75
    endloop
  endfacet
  facet normal 0 0 -1
    outer loop
      vertex 1.49076 40.7868 4.75
      vertex 2.125 42.7524 4.75
      vertex 2.125 41.2476 4.75
    endloop
  endfacet
  facet normal 0 0 -1
    outer loop
      vertex 1.49076 40.7868 4.75
      vertex 1.49076 43.2132 4.75
      vertex 2.125 42.7524 4.75
    endloop
  endfacet
  facet normal 0 0 -1
    outer loop
      vertex 0.966186 40.2042 4.75
      vertex 1.49076 43.2132 4.75
      vertex 1.49076 40.7868 4.75
    endloop
  endfacet
  facet normal 0 0 -1
    outer loop
      vertex 0.966186 40.2042 4.75
      vertex 0.966186 43.7958 4.75
      vertex 1.49076 43.2132 4.75
    endloop
  endfacet
  facet normal 0 0 -1
    outer loop
      vertex 0.574204 39.5253 4.75
      vertex 0.966186 43.7958 4.75
      vertex 0.966186 40.2042 4.75
    endloop
  endfacet
  facet normal 0 0 -1
    outer loop
      vertex 0.574204 39.5253 4.75
      vertex 0.574204 44.4747 4.75
      vertex 0.966186 43.7958 4.75
    endloop
  endfacet
  facet normal 0 0 -1
    outer loop
      vertex 0.331946 38.7797 4.75
      vertex 0.574204 44.4747 4.75
      vertex 0.574204 39.5253 4.75
    endloop
  endfacet
  facet normal 0 0 -1
    outer loop
      vertex 0.331946 38.7797 4.75
      vertex 0.331946 45.2203 4.75
      vertex 0.574204 44.4747 4.75
    endloop
  endfacet
  facet normal 0 0 -1
    outer loop
      vertex 0.25 38 4.75
      vertex 0.331946 45.2203 4.75
      vertex 0.331946 38.7797 4.75
    endloop
  endfacet
  facet normal -0 0 -1
    outer loop
      vertex 0.331946 45.2203 4.75
      vertex 0.25 38 4.75
      vertex 0.25 46 4.75
    endloop
  endfacet
  facet normal 0 0 -1
    outer loop
      vertex 83.0338 1.7958 4.75
      vertex 83.5 2 4.75
      vertex 83.4563 1.58418 4.75
    endloop
  endfacet
  facet normal 0 0 -1
    outer loop
      vertex 83.5 2 4.75
      vertex 83.4258 2.47474 4.75
      vertex 83.5 2.70312 4.75
    endloop
  endfacet
  facet normal 0 0 -1
    outer loop
      vertex 83.0338 1.7958 4.75
      vertex 83.4563 1.58418 4.75
      vertex 83.3271 1.18653 4.75
    endloop
  endfacet
  facet normal 0 0 -1
    outer loop
      vertex 82.5092 1.21321 4.75
      vertex 83.3271 1.18653 4.75
      vertex 83.118 0.824429 4.75
    endloop
  endfacet
  facet normal -0 0 -1
    outer loop
      vertex 83.5 2 4.75
      vertex 83.0338 1.7958 4.75
      vertex 83.4258 2.47474 4.75
    endloop
  endfacet
  facet normal 0 0 -1
    outer loop
      vertex 82.5092 1.21321 4.75
      vertex 83.118 0.824429 4.75
      vertex 82.8383 0.51371 4.75
    endloop
  endfacet
  facet normal 0 0 -1
    outer loop
      vertex 83.3271 1.18653 4.75
      vertex 82.5092 1.21321 4.75
      vertex 83.0338 1.7958 4.75
    endloop
  endfacet
  facet normal 0 0 -1
    outer loop
      vertex 82.5 0.267949 4.75
      vertex 82.5092 1.21321 4.75
      vertex 82.8383 0.51371 4.75
    endloop
  endfacet
  facet normal 0 0 -1
    outer loop
      vertex 81.875 0.752404 4.75
      vertex 82.5 0.267949 4.75
      vertex 82.118 0.0978861 4.75
    endloop
  endfacet
  facet normal 0 0 -1
    outer loop
      vertex 82.5 0.267949 4.75
      vertex 81.875 0.752404 4.75
      vertex 82.5092 1.21321 4.75
    endloop
  endfacet
  facet normal 0 0 -1
    outer loop
      vertex 81.7091 0.0109558 4.75
      vertex 81.875 0.752404 4.75
      vertex 82.118 0.0978861 4.75
    endloop
  endfacet
  facet normal 0 0 -1
    outer loop
      vertex 81.7091 0.0109558 4.75
      vertex 81.1588 0.433537 4.75
      vertex 81.875 0.752404 4.75
    endloop
  endfacet
  facet normal 0 0 -1
    outer loop
      vertex 81.7091 0.0109558 4.75
      vertex 80.392 0.270542 4.75
      vertex 81.1588 0.433537 4.75
    endloop
  endfacet
  facet normal 0 0 -1
    outer loop
      vertex 81.7091 0.0109558 4.75
      vertex 45.608 0.270542 4.75
      vertex 80.392 0.270542 4.75
    endloop
  endfacet
  facet normal 0 0 -1
    outer loop
      vertex 41.75 38 4.75
      vertex 42.25 38 4.75
      vertex 42.25 4 4.75
    endloop
  endfacet
  facet normal 0 0 -1
    outer loop
      vertex 41.6681 38.7797 4.75
      vertex 42.25 38 4.75
      vertex 41.75 38 4.75
    endloop
  endfacet
  facet normal 0 0 -1
    outer loop
      vertex 41.75 38 4.75
      vertex 42.25 4 4.75
      vertex 41.75 4 4.75
    endloop
  endfacet
  facet normal 0 0 -1
    outer loop
      vertex 42.3319 3.22033 4.75
      vertex 41.75 4 4.75
      vertex 42.25 4 4.75
    endloop
  endfacet
  facet normal 0 0 -1
    outer loop
      vertex 41.6681 3.22033 4.75
      vertex 42.3319 3.22033 4.75
      vertex 42.5742 2.47474 4.75
    endloop
  endfacet
  facet normal 0 0 -1
    outer loop
      vertex 42.3319 3.22033 4.75
      vertex 41.6681 3.22033 4.75
      vertex 41.75 4 4.75
    endloop
  endfacet
  facet normal 0 0 -1
    outer loop
      vertex 41.4258 2.47474 4.75
      vertex 42.5742 2.47474 4.75
      vertex 42.9662 1.7958 4.75
    endloop
  endfacet
  facet normal 0 0 -1
    outer loop
      vertex 41.0338 1.7958 4.75
      vertex 42.9662 1.7958 4.75
      vertex 43.4908 1.21321 4.75
    endloop
  endfacet
  facet normal 0 0 -1
    outer loop
      vertex 42.5742 2.47474 4.75
      vertex 41.4258 2.47474 4.75
      vertex 41.6681 3.22033 4.75
    endloop
  endfacet
  facet normal 0 0 -1
    outer loop
      vertex 40.5092 1.21321 4.75
      vertex 43.4908 1.21321 4.75
      vertex 44.125 0.752404 4.75
    endloop
  endfacet
  facet normal 0 0 -1
    outer loop
      vertex 42.9662 1.7958 4.75
      vertex 41.0338 1.7958 4.75
      vertex 41.4258 2.47474 4.75
    endloop
  endfacet
  facet normal 0 0 -1
    outer loop
      vertex 39.875 0.752404 4.75
      vertex 44.125 0.752404 4.75
      vertex 44.8412 0.433537 4.75
    endloop
  endfacet
  facet normal 0 0 -1
    outer loop
      vertex 43.4908 1.21321 4.75
      vertex 40.5092 1.21321 4.75
      vertex 41.0338 1.7958 4.75
    endloop
  endfacet
  facet normal 0 0 -1
    outer loop
      vertex 39.1588 0.433537 4.75
      vertex 44.8412 0.433537 4.75
      vertex 45.608 0.270542 4.75
    endloop
  endfacet
  facet normal 0 0 -1
    outer loop
      vertex 44.125 0.752404 4.75
      vertex 39.875 0.752404 4.75
      vertex 40.5092 1.21321 4.75
    endloop
  endfacet
  facet normal 0 0 -1
    outer loop
      vertex 44.8412 0.433537 4.75
      vertex 39.1588 0.433537 4.75
      vertex 39.875 0.752404 4.75
    endloop
  endfacet
  facet normal 0 0 -1
    outer loop
      vertex 45.608 0.270542 4.75
      vertex 38.392 0.270542 4.75
      vertex 39.1588 0.433537 4.75
    endloop
  endfacet
  facet normal 0 0 -1
    outer loop
      vertex 81.7091 0.0109558 4.75
      vertex 38.392 0.270542 4.75
      vertex 45.608 0.270542 4.75
    endloop
  endfacet
  facet normal 0 0 -1
    outer loop
      vertex 1.79094 0.0109558 4.75
      vertex 38.392 0.270542 4.75
      vertex 81.7091 0.0109558 4.75
    endloop
  endfacet
  facet normal -0 0 -1
    outer loop
      vertex 38.392 0.270542 4.75
      vertex 1.79094 0.0109558 4.75
      vertex 3.60802 0.270542 4.75
    endloop
  endfacet
  facet normal 0 0 -1
    outer loop
      vertex 1.79094 0.0109558 4.75
      vertex 2.84119 0.433537 4.75
      vertex 3.60802 0.270542 4.75
    endloop
  endfacet
  facet normal 0 0 -1
    outer loop
      vertex 1.79094 0.0109558 4.75
      vertex 2.125 0.752404 4.75
      vertex 2.84119 0.433537 4.75
    endloop
  endfacet
  facet normal 0 0 -1
    outer loop
      vertex 1.38197 0.0978861 4.75
      vertex 2.125 0.752404 4.75
      vertex 1.79094 0.0109558 4.75
    endloop
  endfacet
  facet normal -0 0 -1
    outer loop
      vertex 2.125 0.752404 4.75
      vertex 1.38197 0.0978861 4.75
      vertex 1.49076 1.21321 4.75
    endloop
  endfacet
  facet normal 0 0 -1
    outer loop
      vertex 1 0.267949 4.75
      vertex 1.49076 1.21321 4.75
      vertex 1.38197 0.0978861 4.75
    endloop
  endfacet
  facet normal 0 0 -1
    outer loop
      vertex 0.661738 0.51371 4.75
      vertex 1.49076 1.21321 4.75
      vertex 1 0.267949 4.75
    endloop
  endfacet
  facet normal 0 0 -1
    outer loop
      vertex 0.381966 0.824429 4.75
      vertex 1.49076 1.21321 4.75
      vertex 0.661738 0.51371 4.75
    endloop
  endfacet
  facet normal -0 0 -1
    outer loop
      vertex 1.49076 1.21321 4.75
      vertex 0.381966 0.824429 4.75
      vertex 0.966186 1.7958 4.75
    endloop
  endfacet
  facet normal 0 0 -1
    outer loop
      vertex 0.172909 1.18653 4.75
      vertex 0.966186 1.7958 4.75
      vertex 0.381966 0.824429 4.75
    endloop
  endfacet
  facet normal 0 0 -1
    outer loop
      vertex 0.043704 1.58418 4.75
      vertex 0.966186 1.7958 4.75
      vertex 0.172909 1.18653 4.75
    endloop
  endfacet
  facet normal -0 0 -1
    outer loop
      vertex 0.574204 2.47474 4.75
      vertex 0 2 4.75
      vertex 0.331946 3.22033 4.75
    endloop
  endfacet
  facet normal 0 0 -1
    outer loop
      vertex 0 2 4.75
      vertex 0.25 38 4.75
      vertex 0.25 4 4.75
    endloop
  endfacet
  facet normal -0 0 -1
    outer loop
      vertex 0.25 38 4.75
      vertex 0 2 4.75
      vertex 0.25 46 4.75
    endloop
  endfacet
  facet normal -0 0 -1
    outer loop
      vertex 0.331946 3.22033 4.75
      vertex 0 2 4.75
      vertex 0.25 4 4.75
    endloop
  endfacet
  facet normal 0 0 -1
    outer loop
      vertex 0 2 4.75
      vertex 0.966186 1.7958 4.75
      vertex 0.043704 1.58418 4.75
    endloop
  endfacet
  facet normal 0 0 -1
    outer loop
      vertex 83.4258 39.5253 4.75
      vertex 83.5 44.7031 4.75
      vertex 83.5 39.2969 4.75
    endloop
  endfacet
  facet normal 0 0 -1
    outer loop
      vertex 83.4258 39.5253 4.75
      vertex 83.4258 44.4747 4.75
      vertex 83.5 44.7031 4.75
    endloop
  endfacet
  facet normal 0 0 -1
    outer loop
      vertex 83.0338 40.2042 4.75
      vertex 83.4258 44.4747 4.75
      vertex 83.4258 39.5253 4.75
    endloop
  endfacet
  facet normal 0 0 -1
    outer loop
      vertex 83.0338 40.2042 4.75
      vertex 83.0338 43.7958 4.75
      vertex 83.4258 44.4747 4.75
    endloop
  endfacet
  facet normal 0 0 -1
    outer loop
      vertex 82.5092 40.7868 4.75
      vertex 83.0338 43.7958 4.75
      vertex 83.0338 40.2042 4.75
    endloop
  endfacet
  facet normal 0 0 -1
    outer loop
      vertex 82.5092 40.7868 4.75
      vertex 82.5092 43.2132 4.75
      vertex 83.0338 43.7958 4.75
    endloop
  endfacet
  facet normal 0 0 -1
    outer loop
      vertex 81.875 41.2476 4.75
      vertex 82.5092 43.2132 4.75
      vertex 82.5092 40.7868 4.75
    endloop
  endfacet
  facet normal 0 0 -1
    outer loop
      vertex 81.875 41.2476 4.75
      vertex 81.875 42.7524 4.75
      vertex 82.5092 43.2132 4.75
    endloop
  endfacet
  facet normal 0 0 -1
    outer loop
      vertex 81.1588 41.5665 4.75
      vertex 81.875 42.7524 4.75
      vertex 81.875 41.2476 4.75
    endloop
  endfacet
  facet normal 0 0 -1
    outer loop
      vertex 81.1588 41.5665 4.75
      vertex 81.1588 42.4335 4.75
      vertex 81.875 42.7524 4.75
    endloop
  endfacet
  facet normal 0 0 -1
    outer loop
      vertex 80.392 41.7295 4.75
      vertex 81.1588 42.4335 4.75
      vertex 81.1588 41.5665 4.75
    endloop
  endfacet
  facet normal 0 0 -1
    outer loop
      vertex 80.392 41.7295 4.75
      vertex 80.392 42.2705 4.75
      vertex 81.1588 42.4335 4.75
    endloop
  endfacet
  facet normal 0 0 -1
    outer loop
      vertex 45.608 41.7295 4.75
      vertex 80.392 42.2705 4.75
      vertex 80.392 41.7295 4.75
    endloop
  endfacet
  facet normal 0 0 -1
    outer loop
      vertex 45.608 41.7295 4.75
      vertex 45.608 42.2705 4.75
      vertex 80.392 42.2705 4.75
    endloop
  endfacet
  facet normal 0 0 -1
    outer loop
      vertex 44.8412 41.5665 4.75
      vertex 45.608 42.2705 4.75
      vertex 45.608 41.7295 4.75
    endloop
  endfacet
  facet normal 0 0 -1
    outer loop
      vertex 44.8412 41.5665 4.75
      vertex 44.8412 42.4335 4.75
      vertex 45.608 42.2705 4.75
    endloop
  endfacet
  facet normal 0 0 -1
    outer loop
      vertex 44.125 41.2476 4.75
      vertex 44.8412 42.4335 4.75
      vertex 44.8412 41.5665 4.75
    endloop
  endfacet
  facet normal 0 0 -1
    outer loop
      vertex 44.125 41.2476 4.75
      vertex 44.125 42.7524 4.75
      vertex 44.8412 42.4335 4.75
    endloop
  endfacet
  facet normal 0 0 -1
    outer loop
      vertex 43.4908 40.7868 4.75
      vertex 44.125 42.7524 4.75
      vertex 44.125 41.2476 4.75
    endloop
  endfacet
  facet normal 0 0 -1
    outer loop
      vertex 43.4908 40.7868 4.75
      vertex 43.4908 43.2132 4.75
      vertex 44.125 42.7524 4.75
    endloop
  endfacet
  facet normal 0 0 -1
    outer loop
      vertex 41.0338 40.2042 4.75
      vertex 43.4908 40.7868 4.75
      vertex 42.9662 40.2042 4.75
    endloop
  endfacet
  facet normal 0 0 -1
    outer loop
      vertex 40.5092 40.7868 4.75
      vertex 43.4908 40.7868 4.75
      vertex 41.0338 40.2042 4.75
    endloop
  endfacet
  facet normal 0 0 -1
    outer loop
      vertex 41.4258 39.5253 4.75
      vertex 42.5742 39.5253 4.75
      vertex 41.6681 38.7797 4.75
    endloop
  endfacet
  facet normal 0 0 -1
    outer loop
      vertex 42.5742 39.5253 4.75
      vertex 41.4258 39.5253 4.75
      vertex 42.9662 40.2042 4.75
    endloop
  endfacet
  facet normal 0 0 -1
    outer loop
      vertex 41.6681 38.7797 4.75
      vertex 42.5742 39.5253 4.75
      vertex 42.3319 38.7797 4.75
    endloop
  endfacet
  facet normal 0 0 -1
    outer loop
      vertex 41.0338 40.2042 4.75
      vertex 42.9662 40.2042 4.75
      vertex 41.4258 39.5253 4.75
    endloop
  endfacet
  facet normal 0 0 -1
    outer loop
      vertex 41.6681 38.7797 4.75
      vertex 42.3319 38.7797 4.75
      vertex 42.25 38 4.75
    endloop
  endfacet
  facet normal 0 0 -1
    outer loop
      vertex 43.4908 40.7868 4.75
      vertex 40.5092 40.7868 4.75
      vertex 43.4908 43.2132 4.75
    endloop
  endfacet
  facet normal 0 0 -1
    outer loop
      vertex 42.5742 44.4747 4.75
      vertex 41.75 46 4.75
      vertex 42.3319 45.2203 4.75
    endloop
  endfacet
  facet normal 0 0 -1
    outer loop
      vertex 42.25 46 4.75
      vertex 41.75 46 4.75
      vertex 42.25 80 4.75
    endloop
  endfacet
  facet normal 0 0 -1
    outer loop
      vertex 41.75 80 4.75
      vertex 42.25 80 4.75
      vertex 41.75 46 4.75
    endloop
  endfacet
  facet normal 0 0 -1
    outer loop
      vertex 41.75 80 4.75
      vertex 42.3319 80.7797 4.75
      vertex 42.25 80 4.75
    endloop
  endfacet
  facet normal 0 0 -1
    outer loop
      vertex 41.6681 80.7797 4.75
      vertex 42.3319 80.7797 4.75
      vertex 41.75 80 4.75
    endloop
  endfacet
  facet normal 0 0 -1
    outer loop
      vertex 42.3319 80.7797 4.75
      vertex 41.6681 80.7797 4.75
      vertex 42.5742 81.5253 4.75
    endloop
  endfacet
  facet normal 0 0 -1
    outer loop
      vertex 41.4258 81.5253 4.75
      vertex 42.5742 81.5253 4.75
      vertex 41.6681 80.7797 4.75
    endloop
  endfacet
  facet normal 0 0 -1
    outer loop
      vertex 42.5742 81.5253 4.75
      vertex 41.4258 81.5253 4.75
      vertex 42.9662 82.2042 4.75
    endloop
  endfacet
  facet normal 0 0 -1
    outer loop
      vertex 41.0338 82.2042 4.75
      vertex 42.9662 82.2042 4.75
      vertex 41.4258 81.5253 4.75
    endloop
  endfacet
  facet normal 0 0 -1
    outer loop
      vertex 42.9662 82.2042 4.75
      vertex 41.0338 82.2042 4.75
      vertex 43.4908 82.7868 4.75
    endloop
  endfacet
  facet normal 0 0 -1
    outer loop
      vertex 40.5092 82.7868 4.75
      vertex 43.4908 82.7868 4.75
      vertex 41.0338 82.2042 4.75
    endloop
  endfacet
  facet normal 0 0 -1
    outer loop
      vertex 43.4908 82.7868 4.75
      vertex 40.5092 82.7868 4.75
      vertex 44.125 83.2476 4.75
    endloop
  endfacet
  facet normal 0 0 -1
    outer loop
      vertex 39.875 83.2476 4.75
      vertex 44.125 83.2476 4.75
      vertex 40.5092 82.7868 4.75
    endloop
  endfacet
  facet normal 0 0 -1
    outer loop
      vertex 44.125 83.2476 4.75
      vertex 39.875 83.2476 4.75
      vertex 44.6673 83.489 4.75
    endloop
  endfacet
  facet normal -0 0 -1
    outer loop
      vertex 44.6673 83.489 4.75
      vertex 39.875 83.2476 4.75
      vertex 39.3327 83.489 4.75
    endloop
  endfacet
  facet normal 0 0 -1
    outer loop
      vertex 2.125 83.2476 4.75
      vertex 1.79094 83.489 4.75
      vertex 2.6673 83.489 4.75
    endloop
  endfacet
  facet normal 0 0 -1
    outer loop
      vertex 1.49076 82.7868 4.75
      vertex 1.79094 83.489 4.75
      vertex 2.125 83.2476 4.75
    endloop
  endfacet
  facet normal 0 0 -1
    outer loop
      vertex 1.49076 82.7868 4.75
      vertex 1.38197 83.4021 4.75
      vertex 1.79094 83.489 4.75
    endloop
  endfacet
  facet normal 0 0 -1
    outer loop
      vertex 1.49076 82.7868 4.75
      vertex 1 83.232 4.75
      vertex 1.38197 83.4021 4.75
    endloop
  endfacet
  facet normal 0 0 -1
    outer loop
      vertex 0.661738 82.9863 4.75
      vertex 1.49076 82.7868 4.75
      vertex 0.966186 82.2042 4.75
    endloop
  endfacet
  facet normal 0 0 -1
    outer loop
      vertex 1.49076 82.7868 4.75
      vertex 0.661738 82.9863 4.75
      vertex 1 83.232 4.75
    endloop
  endfacet
  facet normal 0 0 -1
    outer loop
      vertex 0.172909 82.3135 4.75
      vertex 0.966186 82.2042 4.75
      vertex 0.574204 81.5253 4.75
    endloop
  endfacet
  facet normal 0 0 -1
    outer loop
      vertex 0.966186 82.2042 4.75
      vertex 0.381966 82.6756 4.75
      vertex 0.661738 82.9863 4.75
    endloop
  endfacet
  facet normal 0 0 -1
    outer loop
      vertex 0 81.5 4.75
      vertex 0.574204 81.5253 4.75
      vertex 0.331946 80.7797 4.75
    endloop
  endfacet
  facet normal 0 0 -1
    outer loop
      vertex 0 81.5 4.75
      vertex 0.331946 80.7797 4.75
      vertex 0.25 80 4.75
    endloop
  endfacet
  facet normal -0 0 -1
    outer loop
      vertex 0.574204 81.5253 4.75
      vertex 0 81.5 4.75
      vertex 0.043704 81.9158 4.75
    endloop
  endfacet
  facet normal -0 0 -1
    outer loop
      vertex 0.25 46 4.75
      vertex 0 2 4.75
      vertex 0 81.5 4.75
    endloop
  endfacet
  facet normal 0 0 -1
    outer loop
      vertex 0.966186 1.7958 4.75
      vertex 0 2 4.75
      vertex 0.574204 2.47474 4.75
    endloop
  endfacet
  facet normal 0 0 -1
    outer loop
      vertex 0.25 46 4.75
      vertex 0 81.5 4.75
      vertex 0.25 80 4.75
    endloop
  endfacet
  facet normal 0 0 -1
    outer loop
      vertex 0.966186 82.2042 4.75
      vertex 0.172909 82.3135 4.75
      vertex 0.381966 82.6756 4.75
    endloop
  endfacet
  facet normal 0 0 -1
    outer loop
      vertex 0.574204 81.5253 4.75
      vertex 0.043704 81.9158 4.75
      vertex 0.172909 82.3135 4.75
    endloop
  endfacet
  facet normal 0 0 -1
    outer loop
      vertex 83.4258 81.5253 4.75
      vertex 83.5 81.5 4.75
      vertex 83.5 81.2969 4.75
    endloop
  endfacet
  facet normal 0 0 -1
    outer loop
      vertex 83.5 81.5 4.75
      vertex 83.4258 81.5253 4.75
      vertex 83.4563 81.9158 4.75
    endloop
  endfacet
  facet normal 0 0 -1
    outer loop
      vertex 83.0338 82.2042 4.75
      vertex 83.4563 81.9158 4.75
      vertex 83.4258 81.5253 4.75
    endloop
  endfacet
  facet normal 0 0 -1
    outer loop
      vertex 83.4563 81.9158 4.75
      vertex 83.0338 82.2042 4.75
      vertex 83.3271 82.3135 4.75
    endloop
  endfacet
  facet normal -0 0 -1
    outer loop
      vertex 83.3271 82.3135 4.75
      vertex 83.0338 82.2042 4.75
      vertex 83.118 82.6756 4.75
    endloop
  endfacet
  facet normal 0 0 -1
    outer loop
      vertex 82.5092 82.7868 4.75
      vertex 83.118 82.6756 4.75
      vertex 83.0338 82.2042 4.75
    endloop
  endfacet
  facet normal 0 0 -1
    outer loop
      vertex 83.118 82.6756 4.75
      vertex 82.5092 82.7868 4.75
      vertex 82.8383 82.9863 4.75
    endloop
  endfacet
  facet normal 0 0 -1
    outer loop
      vertex 82.5092 82.7868 4.75
      vertex 82.5 83.232 4.75
      vertex 82.8383 82.9863 4.75
    endloop
  endfacet
  facet normal 0 0 -1
    outer loop
      vertex 81.875 83.2476 4.75
      vertex 82.5 83.232 4.75
      vertex 82.5092 82.7868 4.75
    endloop
  endfacet
  facet normal 0 0 -1
    outer loop
      vertex 82.5 83.232 4.75
      vertex 81.875 83.2476 4.75
      vertex 82.118 83.4021 4.75
    endloop
  endfacet
  facet normal 0 0 -1
    outer loop
      vertex 81.875 83.2476 4.75
      vertex 81.7091 83.489 4.75
      vertex 82.118 83.4021 4.75
    endloop
  endfacet
  facet normal -0 -0 -1
    outer loop
      vertex 81.7091 83.489 4.75
      vertex 81.875 83.2476 4.75
      vertex 81.3327 83.489 4.75
    endloop
  endfacet
endsolid OpenSCAD_Model
