solid OpenSCAD_Model
  facet normal 0.000970538 -0.00015374 1
    outer loop
      vertex 3.3443 -0.3515 1.19671
      vertex 0.00994492 -0.00104523 1.2
      vertex 3.28923 -0.699148 1.19671
    endloop
  endfacet
  facet normal -0.703247 0.703247 0.104347
    outer loop
      vertex -2.89826 2.60961 0.599999
      vertex -2.60084 2.88852 0.724747
      vertex -2.60961 2.89826 0.599999
    endloop
  endfacet
  facet normal -0.703247 0.703247 0.104347
    outer loop
      vertex -2.60084 2.88852 0.724747
      vertex -2.89826 2.60961 0.599999
      vertex -2.88852 2.60084 0.724747
    endloop
  endfacet
  facet normal 0.156411 0.987692 -0
    outer loop
      vertex 0.810855 3.81478 0
      vertex 0.40766 3.87863 0.599999
      vertex 0.810855 3.81478 0.599999
    endloop
  endfacet
  facet normal 0.156411 0.987692 0
    outer loop
      vertex 0.40766 3.87863 0.599999
      vertex 0.810855 3.81478 0
      vertex 0.40766 3.87863 0
    endloop
  endfacet
  facet normal -0.457177 0.370221 0.808657
    outer loop
      vertex -2.75073 2.47677 1.04589
      vertex -2.99456 2.17567 1.04589
      vertex -2.91246 2.11603 1.11961
    endloop
  endfacet
  facet normal -0.000981292 5.14236e-05 1
    outer loop
      vertex -3.3443 0.3515 1.19671
      vertex -3.36272 0 1.19671
      vertex -0.00994492 0.00104523 1.2
    endloop
  endfacet
  facet normal -0.000763537 0.000618524 1
    outer loop
      vertex -0.00743103 0.00669098 1.2
      vertex -2.49899 2.2501 1.19671
      vertex -0.00809002 0.00587749 1.2
    endloop
  endfacet
  facet normal -0.207907 0.010894 0.978088
    outer loop
      vertex -3.46632 0.364325 1.17063
      vertex -3.48541 0 1.17063
      vertex -3.3443 0.3515 1.19671
    endloop
  endfacet
  facet normal -0.000970538 -0.00015374 1
    outer loop
      vertex -0.00994492 -0.00104523 1.2
      vertex -3.3443 -0.3515 1.19671
      vertex -3.28923 -0.699148 1.19671
    endloop
  endfacet
  facet normal -0.98229 0.155567 0.104425
    outer loop
      vertex -3.81478 0.810855 0.599999
      vertex -3.86559 0.40629 0.724747
      vertex -3.80195 0.808129 0.724747
    endloop
  endfacet
  facet normal 0 0 -1
    outer loop
      vertex 3.4 0 0
      vertex 3.9 0 0
      vertex 3.87863 -0.40766 0
    endloop
  endfacet
  facet normal 0 0 -1
    outer loop
      vertex 3.38137 -0.355396 0
      vertex 3.87863 -0.40766 0
      vertex 3.81478 -0.810855 0
    endloop
  endfacet
  facet normal 0 0 -1
    outer loop
      vertex 3.9 0 0
      vertex 3.4 0 0
      vertex 3.87863 0.40766 0
    endloop
  endfacet
  facet normal 0 0 -1
    outer loop
      vertex 3.3257 -0.7069 0
      vertex 3.81478 -0.810855 0
      vertex 3.70912 -1.20517 0
    endloop
  endfacet
  facet normal 0 0 -1
    outer loop
      vertex 3.38137 0.355396 0
      vertex 3.87863 0.40766 0
      vertex 3.4 0 0
    endloop
  endfacet
  facet normal 0 0 -1
    outer loop
      vertex 3.23359 -1.05066 0
      vertex 3.70912 -1.20517 0
      vertex 3.56283 -1.58627 0
    endloop
  endfacet
  facet normal -0 0 -1
    outer loop
      vertex 3.87863 0.40766 0
      vertex 3.38137 0.355396 0
      vertex 3.81478 0.810855 0
    endloop
  endfacet
  facet normal 0 0 -1
    outer loop
      vertex 3.3257 0.7069 0
      vertex 3.81478 0.810855 0
      vertex 3.38137 0.355396 0
    endloop
  endfacet
  facet normal 0 0 -1
    outer loop
      vertex 3.87863 -0.40766 0
      vertex 3.38137 -0.355396 0
      vertex 3.4 0 0
    endloop
  endfacet
  facet normal 0 0 -1
    outer loop
      vertex 3.10605 -1.3829 0
      vertex 3.56283 -1.58627 0
      vertex 3.3775 -1.95 0
    endloop
  endfacet
  facet normal 0 0 -1
    outer loop
      vertex 3.81478 -0.810855 0
      vertex 3.3257 -0.7069 0
      vertex 3.38137 -0.355396 0
    endloop
  endfacet
  facet normal 0 0 -1
    outer loop
      vertex 3.70912 -1.20517 0
      vertex 3.23359 -1.05066 0
      vertex 3.3257 -0.7069 0
    endloop
  endfacet
  facet normal 0 0 -1
    outer loop
      vertex 2.94449 -1.7 0
      vertex 3.3775 -1.95 0
      vertex 3.15517 -2.29236 0
    endloop
  endfacet
  facet normal 0 0 -1
    outer loop
      vertex 3.56283 -1.58627 0
      vertex 3.10605 -1.3829 0
      vertex 3.23359 -1.05066 0
    endloop
  endfacet
  facet normal 0 0 -1
    outer loop
      vertex 3.3775 -1.95 0
      vertex 2.94449 -1.7 0
      vertex 3.10605 -1.3829 0
    endloop
  endfacet
  facet normal 0 0 -1
    outer loop
      vertex 2.75066 -1.99847 0
      vertex 3.15517 -2.29236 0
      vertex 2.89826 -2.60961 0
    endloop
  endfacet
  facet normal 0 0 -1
    outer loop
      vertex 3.15517 -2.29236 0
      vertex 2.75066 -1.99847 0
      vertex 2.94449 -1.7 0
    endloop
  endfacet
  facet normal 0 0 -1
    outer loop
      vertex 2.52669 -2.27504 0
      vertex 2.89826 -2.60961 0
      vertex 2.60961 -2.89826 0
    endloop
  endfacet
  facet normal 0 0 -1
    outer loop
      vertex 2.89826 -2.60961 0
      vertex 2.52669 -2.27504 0
      vertex 2.75066 -1.99847 0
    endloop
  endfacet
  facet normal 0 0 -1
    outer loop
      vertex 2.27504 -2.52669 0
      vertex 2.60961 -2.89826 0
      vertex 2.29236 -3.15517 0
    endloop
  endfacet
  facet normal 0 0 -1
    outer loop
      vertex 2.60961 -2.89826 0
      vertex 2.27504 -2.52669 0
      vertex 2.52669 -2.27504 0
    endloop
  endfacet
  facet normal 0 0 -1
    outer loop
      vertex 2.29236 -3.15517 0
      vertex 1.99847 -2.75066 0
      vertex 2.27504 -2.52669 0
    endloop
  endfacet
  facet normal 0 0 -1
    outer loop
      vertex 1.95 -3.3775 0
      vertex 1.99847 -2.75066 0
      vertex 2.29236 -3.15517 0
    endloop
  endfacet
  facet normal 0 0 -1
    outer loop
      vertex 1.95 -3.3775 0
      vertex 1.7 -2.94449 0
      vertex 1.99847 -2.75066 0
    endloop
  endfacet
  facet normal 0 0 -1
    outer loop
      vertex 1.58627 -3.56283 0
      vertex 1.7 -2.94449 0
      vertex 1.95 -3.3775 0
    endloop
  endfacet
  facet normal 0 0 -1
    outer loop
      vertex 1.58627 -3.56283 0
      vertex 1.3829 -3.10605 0
      vertex 1.7 -2.94449 0
    endloop
  endfacet
  facet normal 0 0 -1
    outer loop
      vertex 1.20517 -3.70912 0
      vertex 1.3829 -3.10605 0
      vertex 1.58627 -3.56283 0
    endloop
  endfacet
  facet normal 0 0 -1
    outer loop
      vertex 1.20517 -3.70912 0
      vertex 1.05066 -3.23359 0
      vertex 1.3829 -3.10605 0
    endloop
  endfacet
  facet normal 0 0 -1
    outer loop
      vertex 0.810855 -3.81478 0
      vertex 1.05066 -3.23359 0
      vertex 1.20517 -3.70912 0
    endloop
  endfacet
  facet normal 0 0 -1
    outer loop
      vertex 0.810855 -3.81478 0
      vertex 0.7069 -3.3257 0
      vertex 1.05066 -3.23359 0
    endloop
  endfacet
  facet normal 0 0 -1
    outer loop
      vertex 0.40766 -3.87863 0
      vertex 0.7069 -3.3257 0
      vertex 0.810855 -3.81478 0
    endloop
  endfacet
  facet normal 0 0 -1
    outer loop
      vertex 0.40766 -3.87863 0
      vertex 0.355396 -3.38137 0
      vertex 0.7069 -3.3257 0
    endloop
  endfacet
  facet normal 0 0 -1
    outer loop
      vertex 0 -3.9 0
      vertex 0.355396 -3.38137 0
      vertex 0.40766 -3.87863 0
    endloop
  endfacet
  facet normal 0 0 -1
    outer loop
      vertex 0 -3.9 0
      vertex 0 -3.4 0
      vertex 0.355396 -3.38137 0
    endloop
  endfacet
  facet normal 0 0 -1
    outer loop
      vertex 0 -3.9 0
      vertex -0.355396 -3.38137 0
      vertex 0 -3.4 0
    endloop
  endfacet
  facet normal 0 0 -1
    outer loop
      vertex -0.40766 -3.87863 0
      vertex -0.355396 -3.38137 0
      vertex 0 -3.9 0
    endloop
  endfacet
  facet normal 0 0 -1
    outer loop
      vertex -0.40766 -3.87863 0
      vertex -0.7069 -3.3257 0
      vertex -0.355396 -3.38137 0
    endloop
  endfacet
  facet normal 0 0 -1
    outer loop
      vertex -0.810855 -3.81478 0
      vertex -0.7069 -3.3257 0
      vertex -0.40766 -3.87863 0
    endloop
  endfacet
  facet normal 0 0 -1
    outer loop
      vertex -0.810855 -3.81478 0
      vertex -1.05066 -3.23359 0
      vertex -0.7069 -3.3257 0
    endloop
  endfacet
  facet normal 0 0 -1
    outer loop
      vertex -1.20517 -3.70912 0
      vertex -1.05066 -3.23359 0
      vertex -0.810855 -3.81478 0
    endloop
  endfacet
  facet normal 0 0 -1
    outer loop
      vertex -1.20517 -3.70912 0
      vertex -1.3829 -3.10605 0
      vertex -1.05066 -3.23359 0
    endloop
  endfacet
  facet normal 0 0 -1
    outer loop
      vertex -1.58627 -3.56283 0
      vertex -1.3829 -3.10605 0
      vertex -1.20517 -3.70912 0
    endloop
  endfacet
  facet normal 0 0 -1
    outer loop
      vertex -1.58627 -3.56283 0
      vertex -1.7 -2.94449 0
      vertex -1.3829 -3.10605 0
    endloop
  endfacet
  facet normal 0 0 -1
    outer loop
      vertex -1.95 -3.3775 0
      vertex -1.7 -2.94449 0
      vertex -1.58627 -3.56283 0
    endloop
  endfacet
  facet normal 0 0 -1
    outer loop
      vertex -1.95 -3.3775 0
      vertex -1.99847 -2.75066 0
      vertex -1.7 -2.94449 0
    endloop
  endfacet
  facet normal 0 0 -1
    outer loop
      vertex -2.29236 -3.15517 0
      vertex -1.99847 -2.75066 0
      vertex -1.95 -3.3775 0
    endloop
  endfacet
  facet normal -0 0 -1
    outer loop
      vertex -1.99847 -2.75066 0
      vertex -2.29236 -3.15517 0
      vertex -2.27504 -2.52669 0
    endloop
  endfacet
  facet normal 0 0 -1
    outer loop
      vertex -2.60961 -2.89826 0
      vertex -2.27504 -2.52669 0
      vertex -2.29236 -3.15517 0
    endloop
  endfacet
  facet normal -0 0 -1
    outer loop
      vertex -2.27504 -2.52669 0
      vertex -2.60961 -2.89826 0
      vertex -2.52669 -2.27504 0
    endloop
  endfacet
  facet normal 0 0 -1
    outer loop
      vertex -2.89826 -2.60961 0
      vertex -2.52669 -2.27504 0
      vertex -2.60961 -2.89826 0
    endloop
  endfacet
  facet normal -0 0 -1
    outer loop
      vertex -2.52669 -2.27504 0
      vertex -2.89826 -2.60961 0
      vertex -2.75066 -1.99847 0
    endloop
  endfacet
  facet normal 0 0 -1
    outer loop
      vertex -3.15517 -2.29236 0
      vertex -2.75066 -1.99847 0
      vertex -2.89826 -2.60961 0
    endloop
  endfacet
  facet normal -0 0 -1
    outer loop
      vertex -2.75066 -1.99847 0
      vertex -3.15517 -2.29236 0
      vertex -2.94449 -1.7 0
    endloop
  endfacet
  facet normal 0 0 -1
    outer loop
      vertex -3.3775 -1.95 0
      vertex -2.94449 -1.7 0
      vertex -3.15517 -2.29236 0
    endloop
  endfacet
  facet normal -0 0 -1
    outer loop
      vertex -2.94449 -1.7 0
      vertex -3.3775 -1.95 0
      vertex -3.10605 -1.3829 0
    endloop
  endfacet
  facet normal 0 0 -1
    outer loop
      vertex -3.56283 -1.58627 0
      vertex -3.10605 -1.3829 0
      vertex -3.3775 -1.95 0
    endloop
  endfacet
  facet normal -0 0 -1
    outer loop
      vertex -3.10605 -1.3829 0
      vertex -3.56283 -1.58627 0
      vertex -3.23359 -1.05066 0
    endloop
  endfacet
  facet normal 0 0 -1
    outer loop
      vertex -3.70912 -1.20517 0
      vertex -3.23359 -1.05066 0
      vertex -3.56283 -1.58627 0
    endloop
  endfacet
  facet normal -0 0 -1
    outer loop
      vertex -3.23359 -1.05066 0
      vertex -3.70912 -1.20517 0
      vertex -3.3257 -0.7069 0
    endloop
  endfacet
  facet normal 0 0 -1
    outer loop
      vertex -3.81478 -0.810855 0
      vertex -3.3257 -0.7069 0
      vertex -3.70912 -1.20517 0
    endloop
  endfacet
  facet normal -0 0 -1
    outer loop
      vertex 3.81478 0.810855 0
      vertex 3.3257 0.7069 0
      vertex 3.70912 1.20517 0
    endloop
  endfacet
  facet normal 0 0 -1
    outer loop
      vertex 3.23359 1.05066 0
      vertex 3.70912 1.20517 0
      vertex 3.3257 0.7069 0
    endloop
  endfacet
  facet normal -0 0 -1
    outer loop
      vertex 3.70912 1.20517 0
      vertex 3.23359 1.05066 0
      vertex 3.56283 1.58627 0
    endloop
  endfacet
  facet normal 0 0 -1
    outer loop
      vertex 3.10605 1.3829 0
      vertex 3.56283 1.58627 0
      vertex 3.23359 1.05066 0
    endloop
  endfacet
  facet normal -0 0 -1
    outer loop
      vertex 3.56283 1.58627 0
      vertex 3.10605 1.3829 0
      vertex 3.3775 1.95 0
    endloop
  endfacet
  facet normal 0 0 -1
    outer loop
      vertex 2.94449 1.7 0
      vertex 3.3775 1.95 0
      vertex 3.10605 1.3829 0
    endloop
  endfacet
  facet normal -0 0 -1
    outer loop
      vertex 3.3775 1.95 0
      vertex 2.94449 1.7 0
      vertex 3.15517 2.29236 0
    endloop
  endfacet
  facet normal 0 0 -1
    outer loop
      vertex 2.75066 1.99847 0
      vertex 3.15517 2.29236 0
      vertex 2.94449 1.7 0
    endloop
  endfacet
  facet normal -0 0 -1
    outer loop
      vertex 3.15517 2.29236 0
      vertex 2.75066 1.99847 0
      vertex 2.89826 2.60961 0
    endloop
  endfacet
  facet normal 0 0 -1
    outer loop
      vertex 2.52669 2.27504 0
      vertex 2.89826 2.60961 0
      vertex 2.75066 1.99847 0
    endloop
  endfacet
  facet normal -0 0 -1
    outer loop
      vertex 2.89826 2.60961 0
      vertex 2.52669 2.27504 0
      vertex 2.60961 2.89826 0
    endloop
  endfacet
  facet normal 0 0 -1
    outer loop
      vertex 2.27504 2.52669 0
      vertex 2.60961 2.89826 0
      vertex 2.52669 2.27504 0
    endloop
  endfacet
  facet normal -0 0 -1
    outer loop
      vertex 2.60961 2.89826 0
      vertex 2.27504 2.52669 0
      vertex 2.29236 3.15517 0
    endloop
  endfacet
  facet normal 0 0 -1
    outer loop
      vertex 1.99847 2.75066 0
      vertex 2.29236 3.15517 0
      vertex 2.27504 2.52669 0
    endloop
  endfacet
  facet normal 0 0 -1
    outer loop
      vertex 1.99847 2.75066 0
      vertex 1.95 3.3775 0
      vertex 2.29236 3.15517 0
    endloop
  endfacet
  facet normal 0 0 -1
    outer loop
      vertex 1.7 2.94449 0
      vertex 1.95 3.3775 0
      vertex 1.99847 2.75066 0
    endloop
  endfacet
  facet normal 0 0 -1
    outer loop
      vertex 1.7 2.94449 0
      vertex 1.58627 3.56283 0
      vertex 1.95 3.3775 0
    endloop
  endfacet
  facet normal 0 0 -1
    outer loop
      vertex 1.3829 3.10605 0
      vertex 1.58627 3.56283 0
      vertex 1.7 2.94449 0
    endloop
  endfacet
  facet normal 0 0 -1
    outer loop
      vertex 1.3829 3.10605 0
      vertex 1.20517 3.70912 0
      vertex 1.58627 3.56283 0
    endloop
  endfacet
  facet normal 0 0 -1
    outer loop
      vertex 1.05066 3.23359 0
      vertex 1.20517 3.70912 0
      vertex 1.3829 3.10605 0
    endloop
  endfacet
  facet normal 0 0 -1
    outer loop
      vertex 1.05066 3.23359 0
      vertex 0.810855 3.81478 0
      vertex 1.20517 3.70912 0
    endloop
  endfacet
  facet normal 0 0 -1
    outer loop
      vertex 0.7069 3.3257 0
      vertex 0.810855 3.81478 0
      vertex 1.05066 3.23359 0
    endloop
  endfacet
  facet normal 0 0 -1
    outer loop
      vertex 0.7069 3.3257 0
      vertex 0.40766 3.87863 0
      vertex 0.810855 3.81478 0
    endloop
  endfacet
  facet normal 0 0 -1
    outer loop
      vertex 0.355396 3.38137 0
      vertex 0.40766 3.87863 0
      vertex 0.7069 3.3257 0
    endloop
  endfacet
  facet normal 0 0 -1
    outer loop
      vertex 0 3.4 0
      vertex 0.40766 3.87863 0
      vertex 0.355396 3.38137 0
    endloop
  endfacet
  facet normal 0 0 -1
    outer loop
      vertex 0 3.4 0
      vertex 0 3.9 0
      vertex 0.40766 3.87863 0
    endloop
  endfacet
  facet normal 0 0 -1
    outer loop
      vertex -0.355396 3.38137 0
      vertex 0 3.9 0
      vertex 0 3.4 0
    endloop
  endfacet
  facet normal 0 0 -1
    outer loop
      vertex -0.355396 3.38137 0
      vertex -0.40766 3.87863 0
      vertex 0 3.9 0
    endloop
  endfacet
  facet normal 0 0 -1
    outer loop
      vertex -0.7069 3.3257 0
      vertex -0.40766 3.87863 0
      vertex -0.355396 3.38137 0
    endloop
  endfacet
  facet normal 0 0 -1
    outer loop
      vertex -0.7069 3.3257 0
      vertex -0.810855 3.81478 0
      vertex -0.40766 3.87863 0
    endloop
  endfacet
  facet normal 0 0 -1
    outer loop
      vertex -1.05066 3.23359 0
      vertex -0.810855 3.81478 0
      vertex -0.7069 3.3257 0
    endloop
  endfacet
  facet normal 0 0 -1
    outer loop
      vertex -1.05066 3.23359 0
      vertex -1.20517 3.70912 0
      vertex -0.810855 3.81478 0
    endloop
  endfacet
  facet normal 0 0 -1
    outer loop
      vertex -1.3829 3.10605 0
      vertex -1.20517 3.70912 0
      vertex -1.05066 3.23359 0
    endloop
  endfacet
  facet normal 0 0 -1
    outer loop
      vertex -1.3829 3.10605 0
      vertex -1.58627 3.56283 0
      vertex -1.20517 3.70912 0
    endloop
  endfacet
  facet normal 0 0 -1
    outer loop
      vertex -1.7 2.94449 0
      vertex -1.58627 3.56283 0
      vertex -1.3829 3.10605 0
    endloop
  endfacet
  facet normal 0 0 -1
    outer loop
      vertex -1.7 2.94449 0
      vertex -1.95 3.3775 0
      vertex -1.58627 3.56283 0
    endloop
  endfacet
  facet normal 0 0 -1
    outer loop
      vertex -1.99847 2.75066 0
      vertex -1.95 3.3775 0
      vertex -1.7 2.94449 0
    endloop
  endfacet
  facet normal 0 0 -1
    outer loop
      vertex -2.29236 3.15517 0
      vertex -1.99847 2.75066 0
      vertex -2.27504 2.52669 0
    endloop
  endfacet
  facet normal 0 0 -1
    outer loop
      vertex -1.99847 2.75066 0
      vertex -2.29236 3.15517 0
      vertex -1.95 3.3775 0
    endloop
  endfacet
  facet normal 0 0 -1
    outer loop
      vertex -2.60961 2.89826 0
      vertex -2.27504 2.52669 0
      vertex -2.52669 2.27504 0
    endloop
  endfacet
  facet normal 0 0 -1
    outer loop
      vertex -2.27504 2.52669 0
      vertex -2.60961 2.89826 0
      vertex -2.29236 3.15517 0
    endloop
  endfacet
  facet normal 0 0 -1
    outer loop
      vertex -2.89826 2.60961 0
      vertex -2.52669 2.27504 0
      vertex -2.75066 1.99847 0
    endloop
  endfacet
  facet normal 0 0 -1
    outer loop
      vertex -2.52669 2.27504 0
      vertex -2.89826 2.60961 0
      vertex -2.60961 2.89826 0
    endloop
  endfacet
  facet normal 0 0 -1
    outer loop
      vertex -3.15517 2.29236 0
      vertex -2.75066 1.99847 0
      vertex -2.94449 1.7 0
    endloop
  endfacet
  facet normal 0 0 -1
    outer loop
      vertex -3.3775 1.95 0
      vertex -2.94449 1.7 0
      vertex -3.10605 1.3829 0
    endloop
  endfacet
  facet normal 0 0 -1
    outer loop
      vertex -2.75066 1.99847 0
      vertex -3.15517 2.29236 0
      vertex -2.89826 2.60961 0
    endloop
  endfacet
  facet normal 0 0 -1
    outer loop
      vertex -3.56283 1.58627 0
      vertex -3.10605 1.3829 0
      vertex -3.23359 1.05066 0
    endloop
  endfacet
  facet normal 0 0 -1
    outer loop
      vertex -3.70912 1.20517 0
      vertex -3.23359 1.05066 0
      vertex -3.3257 0.7069 0
    endloop
  endfacet
  facet normal 0 0 -1
    outer loop
      vertex -2.94449 1.7 0
      vertex -3.3775 1.95 0
      vertex -3.15517 2.29236 0
    endloop
  endfacet
  facet normal 0 0 -1
    outer loop
      vertex -3.81478 0.810855 0
      vertex -3.3257 0.7069 0
      vertex -3.38137 0.355396 0
    endloop
  endfacet
  facet normal 0 0 -1
    outer loop
      vertex -3.87863 0.40766 0
      vertex -3.38137 0.355396 0
      vertex -3.4 0 0
    endloop
  endfacet
  facet normal -0 0 -1
    outer loop
      vertex -3.3257 -0.7069 0
      vertex -3.81478 -0.810855 0
      vertex -3.38137 -0.355396 0
    endloop
  endfacet
  facet normal 0 0 -1
    outer loop
      vertex -3.10605 1.3829 0
      vertex -3.56283 1.58627 0
      vertex -3.3775 1.95 0
    endloop
  endfacet
  facet normal 0 0 -1
    outer loop
      vertex -3.87863 -0.40766 0
      vertex -3.38137 -0.355396 0
      vertex -3.81478 -0.810855 0
    endloop
  endfacet
  facet normal 0 0 -1
    outer loop
      vertex -3.23359 1.05066 0
      vertex -3.70912 1.20517 0
      vertex -3.56283 1.58627 0
    endloop
  endfacet
  facet normal -0 0 -1
    outer loop
      vertex -3.38137 -0.355396 0
      vertex -3.87863 -0.40766 0
      vertex -3.4 0 0
    endloop
  endfacet
  facet normal 0 0 -1
    outer loop
      vertex -3.3257 0.7069 0
      vertex -3.81478 0.810855 0
      vertex -3.70912 1.20517 0
    endloop
  endfacet
  facet normal 0 0 -1
    outer loop
      vertex -3.9 0 0
      vertex -3.4 0 0
      vertex -3.87863 -0.40766 0
    endloop
  endfacet
  facet normal 0 0 -1
    outer loop
      vertex -3.38137 0.355396 0
      vertex -3.87863 0.40766 0
      vertex -3.81478 0.810855 0
    endloop
  endfacet
  facet normal 0 0 -1
    outer loop
      vertex -3.4 0 0
      vertex -3.9 0 0
      vertex -3.87863 0.40766 0
    endloop
  endfacet
  facet normal -0.185495 0.0945167 0.978089
    outer loop
      vertex -3.01845 1.7427 1.17063
      vertex -3.18408 1.41764 1.17063
      vertex -3.07199 1.36774 1.19671
    endloop
  endfacet
  facet normal -0.891006 0.453991 0
    outer loop
      vertex -3.56283 1.58627 0
      vertex -3.3775 1.95 0.599999
      vertex -3.3775 1.95 0
    endloop
  endfacet
  facet normal -0.891006 0.453991 0
    outer loop
      vertex -3.3775 1.95 0.599999
      vertex -3.56283 1.58627 0
      vertex -3.56283 1.58627 0.599999
    endloop
  endfacet
  facet normal -0.000970538 0.00015374 1
    outer loop
      vertex -3.28923 0.699148 1.19671
      vertex -3.3443 0.3515 1.19671
      vertex -0.00994492 0.00104523 1.2
    endloop
  endfacet
  facet normal 0.0523493 0.998629 -0
    outer loop
      vertex 0.40766 3.87863 0
      vertex 0 3.9 0.599999
      vertex 0.40766 3.87863 0.599999
    endloop
  endfacet
  facet normal 0.0523493 0.998629 0
    outer loop
      vertex 0 3.9 0.599999
      vertex 0.40766 3.87863 0
      vertex 0 3.9 0
    endloop
  endfacet
  facet normal 0.000970484 -0.000153996 1
    outer loop
      vertex 0.00994492 -0.00104523 1.2
      vertex 0.00978088 -0.00207901 1.2
      vertex 3.28923 -0.699148 1.19671
    endloop
  endfacet
  facet normal -0.000824526 -0.000534464 1
    outer loop
      vertex -0.00865936 -0.00499916 1.2
      vertex -2.9122 -1.68136 1.19671
      vertex -0.00809002 -0.00587749 1.2
    endloop
  endfacet
  facet normal -0.155556 -0.982296 0.104388
    outer loop
      vertex -0.40629 -3.86559 0.724747
      vertex -0.810855 -3.81478 0.599999
      vertex -0.40766 -3.87863 0.599999
    endloop
  endfacet
  facet normal 0.201094 -0.0538868 0.978089
    outer loop
      vertex 3.40925 -0.724657 1.17063
      vertex 3.19813 -1.03914 1.19671
      vertex 3.31482 -1.07705 1.17063
    endloop
  endfacet
  facet normal 0.577881 -0.467962 0.668629
    outer loop
      vertex 3.06246 -2.22501 0.952671
      vertex 2.75073 -2.47677 1.04589
      vertex 2.81311 -2.53293 0.952671
    endloop
  endfacet
  facet normal -0.987692 0.156411 0
    outer loop
      vertex -3.87863 0.40766 0
      vertex -3.81478 0.810855 0.599999
      vertex -3.81478 0.810855 0
    endloop
  endfacet
  facet normal -0.987692 0.156411 0
    outer loop
      vertex -3.81478 0.810855 0.599999
      vertex -3.87863 0.40766 0
      vertex -3.87863 0.40766 0.599999
    endloop
  endfacet
  facet normal 0.000970538 0.00015374 1
    outer loop
      vertex 3.28923 0.699148 1.19671
      vertex 0.00994492 0.00104523 1.2
      vertex 3.3443 0.3515 1.19671
    endloop
  endfacet
  facet normal 0.629329 0.777139 -0
    outer loop
      vertex 2.60961 2.89826 0
      vertex 2.29236 3.15517 0.599999
      vertex 2.60961 2.89826 0.599999
    endloop
  endfacet
  facet normal 0.629329 0.777139 0
    outer loop
      vertex 2.29236 3.15517 0.599999
      vertex 2.60961 2.89826 0
      vertex 2.29236 3.15517 0
    endloop
  endfacet
  facet normal -0.838672 0.544637 0
    outer loop
      vertex -3.3775 1.95 0
      vertex -3.15517 2.29236 0.599999
      vertex -3.15517 2.29236 0
    endloop
  endfacet
  facet normal -0.838672 0.544637 0
    outer loop
      vertex -3.15517 2.29236 0.599999
      vertex -3.3775 1.95 0
      vertex -3.3775 1.95 0.599999
    endloop
  endfacet
  facet normal -0.918783 -0.24619 0.30859
    outer loop
      vertex -3.65979 -1.18914 0.844042
      vertex -3.80195 -0.808129 0.724747
      vertex -3.69665 -1.20111 0.724747
    endloop
  endfacet
  facet normal 0.000618384 -0.000763663 1
    outer loop
      vertex 2.2501 -2.49899 1.19671
      vertex 0.00587749 -0.00809002 1.2
      vertex 1.97655 -2.7205 1.19671
    endloop
  endfacet
  facet normal -0.80877 -0.31047 0.499499
    outer loop
      vertex -3.60014 -1.16976 0.952671
      vertex -3.65979 -1.18914 0.844042
      vertex -3.51544 -1.56517 0.844042
    endloop
  endfacet
  facet normal -0.998629 0.0523493 0
    outer loop
      vertex -3.9 0 0
      vertex -3.87863 0.40766 0.599999
      vertex -3.87863 0.40766 0
    endloop
  endfacet
  facet normal -0.998629 0.0523493 0
    outer loop
      vertex -3.87863 0.40766 0.599999
      vertex -3.9 0 0
      vertex -3.9 0 0.599999
    endloop
  endfacet
  facet normal -0.205629 -0.0325679 0.978088
    outer loop
      vertex -3.3443 -0.3515 1.19671
      vertex -3.46632 -0.364325 1.17063
      vertex -3.40925 -0.724657 1.17063
    endloop
  endfacet
  facet normal -0.207907 -0.010894 0.978088
    outer loop
      vertex -3.3443 -0.3515 1.19671
      vertex -3.48541 0 1.17063
      vertex -3.46632 -0.364325 1.17063
    endloop
  endfacet
  facet normal -0.998629 -0.0523493 0
    outer loop
      vertex -3.87863 -0.40766 0
      vertex -3.9 0 0.599999
      vertex -3.9 0 0
    endloop
  endfacet
  facet normal -0.998629 -0.0523493 0
    outer loop
      vertex -3.9 0 0.599999
      vertex -3.87863 -0.40766 0
      vertex -3.87863 -0.40766 0.599999
    endloop
  endfacet
  facet normal -0.267069 -0.524161 0.808659
    outer loop
      vertex -1.8 -3.11769 1.11961
      vertex -1.85074 -3.20557 1.04589
      vertex -1.46425 -3.28876 1.11961
    endloop
  endfacet
  facet normal -0.0920299 -0.581029 0.808663
    outer loop
      vertex -0.748482 -3.52133 1.11961
      vertex -0.76958 -3.62059 1.04589
      vertex -0.376302 -3.58028 1.11961
    endloop
  endfacet
  facet normal -0.0523493 -0.998629 0
    outer loop
      vertex -0.40766 -3.87863 0
      vertex 0 -3.9 0.599999
      vertex -0.40766 -3.87863 0.599999
    endloop
  endfacet
  facet normal -0.0523493 -0.998629 -0
    outer loop
      vertex 0 -3.9 0.599999
      vertex -0.40766 -3.87863 0
      vertex 0 -3.9 0
    endloop
  endfacet
  facet normal -0.0520633 -0.993174 0.104375
    outer loop
      vertex 0 -3.88689 0.724747
      vertex -0.40766 -3.87863 0.599999
      vertex 0 -3.9 0.599999
    endloop
  endfacet
  facet normal 0.105402 0.393338 0.913332
    outer loop
      vertex 1.11246 3.4238 1.11961
      vertex 0.724657 3.40925 1.17063
      vertex 1.07705 3.31482 1.17063
    endloop
  endfacet
  facet normal 0.581036 -0.0920284 0.808658
    outer loop
      vertex 3.6812 -0.386909 1.04589
      vertex 3.58028 -0.376302 1.11961
      vertex 3.62059 -0.76958 1.04589
    endloop
  endfacet
  facet normal -0.772896 -0.625894 0.104347
    outer loop
      vertex -2.88852 -2.60084 0.724747
      vertex -3.15517 -2.29236 0.599999
      vertex -2.89826 -2.60961 0.599999
    endloop
  endfacet
  facet normal 0.000970484 0.000153996 1
    outer loop
      vertex 3.28923 0.699148 1.19671
      vertex 0.00978088 0.00207901 1.2
      vertex 0.00994492 0.00104523 1.2
    endloop
  endfacet
  facet normal -0.808758 0.310472 0.499517
    outer loop
      vertex -3.51544 1.56517 0.844042
      vertex -3.60014 1.16976 0.952671
      vertex -3.45814 1.53966 0.952671
    endloop
  endfacet
  facet normal -0.0213105 -0.406653 0.913334
    outer loop
      vertex 0 -3.48541 1.17063
      vertex -0.376302 -3.58028 1.11961
      vertex 0 -3.6 1.11961
    endloop
  endfacet
  facet normal -0.174617 -0.113392 0.978086
    outer loop
      vertex -2.9122 -1.68136 1.19671
      vertex -3.01845 -1.7427 1.17063
      vertex -2.81976 -2.04867 1.17063
    endloop
  endfacet
  facet normal -0.155567 -0.98229 0.104425
    outer loop
      vertex -0.808129 -3.80195 0.724747
      vertex -0.810855 -3.81478 0.599999
      vertex -0.40629 -3.86559 0.724747
    endloop
  endfacet
  facet normal -0.266464 -0.694201 0.668642
    outer loop
      vertex -1.14382 -3.52031 1.04589
      vertex -1.50553 -3.38147 1.04589
      vertex -1.16976 -3.60014 0.952671
    endloop
  endfacet
  facet normal -0.982296 0.155556 0.104388
    outer loop
      vertex -3.81478 0.810855 0.599999
      vertex -3.87863 0.40766 0.599999
      vertex -3.86559 0.40629 0.724747
    endloop
  endfacet
  facet normal -0.949897 0.0497989 0.30857
    outer loop
      vertex -3.86559 0.40629 0.724747
      vertex -3.88689 0 0.724747
      vertex -3.82705 0.402238 0.844042
    endloop
  endfacet
  facet normal -0.865124 -0.0453384 0.499504
    outer loop
      vertex -3.78541 0 0.952671
      vertex -3.84813 0 0.844042
      vertex -3.82705 -0.402238 0.844042
    endloop
  endfacet
  facet normal -0.834085 0.541659 0.104438
    outer loop
      vertex -3.15517 2.29236 0.599999
      vertex -3.3775 1.95 0.599999
      vertex -3.36614 1.94344 0.724747
    endloop
  endfacet
  facet normal 0.358367 0.933581 -0
    outer loop
      vertex 1.58627 3.56283 0
      vertex 1.20517 3.70912 0.599999
      vertex 1.58627 3.56283 0.599999
    endloop
  endfacet
  facet normal 0.358367 0.933581 0
    outer loop
      vertex 1.20517 3.70912 0.599999
      vertex 1.58627 3.56283 0
      vertex 1.20517 3.70912 0
    endloop
  endfacet
  facet normal -0.0746099 0.194362 0.978088
    outer loop
      vertex -1.07705 3.31482 1.17063
      vertex -1.36774 3.07199 1.19671
      vertex -1.03914 3.19813 1.19671
    endloop
  endfacet
  facet normal -0.000981292 5.10347e-05 1
    outer loop
      vertex -0.00994492 0.00104523 1.2
      vertex -3.36272 0 1.19671
      vertex -0.00999928 0 1.2
    endloop
  endfacet
  facet normal -0.20791 -0.0108953 0.978087
    outer loop
      vertex -3.36272 0 1.19671
      vertex -3.48541 0 1.17063
      vertex -3.3443 -0.3515 1.19671
    endloop
  endfacet
  facet normal -0.20791 0.0108953 0.978087
    outer loop
      vertex -3.3443 0.3515 1.19671
      vertex -3.48541 0 1.17063
      vertex -3.36272 0 1.19671
    endloop
  endfacet
  facet normal -0.939492 0.148789 0.308571
    outer loop
      vertex -3.80195 0.808129 0.724747
      vertex -3.86559 0.40629 0.724747
      vertex -3.82705 0.402238 0.844042
    endloop
  endfacet
  facet normal -0.406653 -0.0213105 0.913334
    outer loop
      vertex -3.48541 0 1.17063
      vertex -3.6 0 1.11961
      vertex -3.58028 -0.376302 1.11961
    endloop
  endfacet
  facet normal -0.587457 0.0307855 0.80867
    outer loop
      vertex -3.58028 0.376302 1.11961
      vertex -3.70148 0 1.04589
      vertex -3.6 0 1.11961
    endloop
  endfacet
  facet normal -0.949897 -0.0497989 0.30857
    outer loop
      vertex -3.82705 -0.402238 0.844042
      vertex -3.88689 0 0.724747
      vertex -3.86559 -0.40629 0.724747
    endloop
  endfacet
  facet normal -0.742601 -0.0389238 0.668602
    outer loop
      vertex -3.70148 0 1.04589
      vertex -3.76467 -0.395682 0.952671
      vertex -3.6812 -0.386909 1.04589
    endloop
  endfacet
  facet normal -0.703247 -0.703247 0.104347
    outer loop
      vertex -2.89826 -2.60961 0.599999
      vertex -2.60084 -2.88852 0.724747
      vertex -2.88852 -2.60084 0.724747
    endloop
  endfacet
  facet normal -0.703247 -0.703247 0.104347
    outer loop
      vertex -2.60084 -2.88852 0.724747
      vertex -2.89826 -2.60961 0.599999
      vertex -2.60961 -2.89826 0.599999
    endloop
  endfacet
  facet normal -0.0945167 -0.185495 0.978089
    outer loop
      vertex -1.36774 -3.07199 1.19671
      vertex -1.7427 -3.01845 1.17063
      vertex -1.41764 -3.18408 1.17063
    endloop
  endfacet
  facet normal -0.415979 -0.415979 0.808655
    outer loop
      vertex -2.67532 -2.40887 1.11961
      vertex -2.47677 -2.75073 1.04589
      vertex -2.40887 -2.67532 1.11961
    endloop
  endfacet
  facet normal -0.415979 -0.415979 0.808655
    outer loop
      vertex -2.47677 -2.75073 1.04589
      vertex -2.67532 -2.40887 1.11961
      vertex -2.75073 -2.47677 1.04589
    endloop
  endfacet
  facet normal -0.40666 0.0213083 0.913331
    outer loop
      vertex -3.46632 0.364325 1.17063
      vertex -3.58028 0.376302 1.11961
      vertex -3.48541 0 1.17063
    endloop
  endfacet
  facet normal -0.148798 0.93948 0.308604
    outer loop
      vertex -0.402238 3.82705 0.844042
      vertex -0.808129 3.80195 0.724747
      vertex -0.80007 3.76404 0.844042
    endloop
  endfacet
  facet normal 0.0389238 -0.742601 0.668602
    outer loop
      vertex 0.386909 -3.6812 1.04589
      vertex 0 -3.70148 1.04589
      vertex 0.395682 -3.76467 0.952671
    endloop
  endfacet
  facet normal -0.356408 -0.928478 0.104412
    outer loop
      vertex -1.20111 -3.69665 0.724747
      vertex -1.58627 -3.56283 0.599999
      vertex -1.20517 -3.70912 0.599999
    endloop
  endfacet
  facet normal -0.541659 -0.834085 0.104438
    outer loop
      vertex -1.94344 -3.36614 0.724747
      vertex -2.29236 -3.15517 0.599999
      vertex -1.95 -3.3775 0.599999
    endloop
  endfacet
  facet normal 0.000446588 -0.000875261 1
    outer loop
      vertex 0.00499916 -0.00865936 1.2
      vertex 0.00406647 -0.00913525 1.2
      vertex 1.68136 -2.9122 1.19671
    endloop
  endfacet
  facet normal -0.184861 0.362818 0.91334
    outer loop
      vertex -1.46425 3.28876 1.11961
      vertex -1.8 3.11769 1.11961
      vertex -1.7427 3.01845 1.17063
    endloop
  endfacet
  facet normal 0.0637071 -0.402214 0.913327
    outer loop
      vertex 0.724657 -3.40925 1.17063
      vertex 0.376302 -3.58028 1.11961
      vertex 0.748482 -3.52133 1.11961
    endloop
  endfacet
  facet normal -0.038924 -0.742601 0.668603
    outer loop
      vertex 0 -3.70148 1.04589
      vertex -0.395682 -3.76467 0.952671
      vertex 0 -3.78541 0.952671
    endloop
  endfacet
  facet normal 0.777139 -0.629329 0
    outer loop
      vertex 2.89826 -2.60961 0.599999
      vertex 3.15517 -2.29236 0
      vertex 3.15517 -2.29236 0.599999
    endloop
  endfacet
  facet normal 0.777139 -0.629329 0
    outer loop
      vertex 3.15517 -2.29236 0
      vertex 2.89826 -2.60961 0.599999
      vertex 2.89826 -2.60961 0
    endloop
  endfacet
  facet normal -0.93948 0.148798 0.308604
    outer loop
      vertex -3.80195 0.808129 0.724747
      vertex -3.82705 0.402238 0.844042
      vertex -3.76404 0.80007 0.844042
    endloop
  endfacet
  facet normal 0.891006 0.453991 0
    outer loop
      vertex 3.56283 1.58627 0.599999
      vertex 3.3775 1.95 0
      vertex 3.3775 1.95 0.599999
    endloop
  endfacet
  facet normal 0.891006 0.453991 0
    outer loop
      vertex 3.3775 1.95 0
      vertex 3.56283 1.58627 0.599999
      vertex 3.56283 1.58627 0
    endloop
  endfacet
  facet normal -0.393338 0.105402 0.913332
    outer loop
      vertex -3.31482 1.07705 1.17063
      vertex -3.4238 1.11246 1.11961
      vertex -3.40925 0.724657 1.17063
    endloop
  endfacet
  facet normal -0.987692 -0.156411 0
    outer loop
      vertex -3.81478 -0.810855 0
      vertex -3.87863 -0.40766 0.599999
      vertex -3.87863 -0.40766 0
    endloop
  endfacet
  facet normal -0.987692 -0.156411 0
    outer loop
      vertex -3.87863 -0.40766 0.599999
      vertex -3.81478 -0.810855 0
      vertex -3.81478 -0.810855 0.599999
    endloop
  endfacet
  facet normal -0.010894 0.207907 0.978088
    outer loop
      vertex 0 3.48541 1.17063
      vertex -0.364325 3.46632 1.17063
      vertex -0.3515 3.3443 1.19671
    endloop
  endfacet
  facet normal 0.40666 -0.0213083 0.913331
    outer loop
      vertex 3.48541 0 1.17063
      vertex 3.46632 -0.364325 1.17063
      vertex 3.58028 -0.376302 1.11961
    endloop
  endfacet
  facet normal 0.726568 -0.471829 0.499477
    outer loop
      vertex 3.27826 -1.8927 0.952671
      vertex 3.06246 -2.22501 0.952671
      vertex 3.1132 -2.26187 0.844042
    endloop
  endfacet
  facet normal -0.625894 -0.772896 0.104347
    outer loop
      vertex -2.60084 -2.88852 0.724747
      vertex -2.60961 -2.89826 0.599999
      vertex -2.29236 -3.15517 0.599999
    endloop
  endfacet
  facet normal 0.46797 -0.577885 0.66862
    outer loop
      vertex 2.47677 -2.75073 1.04589
      vertex 2.17567 -2.99456 1.04589
      vertex 2.22501 -3.06246 0.952671
    endloop
  endfacet
  facet normal -0.94988 0.0497802 0.308625
    outer loop
      vertex -3.82705 0.402238 0.844042
      vertex -3.88689 0 0.724747
      vertex -3.84813 0 0.844042
    endloop
  endfacet
  facet normal -0.91878 0.246184 0.308604
    outer loop
      vertex -3.65979 1.18914 0.844042
      vertex -3.80195 0.808129 0.724747
      vertex -3.76404 0.80007 0.844042
    endloop
  endfacet
  facet normal 0.541646 -0.834102 0.104374
    outer loop
      vertex 2.28466 -3.14456 0.724747
      vertex 1.94344 -3.36614 0.724747
      vertex 2.29236 -3.15517 0.599999
    endloop
  endfacet
  facet normal -0.891006 -0.453991 0
    outer loop
      vertex -3.3775 -1.95 0
      vertex -3.56283 -1.58627 0.599999
      vertex -3.56283 -1.58627 0
    endloop
  endfacet
  facet normal -0.891006 -0.453991 0
    outer loop
      vertex -3.56283 -1.58627 0.599999
      vertex -3.3775 -1.95 0
      vertex -3.3775 -1.95 0.599999
    endloop
  endfacet
  facet normal 0.742601 -0.0389238 0.668602
    outer loop
      vertex 3.70148 0 1.04589
      vertex 3.6812 -0.386909 1.04589
      vertex 3.76467 -0.395682 0.952671
    endloop
  endfacet
  facet normal 0.80877 -0.31047 0.499499
    outer loop
      vertex 3.60014 -1.16976 0.952671
      vertex 3.51544 -1.56517 0.844042
      vertex 3.65979 -1.18914 0.844042
    endloop
  endfacet
  facet normal 0.000981292 5.14236e-05 1
    outer loop
      vertex 3.3443 0.3515 1.19671
      vertex 0.00994492 0.00104523 1.2
      vertex 3.36272 0 1.19671
    endloop
  endfacet
  facet normal -0.105402 -0.393338 0.913332
    outer loop
      vertex -1.07705 -3.31482 1.17063
      vertex -1.11246 -3.4238 1.11961
      vertex -0.724657 -3.40925 1.17063
    endloop
  endfacet
  facet normal 0.0325707 0.205614 0.978091
    outer loop
      vertex 0.724657 3.40925 1.17063
      vertex 0.3515 3.3443 1.19671
      vertex 0.699148 3.28923 1.19671
    endloop
  endfacet
  facet normal -0.734465 0.11633 0.668602
    outer loop
      vertex -3.62059 0.76958 1.04589
      vertex -3.76467 0.395682 0.952671
      vertex -3.6812 0.386909 1.04589
    endloop
  endfacet
  facet normal -0.855634 0.135518 0.499525
    outer loop
      vertex -3.76404 0.80007 0.844042
      vertex -3.82705 0.402238 0.844042
      vertex -3.76467 0.395682 0.952671
    endloop
  endfacet
  facet normal -0.662566 0.337589 0.66861
    outer loop
      vertex -3.27826 1.8927 0.952671
      vertex -3.45814 1.53966 0.952671
      vertex -3.20557 1.85074 1.04589
    endloop
  endfacet
  facet normal -0.185512 0.0945189 0.978086
    outer loop
      vertex -3.01845 1.7427 1.17063
      vertex -3.07199 1.36774 1.19671
      vertex -2.9122 1.68136 1.19671
    endloop
  endfacet
  facet normal -0.982296 -0.155556 0.104388
    outer loop
      vertex -3.86559 -0.40629 0.724747
      vertex -3.87863 -0.40766 0.599999
      vertex -3.81478 -0.810855 0.599999
    endloop
  endfacet
  facet normal -0.993174 -0.0520633 0.104375
    outer loop
      vertex -3.88689 0 0.724747
      vertex -3.9 0 0.599999
      vertex -3.87863 -0.40766 0.599999
    endloop
  endfacet
  facet normal -0.865124 0.0453384 0.499504
    outer loop
      vertex -3.82705 0.402238 0.844042
      vertex -3.84813 0 0.844042
      vertex -3.78541 0 0.952671
    endloop
  endfacet
  facet normal -0.94988 -0.0497802 0.308625
    outer loop
      vertex -3.84813 0 0.844042
      vertex -3.88689 0 0.724747
      vertex -3.82705 -0.402238 0.844042
    endloop
  endfacet
  facet normal -0.34089 -0.888014 0.308585
    outer loop
      vertex -1.18914 -3.65979 0.844042
      vertex -1.56517 -3.51544 0.844042
      vertex -1.20111 -3.69665 0.724747
    endloop
  endfacet
  facet normal -0.113392 -0.174617 0.978086
    outer loop
      vertex -1.68136 -2.9122 1.19671
      vertex -2.04867 -2.81976 1.17063
      vertex -1.7427 -3.01845 1.17063
    endloop
  endfacet
  facet normal -0.210809 -0.549174 0.808683
    outer loop
      vertex -1.46425 -3.28876 1.11961
      vertex -1.50553 -3.38147 1.04589
      vertex -1.11246 -3.4238 1.11961
    endloop
  endfacet
  facet normal 0.316458 -0.256274 0.913333
    outer loop
      vertex 2.81976 -2.04867 1.17063
      vertex 2.59016 -2.33219 1.17063
      vertex 2.91246 -2.11603 1.11961
    endloop
  endfacet
  facet normal -0.393338 -0.105402 0.913332
    outer loop
      vertex -3.40925 -0.724657 1.17063
      vertex -3.4238 -1.11246 1.11961
      vertex -3.31482 -1.07705 1.17063
    endloop
  endfacet
  facet normal -0.46797 -0.577885 0.66862
    outer loop
      vertex -2.17567 -2.99456 1.04589
      vertex -2.47677 -2.75073 1.04589
      vertex -2.22501 -3.06246 0.952671
    endloop
  endfacet
  facet normal -0.40666 -0.0213083 0.913331
    outer loop
      vertex -3.48541 0 1.17063
      vertex -3.58028 -0.376302 1.11961
      vertex -3.46632 -0.364325 1.17063
    endloop
  endfacet
  facet normal -0.402204 -0.0637018 0.913331
    outer loop
      vertex -3.46632 -0.364325 1.17063
      vertex -3.58028 -0.376302 1.11961
      vertex -3.40925 -0.724657 1.17063
    endloop
  endfacet
  facet normal -0.370222 -0.45718 0.808655
    outer loop
      vertex -2.40887 -2.67532 1.11961
      vertex -2.47677 -2.75073 1.04589
      vertex -2.11603 -2.91246 1.11961
    endloop
  endfacet
  facet normal -0.320397 -0.493372 0.808659
    outer loop
      vertex -2.11603 -2.91246 1.11961
      vertex -2.17567 -2.99456 1.04589
      vertex -1.85074 -3.20557 1.04589
    endloop
  endfacet
  facet normal -0.544637 -0.838672 0
    outer loop
      vertex -2.29236 -3.15517 0
      vertex -1.95 -3.3775 0.599999
      vertex -2.29236 -3.15517 0.599999
    endloop
  endfacet
  facet normal -0.544637 -0.838672 -0
    outer loop
      vertex -1.95 -3.3775 0.599999
      vertex -2.29236 -3.15517 0
      vertex -1.95 -3.3775 0
    endloop
  endfacet
  facet normal 0.362831 0.184876 0.913332
    outer loop
      vertex 3.28876 1.46425 1.11961
      vertex 3.01845 1.7427 1.17063
      vertex 3.18408 1.41764 1.17063
    endloop
  endfacet
  facet normal 0.918783 -0.24619 0.30859
    outer loop
      vertex 3.80195 -0.808129 0.724747
      vertex 3.65979 -1.18914 0.844042
      vertex 3.69665 -1.20111 0.724747
    endloop
  endfacet
  facet normal -0.156411 -0.987692 0
    outer loop
      vertex -0.810855 -3.81478 0
      vertex -0.40766 -3.87863 0.599999
      vertex -0.810855 -3.81478 0.599999
    endloop
  endfacet
  facet normal -0.156411 -0.987692 -0
    outer loop
      vertex -0.40766 -3.87863 0.599999
      vertex -0.810855 -3.81478 0
      vertex -0.40766 -3.87863 0
    endloop
  endfacet
  facet normal 0.94988 0.0497802 0.308625
    outer loop
      vertex 3.88689 0 0.724747
      vertex 3.82705 0.402238 0.844042
      vertex 3.84813 0 0.844042
    endloop
  endfacet
  facet normal 0.672588 -0.672588 0.308626
    outer loop
      vertex 2.5749 -2.85972 0.844042
      vertex 2.88852 -2.60084 0.724747
      vertex 2.85972 -2.5749 0.844042
    endloop
  endfacet
  facet normal 0.672588 -0.672588 0.308626
    outer loop
      vertex 2.88852 -2.60084 0.724747
      vertex 2.5749 -2.85972 0.844042
      vertex 2.60084 -2.88852 0.724747
    endloop
  endfacet
  facet normal 0.629329 -0.777139 0
    outer loop
      vertex 2.29236 -3.15517 0
      vertex 2.60961 -2.89826 0.599999
      vertex 2.29236 -3.15517 0.599999
    endloop
  endfacet
  facet normal 0.629329 -0.777139 0
    outer loop
      vertex 2.60961 -2.89826 0.599999
      vertex 2.29236 -3.15517 0
      vertex 2.60961 -2.89826 0
    endloop
  endfacet
  facet normal 0.549204 -0.210808 0.808663
    outer loop
      vertex 3.4238 -1.11246 1.11961
      vertex 3.38147 -1.50553 1.04589
      vertex 3.52031 -1.14382 1.04589
    endloop
  endfacet
  facet normal -0.113389 0.174602 0.978089
    outer loop
      vertex -1.68136 2.9122 1.19671
      vertex -2.04867 2.81976 1.17063
      vertex -1.97655 2.7205 1.19671
    endloop
  endfacet
  facet normal -0.549204 0.210808 0.808663
    outer loop
      vertex -3.38147 1.50553 1.04589
      vertex -3.52031 1.14382 1.04589
      vertex -3.4238 1.11246 1.11961
    endloop
  endfacet
  facet normal -0.960644 0.257406 0.104425
    outer loop
      vertex -3.69665 1.20111 0.724747
      vertex -3.81478 0.810855 0.599999
      vertex -3.80195 0.808129 0.724747
    endloop
  endfacet
  facet normal -0.337589 0.662566 0.66861
    outer loop
      vertex -1.53966 3.45814 0.952671
      vertex -1.8927 3.27826 0.952671
      vertex -1.85074 3.20557 1.04589
    endloop
  endfacet
  facet normal -0.965924 0.258827 0
    outer loop
      vertex -3.81478 0.810855 0
      vertex -3.70912 1.20517 0.599999
      vertex -3.70912 1.20517 0
    endloop
  endfacet
  facet normal -0.965924 0.258827 0
    outer loop
      vertex -3.70912 1.20517 0.599999
      vertex -3.81478 0.810855 0
      vertex -3.81478 0.810855 0.599999
    endloop
  endfacet
  facet normal -0.205614 0.0325707 0.978091
    outer loop
      vertex -3.28923 0.699148 1.19671
      vertex -3.40925 0.724657 1.17063
      vertex -3.3443 0.3515 1.19671
    endloop
  endfacet
  facet normal -0.000970484 0.000153996 1
    outer loop
      vertex -0.00978088 0.00207901 1.2
      vertex -3.28923 0.699148 1.19671
      vertex -0.00994492 0.00104523 1.2
    endloop
  endfacet
  facet normal -0.0453384 0.865124 0.499504
    outer loop
      vertex 0 3.84813 0.844042
      vertex -0.402238 3.82705 0.844042
      vertex 0 3.78541 0.952671
    endloop
  endfacet
  facet normal -0.00015374 -0.000970538 1
    outer loop
      vertex -0.00104523 -0.00994492 1.2
      vertex -0.699148 -3.28923 1.19671
      vertex -0.3515 -3.3443 1.19671
    endloop
  endfacet
  facet normal 0.000446093 -0.000875547 1
    outer loop
      vertex 1.68136 -2.9122 1.19671
      vertex 0.00406647 -0.00913525 1.2
      vertex 1.36774 -3.07199 1.19671
    endloop
  endfacet
  facet normal -0.358367 -0.933581 0
    outer loop
      vertex -1.58627 -3.56283 0
      vertex -1.20517 -3.70912 0.599999
      vertex -1.58627 -3.56283 0.599999
    endloop
  endfacet
  facet normal -0.358367 -0.933581 -0
    outer loop
      vertex -1.20517 -3.70912 0.599999
      vertex -1.58627 -3.56283 0
      vertex -1.20517 -3.70912 0
    endloop
  endfacet
  facet normal 0.707107 -0.707107 0
    outer loop
      vertex 2.60961 -2.89826 0.599999
      vertex 2.89826 -2.60961 0
      vertex 2.89826 -2.60961 0.599999
    endloop
  endfacet
  facet normal 0.707107 -0.707107 0
    outer loop
      vertex 2.89826 -2.60961 0
      vertex 2.60961 -2.89826 0.599999
      vertex 2.60961 -2.89826 0
    endloop
  endfacet
  facet normal -0.777139 -0.629329 0
    outer loop
      vertex -2.89826 -2.60961 0
      vertex -3.15517 -2.29236 0.599999
      vertex -3.15517 -2.29236 0
    endloop
  endfacet
  facet normal -0.777139 -0.629329 0
    outer loop
      vertex -3.15517 -2.29236 0.599999
      vertex -2.89826 -2.60961 0
      vertex -2.89826 -2.60961 0.599999
    endloop
  endfacet
  facet normal -0.258827 -0.965924 0
    outer loop
      vertex -1.20517 -3.70912 0
      vertex -0.810855 -3.81478 0.599999
      vertex -1.20517 -3.70912 0.599999
    endloop
  endfacet
  facet normal -0.258827 -0.965924 -0
    outer loop
      vertex -0.810855 -3.81478 0.599999
      vertex -1.20517 -3.70912 0
      vertex -0.810855 -3.81478 0
    endloop
  endfacet
  facet normal -0.0213083 -0.40666 0.913331
    outer loop
      vertex -0.364325 -3.46632 1.17063
      vertex -0.376302 -3.58028 1.11961
      vertex 0 -3.48541 1.17063
    endloop
  endfacet
  facet normal -0.0637071 -0.402214 0.913327
    outer loop
      vertex -0.724657 -3.40925 1.17063
      vertex -0.748482 -3.52133 1.11961
      vertex -0.376302 -3.58028 1.11961
    endloop
  endfacet
  facet normal -0.471829 0.726568 0.499477
    outer loop
      vertex -1.8927 3.27826 0.952671
      vertex -2.26187 3.1132 0.844042
      vertex -2.22501 3.06246 0.952671
    endloop
  endfacet
  facet normal -0.161811 -0.131028 0.978084
    outer loop
      vertex -2.49899 -2.2501 1.19671
      vertex -2.7205 -1.97655 1.19671
      vertex -2.59016 -2.33219 1.17063
    endloop
  endfacet
  facet normal -0.993173 -0.0520677 0.104389
    outer loop
      vertex -3.86559 -0.40629 0.724747
      vertex -3.88689 0 0.724747
      vertex -3.87863 -0.40766 0.599999
    endloop
  endfacet
  facet normal 0.000949158 0.000254325 1
    outer loop
      vertex 3.19813 1.03914 1.19671
      vertex 0.00951004 0.0030899 1.2
      vertex 3.28923 0.699148 1.19671
    endloop
  endfacet
  facet normal 0.20791 0.0108953 0.978087
    outer loop
      vertex 3.48541 0 1.17063
      vertex 3.3443 0.3515 1.19671
      vertex 3.36272 0 1.19671
    endloop
  endfacet
  facet normal 0.000352153 0.000917372 1
    outer loop
      vertex 1.03914 3.19813 1.19671
      vertex 0.00406647 0.00913525 1.2
      vertex 1.36774 3.07199 1.19671
    endloop
  endfacet
  facet normal -0.587472 0.0307926 0.808658
    outer loop
      vertex -3.6812 0.386909 1.04589
      vertex -3.70148 0 1.04589
      vertex -3.58028 0.376302 1.11961
    endloop
  endfacet
  facet normal -0.406653 0.0213105 0.913334
    outer loop
      vertex -3.58028 0.376302 1.11961
      vertex -3.6 0 1.11961
      vertex -3.48541 0 1.17063
    endloop
  endfacet
  facet normal -0.834102 0.541646 0.104374
    outer loop
      vertex -3.15517 2.29236 0.599999
      vertex -3.36614 1.94344 0.724747
      vertex -3.14456 2.28466 0.724747
    endloop
  endfacet
  facet normal -0.000824109 0.000535186 1
    outer loop
      vertex -2.7205 1.97655 1.19671
      vertex -2.9122 1.68136 1.19671
      vertex -0.00809002 0.00587749 1.2
    endloop
  endfacet
  facet normal -0.836792 0.224213 0.499507
    outer loop
      vertex -3.60014 1.16976 0.952671
      vertex -3.76404 0.80007 0.844042
      vertex -3.70269 0.78703 0.952671
    endloop
  endfacet
  facet normal -0.194362 0.0746099 0.978088
    outer loop
      vertex -3.07199 1.36774 1.19671
      vertex -3.31482 1.07705 1.17063
      vertex -3.19813 1.03914 1.19671
    endloop
  endfacet
  facet normal -0.993173 0.0520677 0.104389
    outer loop
      vertex -3.87863 0.40766 0.599999
      vertex -3.88689 0 0.724747
      vertex -3.86559 0.40629 0.724747
    endloop
  endfacet
  facet normal -0.993174 0.0520633 0.104375
    outer loop
      vertex -3.87863 0.40766 0.599999
      vertex -3.9 0 0.599999
      vertex -3.88689 0 0.724747
    endloop
  endfacet
  facet normal -0.865112 0.0453455 0.499525
    outer loop
      vertex -3.76467 0.395682 0.952671
      vertex -3.82705 0.402238 0.844042
      vertex -3.78541 0 0.952671
    endloop
  endfacet
  facet normal -0.734465 -0.11633 0.668602
    outer loop
      vertex -3.6812 -0.386909 1.04589
      vertex -3.76467 -0.395682 0.952671
      vertex -3.62059 -0.76958 1.04589
    endloop
  endfacet
  facet normal -0.598591 -0.739217 0.308621
    outer loop
      vertex -2.5749 -2.85972 0.844042
      vertex -2.60084 -2.88852 0.724747
      vertex -2.26187 -3.1132 0.844042
    endloop
  endfacet
  facet normal -0.340865 -0.888003 0.308644
    outer loop
      vertex -1.56517 -3.51544 0.844042
      vertex -1.58094 -3.55085 0.724747
      vertex -1.20111 -3.69665 0.724747
    endloop
  endfacet
  facet normal -0.192459 -0.718247 0.668641
    outer loop
      vertex -1.14382 -3.52031 1.04589
      vertex -1.16976 -3.60014 0.952671
      vertex -0.76958 -3.62059 1.04589
    endloop
  endfacet
  facet normal -0.192455 -0.718267 0.66862
    outer loop
      vertex -0.76958 -3.62059 1.04589
      vertex -1.16976 -3.60014 0.952671
      vertex -0.78703 -3.70269 0.952671
    endloop
  endfacet
  facet normal 0.34089 -0.888014 0.308585
    outer loop
      vertex 1.56517 -3.51544 0.844042
      vertex 1.18914 -3.65979 0.844042
      vertex 1.20111 -3.69665 0.724747
    endloop
  endfacet
  facet normal -0.131021 -0.16179 0.978089
    outer loop
      vertex -1.97655 -2.7205 1.19671
      vertex -2.33219 -2.59016 1.17063
      vertex -2.04867 -2.81976 1.17063
    endloop
  endfacet
  facet normal -0.174602 -0.113389 0.978089
    outer loop
      vertex -2.7205 -1.97655 1.19671
      vertex -2.9122 -1.68136 1.19671
      vertex -2.81976 -2.04867 1.17063
    endloop
  endfacet
  facet normal -0.000254302 -0.000949163 1
    outer loop
      vertex -0.0030899 -0.00951004 1.2
      vertex -0.699148 -3.28923 1.19671
      vertex -0.00207901 -0.00978088 1.2
    endloop
  endfacet
  facet normal 0.174602 -0.113389 0.978089
    outer loop
      vertex 2.9122 -1.68136 1.19671
      vertex 2.7205 -1.97655 1.19671
      vertex 2.81976 -2.04867 1.17063
    endloop
  endfacet
  facet normal 0.471828 -0.72654 0.499518
    outer loop
      vertex 2.26187 -3.1132 0.844042
      vertex 1.8927 -3.27826 0.952671
      vertex 1.92406 -3.33258 0.844042
    endloop
  endfacet
  facet normal 0.148798 -0.93948 0.308604
    outer loop
      vertex 0.80007 -3.76404 0.844042
      vertex 0.402238 -3.82705 0.844042
      vertex 0.808129 -3.80195 0.724747
    endloop
  endfacet
  facet normal -0.201085 -0.0538801 0.978091
    outer loop
      vertex -3.28923 -0.699148 1.19671
      vertex -3.40925 -0.724657 1.17063
      vertex -3.19813 -1.03914 1.19671
    endloop
  endfacet
  facet normal -0.587457 -0.0307855 0.80867
    outer loop
      vertex -3.6 0 1.11961
      vertex -3.70148 0 1.04589
      vertex -3.58028 -0.376302 1.11961
    endloop
  endfacet
  facet normal -0.587472 -0.0307926 0.808658
    outer loop
      vertex -3.58028 -0.376302 1.11961
      vertex -3.70148 0 1.04589
      vertex -3.6812 -0.386909 1.04589
    endloop
  endfacet
  facet normal -0.393287 -0.771885 0.499519
    outer loop
      vertex -1.8927 -3.27826 0.952671
      vertex -1.92406 -3.33258 0.844042
      vertex -1.56517 -3.51544 0.844042
    endloop
  endfacet
  facet normal -0.337589 -0.662566 0.66861
    outer loop
      vertex -1.85074 -3.20557 1.04589
      vertex -1.8927 -3.27826 0.952671
      vertex -1.53966 -3.45814 0.952671
    endloop
  endfacet
  facet normal -0.320396 -0.493372 0.80866
    outer loop
      vertex -1.8 -3.11769 1.11961
      vertex -2.11603 -2.91246 1.11961
      vertex -1.85074 -3.20557 1.04589
    endloop
  endfacet
  facet normal -0.31047 -0.80877 0.499499
    outer loop
      vertex -1.16976 -3.60014 0.952671
      vertex -1.56517 -3.51544 0.844042
      vertex -1.18914 -3.65979 0.844042
    endloop
  endfacet
  facet normal -0.184876 -0.362831 0.913332
    outer loop
      vertex -1.41764 -3.18408 1.17063
      vertex -1.7427 -3.01845 1.17063
      vertex -1.46425 -3.28876 1.11961
    endloop
  endfacet
  facet normal -0.370221 -0.457177 0.808657
    outer loop
      vertex -2.11603 -2.91246 1.11961
      vertex -2.47677 -2.75073 1.04589
      vertex -2.17567 -2.99456 1.04589
    endloop
  endfacet
  facet normal 0.148789 0.939492 0.308571
    outer loop
      vertex 0.40629 3.86559 0.724747
      vertex 0.402238 3.82705 0.844042
      vertex 0.808129 3.80195 0.724747
    endloop
  endfacet
  facet normal 0.451508 -0.886134 0.104438
    outer loop
      vertex 1.94344 -3.36614 0.724747
      vertex 1.58627 -3.56283 0.599999
      vertex 1.95 -3.3775 0.599999
    endloop
  endfacet
  facet normal 0.116319 0.73445 0.66862
    outer loop
      vertex 0.78703 3.70269 0.952671
      vertex 0.395682 3.76467 0.952671
      vertex 0.76958 3.62059 1.04589
    endloop
  endfacet
  facet normal 0.000618524 0.000763537 1
    outer loop
      vertex 2.2501 2.49899 1.19671
      vertex 0.00587749 0.00809002 1.2
      vertex 0.00669098 0.00743103 1.2
    endloop
  endfacet
  facet normal -0.933581 -0.358367 0
    outer loop
      vertex -3.56283 -1.58627 0
      vertex -3.70912 -1.20517 0.599999
      vertex -3.70912 -1.20517 0
    endloop
  endfacet
  facet normal -0.933581 -0.358367 0
    outer loop
      vertex -3.70912 -1.20517 0.599999
      vertex -3.56283 -1.58627 0
      vertex -3.56283 -1.58627 0.599999
    endloop
  endfacet
  facet normal 0.960644 -0.257406 0.104425
    outer loop
      vertex 3.80195 -0.808129 0.724747
      vertex 3.69665 -1.20111 0.724747
      vertex 3.81478 -0.810855 0.599999
    endloop
  endfacet
  facet normal 0.98229 -0.155567 0.104425
    outer loop
      vertex 3.86559 -0.40629 0.724747
      vertex 3.80195 -0.808129 0.724747
      vertex 3.81478 -0.810855 0.599999
    endloop
  endfacet
  facet normal -0.256274 0.316458 0.913333
    outer loop
      vertex -2.11603 2.91246 1.11961
      vertex -2.33219 2.59016 1.17063
      vertex -2.04867 2.81976 1.17063
    endloop
  endfacet
  facet normal -0.224217 0.836796 0.4995
    outer loop
      vertex -0.80007 3.76404 0.844042
      vertex -1.18914 3.65979 0.844042
      vertex -1.16976 3.60014 0.952671
    endloop
  endfacet
  facet normal 0.0108953 -0.20791 0.978087
    outer loop
      vertex 0 -3.36272 1.19671
      vertex 0 -3.48541 1.17063
      vertex 0.3515 -3.3443 1.19671
    endloop
  endfacet
  facet normal 0.771886 -0.393289 0.499516
    outer loop
      vertex 3.45814 -1.53966 0.952671
      vertex 3.27826 -1.8927 0.952671
      vertex 3.51544 -1.56517 0.844042
    endloop
  endfacet
  facet normal 0.855645 -0.135513 0.499507
    outer loop
      vertex 3.76467 -0.395682 0.952671
      vertex 3.70269 -0.78703 0.952671
      vertex 3.76404 -0.80007 0.844042
    endloop
  endfacet
  facet normal 0.402204 0.0637018 0.913331
    outer loop
      vertex 3.58028 0.376302 1.11961
      vertex 3.40925 0.724657 1.17063
      vertex 3.46632 0.364325 1.17063
    endloop
  endfacet
  facet normal -0.918783 0.24619 0.30859
    outer loop
      vertex -3.69665 1.20111 0.724747
      vertex -3.80195 0.808129 0.724747
      vertex -3.65979 1.18914 0.844042
    endloop
  endfacet
  facet normal -0.836796 0.224217 0.4995
    outer loop
      vertex -3.65979 1.18914 0.844042
      vertex -3.76404 0.80007 0.844042
      vertex -3.60014 1.16976 0.952671
    endloop
  endfacet
  facet normal -0.742601 0.038924 0.668603
    outer loop
      vertex -3.76467 0.395682 0.952671
      vertex -3.78541 0 0.952671
      vertex -3.70148 0 1.04589
    endloop
  endfacet
  facet normal -0.742601 0.0389238 0.668602
    outer loop
      vertex -3.6812 0.386909 1.04589
      vertex -3.76467 0.395682 0.952671
      vertex -3.70148 0 1.04589
    endloop
  endfacet
  facet normal -0.362818 0.184861 0.91334
    outer loop
      vertex -3.11769 1.8 1.11961
      vertex -3.28876 1.46425 1.11961
      vertex -3.01845 1.7427 1.17063
    endloop
  endfacet
  facet normal -0.266464 0.694201 0.668642
    outer loop
      vertex -1.16976 3.60014 0.952671
      vertex -1.50553 3.38147 1.04589
      vertex -1.14382 3.52031 1.04589
    endloop
  endfacet
  facet normal -0.847528 0.431829 0.308578
    outer loop
      vertex -3.36614 1.94344 0.724747
      vertex -3.51544 1.56517 0.844042
      vertex -3.33258 1.92406 0.844042
    endloop
  endfacet
  facet normal -0.771886 0.393289 0.499516
    outer loop
      vertex -3.27826 1.8927 0.952671
      vertex -3.51544 1.56517 0.844042
      vertex -3.45814 1.53966 0.952671
    endloop
  endfacet
  facet normal -0.834102 -0.541646 0.104374
    outer loop
      vertex -3.14456 -2.28466 0.724747
      vertex -3.36614 -1.94344 0.724747
      vertex -3.15517 -2.29236 0.599999
    endloop
  endfacet
  facet normal -0.888003 0.340865 0.308644
    outer loop
      vertex -3.55085 1.58094 0.724747
      vertex -3.69665 1.20111 0.724747
      vertex -3.51544 1.56517 0.844042
    endloop
  endfacet
  facet normal -0.201085 0.0538801 0.978091
    outer loop
      vertex -3.19813 1.03914 1.19671
      vertex -3.40925 0.724657 1.17063
      vertex -3.28923 0.699148 1.19671
    endloop
  endfacet
  facet normal -0.201094 0.0538868 0.978089
    outer loop
      vertex -3.31482 1.07705 1.17063
      vertex -3.40925 0.724657 1.17063
      vertex -3.19813 1.03914 1.19671
    endloop
  endfacet
  facet normal -0.194359 0.0746072 0.978089
    outer loop
      vertex -3.18408 1.41764 1.17063
      vertex -3.31482 1.07705 1.17063
      vertex -3.07199 1.36774 1.19671
    endloop
  endfacet
  facet normal -0.000535186 0.000824109 1
    outer loop
      vertex -1.68136 2.9122 1.19671
      vertex -1.97655 2.7205 1.19671
      vertex -0.00587749 0.00809002 1.2
    endloop
  endfacet
  facet normal 0.155556 0.982296 0.104388
    outer loop
      vertex 0.40766 3.87863 0.599999
      vertex 0.40629 3.86559 0.724747
      vertex 0.810855 3.81478 0.599999
    endloop
  endfacet
  facet normal 0.0520633 0.993174 0.104375
    outer loop
      vertex 0 3.9 0.599999
      vertex 0 3.88689 0.724747
      vertex 0.40766 3.87863 0.599999
    endloop
  endfacet
  facet normal 0.0453384 0.865124 0.499504
    outer loop
      vertex 0 3.84813 0.844042
      vertex 0 3.78541 0.952671
      vertex 0.402238 3.82705 0.844042
    endloop
  endfacet
  facet normal -0.210808 0.549204 0.808663
    outer loop
      vertex -1.14382 3.52031 1.04589
      vertex -1.50553 3.38147 1.04589
      vertex -1.11246 3.4238 1.11961
    endloop
  endfacet
  facet normal -0.257406 -0.960644 0.104425
    outer loop
      vertex -0.808129 -3.80195 0.724747
      vertex -1.20111 -3.69665 0.724747
      vertex -0.810855 -3.81478 0.599999
    endloop
  endfacet
  facet normal -0.0520677 -0.993173 0.104389
    outer loop
      vertex -0.40629 -3.86559 0.724747
      vertex -0.40766 -3.87863 0.599999
      vertex 0 -3.88689 0.724747
    endloop
  endfacet
  facet normal -0.453991 -0.891006 0
    outer loop
      vertex -1.95 -3.3775 0
      vertex -1.58627 -3.56283 0.599999
      vertex -1.95 -3.3775 0.599999
    endloop
  endfacet
  facet normal -0.453991 -0.891006 -0
    outer loop
      vertex -1.58627 -3.56283 0.599999
      vertex -1.95 -3.3775 0
      vertex -1.58627 -3.56283 0
    endloop
  endfacet
  facet normal 0.960645 -0.257413 0.104405
    outer loop
      vertex 3.81478 -0.810855 0.599999
      vertex 3.69665 -1.20111 0.724747
      vertex 3.70912 -1.20517 0.599999
    endloop
  endfacet
  facet normal 0.772899 -0.625887 0.104369
    outer loop
      vertex 3.14456 -2.28466 0.724747
      vertex 2.88852 -2.60084 0.724747
      vertex 3.15517 -2.29236 0.599999
    endloop
  endfacet
  facet normal 0.156411 -0.987692 0
    outer loop
      vertex 0.40766 -3.87863 0
      vertex 0.810855 -3.81478 0.599999
      vertex 0.40766 -3.87863 0.599999
    endloop
  endfacet
  facet normal 0.156411 -0.987692 0
    outer loop
      vertex 0.810855 -3.81478 0.599999
      vertex 0.40766 -3.87863 0
      vertex 0.810855 -3.81478 0
    endloop
  endfacet
  facet normal -0.0497802 -0.94988 0.308625
    outer loop
      vertex 0 -3.84813 0.844042
      vertex -0.402238 -3.82705 0.844042
      vertex 0 -3.88689 0.724747
    endloop
  endfacet
  facet normal -0.15226 -0.568227 0.808662
    outer loop
      vertex -0.748482 -3.52133 1.11961
      vertex -1.11246 -3.4238 1.11961
      vertex -0.76958 -3.62059 1.04589
    endloop
  endfacet
  facet normal 0.0538801 -0.201085 0.978091
    outer loop
      vertex 1.03914 -3.19813 1.19671
      vertex 0.699148 -3.28923 1.19671
      vertex 0.724657 -3.40925 1.17063
    endloop
  endfacet
  facet normal -0.34152 -0.221783 0.913333
    outer loop
      vertex -2.81976 -2.04867 1.17063
      vertex -3.11769 -1.8 1.11961
      vertex -2.91246 -2.11603 1.11961
    endloop
  endfacet
  facet normal 0.0945189 0.185512 0.978086
    outer loop
      vertex 1.7427 3.01845 1.17063
      vertex 1.36774 3.07199 1.19671
      vertex 1.68136 2.9122 1.19671
    endloop
  endfacet
  facet normal 0.998629 0.0523493 0
    outer loop
      vertex 3.9 0 0.599999
      vertex 3.87863 0.40766 0
      vertex 3.87863 0.40766 0.599999
    endloop
  endfacet
  facet normal 0.998629 0.0523493 0
    outer loop
      vertex 3.87863 0.40766 0
      vertex 3.9 0 0.599999
      vertex 3.9 0 0
    endloop
  endfacet
  facet normal 0.518026 0.79773 0.308669
    outer loop
      vertex 2.28466 3.14456 0.724747
      vertex 1.94344 3.36614 0.724747
      vertex 2.26187 3.1132 0.844042
    endloop
  endfacet
  facet normal -0.707107 -0.707107 0
    outer loop
      vertex -2.60961 -2.89826 0
      vertex -2.89826 -2.60961 0.599999
      vertex -2.89826 -2.60961 0
    endloop
  endfacet
  facet normal -0.707107 -0.707107 0
    outer loop
      vertex -2.89826 -2.60961 0.599999
      vertex -2.60961 -2.89826 0
      vertex -2.60961 -2.89826 0.599999
    endloop
  endfacet
  facet normal 0.316449 0.256258 0.913341
    outer loop
      vertex 2.67532 2.40887 1.11961
      vertex 2.59016 2.33219 1.17063
      vertex 2.91246 2.11603 1.11961
    endloop
  endfacet
  facet normal 0.20791 -0.0108953 0.978087
    outer loop
      vertex 3.36272 0 1.19671
      vertex 3.3443 -0.3515 1.19671
      vertex 3.48541 0 1.17063
    endloop
  endfacet
  facet normal 0.201085 0.0538801 0.978091
    outer loop
      vertex 3.40925 0.724657 1.17063
      vertex 3.19813 1.03914 1.19671
      vertex 3.28923 0.699148 1.19671
    endloop
  endfacet
  facet normal 0.207907 0.010894 0.978088
    outer loop
      vertex 3.46632 0.364325 1.17063
      vertex 3.3443 0.3515 1.19671
      vertex 3.48541 0 1.17063
    endloop
  endfacet
  facet normal -0.000254325 0.000949158 1
    outer loop
      vertex -0.699148 3.28923 1.19671
      vertex -1.03914 3.19813 1.19671
      vertex -0.0030899 0.00951004 1.2
    endloop
  endfacet
  facet normal -0.0920299 0.581029 0.808663
    outer loop
      vertex -0.376302 3.58028 1.11961
      vertex -0.76958 3.62059 1.04589
      vertex -0.748482 3.52133 1.11961
    endloop
  endfacet
  facet normal -0.000535186 -0.000824109 1
    outer loop
      vertex -0.00587749 -0.00809002 1.2
      vertex -1.97655 -2.7205 1.19671
      vertex -1.68136 -2.9122 1.19671
    endloop
  endfacet
  facet normal 0.000917396 0.00035208 1
    outer loop
      vertex 3.19813 1.03914 1.19671
      vertex 0.00913525 0.00406647 1.2
      vertex 0.00951004 0.0030899 1.2
    endloop
  endfacet
  facet normal -0.000949163 0.000254302 1
    outer loop
      vertex -0.00951004 0.0030899 1.2
      vertex -3.28923 0.699148 1.19671
      vertex -0.00978088 0.00207901 1.2
    endloop
  endfacet
  facet normal -0.320396 0.493372 0.80866
    outer loop
      vertex -1.85074 3.20557 1.04589
      vertex -2.11603 2.91246 1.11961
      vertex -1.8 3.11769 1.11961
    endloop
  endfacet
  facet normal -0.518066 0.797738 0.308581
    outer loop
      vertex -1.94344 3.36614 0.724747
      vertex -2.26187 3.1132 0.844042
      vertex -1.92406 3.33258 0.844042
    endloop
  endfacet
  facet normal -0.718267 0.192455 0.66862
    outer loop
      vertex -3.60014 1.16976 0.952671
      vertex -3.70269 0.78703 0.952671
      vertex -3.62059 0.76958 1.04589
    endloop
  endfacet
  facet normal -0.549174 0.210809 0.808683
    outer loop
      vertex -3.38147 1.50553 1.04589
      vertex -3.4238 1.11246 1.11961
      vertex -3.28876 1.46425 1.11961
    endloop
  endfacet
  facet normal -0.362831 0.184876 0.913332
    outer loop
      vertex -3.01845 1.7427 1.17063
      vertex -3.28876 1.46425 1.11961
      vertex -3.18408 1.41764 1.17063
    endloop
  endfacet
  facet normal -0.662589 0.337619 0.668572
    outer loop
      vertex -3.20557 1.85074 1.04589
      vertex -3.45814 1.53966 0.952671
      vertex -3.38147 1.50553 1.04589
    endloop
  endfacet
  facet normal -0.224213 -0.836792 0.499507
    outer loop
      vertex -0.78703 -3.70269 0.952671
      vertex -1.16976 -3.60014 0.952671
      vertex -0.80007 -3.76404 0.844042
    endloop
  endfacet
  facet normal -0.148798 -0.93948 0.308604
    outer loop
      vertex -0.80007 -3.76404 0.844042
      vertex -0.808129 -3.80195 0.724747
      vertex -0.402238 -3.82705 0.844042
    endloop
  endfacet
  facet normal -0.471828 -0.72654 0.499518
    outer loop
      vertex -1.8927 -3.27826 0.952671
      vertex -2.26187 -3.1132 0.844042
      vertex -1.92406 -3.33258 0.844042
    endloop
  endfacet
  facet normal -0.598593 -0.739194 0.308672
    outer loop
      vertex -2.26187 -3.1132 0.844042
      vertex -2.60084 -2.88852 0.724747
      vertex -2.28466 -3.14456 0.724747
    endloop
  endfacet
  facet normal -0.15226 -0.568228 0.808662
    outer loop
      vertex -1.11246 -3.4238 1.11961
      vertex -1.14382 -3.52031 1.04589
      vertex -0.76958 -3.62059 1.04589
    endloop
  endfacet
  facet normal -0.210808 -0.549204 0.808663
    outer loop
      vertex -1.11246 -3.4238 1.11961
      vertex -1.50553 -3.38147 1.04589
      vertex -1.14382 -3.52031 1.04589
    endloop
  endfacet
  facet normal -0.0538868 -0.201094 0.978089
    outer loop
      vertex -1.03914 -3.19813 1.19671
      vertex -1.07705 -3.31482 1.17063
      vertex -0.724657 -3.40925 1.17063
    endloop
  endfacet
  facet normal 0.0213105 -0.406653 0.913334
    outer loop
      vertex 0 -3.48541 1.17063
      vertex 0 -3.6 1.11961
      vertex 0.376302 -3.58028 1.11961
    endloop
  endfacet
  facet normal 0.0746099 0.194362 0.978088
    outer loop
      vertex 1.07705 3.31482 1.17063
      vertex 1.03914 3.19813 1.19671
      vertex 1.36774 3.07199 1.19671
    endloop
  endfacet
  facet normal 0.000949158 -0.000254325 1
    outer loop
      vertex 3.28923 -0.699148 1.19671
      vertex 0.00951004 -0.0030899 1.2
      vertex 3.19813 -1.03914 1.19671
    endloop
  endfacet
  facet normal -0.404995 -0.623643 0.668617
    outer loop
      vertex -2.17567 -2.99456 1.04589
      vertex -2.22501 -3.06246 0.952671
      vertex -1.85074 -3.20557 1.04589
    endloop
  endfacet
  facet normal 0.205629 -0.0325679 0.978088
    outer loop
      vertex 3.46632 -0.364325 1.17063
      vertex 3.3443 -0.3515 1.19671
      vertex 3.40925 -0.724657 1.17063
    endloop
  endfacet
  facet normal 0.587457 0.0307855 0.80867
    outer loop
      vertex 3.70148 0 1.04589
      vertex 3.58028 0.376302 1.11961
      vertex 3.6 0 1.11961
    endloop
  endfacet
  facet normal 0.545189 -0.673271 0.499475
    outer loop
      vertex 2.5749 -2.85972 0.844042
      vertex 2.22501 -3.06246 0.952671
      vertex 2.26187 -3.1132 0.844042
    endloop
  endfacet
  facet normal -0.00035208 0.000917396 1
    outer loop
      vertex -0.0030899 0.00951004 1.2
      vertex -1.03914 3.19813 1.19671
      vertex -0.00406647 0.00913525 1.2
    endloop
  endfacet
  facet normal 0.404996 -0.623652 0.668607
    outer loop
      vertex 2.22501 -3.06246 0.952671
      vertex 1.85074 -3.20557 1.04589
      vertex 1.8927 -3.27826 0.952671
    endloop
  endfacet
  facet normal -0.205614 -0.0325707 0.978091
    outer loop
      vertex -3.3443 -0.3515 1.19671
      vertex -3.40925 -0.724657 1.17063
      vertex -3.28923 -0.699148 1.19671
    endloop
  endfacet
  facet normal 0.00069483 0.00069483 1
    outer loop
      vertex 2.2501 2.49899 1.19671
      vertex 0.00743103 0.00669098 1.2
      vertex 2.49899 2.2501 1.19671
    endloop
  endfacet
  facet normal 0.00069483 0.00069483 1
    outer loop
      vertex 0.00743103 0.00669098 1.2
      vertex 2.2501 2.49899 1.19671
      vertex 0.00669098 0.00743103 1.2
    endloop
  endfacet
  facet normal -0.836796 -0.224217 0.4995
    outer loop
      vertex -3.60014 -1.16976 0.952671
      vertex -3.76404 -0.80007 0.844042
      vertex -3.65979 -1.18914 0.844042
    endloop
  endfacet
  facet normal -0.739217 -0.598591 0.308621
    outer loop
      vertex -2.85972 -2.5749 0.844042
      vertex -3.1132 -2.26187 0.844042
      vertex -2.88852 -2.60084 0.724747
    endloop
  endfacet
  facet normal -0.672588 -0.672588 0.308626
    outer loop
      vertex -2.88852 -2.60084 0.724747
      vertex -2.5749 -2.85972 0.844042
      vertex -2.85972 -2.5749 0.844042
    endloop
  endfacet
  facet normal -0.672588 -0.672588 0.308626
    outer loop
      vertex -2.5749 -2.85972 0.844042
      vertex -2.88852 -2.60084 0.724747
      vertex -2.60084 -2.88852 0.724747
    endloop
  endfacet
  facet normal -0.625887 -0.772899 0.104369
    outer loop
      vertex -2.28466 -3.14456 0.724747
      vertex -2.60084 -2.88852 0.724747
      vertex -2.29236 -3.15517 0.599999
    endloop
  endfacet
  facet normal -0.629329 -0.777139 0
    outer loop
      vertex -2.60961 -2.89826 0
      vertex -2.29236 -3.15517 0.599999
      vertex -2.60961 -2.89826 0.599999
    endloop
  endfacet
  facet normal -0.629329 -0.777139 -0
    outer loop
      vertex -2.29236 -3.15517 0.599999
      vertex -2.60961 -2.89826 0
      vertex -2.29236 -3.15517 0
    endloop
  endfacet
  facet normal -0.0538801 -0.201085 0.978091
    outer loop
      vertex -0.699148 -3.28923 1.19671
      vertex -1.03914 -3.19813 1.19671
      vertex -0.724657 -3.40925 1.17063
    endloop
  endfacet
  facet normal -0.256258 -0.316449 0.913341
    outer loop
      vertex -2.33219 -2.59016 1.17063
      vertex -2.40887 -2.67532 1.11961
      vertex -2.11603 -2.91246 1.11961
    endloop
  endfacet
  facet normal -0.404996 -0.623652 0.668607
    outer loop
      vertex -1.85074 -3.20557 1.04589
      vertex -2.22501 -3.06246 0.952671
      vertex -1.8927 -3.27826 0.952671
    endloop
  endfacet
  facet normal -0.256274 -0.316458 0.913333
    outer loop
      vertex -2.04867 -2.81976 1.17063
      vertex -2.33219 -2.59016 1.17063
      vertex -2.11603 -2.91246 1.11961
    endloop
  endfacet
  facet normal -0.184861 -0.362818 0.91334
    outer loop
      vertex -1.7427 -3.01845 1.17063
      vertex -1.8 -3.11769 1.11961
      vertex -1.46425 -3.28876 1.11961
    endloop
  endfacet
  facet normal -0.000352153 0.000917372 1
    outer loop
      vertex -1.03914 3.19813 1.19671
      vertex -1.36774 3.07199 1.19671
      vertex -0.00406647 0.00913525 1.2
    endloop
  endfacet
  facet normal 0.393289 0.771886 0.499516
    outer loop
      vertex 1.56517 3.51544 0.844042
      vertex 1.53966 3.45814 0.952671
      vertex 1.8927 3.27826 0.952671
    endloop
  endfacet
  facet normal 0.771885 -0.393287 0.499519
    outer loop
      vertex 3.51544 -1.56517 0.844042
      vertex 3.27826 -1.8927 0.952671
      vertex 3.33258 -1.92406 0.844042
    endloop
  endfacet
  facet normal -0.105402 0.393338 0.913332
    outer loop
      vertex -0.724657 3.40925 1.17063
      vertex -1.11246 3.4238 1.11961
      vertex -1.07705 3.31482 1.17063
    endloop
  endfacet
  facet normal 0.772899 0.625887 0.104369
    outer loop
      vertex 3.15517 2.29236 0.599999
      vertex 2.88852 2.60084 0.724747
      vertex 3.14456 2.28466 0.724747
    endloop
  endfacet
  facet normal 0.838672 0.544637 0
    outer loop
      vertex 3.3775 1.95 0.599999
      vertex 3.15517 2.29236 0
      vertex 3.15517 2.29236 0.599999
    endloop
  endfacet
  facet normal 0.838672 0.544637 0
    outer loop
      vertex 3.15517 2.29236 0
      vertex 3.3775 1.95 0.599999
      vertex 3.3775 1.95 0
    endloop
  endfacet
  facet normal 0.256258 0.316449 0.913341
    outer loop
      vertex 2.40887 2.67532 1.11961
      vertex 2.11603 2.91246 1.11961
      vertex 2.33219 2.59016 1.17063
    endloop
  endfacet
  facet normal 0.266464 0.694201 0.668642
    outer loop
      vertex 1.16976 3.60014 0.952671
      vertex 1.14382 3.52031 1.04589
      vertex 1.50553 3.38147 1.04589
    endloop
  endfacet
  facet normal 0.545189 0.673271 0.499475
    outer loop
      vertex 2.26187 3.1132 0.844042
      vertex 2.22501 3.06246 0.952671
      vertex 2.5749 2.85972 0.844042
    endloop
  endfacet
  facet normal -0.000446588 -0.000875261 1
    outer loop
      vertex -0.00499916 -0.00865936 1.2
      vertex -1.68136 -2.9122 1.19671
      vertex -0.00406647 -0.00913525 1.2
    endloop
  endfacet
  facet normal 0.258827 -0.965924 0
    outer loop
      vertex 0.810855 -3.81478 0
      vertex 1.20517 -3.70912 0.599999
      vertex 0.810855 -3.81478 0.599999
    endloop
  endfacet
  facet normal 0.258827 -0.965924 0
    outer loop
      vertex 1.20517 -3.70912 0.599999
      vertex 0.810855 -3.81478 0
      vertex 1.20517 -3.70912 0
    endloop
  endfacet
  facet normal 0.993173 0.0520677 0.104389
    outer loop
      vertex 3.87863 0.40766 0.599999
      vertex 3.86559 0.40629 0.724747
      vertex 3.88689 0 0.724747
    endloop
  endfacet
  facet normal -0.933581 0.358367 0
    outer loop
      vertex -3.70912 1.20517 0
      vertex -3.56283 1.58627 0.599999
      vertex -3.56283 1.58627 0
    endloop
  endfacet
  facet normal -0.933581 0.358367 0
    outer loop
      vertex -3.56283 1.58627 0.599999
      vertex -3.70912 1.20517 0
      vertex -3.70912 1.20517 0.599999
    endloop
  endfacet
  facet normal 0.772896 -0.625894 0.104347
    outer loop
      vertex 3.15517 -2.29236 0.599999
      vertex 2.88852 -2.60084 0.724747
      vertex 2.89826 -2.60961 0.599999
    endloop
  endfacet
  facet normal 0.116319 -0.73445 0.66862
    outer loop
      vertex 0.76958 -3.62059 1.04589
      vertex 0.395682 -3.76467 0.952671
      vertex 0.78703 -3.70269 0.952671
    endloop
  endfacet
  facet normal 0.673246 -0.545186 0.499512
    outer loop
      vertex 3.06246 -2.22501 0.952671
      vertex 2.81311 -2.53293 0.952671
      vertex 2.85972 -2.5749 0.844042
    endloop
  endfacet
  facet normal 0.886134 -0.451508 0.104438
    outer loop
      vertex 3.56283 -1.58627 0.599999
      vertex 3.36614 -1.94344 0.724747
      vertex 3.3775 -1.95 0.599999
    endloop
  endfacet
  facet normal 0.742601 -0.038924 0.668603
    outer loop
      vertex 3.78541 0 0.952671
      vertex 3.70148 0 1.04589
      vertex 3.76467 -0.395682 0.952671
    endloop
  endfacet
  facet normal 0.808758 0.310472 0.499517
    outer loop
      vertex 3.51544 1.56517 0.844042
      vertex 3.45814 1.53966 0.952671
      vertex 3.60014 1.16976 0.952671
    endloop
  endfacet
  facet normal -0.928478 0.356408 0.104412
    outer loop
      vertex -3.56283 1.58627 0.599999
      vertex -3.70912 1.20517 0.599999
      vertex -3.69665 1.20111 0.724747
    endloop
  endfacet
  facet normal -0.960645 0.257413 0.104405
    outer loop
      vertex -3.70912 1.20517 0.599999
      vertex -3.81478 0.810855 0.599999
      vertex -3.69665 1.20111 0.724747
    endloop
  endfacet
  facet normal 0.703247 0.703247 0.104347
    outer loop
      vertex 2.60084 2.88852 0.724747
      vertex 2.89826 2.60961 0.599999
      vertex 2.60961 2.89826 0.599999
    endloop
  endfacet
  facet normal 0.703247 0.703247 0.104347
    outer loop
      vertex 2.89826 2.60961 0.599999
      vertex 2.60084 2.88852 0.724747
      vertex 2.88852 2.60084 0.724747
    endloop
  endfacet
  facet normal -0.623652 0.404996 0.668607
    outer loop
      vertex -3.06246 2.22501 0.952671
      vertex -3.27826 1.8927 0.952671
      vertex -3.20557 1.85074 1.04589
    endloop
  endfacet
  facet normal -0.79773 0.518026 0.308669
    outer loop
      vertex -3.14456 2.28466 0.724747
      vertex -3.36614 1.94344 0.724747
      vertex -3.1132 2.26187 0.844042
    endloop
  endfacet
  facet normal -0.886134 0.451508 0.104438
    outer loop
      vertex -3.3775 1.95 0.599999
      vertex -3.56283 1.58627 0.599999
      vertex -3.36614 1.94344 0.724747
    endloop
  endfacet
  facet normal -0.847498 0.431838 0.308647
    outer loop
      vertex -3.36614 1.94344 0.724747
      vertex -3.55085 1.58094 0.724747
      vertex -3.51544 1.56517 0.844042
    endloop
  endfacet
  facet normal -0.623643 0.404995 0.668617
    outer loop
      vertex -3.06246 2.22501 0.952671
      vertex -3.20557 1.85074 1.04589
      vertex -2.99456 2.17567 1.04589
    endloop
  endfacet
  facet normal -0.771885 0.393287 0.499519
    outer loop
      vertex -3.33258 1.92406 0.844042
      vertex -3.51544 1.56517 0.844042
      vertex -3.27826 1.8927 0.952671
    endloop
  endfacet
  facet normal -0.402204 0.0637018 0.913331
    outer loop
      vertex -3.40925 0.724657 1.17063
      vertex -3.58028 0.376302 1.11961
      vertex -3.46632 0.364325 1.17063
    endloop
  endfacet
  facet normal -0.205629 0.0325679 0.978088
    outer loop
      vertex -3.40925 0.724657 1.17063
      vertex -3.46632 0.364325 1.17063
      vertex -3.3443 0.3515 1.19671
    endloop
  endfacet
  facet normal 0.886134 0.451508 0.104438
    outer loop
      vertex 3.3775 1.95 0.599999
      vertex 3.36614 1.94344 0.724747
      vertex 3.56283 1.58627 0.599999
    endloop
  endfacet
  facet normal -0.0307926 0.587472 0.808658
    outer loop
      vertex 0 3.70148 1.04589
      vertex -0.386909 3.6812 1.04589
      vertex -0.376302 3.58028 1.11961
    endloop
  endfacet
  facet normal -0.431838 0.847498 0.308647
    outer loop
      vertex -1.58094 3.55085 0.724747
      vertex -1.94344 3.36614 0.724747
      vertex -1.56517 3.51544 0.844042
    endloop
  endfacet
  facet normal 0.0497989 0.949897 0.30857
    outer loop
      vertex 0.40629 3.86559 0.724747
      vertex 0 3.88689 0.724747
      vertex 0.402238 3.82705 0.844042
    endloop
  endfacet
  facet normal -0.0523493 0.998629 0
    outer loop
      vertex 0 3.9 0
      vertex -0.40766 3.87863 0.599999
      vertex 0 3.9 0.599999
    endloop
  endfacet
  facet normal -0.0523493 0.998629 0
    outer loop
      vertex -0.40766 3.87863 0.599999
      vertex 0 3.9 0
      vertex -0.40766 3.87863 0
    endloop
  endfacet
  facet normal -0.257413 -0.960645 0.104405
    outer loop
      vertex -1.20111 -3.69665 0.724747
      vertex -1.20517 -3.70912 0.599999
      vertex -0.810855 -3.81478 0.599999
    endloop
  endfacet
  facet normal -0.116319 -0.73445 0.66862
    outer loop
      vertex -0.76958 -3.62059 1.04589
      vertex -0.78703 -3.70269 0.952671
      vertex -0.395682 -3.76467 0.952671
    endloop
  endfacet
  facet normal -0.24619 -0.918783 0.30859
    outer loop
      vertex -1.18914 -3.65979 0.844042
      vertex -1.20111 -3.69665 0.724747
      vertex -0.808129 -3.80195 0.724747
    endloop
  endfacet
  facet normal -0.0497989 -0.949897 0.30857
    outer loop
      vertex -0.402238 -3.82705 0.844042
      vertex -0.40629 -3.86559 0.724747
      vertex 0 -3.88689 0.724747
    endloop
  endfacet
  facet normal -0.148789 -0.939492 0.308571
    outer loop
      vertex -0.402238 -3.82705 0.844042
      vertex -0.808129 -3.80195 0.724747
      vertex -0.40629 -3.86559 0.724747
    endloop
  endfacet
  facet normal 0.0497989 -0.949897 0.30857
    outer loop
      vertex 0.402238 -3.82705 0.844042
      vertex 0 -3.88689 0.724747
      vertex 0.40629 -3.86559 0.724747
    endloop
  endfacet
  facet normal 0.0497802 -0.94988 0.308625
    outer loop
      vertex 0 -3.84813 0.844042
      vertex 0 -3.88689 0.724747
      vertex 0.402238 -3.82705 0.844042
    endloop
  endfacet
  facet normal 0.257406 -0.960644 0.104425
    outer loop
      vertex 1.20111 -3.69665 0.724747
      vertex 0.808129 -3.80195 0.724747
      vertex 0.810855 -3.81478 0.599999
    endloop
  endfacet
  facet normal -0.0453384 -0.865124 0.499504
    outer loop
      vertex 0 -3.78541 0.952671
      vertex -0.402238 -3.82705 0.844042
      vertex 0 -3.84813 0.844042
    endloop
  endfacet
  facet normal 0.0453384 -0.865124 0.499504
    outer loop
      vertex 0 -3.78541 0.952671
      vertex 0 -3.84813 0.844042
      vertex 0.402238 -3.82705 0.844042
    endloop
  endfacet
  facet normal -0.581036 -0.0920284 0.808658
    outer loop
      vertex -3.58028 -0.376302 1.11961
      vertex -3.6812 -0.386909 1.04589
      vertex -3.62059 -0.76958 1.04589
    endloop
  endfacet
  facet normal -0.771885 -0.393287 0.499519
    outer loop
      vertex -3.27826 -1.8927 0.952671
      vertex -3.51544 -1.56517 0.844042
      vertex -3.33258 -1.92406 0.844042
    endloop
  endfacet
  facet normal -0.939492 -0.148789 0.308571
    outer loop
      vertex -3.82705 -0.402238 0.844042
      vertex -3.86559 -0.40629 0.724747
      vertex -3.80195 -0.808129 0.724747
    endloop
  endfacet
  facet normal -0.771886 -0.393289 0.499516
    outer loop
      vertex -3.45814 -1.53966 0.952671
      vertex -3.51544 -1.56517 0.844042
      vertex -3.27826 -1.8927 0.952671
    endloop
  endfacet
  facet normal -0.772899 -0.625887 0.104369
    outer loop
      vertex -3.14456 -2.28466 0.724747
      vertex -3.15517 -2.29236 0.599999
      vertex -2.88852 -2.60084 0.724747
    endloop
  endfacet
  facet normal 0.406653 0.0213105 0.913334
    outer loop
      vertex 3.58028 0.376302 1.11961
      vertex 3.48541 0 1.17063
      vertex 3.6 0 1.11961
    endloop
  endfacet
  facet normal 0.207907 -0.010894 0.978088
    outer loop
      vertex 3.48541 0 1.17063
      vertex 3.3443 -0.3515 1.19671
      vertex 3.46632 -0.364325 1.17063
    endloop
  endfacet
  facet normal -5.14236e-05 0.000981292 1
    outer loop
      vertex 0 3.36272 1.19671
      vertex -0.3515 3.3443 1.19671
      vertex -0.00104523 0.00994492 1.2
    endloop
  endfacet
  facet normal 0.000981292 -5.14236e-05 1
    outer loop
      vertex 3.36272 0 1.19671
      vertex 0.00994492 -0.00104523 1.2
      vertex 3.3443 -0.3515 1.19671
    endloop
  endfacet
  facet normal 0.40666 0.0213083 0.913331
    outer loop
      vertex 3.58028 0.376302 1.11961
      vertex 3.46632 0.364325 1.17063
      vertex 3.48541 0 1.17063
    endloop
  endfacet
  facet normal -0.000875547 0.000446093 1
    outer loop
      vertex -2.9122 1.68136 1.19671
      vertex -3.07199 1.36774 1.19671
      vertex -0.00913525 0.00406647 1.2
    endloop
  endfacet
  facet normal 0.000981292 5.10347e-05 1
    outer loop
      vertex 3.36272 0 1.19671
      vertex 0.00994492 0.00104523 1.2
      vertex 0.00999928 0 1.2
    endloop
  endfacet
  facet normal -0.000875261 0.000446588 1
    outer loop
      vertex -0.00865936 0.00499916 1.2
      vertex -2.9122 1.68136 1.19671
      vertex -0.00913525 0.00406647 1.2
    endloop
  endfacet
  facet normal 0.0108953 0.20791 0.978087
    outer loop
      vertex 0 3.48541 1.17063
      vertex 0 3.36272 1.19671
      vertex 0.3515 3.3443 1.19671
    endloop
  endfacet
  facet normal -0.16179 0.131021 0.978089
    outer loop
      vertex -2.59016 2.33219 1.17063
      vertex -2.81976 2.04867 1.17063
      vertex -2.7205 1.97655 1.19671
    endloop
  endfacet
  facet normal -0.370221 0.457177 0.808657
    outer loop
      vertex -2.17567 2.99456 1.04589
      vertex -2.47677 2.75073 1.04589
      vertex -2.11603 2.91246 1.11961
    endloop
  endfacet
  facet normal -0.000917372 0.000352153 1
    outer loop
      vertex -3.07199 1.36774 1.19671
      vertex -3.19813 1.03914 1.19671
      vertex -0.00913525 0.00406647 1.2
    endloop
  endfacet
  facet normal -0.000949158 0.000254325 1
    outer loop
      vertex -3.19813 1.03914 1.19671
      vertex -3.28923 0.699148 1.19671
      vertex -0.00951004 0.0030899 1.2
    endloop
  endfacet
  facet normal -0.45718 0.370222 0.808655
    outer loop
      vertex -2.75073 2.47677 1.04589
      vertex -2.91246 2.11603 1.11961
      vertex -2.67532 2.40887 1.11961
    endloop
  endfacet
  facet normal -0.210809 0.549174 0.808683
    outer loop
      vertex -1.11246 3.4238 1.11961
      vertex -1.50553 3.38147 1.04589
      vertex -1.46425 3.28876 1.11961
    endloop
  endfacet
  facet normal -0.34152 0.221783 0.913333
    outer loop
      vertex -2.91246 2.11603 1.11961
      vertex -3.11769 1.8 1.11961
      vertex -2.81976 2.04867 1.17063
    endloop
  endfacet
  facet normal -0.341509 0.221768 0.91334
    outer loop
      vertex -2.81976 2.04867 1.17063
      vertex -3.11769 1.8 1.11961
      vertex -3.01845 1.7427 1.17063
    endloop
  endfacet
  facet normal -0.266513 0.694246 0.668575
    outer loop
      vertex -1.16976 3.60014 0.952671
      vertex -1.53966 3.45814 0.952671
      vertex -1.50553 3.38147 1.04589
    endloop
  endfacet
  facet normal -0.145933 0.380168 0.913332
    outer loop
      vertex -1.11246 3.4238 1.11961
      vertex -1.41764 3.18408 1.17063
      vertex -1.07705 3.31482 1.17063
    endloop
  endfacet
  facet normal -0.581036 0.0920284 0.808658
    outer loop
      vertex -3.62059 0.76958 1.04589
      vertex -3.6812 0.386909 1.04589
      vertex -3.58028 0.376302 1.11961
    endloop
  endfacet
  facet normal -0.568228 0.15226 0.808662
    outer loop
      vertex -3.52031 1.14382 1.04589
      vertex -3.62059 0.76958 1.04589
      vertex -3.4238 1.11246 1.11961
    endloop
  endfacet
  facet normal -0.493372 0.320397 0.808659
    outer loop
      vertex -2.99456 2.17567 1.04589
      vertex -3.20557 1.85074 1.04589
      vertex -2.91246 2.11603 1.11961
    endloop
  endfacet
  facet normal -0.524125 0.267065 0.808683
    outer loop
      vertex -3.20557 1.85074 1.04589
      vertex -3.38147 1.50553 1.04589
      vertex -3.28876 1.46425 1.11961
    endloop
  endfacet
  facet normal -0.310472 -0.808758 0.499517
    outer loop
      vertex -1.53966 -3.45814 0.952671
      vertex -1.56517 -3.51544 0.844042
      vertex -1.16976 -3.60014 0.952671
    endloop
  endfacet
  facet normal -0.266513 -0.694246 0.668575
    outer loop
      vertex -1.50553 -3.38147 1.04589
      vertex -1.53966 -3.45814 0.952671
      vertex -1.16976 -3.60014 0.952671
    endloop
  endfacet
  facet normal -0.541646 -0.834102 0.104374
    outer loop
      vertex -2.28466 -3.14456 0.724747
      vertex -2.29236 -3.15517 0.599999
      vertex -1.94344 -3.36614 0.724747
    endloop
  endfacet
  facet normal -0.356403 -0.928482 0.104393
    outer loop
      vertex -1.58094 -3.55085 0.724747
      vertex -1.58627 -3.56283 0.599999
      vertex -1.20111 -3.69665 0.724747
    endloop
  endfacet
  facet normal -0.131028 -0.161811 0.978084
    outer loop
      vertex -2.2501 -2.49899 1.19671
      vertex -2.33219 -2.59016 1.17063
      vertex -1.97655 -2.7205 1.19671
    endloop
  endfacet
  facet normal -0.113389 -0.174602 0.978089
    outer loop
      vertex -1.97655 -2.7205 1.19671
      vertex -2.04867 -2.81976 1.17063
      vertex -1.68136 -2.9122 1.19671
    endloop
  endfacet
  facet normal 0.000254325 -0.000949158 1
    outer loop
      vertex 1.03914 -3.19813 1.19671
      vertex 0.0030899 -0.00951004 1.2
      vertex 0.699148 -3.28923 1.19671
    endloop
  endfacet
  facet normal -0.0945189 -0.185512 0.978086
    outer loop
      vertex -1.68136 -2.9122 1.19671
      vertex -1.7427 -3.01845 1.17063
      vertex -1.36774 -3.07199 1.19671
    endloop
  endfacet
  facet normal -0.010894 -0.207907 0.978088
    outer loop
      vertex -0.3515 -3.3443 1.19671
      vertex -0.364325 -3.46632 1.17063
      vertex 0 -3.48541 1.17063
    endloop
  endfacet
  facet normal -0.0920284 -0.581036 0.808658
    outer loop
      vertex -0.376302 -3.58028 1.11961
      vertex -0.76958 -3.62059 1.04589
      vertex -0.386909 -3.6812 1.04589
    endloop
  endfacet
  facet normal -0.0307926 -0.587472 0.808658
    outer loop
      vertex -0.376302 -3.58028 1.11961
      vertex -0.386909 -3.6812 1.04589
      vertex 0 -3.70148 1.04589
    endloop
  endfacet
  facet normal -0.577885 -0.46797 0.66862
    outer loop
      vertex -2.99456 -2.17567 1.04589
      vertex -3.06246 -2.22501 0.952671
      vertex -2.75073 -2.47677 1.04589
    endloop
  endfacet
  facet normal 0.000917396 -0.00035208 1
    outer loop
      vertex 0.00951004 -0.0030899 1.2
      vertex 0.00913525 -0.00406647 1.2
      vertex 3.19813 -1.03914 1.19671
    endloop
  endfacet
  facet normal 0.131021 -0.16179 0.978089
    outer loop
      vertex 2.33219 -2.59016 1.17063
      vertex 1.97655 -2.7205 1.19671
      vertex 2.04867 -2.81976 1.17063
    endloop
  endfacet
  facet normal 0.000446093 0.000875547 1
    outer loop
      vertex 1.36774 3.07199 1.19671
      vertex 0.00406647 0.00913525 1.2
      vertex 1.68136 2.9122 1.19671
    endloop
  endfacet
  facet normal 0.147226 -0.147226 0.978084
    outer loop
      vertex 2.49899 -2.2501 1.19671
      vertex 2.33219 -2.59016 1.17063
      vertex 2.59016 -2.33219 1.17063
    endloop
  endfacet
  facet normal 0.147226 -0.147226 0.978084
    outer loop
      vertex 2.33219 -2.59016 1.17063
      vertex 2.49899 -2.2501 1.19671
      vertex 2.2501 -2.49899 1.19671
    endloop
  endfacet
  facet normal 0.549174 -0.210809 0.808683
    outer loop
      vertex 3.4238 -1.11246 1.11961
      vertex 3.28876 -1.46425 1.11961
      vertex 3.38147 -1.50553 1.04589
    endloop
  endfacet
  facet normal 0.201085 -0.0538801 0.978091
    outer loop
      vertex 3.28923 -0.699148 1.19671
      vertex 3.19813 -1.03914 1.19671
      vertex 3.40925 -0.724657 1.17063
    endloop
  endfacet
  facet normal 0.000949163 -0.000254302 1
    outer loop
      vertex 0.00978088 -0.00207901 1.2
      vertex 0.00951004 -0.0030899 1.2
      vertex 3.28923 -0.699148 1.19671
    endloop
  endfacet
  facet normal 0.194359 -0.0746072 0.978089
    outer loop
      vertex 3.31482 -1.07705 1.17063
      vertex 3.07199 -1.36774 1.19671
      vertex 3.18408 -1.41764 1.17063
    endloop
  endfacet
  facet normal 0.145934 -0.38017 0.913331
    outer loop
      vertex 1.41764 -3.18408 1.17063
      vertex 1.11246 -3.4238 1.11961
      vertex 1.46425 -3.28876 1.11961
    endloop
  endfacet
  facet normal 0.000875261 0.000446588 1
    outer loop
      vertex 2.9122 1.68136 1.19671
      vertex 0.00865936 0.00499916 1.2
      vertex 0.00913525 0.00406647 1.2
    endloop
  endfacet
  facet normal 0.541659 -0.834085 0.104438
    outer loop
      vertex 2.29236 -3.15517 0.599999
      vertex 1.94344 -3.36614 0.724747
      vertex 1.95 -3.3775 0.599999
    endloop
  endfacet
  facet normal 0.431838 -0.847498 0.308647
    outer loop
      vertex 1.94344 -3.36614 0.724747
      vertex 1.56517 -3.51544 0.844042
      vertex 1.58094 -3.55085 0.724747
    endloop
  endfacet
  facet normal 0.224217 -0.836796 0.4995
    outer loop
      vertex 1.16976 -3.60014 0.952671
      vertex 0.80007 -3.76404 0.844042
      vertex 1.18914 -3.65979 0.844042
    endloop
  endfacet
  facet normal 0.393287 -0.771885 0.499519
    outer loop
      vertex 1.8927 -3.27826 0.952671
      vertex 1.56517 -3.51544 0.844042
      vertex 1.92406 -3.33258 0.844042
    endloop
  endfacet
  facet normal -0.194362 -0.0746099 0.978088
    outer loop
      vertex -3.19813 -1.03914 1.19671
      vertex -3.31482 -1.07705 1.17063
      vertex -3.07199 -1.36774 1.19671
    endloop
  endfacet
  facet normal -0.568228 -0.15226 0.808662
    outer loop
      vertex -3.4238 -1.11246 1.11961
      vertex -3.62059 -0.76958 1.04589
      vertex -3.52031 -1.14382 1.04589
    endloop
  endfacet
  facet normal -0.612571 -0.612571 0.499513
    outer loop
      vertex -2.5749 -2.85972 0.844042
      vertex -2.81311 -2.53293 0.952671
      vertex -2.85972 -2.5749 0.844042
    endloop
  endfacet
  facet normal -0.612571 -0.612571 0.499513
    outer loop
      vertex -2.81311 -2.53293 0.952671
      vertex -2.5749 -2.85972 0.844042
      vertex -2.53293 -2.81311 0.952671
    endloop
  endfacet
  facet normal -0.16179 -0.131021 0.978089
    outer loop
      vertex -2.7205 -1.97655 1.19671
      vertex -2.81976 -2.04867 1.17063
      vertex -2.59016 -2.33219 1.17063
    endloop
  endfacet
  facet normal -0.201094 -0.0538868 0.978089
    outer loop
      vertex -3.19813 -1.03914 1.19671
      vertex -3.40925 -0.724657 1.17063
      vertex -3.31482 -1.07705 1.17063
    endloop
  endfacet
  facet normal -0.185512 -0.0945189 0.978086
    outer loop
      vertex -2.9122 -1.68136 1.19671
      vertex -3.07199 -1.36774 1.19671
      vertex -3.01845 -1.7427 1.17063
    endloop
  endfacet
  facet normal -0.0746072 -0.194359 0.978089
    outer loop
      vertex -1.36774 -3.07199 1.19671
      vertex -1.41764 -3.18408 1.17063
      vertex -1.07705 -3.31482 1.17063
    endloop
  endfacet
  facet normal -0.145934 -0.38017 0.913331
    outer loop
      vertex -1.41764 -3.18408 1.17063
      vertex -1.46425 -3.28876 1.11961
      vertex -1.11246 -3.4238 1.11961
    endloop
  endfacet
  facet normal 0.891006 -0.453991 0
    outer loop
      vertex 3.3775 -1.95 0.599999
      vertex 3.56283 -1.58627 0
      vertex 3.56283 -1.58627 0.599999
    endloop
  endfacet
  facet normal 0.891006 -0.453991 0
    outer loop
      vertex 3.56283 -1.58627 0
      vertex 3.3775 -1.95 0.599999
      vertex 3.3775 -1.95 0
    endloop
  endfacet
  facet normal 0.258827 0.965924 -0
    outer loop
      vertex 1.20517 3.70912 0
      vertex 0.810855 3.81478 0.599999
      vertex 1.20517 3.70912 0.599999
    endloop
  endfacet
  facet normal 0.258827 0.965924 0
    outer loop
      vertex 0.810855 3.81478 0.599999
      vertex 1.20517 3.70912 0
      vertex 0.810855 3.81478 0
    endloop
  endfacet
  facet normal 0.356403 0.928482 0.104393
    outer loop
      vertex 1.58627 3.56283 0.599999
      vertex 1.20111 3.69665 0.724747
      vertex 1.58094 3.55085 0.724747
    endloop
  endfacet
  facet normal 0.356408 0.928478 0.104412
    outer loop
      vertex 1.20517 3.70912 0.599999
      vertex 1.20111 3.69665 0.724747
      vertex 1.58627 3.56283 0.599999
    endloop
  endfacet
  facet normal 0.625887 0.772899 0.104369
    outer loop
      vertex 2.29236 3.15517 0.599999
      vertex 2.28466 3.14456 0.724747
      vertex 2.60084 2.88852 0.724747
    endloop
  endfacet
  facet normal 0.0520677 0.993173 0.104389
    outer loop
      vertex 0.40766 3.87863 0.599999
      vertex 0 3.88689 0.724747
      vertex 0.40629 3.86559 0.724747
    endloop
  endfacet
  facet normal 0.192455 0.718267 0.66862
    outer loop
      vertex 0.78703 3.70269 0.952671
      vertex 0.76958 3.62059 1.04589
      vertex 1.16976 3.60014 0.952671
    endloop
  endfacet
  facet normal 0.518066 0.797738 0.308581
    outer loop
      vertex 1.94344 3.36614 0.724747
      vertex 1.92406 3.33258 0.844042
      vertex 2.26187 3.1132 0.844042
    endloop
  endfacet
  facet normal 0.393287 0.771885 0.499519
    outer loop
      vertex 1.92406 3.33258 0.844042
      vertex 1.56517 3.51544 0.844042
      vertex 1.8927 3.27826 0.952671
    endloop
  endfacet
  facet normal 0.340865 0.888003 0.308644
    outer loop
      vertex 1.58094 3.55085 0.724747
      vertex 1.20111 3.69665 0.724747
      vertex 1.56517 3.51544 0.844042
    endloop
  endfacet
  facet normal 0.0213083 0.40666 0.913331
    outer loop
      vertex 0.376302 3.58028 1.11961
      vertex 0 3.48541 1.17063
      vertex 0.364325 3.46632 1.17063
    endloop
  endfacet
  facet normal 0.320397 0.493372 0.808659
    outer loop
      vertex 2.17567 2.99456 1.04589
      vertex 1.85074 3.20557 1.04589
      vertex 2.11603 2.91246 1.11961
    endloop
  endfacet
  facet normal 0.310472 0.808758 0.499517
    outer loop
      vertex 1.56517 3.51544 0.844042
      vertex 1.16976 3.60014 0.952671
      vertex 1.53966 3.45814 0.952671
    endloop
  endfacet
  facet normal 0.581036 0.0920284 0.808658
    outer loop
      vertex 3.62059 0.76958 1.04589
      vertex 3.58028 0.376302 1.11961
      vertex 3.6812 0.386909 1.04589
    endloop
  endfacet
  facet normal 0.370222 0.45718 0.808655
    outer loop
      vertex 2.47677 2.75073 1.04589
      vertex 2.11603 2.91246 1.11961
      vertex 2.40887 2.67532 1.11961
    endloop
  endfacet
  facet normal -0.541646 0.834102 0.104374
    outer loop
      vertex -1.94344 3.36614 0.724747
      vertex -2.29236 3.15517 0.599999
      vertex -2.28466 3.14456 0.724747
    endloop
  endfacet
  facet normal -0.0520633 0.993174 0.104375
    outer loop
      vertex 0 3.9 0.599999
      vertex -0.40766 3.87863 0.599999
      vertex 0 3.88689 0.724747
    endloop
  endfacet
  facet normal 0.836796 -0.224217 0.4995
    outer loop
      vertex 3.76404 -0.80007 0.844042
      vertex 3.60014 -1.16976 0.952671
      vertex 3.65979 -1.18914 0.844042
    endloop
  endfacet
  facet normal 0.577885 -0.46797 0.66862
    outer loop
      vertex 2.99456 -2.17567 1.04589
      vertex 2.75073 -2.47677 1.04589
      vertex 3.06246 -2.22501 0.952671
    endloop
  endfacet
  facet normal 0.320396 -0.493372 0.80866
    outer loop
      vertex 2.11603 -2.91246 1.11961
      vertex 1.8 -3.11769 1.11961
      vertex 1.85074 -3.20557 1.04589
    endloop
  endfacet
  facet normal 0.221768 -0.341509 0.91334
    outer loop
      vertex 2.04867 -2.81976 1.17063
      vertex 1.7427 -3.01845 1.17063
      vertex 1.8 -3.11769 1.11961
    endloop
  endfacet
  facet normal 0.865112 -0.0453455 0.499525
    outer loop
      vertex 3.78541 0 0.952671
      vertex 3.76467 -0.395682 0.952671
      vertex 3.82705 -0.402238 0.844042
    endloop
  endfacet
  facet normal 0.993174 -0.0520633 0.104375
    outer loop
      vertex 3.88689 0 0.724747
      vertex 3.87863 -0.40766 0.599999
      vertex 3.9 0 0.599999
    endloop
  endfacet
  facet normal 0.380168 -0.145933 0.913332
    outer loop
      vertex 3.31482 -1.07705 1.17063
      vertex 3.18408 -1.41764 1.17063
      vertex 3.4238 -1.11246 1.11961
    endloop
  endfacet
  facet normal 0.673271 -0.545189 0.499475
    outer loop
      vertex 3.06246 -2.22501 0.952671
      vertex 2.85972 -2.5749 0.844042
      vertex 3.1132 -2.26187 0.844042
    endloop
  endfacet
  facet normal 0.982296 0.155556 0.104388
    outer loop
      vertex 3.87863 0.40766 0.599999
      vertex 3.81478 0.810855 0.599999
      vertex 3.86559 0.40629 0.724747
    endloop
  endfacet
  facet normal -0.80877 0.31047 0.499499
    outer loop
      vertex -3.51544 1.56517 0.844042
      vertex -3.65979 1.18914 0.844042
      vertex -3.60014 1.16976 0.952671
    endloop
  endfacet
  facet normal -0.888014 0.34089 0.308585
    outer loop
      vertex -3.51544 1.56517 0.844042
      vertex -3.69665 1.20111 0.724747
      vertex -3.65979 1.18914 0.844042
    endloop
  endfacet
  facet normal -0.886131 0.451524 0.10439
    outer loop
      vertex -3.36614 1.94344 0.724747
      vertex -3.56283 1.58627 0.599999
      vertex -3.55085 1.58094 0.724747
    endloop
  endfacet
  facet normal -0.928482 0.356403 0.104393
    outer loop
      vertex -3.56283 1.58627 0.599999
      vertex -3.69665 1.20111 0.724747
      vertex -3.55085 1.58094 0.724747
    endloop
  endfacet
  facet normal 0.155556 -0.982296 0.104388
    outer loop
      vertex 0.810855 -3.81478 0.599999
      vertex 0.40629 -3.86559 0.724747
      vertex 0.40766 -3.87863 0.599999
    endloop
  endfacet
  facet normal -0.28793 0.28793 0.913341
    outer loop
      vertex -2.40887 2.67532 1.11961
      vertex -2.59016 2.33219 1.17063
      vertex -2.33219 2.59016 1.17063
    endloop
  endfacet
  facet normal -0.28793 0.28793 0.913341
    outer loop
      vertex -2.59016 2.33219 1.17063
      vertex -2.40887 2.67532 1.11961
      vertex -2.67532 2.40887 1.11961
    endloop
  endfacet
  facet normal -0.577881 0.467962 0.668629
    outer loop
      vertex -2.81311 2.53293 0.952671
      vertex -3.06246 2.22501 0.952671
      vertex -2.75073 2.47677 1.04589
    endloop
  endfacet
  facet normal -0.72654 0.471828 0.499518
    outer loop
      vertex -3.1132 2.26187 0.844042
      vertex -3.33258 1.92406 0.844042
      vertex -3.27826 1.8927 0.952671
    endloop
  endfacet
  facet normal -0.797738 0.518066 0.308581
    outer loop
      vertex -3.1132 2.26187 0.844042
      vertex -3.36614 1.94344 0.724747
      vertex -3.33258 1.92406 0.844042
    endloop
  endfacet
  facet normal -0.694246 0.266513 0.668575
    outer loop
      vertex -3.45814 1.53966 0.952671
      vertex -3.60014 1.16976 0.952671
      vertex -3.38147 1.50553 1.04589
    endloop
  endfacet
  facet normal -0.524161 0.267069 0.808659
    outer loop
      vertex -3.20557 1.85074 1.04589
      vertex -3.28876 1.46425 1.11961
      vertex -3.11769 1.8 1.11961
    endloop
  endfacet
  facet normal -0.380168 0.145933 0.913332
    outer loop
      vertex -3.18408 1.41764 1.17063
      vertex -3.4238 1.11246 1.11961
      vertex -3.31482 1.07705 1.17063
    endloop
  endfacet
  facet normal -0.38017 0.145934 0.913331
    outer loop
      vertex -3.28876 1.46425 1.11961
      vertex -3.4238 1.11246 1.11961
      vertex -3.18408 1.41764 1.17063
    endloop
  endfacet
  facet normal 0.993173 -0.0520677 0.104389
    outer loop
      vertex 3.88689 0 0.724747
      vertex 3.86559 -0.40629 0.724747
      vertex 3.87863 -0.40766 0.599999
    endloop
  endfacet
  facet normal 0.541659 0.834085 0.104438
    outer loop
      vertex 1.95 3.3775 0.599999
      vertex 1.94344 3.36614 0.724747
      vertex 2.29236 3.15517 0.599999
    endloop
  endfacet
  facet normal -0.224213 0.836792 0.499507
    outer loop
      vertex -0.80007 3.76404 0.844042
      vertex -1.16976 3.60014 0.952671
      vertex -0.78703 3.70269 0.952671
    endloop
  endfacet
  facet normal -0.135518 0.855634 0.499525
    outer loop
      vertex -0.402238 3.82705 0.844042
      vertex -0.80007 3.76404 0.844042
      vertex -0.395682 3.76467 0.952671
    endloop
  endfacet
  facet normal -0.156411 0.987692 0
    outer loop
      vertex -0.40766 3.87863 0
      vertex -0.810855 3.81478 0.599999
      vertex -0.40766 3.87863 0.599999
    endloop
  endfacet
  facet normal -0.156411 0.987692 0
    outer loop
      vertex -0.810855 3.81478 0.599999
      vertex -0.40766 3.87863 0
      vertex -0.810855 3.81478 0
    endloop
  endfacet
  facet normal -0.135513 0.855645 0.499507
    outer loop
      vertex -0.395682 3.76467 0.952671
      vertex -0.80007 3.76404 0.844042
      vertex -0.78703 3.70269 0.952671
    endloop
  endfacet
  facet normal -0.0497802 0.94988 0.308625
    outer loop
      vertex 0 3.88689 0.724747
      vertex -0.402238 3.82705 0.844042
      vertex 0 3.84813 0.844042
    endloop
  endfacet
  facet normal -0.224217 -0.836796 0.4995
    outer loop
      vertex -1.16976 -3.60014 0.952671
      vertex -1.18914 -3.65979 0.844042
      vertex -0.80007 -3.76404 0.844042
    endloop
  endfacet
  facet normal -0.246184 -0.91878 0.308604
    outer loop
      vertex -0.80007 -3.76404 0.844042
      vertex -1.18914 -3.65979 0.844042
      vertex -0.808129 -3.80195 0.724747
    endloop
  endfacet
  facet normal 0.0520677 -0.993173 0.104389
    outer loop
      vertex 0.40629 -3.86559 0.724747
      vertex 0 -3.88689 0.724747
      vertex 0.40766 -3.87863 0.599999
    endloop
  endfacet
  facet normal 0.0520633 -0.993174 0.104375
    outer loop
      vertex 0 -3.88689 0.724747
      vertex 0 -3.9 0.599999
      vertex 0.40766 -3.87863 0.599999
    endloop
  endfacet
  facet normal -0.0389238 -0.742601 0.668602
    outer loop
      vertex -0.386909 -3.6812 1.04589
      vertex -0.395682 -3.76467 0.952671
      vertex 0 -3.70148 1.04589
    endloop
  endfacet
  facet normal -0.11633 -0.734465 0.668602
    outer loop
      vertex -0.386909 -3.6812 1.04589
      vertex -0.76958 -3.62059 1.04589
      vertex -0.395682 -3.76467 0.952671
    endloop
  endfacet
  facet normal -0.742601 -0.038924 0.668603
    outer loop
      vertex -3.70148 0 1.04589
      vertex -3.78541 0 0.952671
      vertex -3.76467 -0.395682 0.952671
    endloop
  endfacet
  facet normal -0.865112 -0.0453455 0.499525
    outer loop
      vertex -3.78541 0 0.952671
      vertex -3.82705 -0.402238 0.844042
      vertex -3.76467 -0.395682 0.952671
    endloop
  endfacet
  facet normal -0.98229 -0.155567 0.104425
    outer loop
      vertex -3.80195 -0.808129 0.724747
      vertex -3.86559 -0.40629 0.724747
      vertex -3.81478 -0.810855 0.599999
    endloop
  endfacet
  facet normal -0.928478 -0.356408 0.104412
    outer loop
      vertex -3.69665 -1.20111 0.724747
      vertex -3.70912 -1.20517 0.599999
      vertex -3.56283 -1.58627 0.599999
    endloop
  endfacet
  facet normal 0.993174 0.0520633 0.104375
    outer loop
      vertex 3.9 0 0.599999
      vertex 3.87863 0.40766 0.599999
      vertex 3.88689 0 0.724747
    endloop
  endfacet
  facet normal -0.629329 0.777139 0
    outer loop
      vertex -2.29236 3.15517 0
      vertex -2.60961 2.89826 0.599999
      vertex -2.29236 3.15517 0.599999
    endloop
  endfacet
  facet normal -0.629329 0.777139 0
    outer loop
      vertex -2.60961 2.89826 0.599999
      vertex -2.29236 3.15517 0
      vertex -2.60961 2.89826 0
    endloop
  endfacet
  facet normal -0.808758 -0.310472 0.499517
    outer loop
      vertex -3.45814 -1.53966 0.952671
      vertex -3.60014 -1.16976 0.952671
      vertex -3.51544 -1.56517 0.844042
    endloop
  endfacet
  facet normal -0.960645 -0.257413 0.104405
    outer loop
      vertex -3.69665 -1.20111 0.724747
      vertex -3.81478 -0.810855 0.599999
      vertex -3.70912 -1.20517 0.599999
    endloop
  endfacet
  facet normal -0.518026 -0.79773 0.308669
    outer loop
      vertex -2.26187 -3.1132 0.844042
      vertex -2.28466 -3.14456 0.724747
      vertex -1.94344 -3.36614 0.724747
    endloop
  endfacet
  facet normal -0.726568 -0.471829 0.499477
    outer loop
      vertex -3.06246 -2.22501 0.952671
      vertex -3.27826 -1.8927 0.952671
      vertex -3.1132 -2.26187 0.844042
    endloop
  endfacet
  facet normal -0.673271 -0.545189 0.499475
    outer loop
      vertex -3.06246 -2.22501 0.952671
      vertex -3.1132 -2.26187 0.844042
      vertex -2.85972 -2.5749 0.844042
    endloop
  endfacet
  facet normal 0.73445 -0.116319 0.66862
    outer loop
      vertex 3.76467 -0.395682 0.952671
      vertex 3.62059 -0.76958 1.04589
      vertex 3.70269 -0.78703 0.952671
    endloop
  endfacet
  facet normal 0.587472 -0.0307926 0.808658
    outer loop
      vertex 3.70148 0 1.04589
      vertex 3.58028 -0.376302 1.11961
      vertex 3.6812 -0.386909 1.04589
    endloop
  endfacet
  facet normal -0.000763663 0.000618384 1
    outer loop
      vertex -2.49899 2.2501 1.19671
      vertex -2.7205 1.97655 1.19671
      vertex -0.00809002 0.00587749 1.2
    endloop
  endfacet
  facet normal -0.000917396 0.00035208 1
    outer loop
      vertex -0.00913525 0.00406647 1.2
      vertex -3.19813 1.03914 1.19671
      vertex -0.00951004 0.0030899 1.2
    endloop
  endfacet
  facet normal 0.000917372 -0.000352153 1
    outer loop
      vertex 3.19813 -1.03914 1.19671
      vertex 0.00913525 -0.00406647 1.2
      vertex 3.07199 -1.36774 1.19671
    endloop
  endfacet
  facet normal 0.000981292 -5.10347e-05 1
    outer loop
      vertex 0.00999928 0 1.2
      vertex 0.00994492 -0.00104523 1.2
      vertex 3.36272 0 1.19671
    endloop
  endfacet
  facet normal 0.00035208 0.000917396 1
    outer loop
      vertex 1.03914 3.19813 1.19671
      vertex 0.0030899 0.00951004 1.2
      vertex 0.00406647 0.00913525 1.2
    endloop
  endfacet
  facet normal -0.192459 0.718247 0.668641
    outer loop
      vertex -0.76958 3.62059 1.04589
      vertex -1.16976 3.60014 0.952671
      vertex -1.14382 3.52031 1.04589
    endloop
  endfacet
  facet normal -0.467962 0.577881 0.668629
    outer loop
      vertex -2.22501 3.06246 0.952671
      vertex -2.53293 2.81311 0.952671
      vertex -2.47677 2.75073 1.04589
    endloop
  endfacet
  facet normal 0.000824526 0.000534464 1
    outer loop
      vertex 2.9122 1.68136 1.19671
      vertex 0.00809002 0.00587749 1.2
      vertex 0.00865936 0.00499916 1.2
    endloop
  endfacet
  facet normal 0.131028 0.161811 0.978084
    outer loop
      vertex 2.33219 2.59016 1.17063
      vertex 1.97655 2.7205 1.19671
      vertex 2.2501 2.49899 1.19671
    endloop
  endfacet
  facet normal -0.00015374 0.000970538 1
    outer loop
      vertex -0.3515 3.3443 1.19671
      vertex -0.699148 3.28923 1.19671
      vertex -0.00104523 0.00994492 1.2
    endloop
  endfacet
  facet normal 0.000949163 0.000254302 1
    outer loop
      vertex 3.28923 0.699148 1.19671
      vertex 0.00951004 0.0030899 1.2
      vertex 0.00978088 0.00207901 1.2
    endloop
  endfacet
  facet normal -0.000824526 0.000534464 1
    outer loop
      vertex -0.00809002 0.00587749 1.2
      vertex -2.9122 1.68136 1.19671
      vertex -0.00865936 0.00499916 1.2
    endloop
  endfacet
  facet normal -0.000917372 -0.000352153 1
    outer loop
      vertex -0.00913525 -0.00406647 1.2
      vertex -3.19813 -1.03914 1.19671
      vertex -3.07199 -1.36774 1.19671
    endloop
  endfacet
  facet normal 0.000153996 0.000970484 1
    outer loop
      vertex 0.699148 3.28923 1.19671
      vertex 0.00104523 0.00994492 1.2
      vertex 0.00207901 0.00978088 1.2
    endloop
  endfacet
  facet normal 0.000875547 -0.000446093 1
    outer loop
      vertex 3.07199 -1.36774 1.19671
      vertex 0.00913525 -0.00406647 1.2
      vertex 2.9122 -1.68136 1.19671
    endloop
  endfacet
  facet normal -0.131021 0.16179 0.978089
    outer loop
      vertex -2.04867 2.81976 1.17063
      vertex -2.33219 2.59016 1.17063
      vertex -1.97655 2.7205 1.19671
    endloop
  endfacet
  facet normal -0.221783 0.34152 0.913333
    outer loop
      vertex -1.8 3.11769 1.11961
      vertex -2.11603 2.91246 1.11961
      vertex -2.04867 2.81976 1.17063
    endloop
  endfacet
  facet normal -0.105401 0.393351 0.913327
    outer loop
      vertex -0.748482 3.52133 1.11961
      vertex -1.11246 3.4238 1.11961
      vertex -0.724657 3.40925 1.17063
    endloop
  endfacet
  facet normal -0.0637018 0.402204 0.913331
    outer loop
      vertex -0.376302 3.58028 1.11961
      vertex -0.724657 3.40925 1.17063
      vertex -0.364325 3.46632 1.17063
    endloop
  endfacet
  facet normal -0.855645 0.135513 0.499507
    outer loop
      vertex -3.76404 0.80007 0.844042
      vertex -3.76467 0.395682 0.952671
      vertex -3.70269 0.78703 0.952671
    endloop
  endfacet
  facet normal -0.73445 0.116319 0.66862
    outer loop
      vertex -3.70269 0.78703 0.952671
      vertex -3.76467 0.395682 0.952671
      vertex -3.62059 0.76958 1.04589
    endloop
  endfacet
  facet normal -0.493372 0.320396 0.80866
    outer loop
      vertex -2.91246 2.11603 1.11961
      vertex -3.20557 1.85074 1.04589
      vertex -3.11769 1.8 1.11961
    endloop
  endfacet
  facet normal -0.577885 0.46797 0.66862
    outer loop
      vertex -2.75073 2.47677 1.04589
      vertex -3.06246 2.22501 0.952671
      vertex -2.99456 2.17567 1.04589
    endloop
  endfacet
  facet normal -0.431838 -0.847498 0.308647
    outer loop
      vertex -1.56517 -3.51544 0.844042
      vertex -1.94344 -3.36614 0.724747
      vertex -1.58094 -3.55085 0.724747
    endloop
  endfacet
  facet normal -0.393289 -0.771886 0.499516
    outer loop
      vertex -1.53966 -3.45814 0.952671
      vertex -1.8927 -3.27826 0.952671
      vertex -1.56517 -3.51544 0.844042
    endloop
  endfacet
  facet normal -0.221783 -0.34152 0.913333
    outer loop
      vertex -2.04867 -2.81976 1.17063
      vertex -2.11603 -2.91246 1.11961
      vertex -1.8 -3.11769 1.11961
    endloop
  endfacet
  facet normal -0.221768 -0.341509 0.91334
    outer loop
      vertex -1.7427 -3.01845 1.17063
      vertex -2.04867 -2.81976 1.17063
      vertex -1.8 -3.11769 1.11961
    endloop
  endfacet
  facet normal -0.00035208 -0.000917396 1
    outer loop
      vertex -0.00406647 -0.00913525 1.2
      vertex -1.03914 -3.19813 1.19671
      vertex -0.0030899 -0.00951004 1.2
    endloop
  endfacet
  facet normal 5.14236e-05 0.000981292 1
    outer loop
      vertex 0.3515 3.3443 1.19671
      vertex 0 3.36272 1.19671
      vertex 0.00104523 0.00994492 1.2
    endloop
  endfacet
  facet normal 0.210809 -0.549174 0.808683
    outer loop
      vertex 1.46425 -3.28876 1.11961
      vertex 1.11246 -3.4238 1.11961
      vertex 1.50553 -3.38147 1.04589
    endloop
  endfacet
  facet normal -0.0108953 -0.20791 0.978087
    outer loop
      vertex 0 -3.36272 1.19671
      vertex -0.3515 -3.3443 1.19671
      vertex 0 -3.48541 1.17063
    endloop
  endfacet
  facet normal 0.000352153 -0.000917372 1
    outer loop
      vertex 1.36774 -3.07199 1.19671
      vertex 0.00406647 -0.00913525 1.2
      vertex 1.03914 -3.19813 1.19671
    endloop
  endfacet
  facet normal 0.135518 -0.855634 0.499525
    outer loop
      vertex 0.80007 -3.76404 0.844042
      vertex 0.395682 -3.76467 0.952671
      vertex 0.402238 -3.82705 0.844042
    endloop
  endfacet
  facet normal 0.194362 -0.0746099 0.978088
    outer loop
      vertex 3.19813 -1.03914 1.19671
      vertex 3.07199 -1.36774 1.19671
      vertex 3.31482 -1.07705 1.17063
    endloop
  endfacet
  facet normal 0.205614 -0.0325707 0.978091
    outer loop
      vertex 3.3443 -0.3515 1.19671
      vertex 3.28923 -0.699148 1.19671
      vertex 3.40925 -0.724657 1.17063
    endloop
  endfacet
  facet normal 0.402214 -0.0637071 0.913327
    outer loop
      vertex 3.58028 -0.376302 1.11961
      vertex 3.40925 -0.724657 1.17063
      vertex 3.52133 -0.748482 1.11961
    endloop
  endfacet
  facet normal 0.402204 -0.0637018 0.913331
    outer loop
      vertex 3.46632 -0.364325 1.17063
      vertex 3.40925 -0.724657 1.17063
      vertex 3.58028 -0.376302 1.11961
    endloop
  endfacet
  facet normal 0.185495 -0.0945167 0.978089
    outer loop
      vertex 3.07199 -1.36774 1.19671
      vertex 3.01845 -1.7427 1.17063
      vertex 3.18408 -1.41764 1.17063
    endloop
  endfacet
  facet normal 0.185512 -0.0945189 0.978086
    outer loop
      vertex 3.07199 -1.36774 1.19671
      vertex 2.9122 -1.68136 1.19671
      vertex 3.01845 -1.7427 1.17063
    endloop
  endfacet
  facet normal 0.113389 -0.174602 0.978089
    outer loop
      vertex 1.97655 -2.7205 1.19671
      vertex 1.68136 -2.9122 1.19671
      vertex 2.04867 -2.81976 1.17063
    endloop
  endfacet
  facet normal 0.0945189 -0.185512 0.978086
    outer loop
      vertex 1.68136 -2.9122 1.19671
      vertex 1.36774 -3.07199 1.19671
      vertex 1.7427 -3.01845 1.17063
    endloop
  endfacet
  facet normal 0.0307926 -0.587472 0.808658
    outer loop
      vertex 0.376302 -3.58028 1.11961
      vertex 0 -3.70148 1.04589
      vertex 0.386909 -3.6812 1.04589
    endloop
  endfacet
  facet normal 0.31047 -0.80877 0.499499
    outer loop
      vertex 1.56517 -3.51544 0.844042
      vertex 1.16976 -3.60014 0.952671
      vertex 1.18914 -3.65979 0.844042
    endloop
  endfacet
  facet normal 0.544637 -0.838672 0
    outer loop
      vertex 1.95 -3.3775 0
      vertex 2.29236 -3.15517 0.599999
      vertex 1.95 -3.3775 0.599999
    endloop
  endfacet
  facet normal 0.544637 -0.838672 0
    outer loop
      vertex 2.29236 -3.15517 0.599999
      vertex 1.95 -3.3775 0
      vertex 2.29236 -3.15517 0
    endloop
  endfacet
  facet normal -0.393351 -0.105401 0.913327
    outer loop
      vertex -3.40925 -0.724657 1.17063
      vertex -3.52133 -0.748482 1.11961
      vertex -3.4238 -1.11246 1.11961
    endloop
  endfacet
  facet normal -0.402214 -0.0637071 0.913327
    outer loop
      vertex -3.40925 -0.724657 1.17063
      vertex -3.58028 -0.376302 1.11961
      vertex -3.52133 -0.748482 1.11961
    endloop
  endfacet
  facet normal -0.694201 -0.266464 0.668642
    outer loop
      vertex -3.52031 -1.14382 1.04589
      vertex -3.60014 -1.16976 0.952671
      vertex -3.38147 -1.50553 1.04589
    endloop
  endfacet
  facet normal -0.694246 -0.266513 0.668575
    outer loop
      vertex -3.38147 -1.50553 1.04589
      vertex -3.60014 -1.16976 0.952671
      vertex -3.45814 -1.53966 0.952671
    endloop
  endfacet
  facet normal -0.147226 -0.147226 0.978084
    outer loop
      vertex -2.49899 -2.2501 1.19671
      vertex -2.33219 -2.59016 1.17063
      vertex -2.2501 -2.49899 1.19671
    endloop
  endfacet
  facet normal -0.147226 -0.147226 0.978084
    outer loop
      vertex -2.33219 -2.59016 1.17063
      vertex -2.49899 -2.2501 1.19671
      vertex -2.59016 -2.33219 1.17063
    endloop
  endfacet
  facet normal -0.524161 -0.267069 0.808659
    outer loop
      vertex -3.11769 -1.8 1.11961
      vertex -3.28876 -1.46425 1.11961
      vertex -3.20557 -1.85074 1.04589
    endloop
  endfacet
  facet normal -0.341509 -0.221768 0.91334
    outer loop
      vertex -3.01845 -1.7427 1.17063
      vertex -3.11769 -1.8 1.11961
      vertex -2.81976 -2.04867 1.17063
    endloop
  endfacet
  facet normal -0.0325707 -0.205614 0.978091
    outer loop
      vertex -0.699148 -3.28923 1.19671
      vertex -0.724657 -3.40925 1.17063
      vertex -0.3515 -3.3443 1.19671
    endloop
  endfacet
  facet normal -0.145933 -0.380168 0.913332
    outer loop
      vertex -1.07705 -3.31482 1.17063
      vertex -1.41764 -3.18408 1.17063
      vertex -1.11246 -3.4238 1.11961
    endloop
  endfacet
  facet normal -0.105401 -0.393351 0.913327
    outer loop
      vertex -0.724657 -3.40925 1.17063
      vertex -1.11246 -3.4238 1.11961
      vertex -0.748482 -3.52133 1.11961
    endloop
  endfacet
  facet normal -0.0746099 -0.194362 0.978088
    outer loop
      vertex -1.03914 -3.19813 1.19671
      vertex -1.36774 -3.07199 1.19671
      vertex -1.07705 -3.31482 1.17063
    endloop
  endfacet
  facet normal 0.257413 0.960645 0.104405
    outer loop
      vertex 1.20517 3.70912 0.599999
      vertex 0.810855 3.81478 0.599999
      vertex 1.20111 3.69665 0.724747
    endloop
  endfacet
  facet normal 0.266513 0.694246 0.668575
    outer loop
      vertex 1.53966 3.45814 0.952671
      vertex 1.16976 3.60014 0.952671
      vertex 1.50553 3.38147 1.04589
    endloop
  endfacet
  facet normal 0.31047 0.80877 0.499499
    outer loop
      vertex 1.18914 3.65979 0.844042
      vertex 1.16976 3.60014 0.952671
      vertex 1.56517 3.51544 0.844042
    endloop
  endfacet
  facet normal 0.612571 0.612571 0.499513
    outer loop
      vertex 2.53293 2.81311 0.952671
      vertex 2.85972 2.5749 0.844042
      vertex 2.5749 2.85972 0.844042
    endloop
  endfacet
  facet normal 0.612571 0.612571 0.499513
    outer loop
      vertex 2.85972 2.5749 0.844042
      vertex 2.53293 2.81311 0.952671
      vertex 2.81311 2.53293 0.952671
    endloop
  endfacet
  facet normal 0.625894 0.772896 0.104347
    outer loop
      vertex 2.60961 2.89826 0.599999
      vertex 2.29236 3.15517 0.599999
      vertex 2.60084 2.88852 0.724747
    endloop
  endfacet
  facet normal 0.541646 0.834102 0.104374
    outer loop
      vertex 2.29236 3.15517 0.599999
      vertex 1.94344 3.36614 0.724747
      vertex 2.28466 3.14456 0.724747
    endloop
  endfacet
  facet normal 0.0453455 0.865112 0.499525
    outer loop
      vertex 0.402238 3.82705 0.844042
      vertex 0 3.78541 0.952671
      vertex 0.395682 3.76467 0.952671
    endloop
  endfacet
  facet normal -0.15226 0.568228 0.808662
    outer loop
      vertex -0.76958 3.62059 1.04589
      vertex -1.14382 3.52031 1.04589
      vertex -1.11246 3.4238 1.11961
    endloop
  endfacet
  facet normal 0.834102 0.541646 0.104374
    outer loop
      vertex 3.15517 2.29236 0.599999
      vertex 3.14456 2.28466 0.724747
      vertex 3.36614 1.94344 0.724747
    endloop
  endfacet
  facet normal 0.598593 0.739194 0.308672
    outer loop
      vertex 2.28466 3.14456 0.724747
      vertex 2.26187 3.1132 0.844042
      vertex 2.60084 2.88852 0.724747
    endloop
  endfacet
  facet normal 0.451508 0.886134 0.104438
    outer loop
      vertex 1.95 3.3775 0.599999
      vertex 1.58627 3.56283 0.599999
      vertex 1.94344 3.36614 0.724747
    endloop
  endfacet
  facet normal 0.451524 0.886131 0.10439
    outer loop
      vertex 1.58627 3.56283 0.599999
      vertex 1.58094 3.55085 0.724747
      vertex 1.94344 3.36614 0.724747
    endloop
  endfacet
  facet normal 0.865124 -0.0453384 0.499504
    outer loop
      vertex 3.84813 0 0.844042
      vertex 3.78541 0 0.952671
      vertex 3.82705 -0.402238 0.844042
    endloop
  endfacet
  facet normal 0.933581 0.358367 0
    outer loop
      vertex 3.70912 1.20517 0.599999
      vertex 3.56283 1.58627 0
      vertex 3.56283 1.58627 0.599999
    endloop
  endfacet
  facet normal 0.933581 0.358367 0
    outer loop
      vertex 3.56283 1.58627 0
      vertex 3.70912 1.20517 0.599999
      vertex 3.70912 1.20517 0
    endloop
  endfacet
  facet normal 0.739194 0.598593 0.308672
    outer loop
      vertex 3.14456 2.28466 0.724747
      vertex 2.88852 2.60084 0.724747
      vertex 3.1132 2.26187 0.844042
    endloop
  endfacet
  facet normal 0.865112 0.0453455 0.499525
    outer loop
      vertex 3.82705 0.402238 0.844042
      vertex 3.76467 0.395682 0.952671
      vertex 3.78541 0 0.952671
    endloop
  endfacet
  facet normal 0.184861 0.362818 0.91334
    outer loop
      vertex 1.8 3.11769 1.11961
      vertex 1.46425 3.28876 1.11961
      vertex 1.7427 3.01845 1.17063
    endloop
  endfacet
  facet normal 0.0538868 0.201094 0.978089
    outer loop
      vertex 1.07705 3.31482 1.17063
      vertex 0.724657 3.40925 1.17063
      vertex 1.03914 3.19813 1.19671
    endloop
  endfacet
  facet normal 0.598591 0.739217 0.308621
    outer loop
      vertex 2.60084 2.88852 0.724747
      vertex 2.26187 3.1132 0.844042
      vertex 2.5749 2.85972 0.844042
    endloop
  endfacet
  facet normal 0.16179 0.131021 0.978089
    outer loop
      vertex 2.81976 2.04867 1.17063
      vertex 2.59016 2.33219 1.17063
      vertex 2.7205 1.97655 1.19671
    endloop
  endfacet
  facet normal 0.471829 0.726568 0.499477
    outer loop
      vertex 2.26187 3.1132 0.844042
      vertex 1.8927 3.27826 0.952671
      vertex 2.22501 3.06246 0.952671
    endloop
  endfacet
  facet normal 0.471828 0.72654 0.499518
    outer loop
      vertex 1.92406 3.33258 0.844042
      vertex 1.8927 3.27826 0.952671
      vertex 2.26187 3.1132 0.844042
    endloop
  endfacet
  facet normal 0.185495 0.0945167 0.978089
    outer loop
      vertex 3.18408 1.41764 1.17063
      vertex 3.01845 1.7427 1.17063
      vertex 3.07199 1.36774 1.19671
    endloop
  endfacet
  facet normal -0.000153996 0.000970484 1
    outer loop
      vertex -0.00104523 0.00994492 1.2
      vertex -0.699148 3.28923 1.19671
      vertex -0.00207901 0.00978088 1.2
    endloop
  endfacet
  facet normal 0.161811 0.131028 0.978084
    outer loop
      vertex 2.59016 2.33219 1.17063
      vertex 2.49899 2.2501 1.19671
      vertex 2.7205 1.97655 1.19671
    endloop
  endfacet
  facet normal 0.72654 -0.471828 0.499518
    outer loop
      vertex 3.27826 -1.8927 0.952671
      vertex 3.1132 -2.26187 0.844042
      vertex 3.33258 -1.92406 0.844042
    endloop
  endfacet
  facet normal 0.320397 -0.493372 0.808659
    outer loop
      vertex 2.11603 -2.91246 1.11961
      vertex 1.85074 -3.20557 1.04589
      vertex 2.17567 -2.99456 1.04589
    endloop
  endfacet
  facet normal 0.431829 -0.847528 0.308578
    outer loop
      vertex 1.92406 -3.33258 0.844042
      vertex 1.56517 -3.51544 0.844042
      vertex 1.94344 -3.36614 0.724747
    endloop
  endfacet
  facet normal -0.544637 0.838672 0
    outer loop
      vertex -1.95 3.3775 0
      vertex -2.29236 3.15517 0.599999
      vertex -1.95 3.3775 0.599999
    endloop
  endfacet
  facet normal -0.544637 0.838672 0
    outer loop
      vertex -2.29236 3.15517 0.599999
      vertex -1.95 3.3775 0
      vertex -2.29236 3.15517 0
    endloop
  endfacet
  facet normal -0.0520677 0.993173 0.104389
    outer loop
      vertex 0 3.88689 0.724747
      vertex -0.40766 3.87863 0.599999
      vertex -0.40629 3.86559 0.724747
    endloop
  endfacet
  facet normal 0.356408 -0.928478 0.104412
    outer loop
      vertex 1.58627 -3.56283 0.599999
      vertex 1.20111 -3.69665 0.724747
      vertex 1.20517 -3.70912 0.599999
    endloop
  endfacet
  facet normal 0.598593 -0.739194 0.308672
    outer loop
      vertex 2.60084 -2.88852 0.724747
      vertex 2.26187 -3.1132 0.844042
      vertex 2.28466 -3.14456 0.724747
    endloop
  endfacet
  facet normal 0.847528 -0.431829 0.308578
    outer loop
      vertex 3.51544 -1.56517 0.844042
      vertex 3.33258 -1.92406 0.844042
      vertex 3.36614 -1.94344 0.724747
    endloop
  endfacet
  facet normal 0.933581 -0.358367 0
    outer loop
      vertex 3.56283 -1.58627 0.599999
      vertex 3.70912 -1.20517 0
      vertex 3.70912 -1.20517 0.599999
    endloop
  endfacet
  facet normal 0.933581 -0.358367 0
    outer loop
      vertex 3.70912 -1.20517 0
      vertex 3.56283 -1.58627 0.599999
      vertex 3.56283 -1.58627 0
    endloop
  endfacet
  facet normal 0.623643 -0.404995 0.668617
    outer loop
      vertex 3.20557 -1.85074 1.04589
      vertex 2.99456 -2.17567 1.04589
      vertex 3.06246 -2.22501 0.952671
    endloop
  endfacet
  facet normal 0.457177 -0.370221 0.808657
    outer loop
      vertex 2.91246 -2.11603 1.11961
      vertex 2.75073 -2.47677 1.04589
      vertex 2.99456 -2.17567 1.04589
    endloop
  endfacet
  facet normal 0.525803 -0.525803 0.668627
    outer loop
      vertex 2.75073 -2.47677 1.04589
      vertex 2.53293 -2.81311 0.952671
      vertex 2.81311 -2.53293 0.952671
    endloop
  endfacet
  facet normal 0.525803 -0.525803 0.668627
    outer loop
      vertex 2.53293 -2.81311 0.952671
      vertex 2.75073 -2.47677 1.04589
      vertex 2.47677 -2.75073 1.04589
    endloop
  endfacet
  facet normal 0.34152 -0.221783 0.913333
    outer loop
      vertex 3.11769 -1.8 1.11961
      vertex 2.81976 -2.04867 1.17063
      vertex 2.91246 -2.11603 1.11961
    endloop
  endfacet
  facet normal 0.703247 -0.703247 0.104347
    outer loop
      vertex 2.60084 -2.88852 0.724747
      vertex 2.89826 -2.60961 0.599999
      vertex 2.88852 -2.60084 0.724747
    endloop
  endfacet
  facet normal 0.703247 -0.703247 0.104347
    outer loop
      vertex 2.89826 -2.60961 0.599999
      vertex 2.60084 -2.88852 0.724747
      vertex 2.60961 -2.89826 0.599999
    endloop
  endfacet
  facet normal 0.855634 -0.135518 0.499525
    outer loop
      vertex 3.76467 -0.395682 0.952671
      vertex 3.76404 -0.80007 0.844042
      vertex 3.82705 -0.402238 0.844042
    endloop
  endfacet
  facet normal 0.623652 -0.404996 0.668607
    outer loop
      vertex 3.20557 -1.85074 1.04589
      vertex 3.06246 -2.22501 0.952671
      vertex 3.27826 -1.8927 0.952671
    endloop
  endfacet
  facet normal 0.734465 -0.11633 0.668602
    outer loop
      vertex 3.6812 -0.386909 1.04589
      vertex 3.62059 -0.76958 1.04589
      vertex 3.76467 -0.395682 0.952671
    endloop
  endfacet
  facet normal 0.91878 -0.246184 0.308604
    outer loop
      vertex 3.76404 -0.80007 0.844042
      vertex 3.65979 -1.18914 0.844042
      vertex 3.80195 -0.808129 0.724747
    endloop
  endfacet
  facet normal 0.965924 -0.258827 0
    outer loop
      vertex 3.70912 -1.20517 0.599999
      vertex 3.81478 -0.810855 0
      vertex 3.81478 -0.810855 0.599999
    endloop
  endfacet
  facet normal 0.965924 -0.258827 0
    outer loop
      vertex 3.81478 -0.810855 0
      vertex 3.70912 -1.20517 0.599999
      vertex 3.70912 -1.20517 0
    endloop
  endfacet
  facet normal 0.797738 0.518066 0.308581
    outer loop
      vertex 3.36614 1.94344 0.724747
      vertex 3.1132 2.26187 0.844042
      vertex 3.33258 1.92406 0.844042
    endloop
  endfacet
  facet normal 0.742601 0.038924 0.668603
    outer loop
      vertex 3.76467 0.395682 0.952671
      vertex 3.70148 0 1.04589
      vertex 3.78541 0 0.952671
    endloop
  endfacet
  facet normal 0.998629 -0.0523493 0
    outer loop
      vertex 3.87863 -0.40766 0.599999
      vertex 3.9 0 0
      vertex 3.9 0 0.599999
    endloop
  endfacet
  facet normal 0.998629 -0.0523493 0
    outer loop
      vertex 3.9 0 0
      vertex 3.87863 -0.40766 0.599999
      vertex 3.87863 -0.40766 0
    endloop
  endfacet
  facet normal 0.0523493 -0.998629 0
    outer loop
      vertex 0 -3.9 0
      vertex 0.40766 -3.87863 0.599999
      vertex 0 -3.9 0.599999
    endloop
  endfacet
  facet normal 0.0523493 -0.998629 0
    outer loop
      vertex 0.40766 -3.87863 0.599999
      vertex 0 -3.9 0
      vertex 0.40766 -3.87863 0
    endloop
  endfacet
  facet normal -0.625894 0.772896 0.104347
    outer loop
      vertex -2.29236 3.15517 0.599999
      vertex -2.60961 2.89826 0.599999
      vertex -2.60084 2.88852 0.724747
    endloop
  endfacet
  facet normal -0.777139 0.629329 0
    outer loop
      vertex -3.15517 2.29236 0
      vertex -2.89826 2.60961 0.599999
      vertex -2.89826 2.60961 0
    endloop
  endfacet
  facet normal -0.777139 0.629329 0
    outer loop
      vertex -2.89826 2.60961 0.599999
      vertex -3.15517 2.29236 0
      vertex -3.15517 2.29236 0.599999
    endloop
  endfacet
  facet normal -0.356408 0.928478 0.104412
    outer loop
      vertex -1.20517 3.70912 0.599999
      vertex -1.58627 3.56283 0.599999
      vertex -1.20111 3.69665 0.724747
    endloop
  endfacet
  facet normal -0.257406 0.960644 0.104425
    outer loop
      vertex -0.810855 3.81478 0.599999
      vertex -1.20111 3.69665 0.724747
      vertex -0.808129 3.80195 0.724747
    endloop
  endfacet
  facet normal 0.965924 0.258827 0
    outer loop
      vertex 3.81478 0.810855 0.599999
      vertex 3.70912 1.20517 0
      vertex 3.70912 1.20517 0.599999
    endloop
  endfacet
  facet normal 0.965924 0.258827 0
    outer loop
      vertex 3.70912 1.20517 0
      vertex 3.81478 0.810855 0.599999
      vertex 3.81478 0.810855 0
    endloop
  endfacet
  facet normal -0.672588 0.672588 0.308626
    outer loop
      vertex -2.88852 2.60084 0.724747
      vertex -2.5749 2.85972 0.844042
      vertex -2.60084 2.88852 0.724747
    endloop
  endfacet
  facet normal -0.672588 0.672588 0.308626
    outer loop
      vertex -2.5749 2.85972 0.844042
      vertex -2.88852 2.60084 0.724747
      vertex -2.85972 2.5749 0.844042
    endloop
  endfacet
  facet normal -0.726568 0.471829 0.499477
    outer loop
      vertex -3.1132 2.26187 0.844042
      vertex -3.27826 1.8927 0.952671
      vertex -3.06246 2.22501 0.952671
    endloop
  endfacet
  facet normal -0.525803 0.525803 0.668627
    outer loop
      vertex -2.53293 2.81311 0.952671
      vertex -2.75073 2.47677 1.04589
      vertex -2.47677 2.75073 1.04589
    endloop
  endfacet
  facet normal -0.525803 0.525803 0.668627
    outer loop
      vertex -2.75073 2.47677 1.04589
      vertex -2.53293 2.81311 0.952671
      vertex -2.81311 2.53293 0.952671
    endloop
  endfacet
  facet normal -0.393351 0.105401 0.913327
    outer loop
      vertex -3.4238 1.11246 1.11961
      vertex -3.52133 0.748482 1.11961
      vertex -3.40925 0.724657 1.17063
    endloop
  endfacet
  facet normal -0.568227 0.15226 0.808662
    outer loop
      vertex -3.4238 1.11246 1.11961
      vertex -3.62059 0.76958 1.04589
      vertex -3.52133 0.748482 1.11961
    endloop
  endfacet
  facet normal -0.24619 0.918783 0.30859
    outer loop
      vertex -0.808129 3.80195 0.724747
      vertex -1.20111 3.69665 0.724747
      vertex -1.18914 3.65979 0.844042
    endloop
  endfacet
  facet normal -0.246184 0.91878 0.308604
    outer loop
      vertex -0.808129 3.80195 0.724747
      vertex -1.18914 3.65979 0.844042
      vertex -0.80007 3.76404 0.844042
    endloop
  endfacet
  facet normal -0.541659 0.834085 0.104438
    outer loop
      vertex -1.95 3.3775 0.599999
      vertex -2.29236 3.15517 0.599999
      vertex -1.94344 3.36614 0.724747
    endloop
  endfacet
  facet normal 0.257413 -0.960645 0.104405
    outer loop
      vertex 1.20111 -3.69665 0.724747
      vertex 0.810855 -3.81478 0.599999
      vertex 1.20517 -3.70912 0.599999
    endloop
  endfacet
  facet normal 0.155567 -0.98229 0.104425
    outer loop
      vertex 0.808129 -3.80195 0.724747
      vertex 0.40629 -3.86559 0.724747
      vertex 0.810855 -3.81478 0.599999
    endloop
  endfacet
  facet normal 0.148789 -0.939492 0.308571
    outer loop
      vertex 0.808129 -3.80195 0.724747
      vertex 0.402238 -3.82705 0.844042
      vertex 0.40629 -3.86559 0.724747
    endloop
  endfacet
  facet normal -0.135513 -0.855645 0.499507
    outer loop
      vertex -0.78703 -3.70269 0.952671
      vertex -0.80007 -3.76404 0.844042
      vertex -0.395682 -3.76467 0.952671
    endloop
  endfacet
  facet normal 0.192459 -0.718247 0.668641
    outer loop
      vertex 1.14382 -3.52031 1.04589
      vertex 0.76958 -3.62059 1.04589
      vertex 1.16976 -3.60014 0.952671
    endloop
  endfacet
  facet normal -0.135518 -0.855634 0.499525
    outer loop
      vertex -0.395682 -3.76467 0.952671
      vertex -0.80007 -3.76404 0.844042
      vertex -0.402238 -3.82705 0.844042
    endloop
  endfacet
  facet normal -0.0453455 -0.865112 0.499525
    outer loop
      vertex -0.395682 -3.76467 0.952671
      vertex -0.402238 -3.82705 0.844042
      vertex 0 -3.78541 0.952671
    endloop
  endfacet
  facet normal -0.73445 -0.116319 0.66862
    outer loop
      vertex -3.62059 -0.76958 1.04589
      vertex -3.76467 -0.395682 0.952671
      vertex -3.70269 -0.78703 0.952671
    endloop
  endfacet
  facet normal -0.836792 -0.224213 0.499507
    outer loop
      vertex -3.70269 -0.78703 0.952671
      vertex -3.76404 -0.80007 0.844042
      vertex -3.60014 -1.16976 0.952671
    endloop
  endfacet
  facet normal -0.965924 -0.258827 0
    outer loop
      vertex -3.70912 -1.20517 0
      vertex -3.81478 -0.810855 0.599999
      vertex -3.81478 -0.810855 0
    endloop
  endfacet
  facet normal -0.965924 -0.258827 0
    outer loop
      vertex -3.81478 -0.810855 0.599999
      vertex -3.70912 -1.20517 0
      vertex -3.70912 -1.20517 0.599999
    endloop
  endfacet
  facet normal -0.838672 -0.544637 0
    outer loop
      vertex -3.15517 -2.29236 0
      vertex -3.3775 -1.95 0.599999
      vertex -3.3775 -1.95 0
    endloop
  endfacet
  facet normal -0.838672 -0.544637 0
    outer loop
      vertex -3.3775 -1.95 0.599999
      vertex -3.15517 -2.29236 0
      vertex -3.15517 -2.29236 0.599999
    endloop
  endfacet
  facet normal -0.673246 -0.545186 0.499512
    outer loop
      vertex -2.81311 -2.53293 0.952671
      vertex -3.06246 -2.22501 0.952671
      vertex -2.85972 -2.5749 0.844042
    endloop
  endfacet
  facet normal -0.525803 -0.525803 0.668627
    outer loop
      vertex -2.75073 -2.47677 1.04589
      vertex -2.53293 -2.81311 0.952671
      vertex -2.47677 -2.75073 1.04589
    endloop
  endfacet
  facet normal -0.525803 -0.525803 0.668627
    outer loop
      vertex -2.53293 -2.81311 0.952671
      vertex -2.75073 -2.47677 1.04589
      vertex -2.81311 -2.53293 0.952671
    endloop
  endfacet
  facet normal 0.406653 -0.0213105 0.913334
    outer loop
      vertex 3.6 0 1.11961
      vertex 3.48541 0 1.17063
      vertex 3.58028 -0.376302 1.11961
    endloop
  endfacet
  facet normal 0.587457 -0.0307855 0.80867
    outer loop
      vertex 3.6 0 1.11961
      vertex 3.58028 -0.376302 1.11961
      vertex 3.70148 0 1.04589
    endloop
  endfacet
  facet normal -0.000618384 -0.000763663 1
    outer loop
      vertex -0.00587749 -0.00809002 1.2
      vertex -2.2501 -2.49899 1.19671
      vertex -1.97655 -2.7205 1.19671
    endloop
  endfacet
  facet normal -0.000254302 0.000949163 1
    outer loop
      vertex -0.00207901 0.00978088 1.2
      vertex -0.699148 3.28923 1.19671
      vertex -0.0030899 0.00951004 1.2
    endloop
  endfacet
  facet normal 0.0389238 0.742601 0.668602
    outer loop
      vertex 0.395682 3.76467 0.952671
      vertex 0 3.70148 1.04589
      vertex 0.386909 3.6812 1.04589
    endloop
  endfacet
  facet normal 0.15226 0.568227 0.808662
    outer loop
      vertex 0.76958 3.62059 1.04589
      vertex 0.748482 3.52133 1.11961
      vertex 1.11246 3.4238 1.11961
    endloop
  endfacet
  facet normal -0.0325707 0.205614 0.978091
    outer loop
      vertex -0.3515 3.3443 1.19671
      vertex -0.724657 3.40925 1.17063
      vertex -0.699148 3.28923 1.19671
    endloop
  endfacet
  facet normal 0.0307926 0.587472 0.808658
    outer loop
      vertex 0.386909 3.6812 1.04589
      vertex 0 3.70148 1.04589
      vertex 0.376302 3.58028 1.11961
    endloop
  endfacet
  facet normal 0.0325679 0.205629 0.978088
    outer loop
      vertex 0.364325 3.46632 1.17063
      vertex 0.3515 3.3443 1.19671
      vertex 0.724657 3.40925 1.17063
    endloop
  endfacet
  facet normal 0.010894 0.207907 0.978088
    outer loop
      vertex 0.364325 3.46632 1.17063
      vertex 0 3.48541 1.17063
      vertex 0.3515 3.3443 1.19671
    endloop
  endfacet
  facet normal -0.221768 0.341509 0.91334
    outer loop
      vertex -1.8 3.11769 1.11961
      vertex -2.04867 2.81976 1.17063
      vertex -1.7427 3.01845 1.17063
    endloop
  endfacet
  facet normal -0.184876 0.362831 0.913332
    outer loop
      vertex -1.46425 3.28876 1.11961
      vertex -1.7427 3.01845 1.17063
      vertex -1.41764 3.18408 1.17063
    endloop
  endfacet
  facet normal -0.0945167 0.185495 0.978089
    outer loop
      vertex -1.41764 3.18408 1.17063
      vertex -1.7427 3.01845 1.17063
      vertex -1.36774 3.07199 1.19671
    endloop
  endfacet
  facet normal -0.145934 0.38017 0.913331
    outer loop
      vertex -1.11246 3.4238 1.11961
      vertex -1.46425 3.28876 1.11961
      vertex -1.41764 3.18408 1.17063
    endloop
  endfacet
  facet normal -0.471828 0.72654 0.499518
    outer loop
      vertex -1.92406 3.33258 0.844042
      vertex -2.26187 3.1132 0.844042
      vertex -1.8927 3.27826 0.952671
    endloop
  endfacet
  facet normal -0.404996 0.623652 0.668607
    outer loop
      vertex -1.8927 3.27826 0.952671
      vertex -2.22501 3.06246 0.952671
      vertex -1.85074 3.20557 1.04589
    endloop
  endfacet
  facet normal -0.000949163 -0.000254302 1
    outer loop
      vertex -0.00978088 -0.00207901 1.2
      vertex -3.28923 -0.699148 1.19671
      vertex -0.00951004 -0.0030899 1.2
    endloop
  endfacet
  facet normal -0.0538801 0.201085 0.978091
    outer loop
      vertex -0.724657 3.40925 1.17063
      vertex -1.03914 3.19813 1.19671
      vertex -0.699148 3.28923 1.19671
    endloop
  endfacet
  facet normal -0.0538868 0.201094 0.978089
    outer loop
      vertex -0.724657 3.40925 1.17063
      vertex -1.07705 3.31482 1.17063
      vertex -1.03914 3.19813 1.19671
    endloop
  endfacet
  facet normal -0.131028 0.161811 0.978084
    outer loop
      vertex -1.97655 2.7205 1.19671
      vertex -2.33219 2.59016 1.17063
      vertex -2.2501 2.49899 1.19671
    endloop
  endfacet
  facet normal -0.000352153 -0.000917372 1
    outer loop
      vertex -0.00406647 -0.00913525 1.2
      vertex -1.36774 -3.07199 1.19671
      vertex -1.03914 -3.19813 1.19671
    endloop
  endfacet
  facet normal -0.316458 0.256274 0.913333
    outer loop
      vertex -2.59016 2.33219 1.17063
      vertex -2.91246 2.11603 1.11961
      vertex -2.81976 2.04867 1.17063
    endloop
  endfacet
  facet normal -0.316449 0.256258 0.913341
    outer loop
      vertex -2.67532 2.40887 1.11961
      vertex -2.91246 2.11603 1.11961
      vertex -2.59016 2.33219 1.17063
    endloop
  endfacet
  facet normal -0.337619 -0.662589 0.668572
    outer loop
      vertex -1.50553 -3.38147 1.04589
      vertex -1.85074 -3.20557 1.04589
      vertex -1.53966 -3.45814 0.952671
    endloop
  endfacet
  facet normal -0.267065 -0.524125 0.808683
    outer loop
      vertex -1.46425 -3.28876 1.11961
      vertex -1.85074 -3.20557 1.04589
      vertex -1.50553 -3.38147 1.04589
    endloop
  endfacet
  facet normal -0.467962 -0.577881 0.668629
    outer loop
      vertex -2.47677 -2.75073 1.04589
      vertex -2.53293 -2.81311 0.952671
      vertex -2.22501 -3.06246 0.952671
    endloop
  endfacet
  facet normal -0.545186 -0.673246 0.499512
    outer loop
      vertex -2.53293 -2.81311 0.952671
      vertex -2.5749 -2.85972 0.844042
      vertex -2.22501 -3.06246 0.952671
    endloop
  endfacet
  facet normal -0.451508 -0.886134 0.104438
    outer loop
      vertex -1.94344 -3.36614 0.724747
      vertex -1.95 -3.3775 0.599999
      vertex -1.58627 -3.56283 0.599999
    endloop
  endfacet
  facet normal -0.451524 -0.886131 0.10439
    outer loop
      vertex -1.58094 -3.55085 0.724747
      vertex -1.94344 -3.36614 0.724747
      vertex -1.58627 -3.56283 0.599999
    endloop
  endfacet
  facet normal 5.10347e-05 0.000981292 1
    outer loop
      vertex 0 3.36272 1.19671
      vertex 0 0.00999928 1.2
      vertex 0.00104523 0.00994492 1.2
    endloop
  endfacet
  facet normal 0.113389 0.174602 0.978089
    outer loop
      vertex 2.04867 2.81976 1.17063
      vertex 1.68136 2.9122 1.19671
      vertex 1.97655 2.7205 1.19671
    endloop
  endfacet
  facet normal 0.000254302 0.000949163 1
    outer loop
      vertex 0.699148 3.28923 1.19671
      vertex 0.00207901 0.00978088 1.2
      vertex 0.0030899 0.00951004 1.2
    endloop
  endfacet
  facet normal -0.0307855 -0.587457 0.80867
    outer loop
      vertex 0 -3.6 1.11961
      vertex -0.376302 -3.58028 1.11961
      vertex 0 -3.70148 1.04589
    endloop
  endfacet
  facet normal 0.0307855 -0.587457 0.80867
    outer loop
      vertex 0 -3.6 1.11961
      vertex 0 -3.70148 1.04589
      vertex 0.376302 -3.58028 1.11961
    endloop
  endfacet
  facet normal -5.10347e-05 -0.000981292 1
    outer loop
      vertex 0 -0.00999928 1.2
      vertex -0.00104523 -0.00994492 1.2
      vertex 0 -3.36272 1.19671
    endloop
  endfacet
  facet normal -5.14236e-05 -0.000981292 1
    outer loop
      vertex -0.00104523 -0.00994492 1.2
      vertex -0.3515 -3.3443 1.19671
      vertex 0 -3.36272 1.19671
    endloop
  endfacet
  facet normal 0.0637018 -0.402204 0.913331
    outer loop
      vertex 0.724657 -3.40925 1.17063
      vertex 0.364325 -3.46632 1.17063
      vertex 0.376302 -3.58028 1.11961
    endloop
  endfacet
  facet normal 0.0325679 -0.205629 0.978088
    outer loop
      vertex 0.724657 -3.40925 1.17063
      vertex 0.3515 -3.3443 1.19671
      vertex 0.364325 -3.46632 1.17063
    endloop
  endfacet
  facet normal -5.10347e-05 0.000981292 1
    outer loop
      vertex 0 3.36272 1.19671
      vertex -0.00104523 0.00994492 1.2
      vertex 0 0.00999928 1.2
    endloop
  endfacet
  facet normal -0.000618384 0.000763663 1
    outer loop
      vertex -1.97655 2.7205 1.19671
      vertex -2.2501 2.49899 1.19671
      vertex -0.00587749 0.00809002 1.2
    endloop
  endfacet
  facet normal 0.221783 -0.34152 0.913333
    outer loop
      vertex 2.04867 -2.81976 1.17063
      vertex 1.8 -3.11769 1.11961
      vertex 2.11603 -2.91246 1.11961
    endloop
  endfacet
  facet normal 0.341509 -0.221768 0.91334
    outer loop
      vertex 3.01845 -1.7427 1.17063
      vertex 2.81976 -2.04867 1.17063
      vertex 3.11769 -1.8 1.11961
    endloop
  endfacet
  facet normal 0.174617 -0.113392 0.978086
    outer loop
      vertex 2.9122 -1.68136 1.19671
      vertex 2.81976 -2.04867 1.17063
      vertex 3.01845 -1.7427 1.17063
    endloop
  endfacet
  facet normal 0.888014 -0.34089 0.308585
    outer loop
      vertex 3.65979 -1.18914 0.844042
      vertex 3.51544 -1.56517 0.844042
      vertex 3.69665 -1.20111 0.724747
    endloop
  endfacet
  facet normal 0.568227 -0.15226 0.808662
    outer loop
      vertex 3.52133 -0.748482 1.11961
      vertex 3.4238 -1.11246 1.11961
      vertex 3.62059 -0.76958 1.04589
    endloop
  endfacet
  facet normal 0.224213 -0.836792 0.499507
    outer loop
      vertex 1.16976 -3.60014 0.952671
      vertex 0.78703 -3.70269 0.952671
      vertex 0.80007 -3.76404 0.844042
    endloop
  endfacet
  facet normal 0.266464 -0.694201 0.668642
    outer loop
      vertex 1.50553 -3.38147 1.04589
      vertex 1.14382 -3.52031 1.04589
      vertex 1.16976 -3.60014 0.952671
    endloop
  endfacet
  facet normal 0.340865 -0.888003 0.308644
    outer loop
      vertex 1.56517 -3.51544 0.844042
      vertex 1.20111 -3.69665 0.724747
      vertex 1.58094 -3.55085 0.724747
    endloop
  endfacet
  facet normal 0.358367 -0.933581 0
    outer loop
      vertex 1.20517 -3.70912 0
      vertex 1.58627 -3.56283 0.599999
      vertex 1.20517 -3.70912 0.599999
    endloop
  endfacet
  facet normal 0.358367 -0.933581 0
    outer loop
      vertex 1.58627 -3.56283 0.599999
      vertex 1.20517 -3.70912 0
      vertex 1.58627 -3.56283 0
    endloop
  endfacet
  facet normal 0.267065 -0.524125 0.808683
    outer loop
      vertex 1.85074 -3.20557 1.04589
      vertex 1.46425 -3.28876 1.11961
      vertex 1.50553 -3.38147 1.04589
    endloop
  endfacet
  facet normal 0.266513 -0.694246 0.668575
    outer loop
      vertex 1.50553 -3.38147 1.04589
      vertex 1.16976 -3.60014 0.952671
      vertex 1.53966 -3.45814 0.952671
    endloop
  endfacet
  facet normal -0.625887 0.772899 0.104369
    outer loop
      vertex -2.29236 3.15517 0.599999
      vertex -2.60084 2.88852 0.724747
      vertex -2.28466 3.14456 0.724747
    endloop
  endfacet
  facet normal -0.581029 -0.0920299 0.808663
    outer loop
      vertex -3.58028 -0.376302 1.11961
      vertex -3.62059 -0.76958 1.04589
      vertex -3.52133 -0.748482 1.11961
    endloop
  endfacet
  facet normal -0.568227 -0.15226 0.808662
    outer loop
      vertex -3.52133 -0.748482 1.11961
      vertex -3.62059 -0.76958 1.04589
      vertex -3.4238 -1.11246 1.11961
    endloop
  endfacet
  facet normal -0.662566 -0.337589 0.66861
    outer loop
      vertex -3.20557 -1.85074 1.04589
      vertex -3.45814 -1.53966 0.952671
      vertex -3.27826 -1.8927 0.952671
    endloop
  endfacet
  facet normal -0.362818 -0.184861 0.91334
    outer loop
      vertex -3.01845 -1.7427 1.17063
      vertex -3.28876 -1.46425 1.11961
      vertex -3.11769 -1.8 1.11961
    endloop
  endfacet
  facet normal -0.38017 -0.145934 0.913331
    outer loop
      vertex -3.18408 -1.41764 1.17063
      vertex -3.4238 -1.11246 1.11961
      vertex -3.28876 -1.46425 1.11961
    endloop
  endfacet
  facet normal -0.662589 -0.337619 0.668572
    outer loop
      vertex -3.38147 -1.50553 1.04589
      vertex -3.45814 -1.53966 0.952671
      vertex -3.20557 -1.85074 1.04589
    endloop
  endfacet
  facet normal -0.362831 -0.184876 0.913332
    outer loop
      vertex -3.18408 -1.41764 1.17063
      vertex -3.28876 -1.46425 1.11961
      vertex -3.01845 -1.7427 1.17063
    endloop
  endfacet
  facet normal -0.185495 -0.0945167 0.978089
    outer loop
      vertex -3.07199 -1.36774 1.19671
      vertex -3.18408 -1.41764 1.17063
      vertex -3.01845 -1.7427 1.17063
    endloop
  endfacet
  facet normal -0.0637018 -0.402204 0.913331
    outer loop
      vertex -0.364325 -3.46632 1.17063
      vertex -0.724657 -3.40925 1.17063
      vertex -0.376302 -3.58028 1.11961
    endloop
  endfacet
  facet normal -0.0325679 -0.205629 0.978088
    outer loop
      vertex -0.3515 -3.3443 1.19671
      vertex -0.724657 -3.40925 1.17063
      vertex -0.364325 -3.46632 1.17063
    endloop
  endfacet
  facet normal 0.24619 0.918783 0.30859
    outer loop
      vertex 1.20111 3.69665 0.724747
      vertex 0.808129 3.80195 0.724747
      vertex 1.18914 3.65979 0.844042
    endloop
  endfacet
  facet normal 0.404995 0.623643 0.668617
    outer loop
      vertex 2.22501 3.06246 0.952671
      vertex 1.85074 3.20557 1.04589
      vertex 2.17567 2.99456 1.04589
    endloop
  endfacet
  facet normal 0.0497802 0.94988 0.308625
    outer loop
      vertex 0 3.88689 0.724747
      vertex 0 3.84813 0.844042
      vertex 0.402238 3.82705 0.844042
    endloop
  endfacet
  facet normal -0.0453455 0.865112 0.499525
    outer loop
      vertex 0 3.78541 0.952671
      vertex -0.402238 3.82705 0.844042
      vertex -0.395682 3.76467 0.952671
    endloop
  endfacet
  facet normal 0.34089 0.888014 0.308585
    outer loop
      vertex 1.20111 3.69665 0.724747
      vertex 1.18914 3.65979 0.844042
      vertex 1.56517 3.51544 0.844042
    endloop
  endfacet
  facet normal 0.135513 0.855645 0.499507
    outer loop
      vertex 0.80007 3.76404 0.844042
      vertex 0.395682 3.76467 0.952671
      vertex 0.78703 3.70269 0.952671
    endloop
  endfacet
  facet normal -0.038924 0.742601 0.668603
    outer loop
      vertex 0 3.78541 0.952671
      vertex -0.395682 3.76467 0.952671
      vertex 0 3.70148 1.04589
    endloop
  endfacet
  facet normal 0.038924 0.742601 0.668603
    outer loop
      vertex 0 3.78541 0.952671
      vertex 0 3.70148 1.04589
      vertex 0.395682 3.76467 0.952671
    endloop
  endfacet
  facet normal 0.623652 0.404996 0.668607
    outer loop
      vertex 3.27826 1.8927 0.952671
      vertex 3.06246 2.22501 0.952671
      vertex 3.20557 1.85074 1.04589
    endloop
  endfacet
  facet normal 0.544637 0.838672 -0
    outer loop
      vertex 2.29236 3.15517 0
      vertex 1.95 3.3775 0.599999
      vertex 2.29236 3.15517 0.599999
    endloop
  endfacet
  facet normal 0.544637 0.838672 0
    outer loop
      vertex 1.95 3.3775 0.599999
      vertex 2.29236 3.15517 0
      vertex 1.95 3.3775 0
    endloop
  endfacet
  facet normal 0.453991 0.891006 -0
    outer loop
      vertex 1.95 3.3775 0
      vertex 1.58627 3.56283 0.599999
      vertex 1.95 3.3775 0.599999
    endloop
  endfacet
  facet normal 0.453991 0.891006 0
    outer loop
      vertex 1.58627 3.56283 0.599999
      vertex 1.95 3.3775 0
      vertex 1.58627 3.56283 0
    endloop
  endfacet
  facet normal 0.960645 0.257413 0.104405
    outer loop
      vertex 3.70912 1.20517 0.599999
      vertex 3.69665 1.20111 0.724747
      vertex 3.81478 0.810855 0.599999
    endloop
  endfacet
  facet normal 0.928478 0.356408 0.104412
    outer loop
      vertex 3.70912 1.20517 0.599999
      vertex 3.56283 1.58627 0.599999
      vertex 3.69665 1.20111 0.724747
    endloop
  endfacet
  facet normal 0.777139 0.629329 0
    outer loop
      vertex 3.15517 2.29236 0.599999
      vertex 2.89826 2.60961 0
      vertex 2.89826 2.60961 0.599999
    endloop
  endfacet
  facet normal 0.777139 0.629329 0
    outer loop
      vertex 2.89826 2.60961 0
      vertex 3.15517 2.29236 0.599999
      vertex 3.15517 2.29236 0
    endloop
  endfacet
  facet normal 0.707107 0.707107 0
    outer loop
      vertex 2.89826 2.60961 0.599999
      vertex 2.60961 2.89826 0
      vertex 2.60961 2.89826 0.599999
    endloop
  endfacet
  facet normal 0.707107 0.707107 0
    outer loop
      vertex 2.60961 2.89826 0
      vertex 2.89826 2.60961 0.599999
      vertex 2.89826 2.60961 0
    endloop
  endfacet
  facet normal 0.834085 0.541659 0.104438
    outer loop
      vertex 3.3775 1.95 0.599999
      vertex 3.15517 2.29236 0.599999
      vertex 3.36614 1.94344 0.724747
    endloop
  endfacet
  facet normal 0.205614 0.0325707 0.978091
    outer loop
      vertex 3.40925 0.724657 1.17063
      vertex 3.28923 0.699148 1.19671
      vertex 3.3443 0.3515 1.19671
    endloop
  endfacet
  facet normal 0.205629 0.0325679 0.978088
    outer loop
      vertex 3.40925 0.724657 1.17063
      vertex 3.3443 0.3515 1.19671
      vertex 3.46632 0.364325 1.17063
    endloop
  endfacet
  facet normal 0.718267 0.192455 0.66862
    outer loop
      vertex 3.70269 0.78703 0.952671
      vertex 3.60014 1.16976 0.952671
      vertex 3.62059 0.76958 1.04589
    endloop
  endfacet
  facet normal 0.587472 0.0307926 0.808658
    outer loop
      vertex 3.6812 0.386909 1.04589
      vertex 3.58028 0.376302 1.11961
      vertex 3.70148 0 1.04589
    endloop
  endfacet
  facet normal 0.000535186 0.000824109 1
    outer loop
      vertex 1.68136 2.9122 1.19671
      vertex 0.00587749 0.00809002 1.2
      vertex 1.97655 2.7205 1.19671
    endloop
  endfacet
  facet normal 0.113392 0.174617 0.978086
    outer loop
      vertex 1.7427 3.01845 1.17063
      vertex 1.68136 2.9122 1.19671
      vertex 2.04867 2.81976 1.17063
    endloop
  endfacet
  facet normal 0.000763663 0.000618384 1
    outer loop
      vertex 2.49899 2.2501 1.19671
      vertex 0.00809002 0.00587749 1.2
      vertex 2.7205 1.97655 1.19671
    endloop
  endfacet
  facet normal 0.000618384 0.000763663 1
    outer loop
      vertex 1.97655 2.7205 1.19671
      vertex 0.00587749 0.00809002 1.2
      vertex 2.2501 2.49899 1.19671
    endloop
  endfacet
  facet normal 0.525803 0.525803 0.668627
    outer loop
      vertex 2.53293 2.81311 0.952671
      vertex 2.75073 2.47677 1.04589
      vertex 2.81311 2.53293 0.952671
    endloop
  endfacet
  facet normal 0.525803 0.525803 0.668627
    outer loop
      vertex 2.75073 2.47677 1.04589
      vertex 2.53293 2.81311 0.952671
      vertex 2.47677 2.75073 1.04589
    endloop
  endfacet
  facet normal 0.467962 0.577881 0.668629
    outer loop
      vertex 2.53293 2.81311 0.952671
      vertex 2.22501 3.06246 0.952671
      vertex 2.47677 2.75073 1.04589
    endloop
  endfacet
  facet normal 0.734465 0.11633 0.668602
    outer loop
      vertex 3.76467 0.395682 0.952671
      vertex 3.62059 0.76958 1.04589
      vertex 3.6812 0.386909 1.04589
    endloop
  endfacet
  facet normal 0.694201 0.266464 0.668642
    outer loop
      vertex 3.60014 1.16976 0.952671
      vertex 3.38147 1.50553 1.04589
      vertex 3.52031 1.14382 1.04589
    endloop
  endfacet
  facet normal 0.431829 0.847528 0.308578
    outer loop
      vertex 1.94344 3.36614 0.724747
      vertex 1.56517 3.51544 0.844042
      vertex 1.92406 3.33258 0.844042
    endloop
  endfacet
  facet normal 0.431838 0.847498 0.308647
    outer loop
      vertex 1.58094 3.55085 0.724747
      vertex 1.56517 3.51544 0.844042
      vertex 1.94344 3.36614 0.724747
    endloop
  endfacet
  facet normal 0.174602 0.113389 0.978089
    outer loop
      vertex 2.81976 2.04867 1.17063
      vertex 2.7205 1.97655 1.19671
      vertex 2.9122 1.68136 1.19671
    endloop
  endfacet
  facet normal 0.34152 0.221783 0.913333
    outer loop
      vertex 2.91246 2.11603 1.11961
      vertex 2.81976 2.04867 1.17063
      vertex 3.11769 1.8 1.11961
    endloop
  endfacet
  facet normal 0.000875547 0.000446093 1
    outer loop
      vertex 2.9122 1.68136 1.19671
      vertex 0.00913525 0.00406647 1.2
      vertex 3.07199 1.36774 1.19671
    endloop
  endfacet
  facet normal 0.000917372 0.000352153 1
    outer loop
      vertex 3.07199 1.36774 1.19671
      vertex 0.00913525 0.00406647 1.2
      vertex 3.19813 1.03914 1.19671
    endloop
  endfacet
  facet normal 0.612571 -0.612571 0.499513
    outer loop
      vertex 2.53293 -2.81311 0.952671
      vertex 2.85972 -2.5749 0.844042
      vertex 2.81311 -2.53293 0.952671
    endloop
  endfacet
  facet normal 0.612571 -0.612571 0.499513
    outer loop
      vertex 2.85972 -2.5749 0.844042
      vertex 2.53293 -2.81311 0.952671
      vertex 2.5749 -2.85972 0.844042
    endloop
  endfacet
  facet normal 0.131028 -0.161811 0.978084
    outer loop
      vertex 2.2501 -2.49899 1.19671
      vertex 1.97655 -2.7205 1.19671
      vertex 2.33219 -2.59016 1.17063
    endloop
  endfacet
  facet normal 0.739217 -0.598591 0.308621
    outer loop
      vertex 3.1132 -2.26187 0.844042
      vertex 2.85972 -2.5749 0.844042
      vertex 2.88852 -2.60084 0.724747
    endloop
  endfacet
  facet normal 0.739194 -0.598593 0.308672
    outer loop
      vertex 3.1132 -2.26187 0.844042
      vertex 2.88852 -2.60084 0.724747
      vertex 3.14456 -2.28466 0.724747
    endloop
  endfacet
  facet normal 0.518026 -0.79773 0.308669
    outer loop
      vertex 2.26187 -3.1132 0.844042
      vertex 1.94344 -3.36614 0.724747
      vertex 2.28466 -3.14456 0.724747
    endloop
  endfacet
  facet normal 0.518066 -0.797738 0.308581
    outer loop
      vertex 2.26187 -3.1132 0.844042
      vertex 1.92406 -3.33258 0.844042
      vertex 1.94344 -3.36614 0.724747
    endloop
  endfacet
  facet normal 0.886131 -0.451524 0.10439
    outer loop
      vertex 3.55085 -1.58094 0.724747
      vertex 3.36614 -1.94344 0.724747
      vertex 3.56283 -1.58627 0.599999
    endloop
  endfacet
  facet normal 0.838672 -0.544637 0
    outer loop
      vertex 3.15517 -2.29236 0.599999
      vertex 3.3775 -1.95 0
      vertex 3.3775 -1.95 0.599999
    endloop
  endfacet
  facet normal 0.838672 -0.544637 0
    outer loop
      vertex 3.3775 -1.95 0
      vertex 3.15517 -2.29236 0.599999
      vertex 3.15517 -2.29236 0
    endloop
  endfacet
  facet normal 0.45718 -0.370222 0.808655
    outer loop
      vertex 2.91246 -2.11603 1.11961
      vertex 2.67532 -2.40887 1.11961
      vertex 2.75073 -2.47677 1.04589
    endloop
  endfacet
  facet normal 0.113392 -0.174617 0.978086
    outer loop
      vertex 2.04867 -2.81976 1.17063
      vertex 1.68136 -2.9122 1.19671
      vertex 1.7427 -3.01845 1.17063
    endloop
  endfacet
  facet normal 0.184861 -0.362818 0.91334
    outer loop
      vertex 1.7427 -3.01845 1.17063
      vertex 1.46425 -3.28876 1.11961
      vertex 1.8 -3.11769 1.11961
    endloop
  endfacet
  facet normal 0.545186 -0.673246 0.499512
    outer loop
      vertex 2.53293 -2.81311 0.952671
      vertex 2.22501 -3.06246 0.952671
      vertex 2.5749 -2.85972 0.844042
    endloop
  endfacet
  facet normal 0.598591 -0.739217 0.308621
    outer loop
      vertex 2.5749 -2.85972 0.844042
      vertex 2.26187 -3.1132 0.844042
      vertex 2.60084 -2.88852 0.724747
    endloop
  endfacet
  facet normal 0.836792 -0.224213 0.499507
    outer loop
      vertex 3.70269 -0.78703 0.952671
      vertex 3.60014 -1.16976 0.952671
      vertex 3.76404 -0.80007 0.844042
    endloop
  endfacet
  facet normal 0.834102 -0.541646 0.104374
    outer loop
      vertex 3.36614 -1.94344 0.724747
      vertex 3.14456 -2.28466 0.724747
      vertex 3.15517 -2.29236 0.599999
    endloop
  endfacet
  facet normal 0.581029 -0.0920299 0.808663
    outer loop
      vertex 3.58028 -0.376302 1.11961
      vertex 3.52133 -0.748482 1.11961
      vertex 3.62059 -0.76958 1.04589
    endloop
  endfacet
  facet normal 0.38017 -0.145934 0.913331
    outer loop
      vertex 3.4238 -1.11246 1.11961
      vertex 3.18408 -1.41764 1.17063
      vertex 3.28876 -1.46425 1.11961
    endloop
  endfacet
  facet normal 0.865124 0.0453384 0.499504
    outer loop
      vertex 3.82705 0.402238 0.844042
      vertex 3.78541 0 0.952671
      vertex 3.84813 0 0.844042
    endloop
  endfacet
  facet normal 0.836792 0.224213 0.499507
    outer loop
      vertex 3.76404 0.80007 0.844042
      vertex 3.60014 1.16976 0.952671
      vertex 3.70269 0.78703 0.952671
    endloop
  endfacet
  facet normal 0.93948 -0.148798 0.308604
    outer loop
      vertex 3.82705 -0.402238 0.844042
      vertex 3.76404 -0.80007 0.844042
      vertex 3.80195 -0.808129 0.724747
    endloop
  endfacet
  facet normal 0.939492 -0.148789 0.308571
    outer loop
      vertex 3.82705 -0.402238 0.844042
      vertex 3.80195 -0.808129 0.724747
      vertex 3.86559 -0.40629 0.724747
    endloop
  endfacet
  facet normal 0.949897 0.0497989 0.30857
    outer loop
      vertex 3.86559 0.40629 0.724747
      vertex 3.82705 0.402238 0.844042
      vertex 3.88689 0 0.724747
    endloop
  endfacet
  facet normal 0.393338 0.105402 0.913332
    outer loop
      vertex 3.4238 1.11246 1.11961
      vertex 3.31482 1.07705 1.17063
      vertex 3.40925 0.724657 1.17063
    endloop
  endfacet
  facet normal 0.987692 0.156411 0
    outer loop
      vertex 3.87863 0.40766 0.599999
      vertex 3.81478 0.810855 0
      vertex 3.81478 0.810855 0.599999
    endloop
  endfacet
  facet normal 0.987692 0.156411 0
    outer loop
      vertex 3.81478 0.810855 0
      vertex 3.87863 0.40766 0.599999
      vertex 3.87863 0.40766 0
    endloop
  endfacet
  facet normal 0.94988 -0.0497802 0.308625
    outer loop
      vertex 3.84813 0 0.844042
      vertex 3.82705 -0.402238 0.844042
      vertex 3.88689 0 0.724747
    endloop
  endfacet
  facet normal 0.949897 -0.0497989 0.30857
    outer loop
      vertex 3.88689 0 0.724747
      vertex 3.82705 -0.402238 0.844042
      vertex 3.86559 -0.40629 0.724747
    endloop
  endfacet
  facet normal 0.982296 -0.155556 0.104388
    outer loop
      vertex 3.86559 -0.40629 0.724747
      vertex 3.81478 -0.810855 0.599999
      vertex 3.87863 -0.40766 0.599999
    endloop
  endfacet
  facet normal 0.987692 -0.156411 0
    outer loop
      vertex 3.81478 -0.810855 0.599999
      vertex 3.87863 -0.40766 0
      vertex 3.87863 -0.40766 0.599999
    endloop
  endfacet
  facet normal 0.987692 -0.156411 0
    outer loop
      vertex 3.87863 -0.40766 0
      vertex 3.81478 -0.810855 0.599999
      vertex 3.81478 -0.810855 0
    endloop
  endfacet
  facet normal -0.451508 0.886134 0.104438
    outer loop
      vertex -1.58627 3.56283 0.599999
      vertex -1.95 3.3775 0.599999
      vertex -1.94344 3.36614 0.724747
    endloop
  endfacet
  facet normal -0.340865 0.888003 0.308644
    outer loop
      vertex -1.20111 3.69665 0.724747
      vertex -1.58094 3.55085 0.724747
      vertex -1.56517 3.51544 0.844042
    endloop
  endfacet
  facet normal -0.358367 0.933581 0
    outer loop
      vertex -1.20517 3.70912 0
      vertex -1.58627 3.56283 0.599999
      vertex -1.20517 3.70912 0.599999
    endloop
  endfacet
  facet normal -0.358367 0.933581 0
    outer loop
      vertex -1.58627 3.56283 0.599999
      vertex -1.20517 3.70912 0
      vertex -1.58627 3.56283 0
    endloop
  endfacet
  facet normal -0.393289 0.771886 0.499516
    outer loop
      vertex -1.56517 3.51544 0.844042
      vertex -1.8927 3.27826 0.952671
      vertex -1.53966 3.45814 0.952671
    endloop
  endfacet
  facet normal -0.310472 0.808758 0.499517
    outer loop
      vertex -1.16976 3.60014 0.952671
      vertex -1.56517 3.51544 0.844042
      vertex -1.53966 3.45814 0.952671
    endloop
  endfacet
  facet normal -0.257413 0.960645 0.104405
    outer loop
      vertex -0.810855 3.81478 0.599999
      vertex -1.20517 3.70912 0.599999
      vertex -1.20111 3.69665 0.724747
    endloop
  endfacet
  facet normal -0.337619 0.662589 0.668572
    outer loop
      vertex -1.53966 3.45814 0.952671
      vertex -1.85074 3.20557 1.04589
      vertex -1.50553 3.38147 1.04589
    endloop
  endfacet
  facet normal -0.320397 0.493372 0.808659
    outer loop
      vertex -1.85074 3.20557 1.04589
      vertex -2.17567 2.99456 1.04589
      vertex -2.11603 2.91246 1.11961
    endloop
  endfacet
  facet normal -0.694201 0.266464 0.668642
    outer loop
      vertex -3.38147 1.50553 1.04589
      vertex -3.60014 1.16976 0.952671
      vertex -3.52031 1.14382 1.04589
    endloop
  endfacet
  facet normal -0.718247 0.192459 0.668641
    outer loop
      vertex -3.60014 1.16976 0.952671
      vertex -3.62059 0.76958 1.04589
      vertex -3.52031 1.14382 1.04589
    endloop
  endfacet
  facet normal -0.581029 0.0920299 0.808663
    outer loop
      vertex -3.52133 0.748482 1.11961
      vertex -3.62059 0.76958 1.04589
      vertex -3.58028 0.376302 1.11961
    endloop
  endfacet
  facet normal -0.402214 0.0637071 0.913327
    outer loop
      vertex -3.52133 0.748482 1.11961
      vertex -3.58028 0.376302 1.11961
      vertex -3.40925 0.724657 1.17063
    endloop
  endfacet
  facet normal -0.888014 -0.34089 0.308585
    outer loop
      vertex -3.65979 -1.18914 0.844042
      vertex -3.69665 -1.20111 0.724747
      vertex -3.51544 -1.56517 0.844042
    endloop
  endfacet
  facet normal -0.524125 -0.267065 0.808683
    outer loop
      vertex -3.28876 -1.46425 1.11961
      vertex -3.38147 -1.50553 1.04589
      vertex -3.20557 -1.85074 1.04589
    endloop
  endfacet
  facet normal -0.886131 -0.451524 0.10439
    outer loop
      vertex -3.55085 -1.58094 0.724747
      vertex -3.56283 -1.58627 0.599999
      vertex -3.36614 -1.94344 0.724747
    endloop
  endfacet
  facet normal -0.960644 -0.257406 0.104425
    outer loop
      vertex -3.80195 -0.808129 0.724747
      vertex -3.81478 -0.810855 0.599999
      vertex -3.69665 -1.20111 0.724747
    endloop
  endfacet
  facet normal -0.886134 -0.451508 0.104438
    outer loop
      vertex -3.36614 -1.94344 0.724747
      vertex -3.56283 -1.58627 0.599999
      vertex -3.3775 -1.95 0.599999
    endloop
  endfacet
  facet normal -0.834085 -0.541659 0.104438
    outer loop
      vertex -3.36614 -1.94344 0.724747
      vertex -3.3775 -1.95 0.599999
      vertex -3.15517 -2.29236 0.599999
    endloop
  endfacet
  facet normal -0.79773 -0.518026 0.308669
    outer loop
      vertex -3.1132 -2.26187 0.844042
      vertex -3.36614 -1.94344 0.724747
      vertex -3.14456 -2.28466 0.724747
    endloop
  endfacet
  facet normal -0.739194 -0.598593 0.308672
    outer loop
      vertex -3.1132 -2.26187 0.844042
      vertex -3.14456 -2.28466 0.724747
      vertex -2.88852 -2.60084 0.724747
    endloop
  endfacet
  facet normal -0.623643 -0.404995 0.668617
    outer loop
      vertex -2.99456 -2.17567 1.04589
      vertex -3.20557 -1.85074 1.04589
      vertex -3.06246 -2.22501 0.952671
    endloop
  endfacet
  facet normal -0.577881 -0.467962 0.668629
    outer loop
      vertex -2.75073 -2.47677 1.04589
      vertex -3.06246 -2.22501 0.952671
      vertex -2.81311 -2.53293 0.952671
    endloop
  endfacet
  facet normal -0.116319 0.73445 0.66862
    outer loop
      vertex -0.395682 3.76467 0.952671
      vertex -0.78703 3.70269 0.952671
      vertex -0.76958 3.62059 1.04589
    endloop
  endfacet
  facet normal -0.192455 0.718267 0.66862
    outer loop
      vertex -0.78703 3.70269 0.952671
      vertex -1.16976 3.60014 0.952671
      vertex -0.76958 3.62059 1.04589
    endloop
  endfacet
  facet normal 0.210808 0.549204 0.808663
    outer loop
      vertex 1.14382 3.52031 1.04589
      vertex 1.11246 3.4238 1.11961
      vertex 1.50553 3.38147 1.04589
    endloop
  endfacet
  facet normal 0.224213 0.836792 0.499507
    outer loop
      vertex 0.80007 3.76404 0.844042
      vertex 0.78703 3.70269 0.952671
      vertex 1.16976 3.60014 0.952671
    endloop
  endfacet
  facet normal -0.0307855 0.587457 0.80867
    outer loop
      vertex 0 3.70148 1.04589
      vertex -0.376302 3.58028 1.11961
      vertex 0 3.6 1.11961
    endloop
  endfacet
  facet normal -0.0108953 0.20791 0.978087
    outer loop
      vertex 0 3.48541 1.17063
      vertex -0.3515 3.3443 1.19671
      vertex 0 3.36272 1.19671
    endloop
  endfacet
  facet normal 0.00015374 0.000970538 1
    outer loop
      vertex 0.3515 3.3443 1.19671
      vertex 0.00104523 0.00994492 1.2
      vertex 0.699148 3.28923 1.19671
    endloop
  endfacet
  facet normal -0.000618524 -0.000763537 1
    outer loop
      vertex -0.00669098 -0.00743103 1.2
      vertex -2.2501 -2.49899 1.19671
      vertex -0.00587749 -0.00809002 1.2
    endloop
  endfacet
  facet normal -0.000534464 0.000824526 1
    outer loop
      vertex -0.00499916 0.00865936 1.2
      vertex -1.68136 2.9122 1.19671
      vertex -0.00587749 0.00809002 1.2
    endloop
  endfacet
  facet normal -0.0746072 0.194359 0.978089
    outer loop
      vertex -1.07705 3.31482 1.17063
      vertex -1.41764 3.18408 1.17063
      vertex -1.36774 3.07199 1.19671
    endloop
  endfacet
  facet normal -0.000875547 -0.000446093 1
    outer loop
      vertex -0.00913525 -0.00406647 1.2
      vertex -3.07199 -1.36774 1.19671
      vertex -2.9122 -1.68136 1.19671
    endloop
  endfacet
  facet normal 0.00015374 -0.000970538 1
    outer loop
      vertex 0.699148 -3.28923 1.19671
      vertex 0.00104523 -0.00994492 1.2
      vertex 0.3515 -3.3443 1.19671
    endloop
  endfacet
  facet normal -0.000970484 -0.000153996 1
    outer loop
      vertex -0.00994492 -0.00104523 1.2
      vertex -3.28923 -0.699148 1.19671
      vertex -0.00978088 -0.00207901 1.2
    endloop
  endfacet
  facet normal -0.147226 0.147226 0.978084
    outer loop
      vertex -2.33219 2.59016 1.17063
      vertex -2.49899 2.2501 1.19671
      vertex -2.2501 2.49899 1.19671
    endloop
  endfacet
  facet normal -0.147226 0.147226 0.978084
    outer loop
      vertex -2.49899 2.2501 1.19671
      vertex -2.33219 2.59016 1.17063
      vertex -2.59016 2.33219 1.17063
    endloop
  endfacet
  facet normal -0.161811 0.131028 0.978084
    outer loop
      vertex -2.59016 2.33219 1.17063
      vertex -2.7205 1.97655 1.19671
      vertex -2.49899 2.2501 1.19671
    endloop
  endfacet
  facet normal -0.000446588 0.000875261 1
    outer loop
      vertex -0.00406647 0.00913525 1.2
      vertex -1.68136 2.9122 1.19671
      vertex -0.00499916 0.00865936 1.2
    endloop
  endfacet
  facet normal -0.000446093 0.000875547 1
    outer loop
      vertex -1.36774 3.07199 1.19671
      vertex -1.68136 2.9122 1.19671
      vertex -0.00406647 0.00913525 1.2
    endloop
  endfacet
  facet normal -0.174617 0.113392 0.978086
    outer loop
      vertex -2.81976 2.04867 1.17063
      vertex -3.01845 1.7427 1.17063
      vertex -2.9122 1.68136 1.19671
    endloop
  endfacet
  facet normal -0.174602 0.113389 0.978089
    outer loop
      vertex -2.81976 2.04867 1.17063
      vertex -2.9122 1.68136 1.19671
      vertex -2.7205 1.97655 1.19671
    endloop
  endfacet
  facet normal -0.471829 -0.726568 0.499477
    outer loop
      vertex -2.22501 -3.06246 0.952671
      vertex -2.26187 -3.1132 0.844042
      vertex -1.8927 -3.27826 0.952671
    endloop
  endfacet
  facet normal -0.545189 -0.673271 0.499475
    outer loop
      vertex -2.22501 -3.06246 0.952671
      vertex -2.5749 -2.85972 0.844042
      vertex -2.26187 -3.1132 0.844042
    endloop
  endfacet
  facet normal -0.518066 -0.797738 0.308581
    outer loop
      vertex -1.92406 -3.33258 0.844042
      vertex -2.26187 -3.1132 0.844042
      vertex -1.94344 -3.36614 0.724747
    endloop
  endfacet
  facet normal -0.431829 -0.847528 0.308578
    outer loop
      vertex -1.92406 -3.33258 0.844042
      vertex -1.94344 -3.36614 0.724747
      vertex -1.56517 -3.51544 0.844042
    endloop
  endfacet
  facet normal -0.000875261 -0.000446588 1
    outer loop
      vertex -0.00913525 -0.00406647 1.2
      vertex -2.9122 -1.68136 1.19671
      vertex -0.00865936 -0.00499916 1.2
    endloop
  endfacet
  facet normal -0.000446093 -0.000875547 1
    outer loop
      vertex -0.00406647 -0.00913525 1.2
      vertex -1.68136 -2.9122 1.19671
      vertex -1.36774 -3.07199 1.19671
    endloop
  endfacet
  facet normal 0.000824109 -0.000535186 1
    outer loop
      vertex 2.9122 -1.68136 1.19671
      vertex 0.00809002 -0.00587749 1.2
      vertex 2.7205 -1.97655 1.19671
    endloop
  endfacet
  facet normal 0.000824109 0.000535186 1
    outer loop
      vertex 2.7205 1.97655 1.19671
      vertex 0.00809002 0.00587749 1.2
      vertex 2.9122 1.68136 1.19671
    endloop
  endfacet
  facet normal 0.0325707 -0.205614 0.978091
    outer loop
      vertex 0.699148 -3.28923 1.19671
      vertex 0.3515 -3.3443 1.19671
      vertex 0.724657 -3.40925 1.17063
    endloop
  endfacet
  facet normal 0.00035208 -0.000917396 1
    outer loop
      vertex 0.00406647 -0.00913525 1.2
      vertex 0.0030899 -0.00951004 1.2
      vertex 1.03914 -3.19813 1.19671
    endloop
  endfacet
  facet normal 0.010894 -0.207907 0.978088
    outer loop
      vertex 0.3515 -3.3443 1.19671
      vertex 0 -3.48541 1.17063
      vertex 0.364325 -3.46632 1.17063
    endloop
  endfacet
  facet normal 0.0213083 -0.40666 0.913331
    outer loop
      vertex 0.364325 -3.46632 1.17063
      vertex 0 -3.48541 1.17063
      vertex 0.376302 -3.58028 1.11961
    endloop
  endfacet
  facet normal 0.000534464 -0.000824526 1
    outer loop
      vertex 0.00587749 -0.00809002 1.2
      vertex 0.00499916 -0.00865936 1.2
      vertex 1.68136 -2.9122 1.19671
    endloop
  endfacet
  facet normal -0.000254325 -0.000949158 1
    outer loop
      vertex -0.0030899 -0.00951004 1.2
      vertex -1.03914 -3.19813 1.19671
      vertex -0.699148 -3.28923 1.19671
    endloop
  endfacet
  facet normal 0.16179 -0.131021 0.978089
    outer loop
      vertex 2.7205 -1.97655 1.19671
      vertex 2.59016 -2.33219 1.17063
      vertex 2.81976 -2.04867 1.17063
    endloop
  endfacet
  facet normal 0.161811 -0.131028 0.978084
    outer loop
      vertex 2.7205 -1.97655 1.19671
      vertex 2.49899 -2.2501 1.19671
      vertex 2.59016 -2.33219 1.17063
    endloop
  endfacet
  facet normal 0.246184 -0.91878 0.308604
    outer loop
      vertex 1.18914 -3.65979 0.844042
      vertex 0.80007 -3.76404 0.844042
      vertex 0.808129 -3.80195 0.724747
    endloop
  endfacet
  facet normal 0.24619 -0.918783 0.30859
    outer loop
      vertex 1.18914 -3.65979 0.844042
      vertex 0.808129 -3.80195 0.724747
      vertex 1.20111 -3.69665 0.724747
    endloop
  endfacet
  facet normal 0.192455 -0.718267 0.66862
    outer loop
      vertex 1.16976 -3.60014 0.952671
      vertex 0.76958 -3.62059 1.04589
      vertex 0.78703 -3.70269 0.952671
    endloop
  endfacet
  facet normal 0.135513 -0.855645 0.499507
    outer loop
      vertex 0.78703 -3.70269 0.952671
      vertex 0.395682 -3.76467 0.952671
      vertex 0.80007 -3.76404 0.844042
    endloop
  endfacet
  facet normal 0.15226 -0.568227 0.808662
    outer loop
      vertex 1.11246 -3.4238 1.11961
      vertex 0.748482 -3.52133 1.11961
      vertex 0.76958 -3.62059 1.04589
    endloop
  endfacet
  facet normal 0.15226 -0.568228 0.808662
    outer loop
      vertex 1.11246 -3.4238 1.11961
      vertex 0.76958 -3.62059 1.04589
      vertex 1.14382 -3.52031 1.04589
    endloop
  endfacet
  facet normal 0.310472 -0.808758 0.499517
    outer loop
      vertex 1.53966 -3.45814 0.952671
      vertex 1.16976 -3.60014 0.952671
      vertex 1.56517 -3.51544 0.844042
    endloop
  endfacet
  facet normal 0.393289 -0.771886 0.499516
    outer loop
      vertex 1.8927 -3.27826 0.952671
      vertex 1.53966 -3.45814 0.952671
      vertex 1.56517 -3.51544 0.844042
    endloop
  endfacet
  facet normal -0.718267 -0.192455 0.66862
    outer loop
      vertex -3.62059 -0.76958 1.04589
      vertex -3.70269 -0.78703 0.952671
      vertex -3.60014 -1.16976 0.952671
    endloop
  endfacet
  facet normal -0.718247 -0.192459 0.668641
    outer loop
      vertex -3.52031 -1.14382 1.04589
      vertex -3.62059 -0.76958 1.04589
      vertex -3.60014 -1.16976 0.952671
    endloop
  endfacet
  facet normal -0.549174 -0.210809 0.808683
    outer loop
      vertex -3.28876 -1.46425 1.11961
      vertex -3.4238 -1.11246 1.11961
      vertex -3.38147 -1.50553 1.04589
    endloop
  endfacet
  facet normal -0.549204 -0.210808 0.808663
    outer loop
      vertex -3.4238 -1.11246 1.11961
      vertex -3.52031 -1.14382 1.04589
      vertex -3.38147 -1.50553 1.04589
    endloop
  endfacet
  facet normal -0.380168 -0.145933 0.913332
    outer loop
      vertex -3.31482 -1.07705 1.17063
      vertex -3.4238 -1.11246 1.11961
      vertex -3.18408 -1.41764 1.17063
    endloop
  endfacet
  facet normal -0.194359 -0.0746072 0.978089
    outer loop
      vertex -3.07199 -1.36774 1.19671
      vertex -3.31482 -1.07705 1.17063
      vertex -3.18408 -1.41764 1.17063
    endloop
  endfacet
  facet normal 0.257406 0.960644 0.104425
    outer loop
      vertex 0.810855 3.81478 0.599999
      vertex 0.808129 3.80195 0.724747
      vertex 1.20111 3.69665 0.724747
    endloop
  endfacet
  facet normal 0.155567 0.98229 0.104425
    outer loop
      vertex 0.810855 3.81478 0.599999
      vertex 0.40629 3.86559 0.724747
      vertex 0.808129 3.80195 0.724747
    endloop
  endfacet
  facet normal 0.224217 0.836796 0.4995
    outer loop
      vertex 1.18914 3.65979 0.844042
      vertex 0.80007 3.76404 0.844042
      vertex 1.16976 3.60014 0.952671
    endloop
  endfacet
  facet normal 0.246184 0.91878 0.308604
    outer loop
      vertex 0.808129 3.80195 0.724747
      vertex 0.80007 3.76404 0.844042
      vertex 1.18914 3.65979 0.844042
    endloop
  endfacet
  facet normal 0.0945167 0.185495 0.978089
    outer loop
      vertex 1.41764 3.18408 1.17063
      vertex 1.36774 3.07199 1.19671
      vertex 1.7427 3.01845 1.17063
    endloop
  endfacet
  facet normal 0.404996 0.623652 0.668607
    outer loop
      vertex 1.8927 3.27826 0.952671
      vertex 1.85074 3.20557 1.04589
      vertex 2.22501 3.06246 0.952671
    endloop
  endfacet
  facet normal 0.960644 0.257406 0.104425
    outer loop
      vertex 3.81478 0.810855 0.599999
      vertex 3.69665 1.20111 0.724747
      vertex 3.80195 0.808129 0.724747
    endloop
  endfacet
  facet normal 0.201094 0.0538868 0.978089
    outer loop
      vertex 3.31482 1.07705 1.17063
      vertex 3.19813 1.03914 1.19671
      vertex 3.40925 0.724657 1.17063
    endloop
  endfacet
  facet normal 0.545186 0.673246 0.499512
    outer loop
      vertex 2.5749 2.85972 0.844042
      vertex 2.22501 3.06246 0.952671
      vertex 2.53293 2.81311 0.952671
    endloop
  endfacet
  facet normal 0.726568 0.471829 0.499477
    outer loop
      vertex 3.1132 2.26187 0.844042
      vertex 3.06246 2.22501 0.952671
      vertex 3.27826 1.8927 0.952671
    endloop
  endfacet
  facet normal 0.918783 0.24619 0.30859
    outer loop
      vertex 3.69665 1.20111 0.724747
      vertex 3.65979 1.18914 0.844042
      vertex 3.80195 0.808129 0.724747
    endloop
  endfacet
  facet normal 0.549174 0.210809 0.808683
    outer loop
      vertex 3.38147 1.50553 1.04589
      vertex 3.28876 1.46425 1.11961
      vertex 3.4238 1.11246 1.11961
    endloop
  endfacet
  facet normal 0.45718 0.370222 0.808655
    outer loop
      vertex 2.75073 2.47677 1.04589
      vertex 2.67532 2.40887 1.11961
      vertex 2.91246 2.11603 1.11961
    endloop
  endfacet
  facet normal 0.73445 0.116319 0.66862
    outer loop
      vertex 3.70269 0.78703 0.952671
      vertex 3.62059 0.76958 1.04589
      vertex 3.76467 0.395682 0.952671
    endloop
  endfacet
  facet normal 0.320396 0.493372 0.80866
    outer loop
      vertex 1.85074 3.20557 1.04589
      vertex 1.8 3.11769 1.11961
      vertex 2.11603 2.91246 1.11961
    endloop
  endfacet
  facet normal 0.210809 0.549174 0.808683
    outer loop
      vertex 1.50553 3.38147 1.04589
      vertex 1.11246 3.4238 1.11961
      vertex 1.46425 3.28876 1.11961
    endloop
  endfacet
  facet normal -0.000763663 -0.000618384 1
    outer loop
      vertex -0.00809002 -0.00587749 1.2
      vertex -2.7205 -1.97655 1.19671
      vertex -2.49899 -2.2501 1.19671
    endloop
  endfacet
  facet normal 0.131021 0.16179 0.978089
    outer loop
      vertex 2.04867 2.81976 1.17063
      vertex 1.97655 2.7205 1.19671
      vertex 2.33219 2.59016 1.17063
    endloop
  endfacet
  facet normal 0.256274 0.316458 0.913333
    outer loop
      vertex 2.11603 2.91246 1.11961
      vertex 2.04867 2.81976 1.17063
      vertex 2.33219 2.59016 1.17063
    endloop
  endfacet
  facet normal 0.000446588 0.000875261 1
    outer loop
      vertex 1.68136 2.9122 1.19671
      vertex 0.00406647 0.00913525 1.2
      vertex 0.00499916 0.00865936 1.2
    endloop
  endfacet
  facet normal 0.000534464 0.000824526 1
    outer loop
      vertex 1.68136 2.9122 1.19671
      vertex 0.00499916 0.00865936 1.2
      vertex 0.00587749 0.00809002 1.2
    endloop
  endfacet
  facet normal 0.28793 0.28793 0.913341
    outer loop
      vertex 2.40887 2.67532 1.11961
      vertex 2.59016 2.33219 1.17063
      vertex 2.67532 2.40887 1.11961
    endloop
  endfacet
  facet normal 0.28793 0.28793 0.913341
    outer loop
      vertex 2.59016 2.33219 1.17063
      vertex 2.40887 2.67532 1.11961
      vertex 2.33219 2.59016 1.17063
    endloop
  endfacet
  facet normal 0.147226 0.147226 0.978084
    outer loop
      vertex 2.33219 2.59016 1.17063
      vertex 2.49899 2.2501 1.19671
      vertex 2.59016 2.33219 1.17063
    endloop
  endfacet
  facet normal 0.147226 0.147226 0.978084
    outer loop
      vertex 2.49899 2.2501 1.19671
      vertex 2.33219 2.59016 1.17063
      vertex 2.2501 2.49899 1.19671
    endloop
  endfacet
  facet normal -0.000763537 -0.000618524 1
    outer loop
      vertex -0.00809002 -0.00587749 1.2
      vertex -2.49899 -2.2501 1.19671
      vertex -0.00743103 -0.00669098 1.2
    endloop
  endfacet
  facet normal -0.000824109 -0.000535186 1
    outer loop
      vertex -0.00809002 -0.00587749 1.2
      vertex -2.9122 -1.68136 1.19671
      vertex -2.7205 -1.97655 1.19671
    endloop
  endfacet
  facet normal 0.451524 -0.886131 0.10439
    outer loop
      vertex 1.94344 -3.36614 0.724747
      vertex 1.58094 -3.55085 0.724747
      vertex 1.58627 -3.56283 0.599999
    endloop
  endfacet
  facet normal 0.356403 -0.928482 0.104393
    outer loop
      vertex 1.58094 -3.55085 0.724747
      vertex 1.20111 -3.69665 0.724747
      vertex 1.58627 -3.56283 0.599999
    endloop
  endfacet
  facet normal 0.928478 -0.356408 0.104412
    outer loop
      vertex 3.69665 -1.20111 0.724747
      vertex 3.56283 -1.58627 0.599999
      vertex 3.70912 -1.20517 0.599999
    endloop
  endfacet
  facet normal 0.184876 -0.362831 0.913332
    outer loop
      vertex 1.7427 -3.01845 1.17063
      vertex 1.41764 -3.18408 1.17063
      vertex 1.46425 -3.28876 1.11961
    endloop
  endfacet
  facet normal 0.0945167 -0.185495 0.978089
    outer loop
      vertex 1.7427 -3.01845 1.17063
      vertex 1.36774 -3.07199 1.19671
      vertex 1.41764 -3.18408 1.17063
    endloop
  endfacet
  facet normal 0.370221 -0.457177 0.808657
    outer loop
      vertex 2.47677 -2.75073 1.04589
      vertex 2.11603 -2.91246 1.11961
      vertex 2.17567 -2.99456 1.04589
    endloop
  endfacet
  facet normal 0.471829 -0.726568 0.499477
    outer loop
      vertex 2.22501 -3.06246 0.952671
      vertex 1.8927 -3.27826 0.952671
      vertex 2.26187 -3.1132 0.844042
    endloop
  endfacet
  facet normal 0.467962 -0.577881 0.668629
    outer loop
      vertex 2.47677 -2.75073 1.04589
      vertex 2.22501 -3.06246 0.952671
      vertex 2.53293 -2.81311 0.952671
    endloop
  endfacet
  facet normal 0.267069 -0.524161 0.808659
    outer loop
      vertex 1.8 -3.11769 1.11961
      vertex 1.46425 -3.28876 1.11961
      vertex 1.85074 -3.20557 1.04589
    endloop
  endfacet
  facet normal 0.404995 -0.623643 0.668617
    outer loop
      vertex 2.17567 -2.99456 1.04589
      vertex 1.85074 -3.20557 1.04589
      vertex 2.22501 -3.06246 0.952671
    endloop
  endfacet
  facet normal 0.625887 -0.772899 0.104369
    outer loop
      vertex 2.60084 -2.88852 0.724747
      vertex 2.28466 -3.14456 0.724747
      vertex 2.29236 -3.15517 0.599999
    endloop
  endfacet
  facet normal 0.625894 -0.772896 0.104347
    outer loop
      vertex 2.60084 -2.88852 0.724747
      vertex 2.29236 -3.15517 0.599999
      vertex 2.60961 -2.89826 0.599999
    endloop
  endfacet
  facet normal 0.718267 -0.192455 0.66862
    outer loop
      vertex 3.62059 -0.76958 1.04589
      vertex 3.60014 -1.16976 0.952671
      vertex 3.70269 -0.78703 0.952671
    endloop
  endfacet
  facet normal 0.524161 -0.267069 0.808659
    outer loop
      vertex 3.28876 -1.46425 1.11961
      vertex 3.11769 -1.8 1.11961
      vertex 3.20557 -1.85074 1.04589
    endloop
  endfacet
  facet normal 0.568228 -0.15226 0.808662
    outer loop
      vertex 3.62059 -0.76958 1.04589
      vertex 3.4238 -1.11246 1.11961
      vertex 3.52031 -1.14382 1.04589
    endloop
  endfacet
  facet normal 0.524125 -0.267065 0.808683
    outer loop
      vertex 3.28876 -1.46425 1.11961
      vertex 3.20557 -1.85074 1.04589
      vertex 3.38147 -1.50553 1.04589
    endloop
  endfacet
  facet normal 0.718247 0.192459 0.668641
    outer loop
      vertex 3.60014 1.16976 0.952671
      vertex 3.52031 1.14382 1.04589
      vertex 3.62059 0.76958 1.04589
    endloop
  endfacet
  facet normal 0.742601 0.0389238 0.668602
    outer loop
      vertex 3.76467 0.395682 0.952671
      vertex 3.6812 0.386909 1.04589
      vertex 3.70148 0 1.04589
    endloop
  endfacet
  facet normal -0.598591 0.739217 0.308621
    outer loop
      vertex -2.26187 3.1132 0.844042
      vertex -2.60084 2.88852 0.724747
      vertex -2.5749 2.85972 0.844042
    endloop
  endfacet
  facet normal -0.453991 0.891006 0
    outer loop
      vertex -1.58627 3.56283 0
      vertex -1.95 3.3775 0.599999
      vertex -1.58627 3.56283 0.599999
    endloop
  endfacet
  facet normal -0.453991 0.891006 0
    outer loop
      vertex -1.95 3.3775 0.599999
      vertex -1.58627 3.56283 0
      vertex -1.95 3.3775 0
    endloop
  endfacet
  facet normal -0.258827 0.965924 0
    outer loop
      vertex -0.810855 3.81478 0
      vertex -1.20517 3.70912 0.599999
      vertex -0.810855 3.81478 0.599999
    endloop
  endfacet
  facet normal -0.258827 0.965924 0
    outer loop
      vertex -1.20517 3.70912 0.599999
      vertex -0.810855 3.81478 0
      vertex -1.20517 3.70912 0
    endloop
  endfacet
  facet normal -0.34089 0.888014 0.308585
    outer loop
      vertex -1.20111 3.69665 0.724747
      vertex -1.56517 3.51544 0.844042
      vertex -1.18914 3.65979 0.844042
    endloop
  endfacet
  facet normal -0.31047 0.80877 0.499499
    outer loop
      vertex -1.18914 3.65979 0.844042
      vertex -1.56517 3.51544 0.844042
      vertex -1.16976 3.60014 0.952671
    endloop
  endfacet
  facet normal -0.356403 0.928482 0.104393
    outer loop
      vertex -1.20111 3.69665 0.724747
      vertex -1.58627 3.56283 0.599999
      vertex -1.58094 3.55085 0.724747
    endloop
  endfacet
  facet normal -0.451524 0.886131 0.10439
    outer loop
      vertex -1.58627 3.56283 0.599999
      vertex -1.94344 3.36614 0.724747
      vertex -1.58094 3.55085 0.724747
    endloop
  endfacet
  facet normal -0.393287 0.771885 0.499519
    outer loop
      vertex -1.56517 3.51544 0.844042
      vertex -1.92406 3.33258 0.844042
      vertex -1.8927 3.27826 0.952671
    endloop
  endfacet
  facet normal -0.431829 0.847528 0.308578
    outer loop
      vertex -1.56517 3.51544 0.844042
      vertex -1.94344 3.36614 0.724747
      vertex -1.92406 3.33258 0.844042
    endloop
  endfacet
  facet normal -0.155556 0.982296 0.104388
    outer loop
      vertex -0.40766 3.87863 0.599999
      vertex -0.810855 3.81478 0.599999
      vertex -0.40629 3.86559 0.724747
    endloop
  endfacet
  facet normal -0.155567 0.98229 0.104425
    outer loop
      vertex -0.40629 3.86559 0.724747
      vertex -0.810855 3.81478 0.599999
      vertex -0.808129 3.80195 0.724747
    endloop
  endfacet
  facet normal -0.415979 0.415979 0.808655
    outer loop
      vertex -2.47677 2.75073 1.04589
      vertex -2.67532 2.40887 1.11961
      vertex -2.40887 2.67532 1.11961
    endloop
  endfacet
  facet normal -0.415979 0.415979 0.808655
    outer loop
      vertex -2.67532 2.40887 1.11961
      vertex -2.47677 2.75073 1.04589
      vertex -2.75073 2.47677 1.04589
    endloop
  endfacet
  facet normal -0.267069 0.524161 0.808659
    outer loop
      vertex -1.46425 3.28876 1.11961
      vertex -1.85074 3.20557 1.04589
      vertex -1.8 3.11769 1.11961
    endloop
  endfacet
  facet normal -0.267065 0.524125 0.808683
    outer loop
      vertex -1.50553 3.38147 1.04589
      vertex -1.85074 3.20557 1.04589
      vertex -1.46425 3.28876 1.11961
    endloop
  endfacet
  facet normal -0.93948 -0.148798 0.308604
    outer loop
      vertex -3.76404 -0.80007 0.844042
      vertex -3.82705 -0.402238 0.844042
      vertex -3.80195 -0.808129 0.724747
    endloop
  endfacet
  facet normal -0.91878 -0.246184 0.308604
    outer loop
      vertex -3.76404 -0.80007 0.844042
      vertex -3.80195 -0.808129 0.724747
      vertex -3.65979 -1.18914 0.844042
    endloop
  endfacet
  facet normal -0.847498 -0.431838 0.308647
    outer loop
      vertex -3.51544 -1.56517 0.844042
      vertex -3.55085 -1.58094 0.724747
      vertex -3.36614 -1.94344 0.724747
    endloop
  endfacet
  facet normal -0.847528 -0.431829 0.308578
    outer loop
      vertex -3.33258 -1.92406 0.844042
      vertex -3.51544 -1.56517 0.844042
      vertex -3.36614 -1.94344 0.724747
    endloop
  endfacet
  facet normal -0.457177 -0.370221 0.808657
    outer loop
      vertex -2.91246 -2.11603 1.11961
      vertex -2.99456 -2.17567 1.04589
      vertex -2.75073 -2.47677 1.04589
    endloop
  endfacet
  facet normal -0.623652 -0.404996 0.668607
    outer loop
      vertex -3.20557 -1.85074 1.04589
      vertex -3.27826 -1.8927 0.952671
      vertex -3.06246 -2.22501 0.952671
    endloop
  endfacet
  facet normal -0.797738 -0.518066 0.308581
    outer loop
      vertex -3.33258 -1.92406 0.844042
      vertex -3.36614 -1.94344 0.724747
      vertex -3.1132 -2.26187 0.844042
    endloop
  endfacet
  facet normal -0.72654 -0.471828 0.499518
    outer loop
      vertex -3.27826 -1.8927 0.952671
      vertex -3.33258 -1.92406 0.844042
      vertex -3.1132 -2.26187 0.844042
    endloop
  endfacet
  facet normal -0.28793 -0.28793 0.913341
    outer loop
      vertex -2.59016 -2.33219 1.17063
      vertex -2.40887 -2.67532 1.11961
      vertex -2.33219 -2.59016 1.17063
    endloop
  endfacet
  facet normal -0.28793 -0.28793 0.913341
    outer loop
      vertex -2.40887 -2.67532 1.11961
      vertex -2.59016 -2.33219 1.17063
      vertex -2.67532 -2.40887 1.11961
    endloop
  endfacet
  facet normal -0.493372 -0.320397 0.808659
    outer loop
      vertex -2.91246 -2.11603 1.11961
      vertex -3.20557 -1.85074 1.04589
      vertex -2.99456 -2.17567 1.04589
    endloop
  endfacet
  facet normal -0.11633 0.734465 0.668602
    outer loop
      vertex -0.395682 3.76467 0.952671
      vertex -0.76958 3.62059 1.04589
      vertex -0.386909 3.6812 1.04589
    endloop
  endfacet
  facet normal -0.15226 0.568227 0.808662
    outer loop
      vertex -0.76958 3.62059 1.04589
      vertex -1.11246 3.4238 1.11961
      vertex -0.748482 3.52133 1.11961
    endloop
  endfacet
  facet normal 0.0213105 0.406653 0.913334
    outer loop
      vertex 0 3.6 1.11961
      vertex 0 3.48541 1.17063
      vertex 0.376302 3.58028 1.11961
    endloop
  endfacet
  facet normal 0.11633 0.734465 0.668602
    outer loop
      vertex 0.395682 3.76467 0.952671
      vertex 0.386909 3.6812 1.04589
      vertex 0.76958 3.62059 1.04589
    endloop
  endfacet
  facet normal 0.192459 0.718247 0.668641
    outer loop
      vertex 1.16976 3.60014 0.952671
      vertex 0.76958 3.62059 1.04589
      vertex 1.14382 3.52031 1.04589
    endloop
  endfacet
  facet normal 0.15226 0.568228 0.808662
    outer loop
      vertex 1.14382 3.52031 1.04589
      vertex 0.76958 3.62059 1.04589
      vertex 1.11246 3.4238 1.11961
    endloop
  endfacet
  facet normal 0.0307855 0.587457 0.80867
    outer loop
      vertex 0 3.70148 1.04589
      vertex 0 3.6 1.11961
      vertex 0.376302 3.58028 1.11961
    endloop
  endfacet
  facet normal 0.0920284 0.581036 0.808658
    outer loop
      vertex 0.386909 3.6812 1.04589
      vertex 0.376302 3.58028 1.11961
      vertex 0.76958 3.62059 1.04589
    endloop
  endfacet
  facet normal -0.0920284 0.581036 0.808658
    outer loop
      vertex -0.386909 3.6812 1.04589
      vertex -0.76958 3.62059 1.04589
      vertex -0.376302 3.58028 1.11961
    endloop
  endfacet
  facet normal -0.0325679 0.205629 0.978088
    outer loop
      vertex -0.364325 3.46632 1.17063
      vertex -0.724657 3.40925 1.17063
      vertex -0.3515 3.3443 1.19671
    endloop
  endfacet
  facet normal 0.0538801 0.201085 0.978091
    outer loop
      vertex 0.724657 3.40925 1.17063
      vertex 0.699148 3.28923 1.19671
      vertex 1.03914 3.19813 1.19671
    endloop
  endfacet
  facet normal 0.000254325 0.000949158 1
    outer loop
      vertex 0.699148 3.28923 1.19671
      vertex 0.0030899 0.00951004 1.2
      vertex 1.03914 3.19813 1.19671
    endloop
  endfacet
  facet normal -0.00069483 -0.00069483 1
    outer loop
      vertex -0.00743103 -0.00669098 1.2
      vertex -2.2501 -2.49899 1.19671
      vertex -0.00669098 -0.00743103 1.2
    endloop
  endfacet
  facet normal -0.00069483 -0.00069483 1
    outer loop
      vertex -2.2501 -2.49899 1.19671
      vertex -0.00743103 -0.00669098 1.2
      vertex -2.49899 -2.2501 1.19671
    endloop
  endfacet
  facet normal -0.113392 0.174617 0.978086
    outer loop
      vertex -1.7427 3.01845 1.17063
      vertex -2.04867 2.81976 1.17063
      vertex -1.68136 2.9122 1.19671
    endloop
  endfacet
  facet normal -0.0945189 0.185512 0.978086
    outer loop
      vertex -1.36774 3.07199 1.19671
      vertex -1.7427 3.01845 1.17063
      vertex -1.68136 2.9122 1.19671
    endloop
  endfacet
  facet normal 0.000153996 -0.000970484 1
    outer loop
      vertex 0.00207901 -0.00978088 1.2
      vertex 0.00104523 -0.00994492 1.2
      vertex 0.699148 -3.28923 1.19671
    endloop
  endfacet
  facet normal 0.000535186 -0.000824109 1
    outer loop
      vertex 1.97655 -2.7205 1.19671
      vertex 0.00587749 -0.00809002 1.2
      vertex 1.68136 -2.9122 1.19671
    endloop
  endfacet
  facet normal -0.000981292 -5.10347e-05 1
    outer loop
      vertex -0.00999928 0 1.2
      vertex -3.36272 0 1.19671
      vertex -0.00994492 -0.00104523 1.2
    endloop
  endfacet
  facet normal 0.000875261 -0.000446588 1
    outer loop
      vertex 0.00913525 -0.00406647 1.2
      vertex 0.00865936 -0.00499916 1.2
      vertex 2.9122 -1.68136 1.19671
    endloop
  endfacet
  facet normal -0.000981292 -5.14236e-05 1
    outer loop
      vertex -0.00994492 -0.00104523 1.2
      vertex -3.36272 0 1.19671
      vertex -3.3443 -0.3515 1.19671
    endloop
  endfacet
  facet normal 5.10347e-05 -0.000981292 1
    outer loop
      vertex 0 -0.00999928 1.2
      vertex 0 -3.36272 1.19671
      vertex 0.00104523 -0.00994492 1.2
    endloop
  endfacet
  facet normal 5.14236e-05 -0.000981292 1
    outer loop
      vertex 0.00104523 -0.00994492 1.2
      vertex 0 -3.36272 1.19671
      vertex 0.3515 -3.3443 1.19671
    endloop
  endfacet
  facet normal -0.000618524 0.000763537 1
    outer loop
      vertex -0.00587749 0.00809002 1.2
      vertex -2.2501 2.49899 1.19671
      vertex -0.00669098 0.00743103 1.2
    endloop
  endfacet
  facet normal -0.000534464 -0.000824526 1
    outer loop
      vertex -0.00587749 -0.00809002 1.2
      vertex -1.68136 -2.9122 1.19671
      vertex -0.00499916 -0.00865936 1.2
    endloop
  endfacet
  facet normal -0.000949158 -0.000254325 1
    outer loop
      vertex -0.00951004 -0.0030899 1.2
      vertex -3.28923 -0.699148 1.19671
      vertex -3.19813 -1.03914 1.19671
    endloop
  endfacet
  facet normal 0.000254302 -0.000949163 1
    outer loop
      vertex 0.0030899 -0.00951004 1.2
      vertex 0.00207901 -0.00978088 1.2
      vertex 0.699148 -3.28923 1.19671
    endloop
  endfacet
  facet normal 0.0746099 -0.194362 0.978088
    outer loop
      vertex 1.36774 -3.07199 1.19671
      vertex 1.03914 -3.19813 1.19671
      vertex 1.07705 -3.31482 1.17063
    endloop
  endfacet
  facet normal 0.0538868 -0.201094 0.978089
    outer loop
      vertex 1.03914 -3.19813 1.19671
      vertex 0.724657 -3.40925 1.17063
      vertex 1.07705 -3.31482 1.17063
    endloop
  endfacet
  facet normal 0.316449 -0.256258 0.913341
    outer loop
      vertex 2.91246 -2.11603 1.11961
      vertex 2.59016 -2.33219 1.17063
      vertex 2.67532 -2.40887 1.11961
    endloop
  endfacet
  facet normal 0.493372 -0.320397 0.808659
    outer loop
      vertex 3.20557 -1.85074 1.04589
      vertex 2.91246 -2.11603 1.11961
      vertex 2.99456 -2.17567 1.04589
    endloop
  endfacet
  facet normal 0.493372 -0.320396 0.80866
    outer loop
      vertex 3.11769 -1.8 1.11961
      vertex 2.91246 -2.11603 1.11961
      vertex 3.20557 -1.85074 1.04589
    endloop
  endfacet
  facet normal 0.038924 -0.742601 0.668603
    outer loop
      vertex 0 -3.70148 1.04589
      vertex 0 -3.78541 0.952671
      vertex 0.395682 -3.76467 0.952671
    endloop
  endfacet
  facet normal 0.0453455 -0.865112 0.499525
    outer loop
      vertex 0.395682 -3.76467 0.952671
      vertex 0 -3.78541 0.952671
      vertex 0.402238 -3.82705 0.844042
    endloop
  endfacet
  facet normal 0.210808 -0.549204 0.808663
    outer loop
      vertex 1.50553 -3.38147 1.04589
      vertex 1.11246 -3.4238 1.11961
      vertex 1.14382 -3.52031 1.04589
    endloop
  endfacet
  facet normal 0.0920299 -0.581029 0.808663
    outer loop
      vertex 0.748482 -3.52133 1.11961
      vertex 0.376302 -3.58028 1.11961
      vertex 0.76958 -3.62059 1.04589
    endloop
  endfacet
  facet normal 0.105402 -0.393338 0.913332
    outer loop
      vertex 1.07705 -3.31482 1.17063
      vertex 0.724657 -3.40925 1.17063
      vertex 1.11246 -3.4238 1.11961
    endloop
  endfacet
  facet normal 0.105401 -0.393351 0.913327
    outer loop
      vertex 1.11246 -3.4238 1.11961
      vertex 0.724657 -3.40925 1.17063
      vertex 0.748482 -3.52133 1.11961
    endloop
  endfacet
  facet normal 0.148798 0.93948 0.308604
    outer loop
      vertex 0.808129 3.80195 0.724747
      vertex 0.402238 3.82705 0.844042
      vertex 0.80007 3.76404 0.844042
    endloop
  endfacet
  facet normal 0.135518 0.855634 0.499525
    outer loop
      vertex 0.402238 3.82705 0.844042
      vertex 0.395682 3.76467 0.952671
      vertex 0.80007 3.76404 0.844042
    endloop
  endfacet
  facet normal 0.267065 0.524125 0.808683
    outer loop
      vertex 1.50553 3.38147 1.04589
      vertex 1.46425 3.28876 1.11961
      vertex 1.85074 3.20557 1.04589
    endloop
  endfacet
  facet normal 0.145934 0.38017 0.913331
    outer loop
      vertex 1.46425 3.28876 1.11961
      vertex 1.11246 3.4238 1.11961
      vertex 1.41764 3.18408 1.17063
    endloop
  endfacet
  facet normal 0.337619 0.662589 0.668572
    outer loop
      vertex 1.53966 3.45814 0.952671
      vertex 1.50553 3.38147 1.04589
      vertex 1.85074 3.20557 1.04589
    endloop
  endfacet
  facet normal 0.337589 0.662566 0.66861
    outer loop
      vertex 1.8927 3.27826 0.952671
      vertex 1.53966 3.45814 0.952671
      vertex 1.85074 3.20557 1.04589
    endloop
  endfacet
  facet normal 0.672588 0.672588 0.308626
    outer loop
      vertex 2.5749 2.85972 0.844042
      vertex 2.88852 2.60084 0.724747
      vertex 2.60084 2.88852 0.724747
    endloop
  endfacet
  facet normal 0.672588 0.672588 0.308626
    outer loop
      vertex 2.88852 2.60084 0.724747
      vertex 2.5749 2.85972 0.844042
      vertex 2.85972 2.5749 0.844042
    endloop
  endfacet
  facet normal 0.79773 0.518026 0.308669
    outer loop
      vertex 3.14456 2.28466 0.724747
      vertex 3.1132 2.26187 0.844042
      vertex 3.36614 1.94344 0.724747
    endloop
  endfacet
  facet normal 0.46797 0.577885 0.66862
    outer loop
      vertex 2.22501 3.06246 0.952671
      vertex 2.17567 2.99456 1.04589
      vertex 2.47677 2.75073 1.04589
    endloop
  endfacet
  facet normal 0.370221 0.457177 0.808657
    outer loop
      vertex 2.17567 2.99456 1.04589
      vertex 2.11603 2.91246 1.11961
      vertex 2.47677 2.75073 1.04589
    endloop
  endfacet
  facet normal 0.577881 0.467962 0.668629
    outer loop
      vertex 2.81311 2.53293 0.952671
      vertex 2.75073 2.47677 1.04589
      vertex 3.06246 2.22501 0.952671
    endloop
  endfacet
  facet normal 0.855645 0.135513 0.499507
    outer loop
      vertex 3.76404 0.80007 0.844042
      vertex 3.70269 0.78703 0.952671
      vertex 3.76467 0.395682 0.952671
    endloop
  endfacet
  facet normal 0.855634 0.135518 0.499525
    outer loop
      vertex 3.82705 0.402238 0.844042
      vertex 3.76404 0.80007 0.844042
      vertex 3.76467 0.395682 0.952671
    endloop
  endfacet
  facet normal 0.836796 0.224217 0.4995
    outer loop
      vertex 3.65979 1.18914 0.844042
      vertex 3.60014 1.16976 0.952671
      vertex 3.76404 0.80007 0.844042
    endloop
  endfacet
  facet normal 0.888014 0.34089 0.308585
    outer loop
      vertex 3.69665 1.20111 0.724747
      vertex 3.51544 1.56517 0.844042
      vertex 3.65979 1.18914 0.844042
    endloop
  endfacet
  facet normal 0.93948 0.148798 0.308604
    outer loop
      vertex 3.80195 0.808129 0.724747
      vertex 3.76404 0.80007 0.844042
      vertex 3.82705 0.402238 0.844042
    endloop
  endfacet
  facet normal 0.91878 0.246184 0.308604
    outer loop
      vertex 3.80195 0.808129 0.724747
      vertex 3.65979 1.18914 0.844042
      vertex 3.76404 0.80007 0.844042
    endloop
  endfacet
  facet normal 0.581029 0.0920299 0.808663
    outer loop
      vertex 3.62059 0.76958 1.04589
      vertex 3.52133 0.748482 1.11961
      vertex 3.58028 0.376302 1.11961
    endloop
  endfacet
  facet normal 0.568228 0.15226 0.808662
    outer loop
      vertex 3.52031 1.14382 1.04589
      vertex 3.4238 1.11246 1.11961
      vertex 3.62059 0.76958 1.04589
    endloop
  endfacet
  facet normal 0.316458 0.256274 0.913333
    outer loop
      vertex 2.91246 2.11603 1.11961
      vertex 2.59016 2.33219 1.17063
      vertex 2.81976 2.04867 1.17063
    endloop
  endfacet
  facet normal 0.847528 0.431829 0.308578
    outer loop
      vertex 3.36614 1.94344 0.724747
      vertex 3.33258 1.92406 0.844042
      vertex 3.51544 1.56517 0.844042
    endloop
  endfacet
  facet normal 0.0746072 0.194359 0.978089
    outer loop
      vertex 1.41764 3.18408 1.17063
      vertex 1.07705 3.31482 1.17063
      vertex 1.36774 3.07199 1.19671
    endloop
  endfacet
  facet normal 0.145933 0.380168 0.913332
    outer loop
      vertex 1.11246 3.4238 1.11961
      vertex 1.07705 3.31482 1.17063
      vertex 1.41764 3.18408 1.17063
    endloop
  endfacet
  facet normal -0.000917396 -0.00035208 1
    outer loop
      vertex -0.00951004 -0.0030899 1.2
      vertex -3.19813 -1.03914 1.19671
      vertex -0.00913525 -0.00406647 1.2
    endloop
  endfacet
  facet normal 0.000763537 0.000618524 1
    outer loop
      vertex 2.49899 2.2501 1.19671
      vertex 0.00743103 0.00669098 1.2
      vertex 0.00809002 0.00587749 1.2
    endloop
  endfacet
  facet normal 0.453991 -0.891006 0
    outer loop
      vertex 1.58627 -3.56283 0
      vertex 1.95 -3.3775 0.599999
      vertex 1.58627 -3.56283 0.599999
    endloop
  endfacet
  facet normal 0.453991 -0.891006 0
    outer loop
      vertex 1.95 -3.3775 0.599999
      vertex 1.58627 -3.56283 0
      vertex 1.95 -3.3775 0
    endloop
  endfacet
  facet normal 0.834085 -0.541659 0.104438
    outer loop
      vertex 3.36614 -1.94344 0.724747
      vertex 3.15517 -2.29236 0.599999
      vertex 3.3775 -1.95 0.599999
    endloop
  endfacet
  facet normal 0.928482 -0.356403 0.104393
    outer loop
      vertex 3.69665 -1.20111 0.724747
      vertex 3.55085 -1.58094 0.724747
      vertex 3.56283 -1.58627 0.599999
    endloop
  endfacet
  facet normal 0.337619 -0.662589 0.668572
    outer loop
      vertex 1.85074 -3.20557 1.04589
      vertex 1.50553 -3.38147 1.04589
      vertex 1.53966 -3.45814 0.952671
    endloop
  endfacet
  facet normal 0.337589 -0.662566 0.66861
    outer loop
      vertex 1.85074 -3.20557 1.04589
      vertex 1.53966 -3.45814 0.952671
      vertex 1.8927 -3.27826 0.952671
    endloop
  endfacet
  facet normal 0.393351 -0.105401 0.913327
    outer loop
      vertex 3.52133 -0.748482 1.11961
      vertex 3.40925 -0.724657 1.17063
      vertex 3.4238 -1.11246 1.11961
    endloop
  endfacet
  facet normal 0.393338 -0.105402 0.913332
    outer loop
      vertex 3.40925 -0.724657 1.17063
      vertex 3.31482 -1.07705 1.17063
      vertex 3.4238 -1.11246 1.11961
    endloop
  endfacet
  facet normal 0.694246 -0.266513 0.668575
    outer loop
      vertex 3.60014 -1.16976 0.952671
      vertex 3.38147 -1.50553 1.04589
      vertex 3.45814 -1.53966 0.952671
    endloop
  endfacet
  facet normal 0.662589 -0.337619 0.668572
    outer loop
      vertex 3.38147 -1.50553 1.04589
      vertex 3.20557 -1.85074 1.04589
      vertex 3.45814 -1.53966 0.952671
    endloop
  endfacet
  facet normal -0.772896 0.625894 0.104347
    outer loop
      vertex -2.89826 2.60961 0.599999
      vertex -3.15517 2.29236 0.599999
      vertex -2.88852 2.60084 0.724747
    endloop
  endfacet
  facet normal -0.673271 0.545189 0.499475
    outer loop
      vertex -2.85972 2.5749 0.844042
      vertex -3.1132 2.26187 0.844042
      vertex -3.06246 2.22501 0.952671
    endloop
  endfacet
  facet normal -0.707107 0.707107 0
    outer loop
      vertex -2.89826 2.60961 0
      vertex -2.60961 2.89826 0.599999
      vertex -2.60961 2.89826 0
    endloop
  endfacet
  facet normal -0.707107 0.707107 0
    outer loop
      vertex -2.60961 2.89826 0.599999
      vertex -2.89826 2.60961 0
      vertex -2.89826 2.60961 0.599999
    endloop
  endfacet
  facet normal -0.148789 0.939492 0.308571
    outer loop
      vertex -0.40629 3.86559 0.724747
      vertex -0.808129 3.80195 0.724747
      vertex -0.402238 3.82705 0.844042
    endloop
  endfacet
  facet normal -0.0497989 0.949897 0.30857
    outer loop
      vertex 0 3.88689 0.724747
      vertex -0.40629 3.86559 0.724747
      vertex -0.402238 3.82705 0.844042
    endloop
  endfacet
  facet normal -0.370222 0.45718 0.808655
    outer loop
      vertex -2.11603 2.91246 1.11961
      vertex -2.47677 2.75073 1.04589
      vertex -2.40887 2.67532 1.11961
    endloop
  endfacet
  facet normal -0.256258 0.316449 0.913341
    outer loop
      vertex -2.11603 2.91246 1.11961
      vertex -2.40887 2.67532 1.11961
      vertex -2.33219 2.59016 1.17063
    endloop
  endfacet
  facet normal -0.545189 0.673271 0.499475
    outer loop
      vertex -2.26187 3.1132 0.844042
      vertex -2.5749 2.85972 0.844042
      vertex -2.22501 3.06246 0.952671
    endloop
  endfacet
  facet normal -0.545186 0.673246 0.499512
    outer loop
      vertex -2.22501 3.06246 0.952671
      vertex -2.5749 2.85972 0.844042
      vertex -2.53293 2.81311 0.952671
    endloop
  endfacet
  facet normal -0.855645 -0.135513 0.499507
    outer loop
      vertex -3.70269 -0.78703 0.952671
      vertex -3.76467 -0.395682 0.952671
      vertex -3.76404 -0.80007 0.844042
    endloop
  endfacet
  facet normal -0.855634 -0.135518 0.499525
    outer loop
      vertex -3.76467 -0.395682 0.952671
      vertex -3.82705 -0.402238 0.844042
      vertex -3.76404 -0.80007 0.844042
    endloop
  endfacet
  facet normal -0.888003 -0.340865 0.308644
    outer loop
      vertex -3.51544 -1.56517 0.844042
      vertex -3.69665 -1.20111 0.724747
      vertex -3.55085 -1.58094 0.724747
    endloop
  endfacet
  facet normal -0.928482 -0.356403 0.104393
    outer loop
      vertex -3.55085 -1.58094 0.724747
      vertex -3.69665 -1.20111 0.724747
      vertex -3.56283 -1.58627 0.599999
    endloop
  endfacet
  facet normal -0.45718 -0.370222 0.808655
    outer loop
      vertex -2.67532 -2.40887 1.11961
      vertex -2.91246 -2.11603 1.11961
      vertex -2.75073 -2.47677 1.04589
    endloop
  endfacet
  facet normal -0.493372 -0.320396 0.80866
    outer loop
      vertex -3.11769 -1.8 1.11961
      vertex -3.20557 -1.85074 1.04589
      vertex -2.91246 -2.11603 1.11961
    endloop
  endfacet
  facet normal -0.316449 -0.256258 0.913341
    outer loop
      vertex -2.59016 -2.33219 1.17063
      vertex -2.91246 -2.11603 1.11961
      vertex -2.67532 -2.40887 1.11961
    endloop
  endfacet
  facet normal -0.316458 -0.256274 0.913333
    outer loop
      vertex -2.81976 -2.04867 1.17063
      vertex -2.91246 -2.11603 1.11961
      vertex -2.59016 -2.33219 1.17063
    endloop
  endfacet
  facet normal -0.0637071 0.402214 0.913327
    outer loop
      vertex -0.376302 3.58028 1.11961
      vertex -0.748482 3.52133 1.11961
      vertex -0.724657 3.40925 1.17063
    endloop
  endfacet
  facet normal -0.0389238 0.742601 0.668602
    outer loop
      vertex 0 3.70148 1.04589
      vertex -0.395682 3.76467 0.952671
      vertex -0.386909 3.6812 1.04589
    endloop
  endfacet
  facet normal 0.0637018 0.402204 0.913331
    outer loop
      vertex 0.376302 3.58028 1.11961
      vertex 0.364325 3.46632 1.17063
      vertex 0.724657 3.40925 1.17063
    endloop
  endfacet
  facet normal 0.0920299 0.581029 0.808663
    outer loop
      vertex 0.76958 3.62059 1.04589
      vertex 0.376302 3.58028 1.11961
      vertex 0.748482 3.52133 1.11961
    endloop
  endfacet
  facet normal -0.0213083 0.40666 0.913331
    outer loop
      vertex 0 3.48541 1.17063
      vertex -0.376302 3.58028 1.11961
      vertex -0.364325 3.46632 1.17063
    endloop
  endfacet
  facet normal -0.0213105 0.406653 0.913334
    outer loop
      vertex 0 3.6 1.11961
      vertex -0.376302 3.58028 1.11961
      vertex 0 3.48541 1.17063
    endloop
  endfacet
  facet normal 0 0 1
    outer loop
      vertex 0.00994492 0.00104523 1.2
      vertex 0.00994492 -0.00104523 1.2
      vertex 0.00999928 0 1.2
    endloop
  endfacet
  facet normal 0 0 1
    outer loop
      vertex 0.00978088 0.00207901 1.2
      vertex 0.00994492 -0.00104523 1.2
      vertex 0.00994492 0.00104523 1.2
    endloop
  endfacet
  facet normal 0 0 1
    outer loop
      vertex 0.00978088 0.00207901 1.2
      vertex 0.00978088 -0.00207901 1.2
      vertex 0.00994492 -0.00104523 1.2
    endloop
  endfacet
  facet normal 0 0 1
    outer loop
      vertex 0.00951004 0.0030899 1.2
      vertex 0.00978088 -0.00207901 1.2
      vertex 0.00978088 0.00207901 1.2
    endloop
  endfacet
  facet normal 0 0 1
    outer loop
      vertex 0.00951004 0.0030899 1.2
      vertex 0.00951004 -0.0030899 1.2
      vertex 0.00978088 -0.00207901 1.2
    endloop
  endfacet
  facet normal 0 0 1
    outer loop
      vertex 0.00913525 0.00406647 1.2
      vertex 0.00951004 -0.0030899 1.2
      vertex 0.00951004 0.0030899 1.2
    endloop
  endfacet
  facet normal 0 0 1
    outer loop
      vertex 0.00913525 0.00406647 1.2
      vertex 0.00913525 -0.00406647 1.2
      vertex 0.00951004 -0.0030899 1.2
    endloop
  endfacet
  facet normal 0 0 1
    outer loop
      vertex 0.00865936 0.00499916 1.2
      vertex 0.00913525 -0.00406647 1.2
      vertex 0.00913525 0.00406647 1.2
    endloop
  endfacet
  facet normal 0 0 1
    outer loop
      vertex 0.00865936 0.00499916 1.2
      vertex 0.00865936 -0.00499916 1.2
      vertex 0.00913525 -0.00406647 1.2
    endloop
  endfacet
  facet normal 0 0 1
    outer loop
      vertex 0.00809002 0.00587749 1.2
      vertex 0.00865936 -0.00499916 1.2
      vertex 0.00865936 0.00499916 1.2
    endloop
  endfacet
  facet normal 0 0 1
    outer loop
      vertex 0.00809002 0.00587749 1.2
      vertex 0.00809002 -0.00587749 1.2
      vertex 0.00865936 -0.00499916 1.2
    endloop
  endfacet
  facet normal 0 0 1
    outer loop
      vertex 0.00743103 0.00669098 1.2
      vertex 0.00809002 -0.00587749 1.2
      vertex 0.00809002 0.00587749 1.2
    endloop
  endfacet
  facet normal 0 0 1
    outer loop
      vertex 0.00743103 0.00669098 1.2
      vertex 0.00743103 -0.00669098 1.2
      vertex 0.00809002 -0.00587749 1.2
    endloop
  endfacet
  facet normal 0 0 1
    outer loop
      vertex 0.00669098 0.00743103 1.2
      vertex 0.00743103 -0.00669098 1.2
      vertex 0.00743103 0.00669098 1.2
    endloop
  endfacet
  facet normal 0 0 1
    outer loop
      vertex 0.00669098 0.00743103 1.2
      vertex 0.00669098 -0.00743103 1.2
      vertex 0.00743103 -0.00669098 1.2
    endloop
  endfacet
  facet normal 0 0 1
    outer loop
      vertex 0.00587749 0.00809002 1.2
      vertex 0.00669098 -0.00743103 1.2
      vertex 0.00669098 0.00743103 1.2
    endloop
  endfacet
  facet normal 0 0 1
    outer loop
      vertex 0.00587749 0.00809002 1.2
      vertex 0.00587749 -0.00809002 1.2
      vertex 0.00669098 -0.00743103 1.2
    endloop
  endfacet
  facet normal 0 0 1
    outer loop
      vertex 0.00499916 0.00865936 1.2
      vertex 0.00587749 -0.00809002 1.2
      vertex 0.00587749 0.00809002 1.2
    endloop
  endfacet
  facet normal 0 0 1
    outer loop
      vertex 0.00499916 0.00865936 1.2
      vertex 0.00499916 -0.00865936 1.2
      vertex 0.00587749 -0.00809002 1.2
    endloop
  endfacet
  facet normal 0 0 1
    outer loop
      vertex 0.00406647 0.00913525 1.2
      vertex 0.00499916 -0.00865936 1.2
      vertex 0.00499916 0.00865936 1.2
    endloop
  endfacet
  facet normal 0 0 1
    outer loop
      vertex 0.00406647 0.00913525 1.2
      vertex 0.00406647 -0.00913525 1.2
      vertex 0.00499916 -0.00865936 1.2
    endloop
  endfacet
  facet normal 0 0 1
    outer loop
      vertex 0.0030899 0.00951004 1.2
      vertex 0.00406647 -0.00913525 1.2
      vertex 0.00406647 0.00913525 1.2
    endloop
  endfacet
  facet normal 0 0 1
    outer loop
      vertex 0.0030899 0.00951004 1.2
      vertex 0.0030899 -0.00951004 1.2
      vertex 0.00406647 -0.00913525 1.2
    endloop
  endfacet
  facet normal 0 0 1
    outer loop
      vertex 0.00207901 0.00978088 1.2
      vertex 0.0030899 -0.00951004 1.2
      vertex 0.0030899 0.00951004 1.2
    endloop
  endfacet
  facet normal 0 0 1
    outer loop
      vertex 0.00207901 0.00978088 1.2
      vertex 0.00207901 -0.00978088 1.2
      vertex 0.0030899 -0.00951004 1.2
    endloop
  endfacet
  facet normal 0 0 1
    outer loop
      vertex 0.00104523 0.00994492 1.2
      vertex 0.00207901 -0.00978088 1.2
      vertex 0.00207901 0.00978088 1.2
    endloop
  endfacet
  facet normal 0 0 1
    outer loop
      vertex 0.00104523 0.00994492 1.2
      vertex 0.00104523 -0.00994492 1.2
      vertex 0.00207901 -0.00978088 1.2
    endloop
  endfacet
  facet normal 0 0 1
    outer loop
      vertex 0 0.00999928 1.2
      vertex 0.00104523 -0.00994492 1.2
      vertex 0.00104523 0.00994492 1.2
    endloop
  endfacet
  facet normal 0 0 1
    outer loop
      vertex 0 0.00999928 1.2
      vertex 0 -0.00999928 1.2
      vertex 0.00104523 -0.00994492 1.2
    endloop
  endfacet
  facet normal -0 0 1
    outer loop
      vertex -0.00104523 0.00994492 1.2
      vertex 0 -0.00999928 1.2
      vertex 0 0.00999928 1.2
    endloop
  endfacet
  facet normal 0 0 1
    outer loop
      vertex -0.00104523 0.00994492 1.2
      vertex -0.00104523 -0.00994492 1.2
      vertex 0 -0.00999928 1.2
    endloop
  endfacet
  facet normal -0 0 1
    outer loop
      vertex -0.00207901 0.00978088 1.2
      vertex -0.00104523 -0.00994492 1.2
      vertex -0.00104523 0.00994492 1.2
    endloop
  endfacet
  facet normal 0 0 1
    outer loop
      vertex -0.00207901 0.00978088 1.2
      vertex -0.00207901 -0.00978088 1.2
      vertex -0.00104523 -0.00994492 1.2
    endloop
  endfacet
  facet normal -0 0 1
    outer loop
      vertex -0.0030899 0.00951004 1.2
      vertex -0.00207901 -0.00978088 1.2
      vertex -0.00207901 0.00978088 1.2
    endloop
  endfacet
  facet normal 0 0 1
    outer loop
      vertex -0.0030899 0.00951004 1.2
      vertex -0.0030899 -0.00951004 1.2
      vertex -0.00207901 -0.00978088 1.2
    endloop
  endfacet
  facet normal -0 0 1
    outer loop
      vertex -0.00406647 0.00913525 1.2
      vertex -0.0030899 -0.00951004 1.2
      vertex -0.0030899 0.00951004 1.2
    endloop
  endfacet
  facet normal 0 0 1
    outer loop
      vertex -0.00406647 0.00913525 1.2
      vertex -0.00406647 -0.00913525 1.2
      vertex -0.0030899 -0.00951004 1.2
    endloop
  endfacet
  facet normal -0 0 1
    outer loop
      vertex -0.00499916 0.00865936 1.2
      vertex -0.00406647 -0.00913525 1.2
      vertex -0.00406647 0.00913525 1.2
    endloop
  endfacet
  facet normal 0 0 1
    outer loop
      vertex -0.00499916 0.00865936 1.2
      vertex -0.00499916 -0.00865936 1.2
      vertex -0.00406647 -0.00913525 1.2
    endloop
  endfacet
  facet normal -0 0 1
    outer loop
      vertex -0.00587749 0.00809002 1.2
      vertex -0.00499916 -0.00865936 1.2
      vertex -0.00499916 0.00865936 1.2
    endloop
  endfacet
  facet normal 0 0 1
    outer loop
      vertex -0.00587749 0.00809002 1.2
      vertex -0.00587749 -0.00809002 1.2
      vertex -0.00499916 -0.00865936 1.2
    endloop
  endfacet
  facet normal -0 0 1
    outer loop
      vertex -0.00669098 0.00743103 1.2
      vertex -0.00587749 -0.00809002 1.2
      vertex -0.00587749 0.00809002 1.2
    endloop
  endfacet
  facet normal 0 0 1
    outer loop
      vertex -0.00669098 0.00743103 1.2
      vertex -0.00669098 -0.00743103 1.2
      vertex -0.00587749 -0.00809002 1.2
    endloop
  endfacet
  facet normal -0 0 1
    outer loop
      vertex -0.00743103 0.00669098 1.2
      vertex -0.00669098 -0.00743103 1.2
      vertex -0.00669098 0.00743103 1.2
    endloop
  endfacet
  facet normal 0 0 1
    outer loop
      vertex -0.00743103 0.00669098 1.2
      vertex -0.00743103 -0.00669098 1.2
      vertex -0.00669098 -0.00743103 1.2
    endloop
  endfacet
  facet normal -0 0 1
    outer loop
      vertex -0.00809002 0.00587749 1.2
      vertex -0.00743103 -0.00669098 1.2
      vertex -0.00743103 0.00669098 1.2
    endloop
  endfacet
  facet normal 0 0 1
    outer loop
      vertex -0.00809002 0.00587749 1.2
      vertex -0.00809002 -0.00587749 1.2
      vertex -0.00743103 -0.00669098 1.2
    endloop
  endfacet
  facet normal -0 0 1
    outer loop
      vertex -0.00865936 0.00499916 1.2
      vertex -0.00809002 -0.00587749 1.2
      vertex -0.00809002 0.00587749 1.2
    endloop
  endfacet
  facet normal 0 0 1
    outer loop
      vertex -0.00865936 0.00499916 1.2
      vertex -0.00865936 -0.00499916 1.2
      vertex -0.00809002 -0.00587749 1.2
    endloop
  endfacet
  facet normal -0 0 1
    outer loop
      vertex -0.00913525 0.00406647 1.2
      vertex -0.00865936 -0.00499916 1.2
      vertex -0.00865936 0.00499916 1.2
    endloop
  endfacet
  facet normal 0 0 1
    outer loop
      vertex -0.00913525 0.00406647 1.2
      vertex -0.00913525 -0.00406647 1.2
      vertex -0.00865936 -0.00499916 1.2
    endloop
  endfacet
  facet normal -0 0 1
    outer loop
      vertex -0.00951004 0.0030899 1.2
      vertex -0.00913525 -0.00406647 1.2
      vertex -0.00913525 0.00406647 1.2
    endloop
  endfacet
  facet normal 0 0 1
    outer loop
      vertex -0.00951004 0.0030899 1.2
      vertex -0.00951004 -0.0030899 1.2
      vertex -0.00913525 -0.00406647 1.2
    endloop
  endfacet
  facet normal -0 0 1
    outer loop
      vertex -0.00978088 0.00207901 1.2
      vertex -0.00951004 -0.0030899 1.2
      vertex -0.00951004 0.0030899 1.2
    endloop
  endfacet
  facet normal 0 0 1
    outer loop
      vertex -0.00978088 0.00207901 1.2
      vertex -0.00978088 -0.00207901 1.2
      vertex -0.00951004 -0.0030899 1.2
    endloop
  endfacet
  facet normal -0 0 1
    outer loop
      vertex -0.00994492 0.00104523 1.2
      vertex -0.00978088 -0.00207901 1.2
      vertex -0.00978088 0.00207901 1.2
    endloop
  endfacet
  facet normal 0 0 1
    outer loop
      vertex -0.00994492 0.00104523 1.2
      vertex -0.00994492 -0.00104523 1.2
      vertex -0.00978088 -0.00207901 1.2
    endloop
  endfacet
  facet normal 0 -0 1
    outer loop
      vertex -0.00994492 -0.00104523 1.2
      vertex -0.00994492 0.00104523 1.2
      vertex -0.00999928 0 1.2
    endloop
  endfacet
  facet normal -0.000153996 -0.000970484 1
    outer loop
      vertex -0.00207901 -0.00978088 1.2
      vertex -0.699148 -3.28923 1.19671
      vertex -0.00104523 -0.00994492 1.2
    endloop
  endfacet
  facet normal 0.00069483 -0.00069483 1
    outer loop
      vertex 0.00743103 -0.00669098 1.2
      vertex 2.2501 -2.49899 1.19671
      vertex 2.49899 -2.2501 1.19671
    endloop
  endfacet
  facet normal 0.00069483 -0.00069483 1
    outer loop
      vertex 2.2501 -2.49899 1.19671
      vertex 0.00743103 -0.00669098 1.2
      vertex 0.00669098 -0.00743103 1.2
    endloop
  endfacet
  facet normal 0.000618524 -0.000763537 1
    outer loop
      vertex 0.00669098 -0.00743103 1.2
      vertex 0.00587749 -0.00809002 1.2
      vertex 2.2501 -2.49899 1.19671
    endloop
  endfacet
  facet normal -0.00069483 0.00069483 1
    outer loop
      vertex -2.2501 2.49899 1.19671
      vertex -0.00743103 0.00669098 1.2
      vertex -0.00669098 0.00743103 1.2
    endloop
  endfacet
  facet normal -0.00069483 0.00069483 1
    outer loop
      vertex -0.00743103 0.00669098 1.2
      vertex -2.2501 2.49899 1.19671
      vertex -2.49899 2.2501 1.19671
    endloop
  endfacet
  facet normal 0.145933 -0.380168 0.913332
    outer loop
      vertex 1.41764 -3.18408 1.17063
      vertex 1.07705 -3.31482 1.17063
      vertex 1.11246 -3.4238 1.11961
    endloop
  endfacet
  facet normal 0.0746072 -0.194359 0.978089
    outer loop
      vertex 1.36774 -3.07199 1.19671
      vertex 1.07705 -3.31482 1.17063
      vertex 1.41764 -3.18408 1.17063
    endloop
  endfacet
  facet normal 0.28793 -0.28793 0.913341
    outer loop
      vertex 2.59016 -2.33219 1.17063
      vertex 2.40887 -2.67532 1.11961
      vertex 2.67532 -2.40887 1.11961
    endloop
  endfacet
  facet normal 0.28793 -0.28793 0.913341
    outer loop
      vertex 2.40887 -2.67532 1.11961
      vertex 2.59016 -2.33219 1.17063
      vertex 2.33219 -2.59016 1.17063
    endloop
  endfacet
  facet normal 0.256274 -0.316458 0.913333
    outer loop
      vertex 2.33219 -2.59016 1.17063
      vertex 2.04867 -2.81976 1.17063
      vertex 2.11603 -2.91246 1.11961
    endloop
  endfacet
  facet normal 0.256258 -0.316449 0.913341
    outer loop
      vertex 2.33219 -2.59016 1.17063
      vertex 2.11603 -2.91246 1.11961
      vertex 2.40887 -2.67532 1.11961
    endloop
  endfacet
  facet normal 0.11633 -0.734465 0.668602
    outer loop
      vertex 0.76958 -3.62059 1.04589
      vertex 0.386909 -3.6812 1.04589
      vertex 0.395682 -3.76467 0.952671
    endloop
  endfacet
  facet normal 0.0920284 -0.581036 0.808658
    outer loop
      vertex 0.76958 -3.62059 1.04589
      vertex 0.376302 -3.58028 1.11961
      vertex 0.386909 -3.6812 1.04589
    endloop
  endfacet
  facet normal 0.184876 0.362831 0.913332
    outer loop
      vertex 1.46425 3.28876 1.11961
      vertex 1.41764 3.18408 1.17063
      vertex 1.7427 3.01845 1.17063
    endloop
  endfacet
  facet normal 0.267069 0.524161 0.808659
    outer loop
      vertex 1.85074 3.20557 1.04589
      vertex 1.46425 3.28876 1.11961
      vertex 1.8 3.11769 1.11961
    endloop
  endfacet
  facet normal 0.772896 0.625894 0.104347
    outer loop
      vertex 2.89826 2.60961 0.599999
      vertex 2.88852 2.60084 0.724747
      vertex 3.15517 2.29236 0.599999
    endloop
  endfacet
  facet normal 0.928482 0.356403 0.104393
    outer loop
      vertex 3.56283 1.58627 0.599999
      vertex 3.55085 1.58094 0.724747
      vertex 3.69665 1.20111 0.724747
    endloop
  endfacet
  facet normal 0.886131 0.451524 0.10439
    outer loop
      vertex 3.56283 1.58627 0.599999
      vertex 3.36614 1.94344 0.724747
      vertex 3.55085 1.58094 0.724747
    endloop
  endfacet
  facet normal 0.771885 0.393287 0.499519
    outer loop
      vertex 3.33258 1.92406 0.844042
      vertex 3.27826 1.8927 0.952671
      vertex 3.51544 1.56517 0.844042
    endloop
  endfacet
  facet normal 0.72654 0.471828 0.499518
    outer loop
      vertex 3.33258 1.92406 0.844042
      vertex 3.1132 2.26187 0.844042
      vertex 3.27826 1.8927 0.952671
    endloop
  endfacet
  facet normal 0.939492 0.148789 0.308571
    outer loop
      vertex 3.86559 0.40629 0.724747
      vertex 3.80195 0.808129 0.724747
      vertex 3.82705 0.402238 0.844042
    endloop
  endfacet
  facet normal 0.98229 0.155567 0.104425
    outer loop
      vertex 3.81478 0.810855 0.599999
      vertex 3.80195 0.808129 0.724747
      vertex 3.86559 0.40629 0.724747
    endloop
  endfacet
  facet normal 0.185512 0.0945189 0.978086
    outer loop
      vertex 3.01845 1.7427 1.17063
      vertex 2.9122 1.68136 1.19671
      vertex 3.07199 1.36774 1.19671
    endloop
  endfacet
  facet normal 0.568227 0.15226 0.808662
    outer loop
      vertex 3.62059 0.76958 1.04589
      vertex 3.4238 1.11246 1.11961
      vertex 3.52133 0.748482 1.11961
    endloop
  endfacet
  facet normal 0.662566 0.337589 0.66861
    outer loop
      vertex 3.27826 1.8927 0.952671
      vertex 3.20557 1.85074 1.04589
      vertex 3.45814 1.53966 0.952671
    endloop
  endfacet
  facet normal 0.673271 0.545189 0.499475
    outer loop
      vertex 3.1132 2.26187 0.844042
      vertex 2.85972 2.5749 0.844042
      vertex 3.06246 2.22501 0.952671
    endloop
  endfacet
  facet normal 0.362818 0.184861 0.91334
    outer loop
      vertex 3.11769 1.8 1.11961
      vertex 3.01845 1.7427 1.17063
      vertex 3.28876 1.46425 1.11961
    endloop
  endfacet
  facet normal 0.380168 0.145933 0.913332
    outer loop
      vertex 3.4238 1.11246 1.11961
      vertex 3.18408 1.41764 1.17063
      vertex 3.31482 1.07705 1.17063
    endloop
  endfacet
  facet normal 0.797738 -0.518066 0.308581
    outer loop
      vertex 3.33258 -1.92406 0.844042
      vertex 3.1132 -2.26187 0.844042
      vertex 3.36614 -1.94344 0.724747
    endloop
  endfacet
  facet normal 0.79773 -0.518026 0.308669
    outer loop
      vertex 3.36614 -1.94344 0.724747
      vertex 3.1132 -2.26187 0.844042
      vertex 3.14456 -2.28466 0.724747
    endloop
  endfacet
  facet normal 0.362831 -0.184876 0.913332
    outer loop
      vertex 3.18408 -1.41764 1.17063
      vertex 3.01845 -1.7427 1.17063
      vertex 3.28876 -1.46425 1.11961
    endloop
  endfacet
  facet normal 0.362818 -0.184861 0.91334
    outer loop
      vertex 3.28876 -1.46425 1.11961
      vertex 3.01845 -1.7427 1.17063
      vertex 3.11769 -1.8 1.11961
    endloop
  endfacet
  facet normal 0.694201 -0.266464 0.668642
    outer loop
      vertex 3.52031 -1.14382 1.04589
      vertex 3.38147 -1.50553 1.04589
      vertex 3.60014 -1.16976 0.952671
    endloop
  endfacet
  facet normal 0.718247 -0.192459 0.668641
    outer loop
      vertex 3.62059 -0.76958 1.04589
      vertex 3.52031 -1.14382 1.04589
      vertex 3.60014 -1.16976 0.952671
    endloop
  endfacet
  facet normal 0.808758 -0.310472 0.499517
    outer loop
      vertex 3.60014 -1.16976 0.952671
      vertex 3.45814 -1.53966 0.952671
      vertex 3.51544 -1.56517 0.844042
    endloop
  endfacet
  facet normal 0.662566 -0.337589 0.66861
    outer loop
      vertex 3.45814 -1.53966 0.952671
      vertex 3.20557 -1.85074 1.04589
      vertex 3.27826 -1.8927 0.952671
    endloop
  endfacet
  facet normal 0.847498 -0.431838 0.308647
    outer loop
      vertex 3.51544 -1.56517 0.844042
      vertex 3.36614 -1.94344 0.724747
      vertex 3.55085 -1.58094 0.724747
    endloop
  endfacet
  facet normal 0.888003 -0.340865 0.308644
    outer loop
      vertex 3.69665 -1.20111 0.724747
      vertex 3.51544 -1.56517 0.844042
      vertex 3.55085 -1.58094 0.724747
    endloop
  endfacet
  facet normal -0.739217 0.598591 0.308621
    outer loop
      vertex -2.88852 2.60084 0.724747
      vertex -3.1132 2.26187 0.844042
      vertex -2.85972 2.5749 0.844042
    endloop
  endfacet
  facet normal -0.772899 0.625887 0.104369
    outer loop
      vertex -2.88852 2.60084 0.724747
      vertex -3.15517 2.29236 0.599999
      vertex -3.14456 2.28466 0.724747
    endloop
  endfacet
  facet normal -0.739194 0.598593 0.308672
    outer loop
      vertex -2.88852 2.60084 0.724747
      vertex -3.14456 2.28466 0.724747
      vertex -3.1132 2.26187 0.844042
    endloop
  endfacet
  facet normal -0.404995 0.623643 0.668617
    outer loop
      vertex -1.85074 3.20557 1.04589
      vertex -2.22501 3.06246 0.952671
      vertex -2.17567 2.99456 1.04589
    endloop
  endfacet
  facet normal -0.46797 0.577885 0.66862
    outer loop
      vertex -2.22501 3.06246 0.952671
      vertex -2.47677 2.75073 1.04589
      vertex -2.17567 2.99456 1.04589
    endloop
  endfacet
  facet normal 0.0637071 0.402214 0.913327
    outer loop
      vertex 0.748482 3.52133 1.11961
      vertex 0.376302 3.58028 1.11961
      vertex 0.724657 3.40925 1.17063
    endloop
  endfacet
  facet normal 0.105401 0.393351 0.913327
    outer loop
      vertex 0.748482 3.52133 1.11961
      vertex 0.724657 3.40925 1.17063
      vertex 1.11246 3.4238 1.11961
    endloop
  endfacet
  facet normal 0.000763663 -0.000618384 1
    outer loop
      vertex 2.7205 -1.97655 1.19671
      vertex 0.00809002 -0.00587749 1.2
      vertex 2.49899 -2.2501 1.19671
    endloop
  endfacet
  facet normal 0.000824526 -0.000534464 1
    outer loop
      vertex 0.00865936 -0.00499916 1.2
      vertex 0.00809002 -0.00587749 1.2
      vertex 2.9122 -1.68136 1.19671
    endloop
  endfacet
  facet normal 0.370222 -0.45718 0.808655
    outer loop
      vertex 2.40887 -2.67532 1.11961
      vertex 2.11603 -2.91246 1.11961
      vertex 2.47677 -2.75073 1.04589
    endloop
  endfacet
  facet normal 0.415979 -0.415979 0.808655
    outer loop
      vertex 2.67532 -2.40887 1.11961
      vertex 2.47677 -2.75073 1.04589
      vertex 2.75073 -2.47677 1.04589
    endloop
  endfacet
  facet normal 0.415979 -0.415979 0.808655
    outer loop
      vertex 2.47677 -2.75073 1.04589
      vertex 2.67532 -2.40887 1.11961
      vertex 2.40887 -2.67532 1.11961
    endloop
  endfacet
  facet normal 0.221768 0.341509 0.91334
    outer loop
      vertex 1.8 3.11769 1.11961
      vertex 1.7427 3.01845 1.17063
      vertex 2.04867 2.81976 1.17063
    endloop
  endfacet
  facet normal 0.221783 0.34152 0.913333
    outer loop
      vertex 2.11603 2.91246 1.11961
      vertex 1.8 3.11769 1.11961
      vertex 2.04867 2.81976 1.17063
    endloop
  endfacet
  facet normal 0.739217 0.598591 0.308621
    outer loop
      vertex 2.88852 2.60084 0.724747
      vertex 2.85972 2.5749 0.844042
      vertex 3.1132 2.26187 0.844042
    endloop
  endfacet
  facet normal 0.771886 0.393289 0.499516
    outer loop
      vertex 3.51544 1.56517 0.844042
      vertex 3.27826 1.8927 0.952671
      vertex 3.45814 1.53966 0.952671
    endloop
  endfacet
  facet normal 0.80877 0.31047 0.499499
    outer loop
      vertex 3.65979 1.18914 0.844042
      vertex 3.51544 1.56517 0.844042
      vertex 3.60014 1.16976 0.952671
    endloop
  endfacet
  facet normal 0.673246 0.545186 0.499512
    outer loop
      vertex 2.85972 2.5749 0.844042
      vertex 2.81311 2.53293 0.952671
      vertex 3.06246 2.22501 0.952671
    endloop
  endfacet
  facet normal 0.493372 0.320397 0.808659
    outer loop
      vertex 2.99456 2.17567 1.04589
      vertex 2.91246 2.11603 1.11961
      vertex 3.20557 1.85074 1.04589
    endloop
  endfacet
  facet normal 0.38017 0.145934 0.913331
    outer loop
      vertex 3.28876 1.46425 1.11961
      vertex 3.18408 1.41764 1.17063
      vertex 3.4238 1.11246 1.11961
    endloop
  endfacet
  facet normal 0.549204 0.210808 0.808663
    outer loop
      vertex 3.52031 1.14382 1.04589
      vertex 3.38147 1.50553 1.04589
      vertex 3.4238 1.11246 1.11961
    endloop
  endfacet
  facet normal 0.888003 0.340865 0.308644
    outer loop
      vertex 3.55085 1.58094 0.724747
      vertex 3.51544 1.56517 0.844042
      vertex 3.69665 1.20111 0.724747
    endloop
  endfacet
  facet normal 0.847498 0.431838 0.308647
    outer loop
      vertex 3.55085 1.58094 0.724747
      vertex 3.36614 1.94344 0.724747
      vertex 3.51544 1.56517 0.844042
    endloop
  endfacet
  facet normal 0.393351 0.105401 0.913327
    outer loop
      vertex 3.4238 1.11246 1.11961
      vertex 3.40925 0.724657 1.17063
      vertex 3.52133 0.748482 1.11961
    endloop
  endfacet
  facet normal 0.402214 0.0637071 0.913327
    outer loop
      vertex 3.52133 0.748482 1.11961
      vertex 3.40925 0.724657 1.17063
      vertex 3.58028 0.376302 1.11961
    endloop
  endfacet
  facet normal 0.623643 0.404995 0.668617
    outer loop
      vertex 3.06246 2.22501 0.952671
      vertex 2.99456 2.17567 1.04589
      vertex 3.20557 1.85074 1.04589
    endloop
  endfacet
  facet normal 0.493372 0.320396 0.80866
    outer loop
      vertex 3.20557 1.85074 1.04589
      vertex 2.91246 2.11603 1.11961
      vertex 3.11769 1.8 1.11961
    endloop
  endfacet
  facet normal 0.194359 0.0746072 0.978089
    outer loop
      vertex 3.18408 1.41764 1.17063
      vertex 3.07199 1.36774 1.19671
      vertex 3.31482 1.07705 1.17063
    endloop
  endfacet
  facet normal 0.194362 0.0746099 0.978088
    outer loop
      vertex 3.31482 1.07705 1.17063
      vertex 3.07199 1.36774 1.19671
      vertex 3.19813 1.03914 1.19671
    endloop
  endfacet
  facet normal 0.524125 0.267065 0.808683
    outer loop
      vertex 3.38147 1.50553 1.04589
      vertex 3.20557 1.85074 1.04589
      vertex 3.28876 1.46425 1.11961
    endloop
  endfacet
  facet normal 0.524161 0.267069 0.808659
    outer loop
      vertex 3.20557 1.85074 1.04589
      vertex 3.11769 1.8 1.11961
      vertex 3.28876 1.46425 1.11961
    endloop
  endfacet
  facet normal 0.341509 0.221768 0.91334
    outer loop
      vertex 3.11769 1.8 1.11961
      vertex 2.81976 2.04867 1.17063
      vertex 3.01845 1.7427 1.17063
    endloop
  endfacet
  facet normal 0.174617 0.113392 0.978086
    outer loop
      vertex 3.01845 1.7427 1.17063
      vertex 2.81976 2.04867 1.17063
      vertex 2.9122 1.68136 1.19671
    endloop
  endfacet
  facet normal -0.598593 0.739194 0.308672
    outer loop
      vertex -2.28466 3.14456 0.724747
      vertex -2.60084 2.88852 0.724747
      vertex -2.26187 3.1132 0.844042
    endloop
  endfacet
  facet normal -0.518026 0.79773 0.308669
    outer loop
      vertex -1.94344 3.36614 0.724747
      vertex -2.28466 3.14456 0.724747
      vertex -2.26187 3.1132 0.844042
    endloop
  endfacet
  facet normal -0.673246 0.545186 0.499512
    outer loop
      vertex -2.85972 2.5749 0.844042
      vertex -3.06246 2.22501 0.952671
      vertex -2.81311 2.53293 0.952671
    endloop
  endfacet
  facet normal -0.612571 0.612571 0.499513
    outer loop
      vertex -2.5749 2.85972 0.844042
      vertex -2.81311 2.53293 0.952671
      vertex -2.53293 2.81311 0.952671
    endloop
  endfacet
  facet normal -0.612571 0.612571 0.499513
    outer loop
      vertex -2.81311 2.53293 0.952671
      vertex -2.5749 2.85972 0.844042
      vertex -2.85972 2.5749 0.844042
    endloop
  endfacet
  facet normal 0.000763537 -0.000618524 1
    outer loop
      vertex 0.00809002 -0.00587749 1.2
      vertex 0.00743103 -0.00669098 1.2
      vertex 2.49899 -2.2501 1.19671
    endloop
  endfacet
  facet normal 0.415979 0.415979 0.808655
    outer loop
      vertex 2.47677 2.75073 1.04589
      vertex 2.67532 2.40887 1.11961
      vertex 2.75073 2.47677 1.04589
    endloop
  endfacet
  facet normal 0.415979 0.415979 0.808655
    outer loop
      vertex 2.67532 2.40887 1.11961
      vertex 2.47677 2.75073 1.04589
      vertex 2.40887 2.67532 1.11961
    endloop
  endfacet
  facet normal 0.662589 0.337619 0.668572
    outer loop
      vertex 3.45814 1.53966 0.952671
      vertex 3.20557 1.85074 1.04589
      vertex 3.38147 1.50553 1.04589
    endloop
  endfacet
  facet normal 0.694246 0.266513 0.668575
    outer loop
      vertex 3.45814 1.53966 0.952671
      vertex 3.38147 1.50553 1.04589
      vertex 3.60014 1.16976 0.952671
    endloop
  endfacet
  facet normal 0.577885 0.46797 0.66862
    outer loop
      vertex 3.06246 2.22501 0.952671
      vertex 2.75073 2.47677 1.04589
      vertex 2.99456 2.17567 1.04589
    endloop
  endfacet
  facet normal 0.457177 0.370221 0.808657
    outer loop
      vertex 2.99456 2.17567 1.04589
      vertex 2.75073 2.47677 1.04589
      vertex 2.91246 2.11603 1.11961
    endloop
  endfacet
  facet normal 0.156247 0.986458 -0.0498695
    outer loop
      vertex 0.665317 3.13007 -4
      vertex 0.334491 3.18247 -4
      vertex 0.7069 3.3257 0
    endloop
  endfacet
  facet normal -0.889901 -0.453419 -0.0498687
    outer loop
      vertex -2.77128 -1.6 -4
      vertex -3.10605 -1.3829 0
      vertex -2.92334 -1.30156 -4
    endloop
  endfacet
  facet normal -0.776168 -0.628551 -0.049871
    outer loop
      vertex -2.52669 -2.27504 0
      vertex -2.75066 -1.99847 0
      vertex -2.58885 -1.88091 -4
    endloop
  endfacet
  facet normal -0.628551 -0.776168 -0.049871
    outer loop
      vertex -1.99847 -2.75066 0
      vertex -2.27504 -2.52669 0
      vertex -1.88091 -2.58885 -4
    endloop
  endfacet
  facet normal 0.997386 0.0522834 -0.0498693
    outer loop
      vertex 3.4 0 0
      vertex 3.2 0 -4
      vertex 3.38137 0.355396 0
    endloop
  endfacet
  facet normal 0.997387 0.052271 -0.0498683
    outer loop
      vertex 3.2 0 -4
      vertex 3.18247 0.334491 -4
      vertex 3.38137 0.355396 0
    endloop
  endfacet
  facet normal 0.932416 -0.35793 -0.0498689
    outer loop
      vertex 3.10605 -1.3829 0
      vertex 2.92334 -1.30156 -4
      vertex 3.04338 -0.988853 -4
    endloop
  endfacet
  facet normal -0.258494 0.964725 -0.0498695
    outer loop
      vertex -0.665317 3.13007 -4
      vertex -0.988853 3.04338 -4
      vertex -0.7069 3.3257 0
    endloop
  endfacet
  facet normal 0.543964 0.837625 -0.0498711
    outer loop
      vertex 1.88091 2.58885 -4
      vertex 1.7 2.94449 0
      vertex 1.99847 2.75066 0
    endloop
  endfacet
  facet normal 0.543964 -0.837625 -0.0498711
    outer loop
      vertex 1.99847 -2.75066 0
      vertex 1.7 -2.94449 0
      vertex 1.88091 -2.58885 -4
    endloop
  endfacet
  facet normal -0.156247 0.986458 -0.0498695
    outer loop
      vertex -0.665317 3.13007 -4
      vertex -0.7069 3.3257 0
      vertex -0.334491 3.18247 -4
    endloop
  endfacet
  facet normal -0.997386 -0.0522834 -0.0498693
    outer loop
      vertex -3.38137 -0.355396 0
      vertex -3.4 0 0
      vertex -3.2 0 -4
    endloop
  endfacet
  facet normal -0.997386 0.0522834 -0.0498693
    outer loop
      vertex -3.2 0 -4
      vertex -3.4 0 0
      vertex -3.38137 0.355396 0
    endloop
  endfacet
  facet normal -0.0522834 0.997386 -0.0498693
    outer loop
      vertex 0 3.2 -4
      vertex -0.355396 3.38137 0
      vertex 0 3.4 0
    endloop
  endfacet
  facet normal 0.88991 0.453402 -0.0498704
    outer loop
      vertex 3.10605 1.3829 0
      vertex 2.77128 1.6 -4
      vertex 2.94449 1.7 0
    endloop
  endfacet
  facet normal 0.964724 -0.258496 -0.0498693
    outer loop
      vertex 3.23359 -1.05066 0
      vertex 3.04338 -0.988853 -4
      vertex 3.3257 -0.7069 0
    endloop
  endfacet
  facet normal 0.997386 -0.0522834 -0.0498693
    outer loop
      vertex 3.38137 -0.355396 0
      vertex 3.2 0 -4
      vertex 3.4 0 0
    endloop
  endfacet
  facet normal 0.932414 -0.357934 -0.0498693
    outer loop
      vertex 3.10605 -1.3829 0
      vertex 3.04338 -0.988853 -4
      vertex 3.23359 -1.05066 0
    endloop
  endfacet
  facet normal 0.35793 -0.932416 -0.0498689
    outer loop
      vertex 1.3829 -3.10605 0
      vertex 0.988853 -3.04338 -4
      vertex 1.30156 -2.92334 -4
    endloop
  endfacet
  facet normal -0.543972 0.83762 -0.0498703
    outer loop
      vertex -1.6 2.77128 -4
      vertex -1.88091 2.58885 -4
      vertex -1.7 2.94449 0
    endloop
  endfacet
  facet normal -0.258496 -0.964724 -0.0498693
    outer loop
      vertex -0.7069 -3.3257 0
      vertex -1.05066 -3.23359 0
      vertex -0.988853 -3.04338 -4
    endloop
  endfacet
  facet normal -0.997387 0.052271 -0.0498683
    outer loop
      vertex -3.2 0 -4
      vertex -3.38137 0.355396 0
      vertex -3.18247 0.334491 -4
    endloop
  endfacet
  facet normal 0.628529 -0.776186 -0.0498686
    outer loop
      vertex 2.27504 -2.52669 0
      vertex 1.88091 -2.58885 -4
      vertex 2.14122 -2.37806 -4
    endloop
  endfacet
  facet normal -0.35793 -0.932416 -0.0498689
    outer loop
      vertex -0.988853 -3.04338 -4
      vertex -1.3829 -3.10605 0
      vertex -1.30156 -2.92334 -4
    endloop
  endfacet
  facet normal -0.453402 0.88991 -0.0498704
    outer loop
      vertex -1.6 2.77128 -4
      vertex -1.7 2.94449 0
      vertex -1.3829 3.10605 0
    endloop
  endfacet
  facet normal 0.156247 -0.986458 -0.0498695
    outer loop
      vertex 0.7069 -3.3257 0
      vertex 0.334491 -3.18247 -4
      vertex 0.665317 -3.13007 -4
    endloop
  endfacet
  facet normal 0.986461 -0.156232 -0.0498683
    outer loop
      vertex 3.3257 -0.7069 0
      vertex 3.18247 -0.334491 -4
      vertex 3.38137 -0.355396 0
    endloop
  endfacet
  facet normal 0.706227 -0.706227 -0.0498685
    outer loop
      vertex 2.52669 -2.27504 0
      vertex 2.14122 -2.37806 -4
      vertex 2.37806 -2.14122 -4
    endloop
  endfacet
  facet normal 0.706227 -0.706227 -0.0498685
    outer loop
      vertex 2.14122 -2.37806 -4
      vertex 2.52669 -2.27504 0
      vertex 2.27504 -2.52669 0
    endloop
  endfacet
  facet normal 0.052271 -0.997387 -0.0498683
    outer loop
      vertex 0.355396 -3.38137 0
      vertex 0 -3.2 -4
      vertex 0.334491 -3.18247 -4
    endloop
  endfacet
  facet normal -0.837625 0.543964 -0.0498711
    outer loop
      vertex -2.58885 1.88091 -4
      vertex -2.94449 1.7 0
      vertex -2.75066 1.99847 0
    endloop
  endfacet
  facet normal -0.932416 0.35793 -0.0498689
    outer loop
      vertex -3.04338 0.988853 -4
      vertex -3.10605 1.3829 0
      vertex -2.92334 1.30156 -4
    endloop
  endfacet
  facet normal 0.357934 -0.932414 -0.0498693
    outer loop
      vertex 1.05066 -3.23359 0
      vertex 0.988853 -3.04338 -4
      vertex 1.3829 -3.10605 0
    endloop
  endfacet
  facet normal -0.932416 -0.35793 -0.0498689
    outer loop
      vertex -2.92334 -1.30156 -4
      vertex -3.10605 -1.3829 0
      vertex -3.04338 -0.988853 -4
    endloop
  endfacet
  facet normal -0.357934 0.932414 -0.0498693
    outer loop
      vertex -0.988853 3.04338 -4
      vertex -1.3829 3.10605 0
      vertex -1.05066 3.23359 0
    endloop
  endfacet
  facet normal 0.453402 -0.88991 -0.0498704
    outer loop
      vertex 1.7 -2.94449 0
      vertex 1.3829 -3.10605 0
      vertex 1.6 -2.77128 -4
    endloop
  endfacet
  facet normal 0.258494 0.964725 -0.0498695
    outer loop
      vertex 0.988853 3.04338 -4
      vertex 0.665317 3.13007 -4
      vertex 0.7069 3.3257 0
    endloop
  endfacet
  facet normal 0.889901 -0.453419 -0.0498687
    outer loop
      vertex 3.10605 -1.3829 0
      vertex 2.77128 -1.6 -4
      vertex 2.92334 -1.30156 -4
    endloop
  endfacet
  facet normal 0.543972 -0.83762 -0.0498703
    outer loop
      vertex 1.7 -2.94449 0
      vertex 1.6 -2.77128 -4
      vertex 1.88091 -2.58885 -4
    endloop
  endfacet
  facet normal 0.88991 -0.453402 -0.0498704
    outer loop
      vertex 2.94449 -1.7 0
      vertex 2.77128 -1.6 -4
      vertex 3.10605 -1.3829 0
    endloop
  endfacet
  facet normal -0.964724 0.258496 -0.0498693
    outer loop
      vertex -3.04338 0.988853 -4
      vertex -3.3257 0.7069 0
      vertex -3.23359 1.05066 0
    endloop
  endfacet
  facet normal 0.258496 -0.964724 -0.0498693
    outer loop
      vertex 1.05066 -3.23359 0
      vertex 0.7069 -3.3257 0
      vertex 0.988853 -3.04338 -4
    endloop
  endfacet
  facet normal 0.964725 -0.258494 -0.0498695
    outer loop
      vertex 3.3257 -0.7069 0
      vertex 3.04338 -0.988853 -4
      vertex 3.13007 -0.665317 -4
    endloop
  endfacet
  facet normal -0.706227 0.706227 -0.0498685
    outer loop
      vertex -2.14122 2.37806 -4
      vertex -2.52669 2.27504 0
      vertex -2.27504 2.52669 0
    endloop
  endfacet
  facet normal -0.706227 0.706227 -0.0498685
    outer loop
      vertex -2.52669 2.27504 0
      vertex -2.14122 2.37806 -4
      vertex -2.37806 2.14122 -4
    endloop
  endfacet
  facet normal -0.628529 -0.776186 -0.0498686
    outer loop
      vertex -1.88091 -2.58885 -4
      vertex -2.27504 -2.52669 0
      vertex -2.14122 -2.37806 -4
    endloop
  endfacet
  facet normal -0.453419 -0.889901 -0.0498687
    outer loop
      vertex -1.3829 -3.10605 0
      vertex -1.6 -2.77128 -4
      vertex -1.30156 -2.92334 -4
    endloop
  endfacet
  facet normal -0.35793 0.932416 -0.0498689
    outer loop
      vertex -1.30156 2.92334 -4
      vertex -1.3829 3.10605 0
      vertex -0.988853 3.04338 -4
    endloop
  endfacet
  facet normal -0.986461 -0.156232 -0.0498683
    outer loop
      vertex -3.3257 -0.7069 0
      vertex -3.38137 -0.355396 0
      vertex -3.18247 -0.334491 -4
    endloop
  endfacet
  facet normal -0.543964 -0.837625 -0.0498711
    outer loop
      vertex -1.7 -2.94449 0
      vertex -1.99847 -2.75066 0
      vertex -1.88091 -2.58885 -4
    endloop
  endfacet
  facet normal -0.453419 0.889901 -0.0498687
    outer loop
      vertex -1.30156 2.92334 -4
      vertex -1.6 2.77128 -4
      vertex -1.3829 3.10605 0
    endloop
  endfacet
  facet normal 0.357934 0.932414 -0.0498693
    outer loop
      vertex 1.3829 3.10605 0
      vertex 0.988853 3.04338 -4
      vertex 1.05066 3.23359 0
    endloop
  endfacet
  facet normal 0.964724 0.258496 -0.0498693
    outer loop
      vertex 3.3257 0.7069 0
      vertex 3.04338 0.988853 -4
      vertex 3.23359 1.05066 0
    endloop
  endfacet
  facet normal 0.997387 -0.052271 -0.0498683
    outer loop
      vertex 3.38137 -0.355396 0
      vertex 3.18247 -0.334491 -4
      vertex 3.2 0 -4
    endloop
  endfacet
  facet normal 0.628551 -0.776168 -0.049871
    outer loop
      vertex 1.99847 -2.75066 0
      vertex 1.88091 -2.58885 -4
      vertex 2.27504 -2.52669 0
    endloop
  endfacet
  facet normal -0.88991 -0.453402 -0.0498704
    outer loop
      vertex -2.94449 -1.7 0
      vertex -3.10605 -1.3829 0
      vertex -2.77128 -1.6 -4
    endloop
  endfacet
  facet normal 0.453419 -0.889901 -0.0498687
    outer loop
      vertex 1.3829 -3.10605 0
      vertex 1.30156 -2.92334 -4
      vertex 1.6 -2.77128 -4
    endloop
  endfacet
  facet normal 0.052271 0.997387 -0.0498683
    outer loop
      vertex 0.334491 3.18247 -4
      vertex 0 3.2 -4
      vertex 0.355396 3.38137 0
    endloop
  endfacet
  facet normal -0.052271 0.997387 -0.0498683
    outer loop
      vertex -0.334491 3.18247 -4
      vertex -0.355396 3.38137 0
      vertex 0 3.2 -4
    endloop
  endfacet
  facet normal -0.0522834 -0.997386 -0.0498693
    outer loop
      vertex 0 -3.4 0
      vertex -0.355396 -3.38137 0
      vertex 0 -3.2 -4
    endloop
  endfacet
  facet normal 0.0522834 -0.997386 -0.0498693
    outer loop
      vertex 0.355396 -3.38137 0
      vertex 0 -3.4 0
      vertex 0 -3.2 -4
    endloop
  endfacet
  facet normal 0.0522834 0.997386 -0.0498693
    outer loop
      vertex 0.355396 3.38137 0
      vertex 0 3.2 -4
      vertex 0 3.4 0
    endloop
  endfacet
  facet normal 0.156232 0.986461 -0.0498683
    outer loop
      vertex 0.7069 3.3257 0
      vertex 0.334491 3.18247 -4
      vertex 0.355396 3.38137 0
    endloop
  endfacet
  facet normal 0.453402 0.88991 -0.0498704
    outer loop
      vertex 1.6 2.77128 -4
      vertex 1.3829 3.10605 0
      vertex 1.7 2.94449 0
    endloop
  endfacet
  facet normal -0.052271 -0.997387 -0.0498683
    outer loop
      vertex 0 -3.2 -4
      vertex -0.355396 -3.38137 0
      vertex -0.334491 -3.18247 -4
    endloop
  endfacet
  facet normal -0.357934 -0.932414 -0.0498693
    outer loop
      vertex -1.05066 -3.23359 0
      vertex -1.3829 -3.10605 0
      vertex -0.988853 -3.04338 -4
    endloop
  endfacet
  facet normal -0.83762 -0.543972 -0.0498703
    outer loop
      vertex -2.58885 -1.88091 -4
      vertex -2.94449 -1.7 0
      vertex -2.77128 -1.6 -4
    endloop
  endfacet
  facet normal -0.932414 -0.357934 -0.0498693
    outer loop
      vertex -3.10605 -1.3829 0
      vertex -3.23359 -1.05066 0
      vertex -3.04338 -0.988853 -4
    endloop
  endfacet
  facet normal -0.776186 0.628529 -0.0498686
    outer loop
      vertex -2.37806 2.14122 -4
      vertex -2.58885 1.88091 -4
      vertex -2.52669 2.27504 0
    endloop
  endfacet
  facet normal 0.156232 -0.986461 -0.0498683
    outer loop
      vertex 0.355396 -3.38137 0
      vertex 0.334491 -3.18247 -4
      vertex 0.7069 -3.3257 0
    endloop
  endfacet
  facet normal -0.628529 0.776186 -0.0498686
    outer loop
      vertex -2.14122 2.37806 -4
      vertex -2.27504 2.52669 0
      vertex -1.88091 2.58885 -4
    endloop
  endfacet
  facet normal -0.837625 -0.543964 -0.0498711
    outer loop
      vertex -2.75066 -1.99847 0
      vertex -2.94449 -1.7 0
      vertex -2.58885 -1.88091 -4
    endloop
  endfacet
  facet normal -0.543964 0.837625 -0.0498711
    outer loop
      vertex -1.88091 2.58885 -4
      vertex -1.99847 2.75066 0
      vertex -1.7 2.94449 0
    endloop
  endfacet
  facet normal -0.997387 -0.052271 -0.0498683
    outer loop
      vertex -3.18247 -0.334491 -4
      vertex -3.38137 -0.355396 0
      vertex -3.2 0 -4
    endloop
  endfacet
  facet normal -0.889901 0.453419 -0.0498687
    outer loop
      vertex -2.92334 1.30156 -4
      vertex -3.10605 1.3829 0
      vertex -2.77128 1.6 -4
    endloop
  endfacet
  facet normal -0.964725 0.258494 -0.0498695
    outer loop
      vertex -3.13007 0.665317 -4
      vertex -3.3257 0.7069 0
      vertex -3.04338 0.988853 -4
    endloop
  endfacet
  facet normal -0.932414 0.357934 -0.0498693
    outer loop
      vertex -3.04338 0.988853 -4
      vertex -3.23359 1.05066 0
      vertex -3.10605 1.3829 0
    endloop
  endfacet
  facet normal -0.156247 -0.986458 -0.0498695
    outer loop
      vertex -0.334491 -3.18247 -4
      vertex -0.7069 -3.3257 0
      vertex -0.665317 -3.13007 -4
    endloop
  endfacet
  facet normal 0.258494 -0.964725 -0.0498695
    outer loop
      vertex 0.7069 -3.3257 0
      vertex 0.665317 -3.13007 -4
      vertex 0.988853 -3.04338 -4
    endloop
  endfacet
  facet normal 0.837625 0.543964 -0.0498711
    outer loop
      vertex 2.94449 1.7 0
      vertex 2.58885 1.88091 -4
      vertex 2.75066 1.99847 0
    endloop
  endfacet
  facet normal 0.543972 0.83762 -0.0498703
    outer loop
      vertex 1.88091 2.58885 -4
      vertex 1.6 2.77128 -4
      vertex 1.7 2.94449 0
    endloop
  endfacet
  facet normal -0.543972 -0.83762 -0.0498703
    outer loop
      vertex -1.7 -2.94449 0
      vertex -1.88091 -2.58885 -4
      vertex -1.6 -2.77128 -4
    endloop
  endfacet
  facet normal 0.932414 0.357934 -0.0498693
    outer loop
      vertex 3.23359 1.05066 0
      vertex 3.04338 0.988853 -4
      vertex 3.10605 1.3829 0
    endloop
  endfacet
  facet normal -0.964724 -0.258496 -0.0498693
    outer loop
      vertex -3.23359 -1.05066 0
      vertex -3.3257 -0.7069 0
      vertex -3.04338 -0.988853 -4
    endloop
  endfacet
  facet normal -0.776186 -0.628529 -0.0498686
    outer loop
      vertex -2.52669 -2.27504 0
      vertex -2.58885 -1.88091 -4
      vertex -2.37806 -2.14122 -4
    endloop
  endfacet
  facet normal -0.964725 -0.258494 -0.0498695
    outer loop
      vertex -3.04338 -0.988853 -4
      vertex -3.3257 -0.7069 0
      vertex -3.13007 -0.665317 -4
    endloop
  endfacet
  facet normal -0.776168 0.628551 -0.049871
    outer loop
      vertex -2.58885 1.88091 -4
      vertex -2.75066 1.99847 0
      vertex -2.52669 2.27504 0
    endloop
  endfacet
  facet normal -0.83762 0.543972 -0.0498703
    outer loop
      vertex -2.77128 1.6 -4
      vertex -2.94449 1.7 0
      vertex -2.58885 1.88091 -4
    endloop
  endfacet
  facet normal -0.986458 -0.156247 -0.0498695
    outer loop
      vertex -3.13007 -0.665317 -4
      vertex -3.3257 -0.7069 0
      vertex -3.18247 -0.334491 -4
    endloop
  endfacet
  facet normal 0.258496 0.964724 -0.0498693
    outer loop
      vertex 0.988853 3.04338 -4
      vertex 0.7069 3.3257 0
      vertex 1.05066 3.23359 0
    endloop
  endfacet
  facet normal 0.628529 0.776186 -0.0498686
    outer loop
      vertex 2.14122 2.37806 -4
      vertex 1.88091 2.58885 -4
      vertex 2.27504 2.52669 0
    endloop
  endfacet
  facet normal -0.453402 -0.88991 -0.0498704
    outer loop
      vertex -1.3829 -3.10605 0
      vertex -1.7 -2.94449 0
      vertex -1.6 -2.77128 -4
    endloop
  endfacet
  facet normal 0.986461 0.156232 -0.0498683
    outer loop
      vertex 3.38137 0.355396 0
      vertex 3.18247 0.334491 -4
      vertex 3.3257 0.7069 0
    endloop
  endfacet
  facet normal -0.706227 -0.706227 -0.0498685
    outer loop
      vertex -2.14122 -2.37806 -4
      vertex -2.52669 -2.27504 0
      vertex -2.37806 -2.14122 -4
    endloop
  endfacet
  facet normal -0.706227 -0.706227 -0.0498685
    outer loop
      vertex -2.52669 -2.27504 0
      vertex -2.14122 -2.37806 -4
      vertex -2.27504 -2.52669 0
    endloop
  endfacet
  facet normal 0.986458 -0.156247 -0.0498695
    outer loop
      vertex 3.3257 -0.7069 0
      vertex 3.13007 -0.665317 -4
      vertex 3.18247 -0.334491 -4
    endloop
  endfacet
  facet normal -0.88991 0.453402 -0.0498704
    outer loop
      vertex -2.77128 1.6 -4
      vertex -3.10605 1.3829 0
      vertex -2.94449 1.7 0
    endloop
  endfacet
  facet normal 0.837625 -0.543964 -0.0498711
    outer loop
      vertex 2.75066 -1.99847 0
      vertex 2.58885 -1.88091 -4
      vertex 2.94449 -1.7 0
    endloop
  endfacet
  facet normal 0.83762 -0.543972 -0.0498703
    outer loop
      vertex 2.94449 -1.7 0
      vertex 2.58885 -1.88091 -4
      vertex 2.77128 -1.6 -4
    endloop
  endfacet
  facet normal -0.628551 0.776168 -0.049871
    outer loop
      vertex -1.88091 2.58885 -4
      vertex -2.27504 2.52669 0
      vertex -1.99847 2.75066 0
    endloop
  endfacet
  facet normal 0.776186 -0.628529 -0.0498686
    outer loop
      vertex 2.52669 -2.27504 0
      vertex 2.37806 -2.14122 -4
      vertex 2.58885 -1.88091 -4
    endloop
  endfacet
  facet normal -0.156232 0.986461 -0.0498683
    outer loop
      vertex -0.334491 3.18247 -4
      vertex -0.7069 3.3257 0
      vertex -0.355396 3.38137 0
    endloop
  endfacet
  facet normal -0.986461 0.156232 -0.0498683
    outer loop
      vertex -3.18247 0.334491 -4
      vertex -3.38137 0.355396 0
      vertex -3.3257 0.7069 0
    endloop
  endfacet
  facet normal -0.258496 0.964724 -0.0498693
    outer loop
      vertex -0.988853 3.04338 -4
      vertex -1.05066 3.23359 0
      vertex -0.7069 3.3257 0
    endloop
  endfacet
  facet normal -0.258494 -0.964725 -0.0498695
    outer loop
      vertex -0.7069 -3.3257 0
      vertex -0.988853 -3.04338 -4
      vertex -0.665317 -3.13007 -4
    endloop
  endfacet
  facet normal 0.889901 0.453419 -0.0498687
    outer loop
      vertex 2.92334 1.30156 -4
      vertex 2.77128 1.6 -4
      vertex 3.10605 1.3829 0
    endloop
  endfacet
  facet normal -0.156232 -0.986461 -0.0498683
    outer loop
      vertex -0.355396 -3.38137 0
      vertex -0.7069 -3.3257 0
      vertex -0.334491 -3.18247 -4
    endloop
  endfacet
  facet normal 0.776168 -0.628551 -0.049871
    outer loop
      vertex 2.75066 -1.99847 0
      vertex 2.52669 -2.27504 0
      vertex 2.58885 -1.88091 -4
    endloop
  endfacet
  facet normal 0.453419 0.889901 -0.0498687
    outer loop
      vertex 1.6 2.77128 -4
      vertex 1.30156 2.92334 -4
      vertex 1.3829 3.10605 0
    endloop
  endfacet
  facet normal 0.706227 0.706227 -0.0498685
    outer loop
      vertex 2.52669 2.27504 0
      vertex 2.14122 2.37806 -4
      vertex 2.27504 2.52669 0
    endloop
  endfacet
  facet normal 0.706227 0.706227 -0.0498685
    outer loop
      vertex 2.14122 2.37806 -4
      vertex 2.52669 2.27504 0
      vertex 2.37806 2.14122 -4
    endloop
  endfacet
  facet normal 0.35793 0.932416 -0.0498689
    outer loop
      vertex 1.30156 2.92334 -4
      vertex 0.988853 3.04338 -4
      vertex 1.3829 3.10605 0
    endloop
  endfacet
  facet normal 0.776168 0.628551 -0.049871
    outer loop
      vertex 2.58885 1.88091 -4
      vertex 2.52669 2.27504 0
      vertex 2.75066 1.99847 0
    endloop
  endfacet
  facet normal 0 0 -1
    outer loop
      vertex 3.18247 -0.334491 -4
      vertex 3.18247 0.334491 -4
      vertex 3.2 0 -4
    endloop
  endfacet
  facet normal 0 0 -1
    outer loop
      vertex 3.13007 -0.665317 -4
      vertex 3.18247 0.334491 -4
      vertex 3.18247 -0.334491 -4
    endloop
  endfacet
  facet normal 0 0 -1
    outer loop
      vertex 3.13007 -0.665317 -4
      vertex 3.13007 0.665317 -4
      vertex 3.18247 0.334491 -4
    endloop
  endfacet
  facet normal 0 0 -1
    outer loop
      vertex 3.04338 -0.988853 -4
      vertex 3.13007 0.665317 -4
      vertex 3.13007 -0.665317 -4
    endloop
  endfacet
  facet normal 0 0 -1
    outer loop
      vertex 3.04338 -0.988853 -4
      vertex 3.04338 0.988853 -4
      vertex 3.13007 0.665317 -4
    endloop
  endfacet
  facet normal 0 0 -1
    outer loop
      vertex 2.92334 -1.30156 -4
      vertex 3.04338 0.988853 -4
      vertex 3.04338 -0.988853 -4
    endloop
  endfacet
  facet normal 0 0 -1
    outer loop
      vertex 2.92334 -1.30156 -4
      vertex 2.92334 1.30156 -4
      vertex 3.04338 0.988853 -4
    endloop
  endfacet
  facet normal 0 0 -1
    outer loop
      vertex 2.77128 -1.6 -4
      vertex 2.92334 1.30156 -4
      vertex 2.92334 -1.30156 -4
    endloop
  endfacet
  facet normal 0 0 -1
    outer loop
      vertex 2.77128 -1.6 -4
      vertex 2.77128 1.6 -4
      vertex 2.92334 1.30156 -4
    endloop
  endfacet
  facet normal 0 0 -1
    outer loop
      vertex 2.58885 -1.88091 -4
      vertex 2.77128 1.6 -4
      vertex 2.77128 -1.6 -4
    endloop
  endfacet
  facet normal 0 0 -1
    outer loop
      vertex 2.58885 -1.88091 -4
      vertex 2.58885 1.88091 -4
      vertex 2.77128 1.6 -4
    endloop
  endfacet
  facet normal 0 0 -1
    outer loop
      vertex 2.37806 -2.14122 -4
      vertex 2.58885 1.88091 -4
      vertex 2.58885 -1.88091 -4
    endloop
  endfacet
  facet normal 0 0 -1
    outer loop
      vertex 2.37806 -2.14122 -4
      vertex 2.37806 2.14122 -4
      vertex 2.58885 1.88091 -4
    endloop
  endfacet
  facet normal 0 0 -1
    outer loop
      vertex 2.14122 -2.37806 -4
      vertex 2.37806 2.14122 -4
      vertex 2.37806 -2.14122 -4
    endloop
  endfacet
  facet normal 0 0 -1
    outer loop
      vertex 2.14122 -2.37806 -4
      vertex 2.14122 2.37806 -4
      vertex 2.37806 2.14122 -4
    endloop
  endfacet
  facet normal 0 0 -1
    outer loop
      vertex 1.88091 -2.58885 -4
      vertex 2.14122 2.37806 -4
      vertex 2.14122 -2.37806 -4
    endloop
  endfacet
  facet normal 0 0 -1
    outer loop
      vertex 1.88091 -2.58885 -4
      vertex 1.88091 2.58885 -4
      vertex 2.14122 2.37806 -4
    endloop
  endfacet
  facet normal 0 0 -1
    outer loop
      vertex 1.6 -2.77128 -4
      vertex 1.88091 2.58885 -4
      vertex 1.88091 -2.58885 -4
    endloop
  endfacet
  facet normal 0 0 -1
    outer loop
      vertex 1.6 -2.77128 -4
      vertex 1.6 2.77128 -4
      vertex 1.88091 2.58885 -4
    endloop
  endfacet
  facet normal 0 0 -1
    outer loop
      vertex 1.30156 -2.92334 -4
      vertex 1.6 2.77128 -4
      vertex 1.6 -2.77128 -4
    endloop
  endfacet
  facet normal 0 0 -1
    outer loop
      vertex 1.30156 -2.92334 -4
      vertex 1.30156 2.92334 -4
      vertex 1.6 2.77128 -4
    endloop
  endfacet
  facet normal 0 0 -1
    outer loop
      vertex 0.988853 -3.04338 -4
      vertex 1.30156 2.92334 -4
      vertex 1.30156 -2.92334 -4
    endloop
  endfacet
  facet normal 0 0 -1
    outer loop
      vertex 0.988853 -3.04338 -4
      vertex 0.988853 3.04338 -4
      vertex 1.30156 2.92334 -4
    endloop
  endfacet
  facet normal 0 0 -1
    outer loop
      vertex 0.665317 -3.13007 -4
      vertex 0.988853 3.04338 -4
      vertex 0.988853 -3.04338 -4
    endloop
  endfacet
  facet normal 0 0 -1
    outer loop
      vertex 0.665317 -3.13007 -4
      vertex 0.665317 3.13007 -4
      vertex 0.988853 3.04338 -4
    endloop
  endfacet
  facet normal 0 0 -1
    outer loop
      vertex 0.334491 -3.18247 -4
      vertex 0.665317 3.13007 -4
      vertex 0.665317 -3.13007 -4
    endloop
  endfacet
  facet normal 0 0 -1
    outer loop
      vertex 0.334491 -3.18247 -4
      vertex 0.334491 3.18247 -4
      vertex 0.665317 3.13007 -4
    endloop
  endfacet
  facet normal 0 0 -1
    outer loop
      vertex 0 -3.2 -4
      vertex 0.334491 3.18247 -4
      vertex 0.334491 -3.18247 -4
    endloop
  endfacet
  facet normal 0 0 -1
    outer loop
      vertex 0 -3.2 -4
      vertex 0 3.2 -4
      vertex 0.334491 3.18247 -4
    endloop
  endfacet
  facet normal 0 0 -1
    outer loop
      vertex -0.334491 -3.18247 -4
      vertex 0 3.2 -4
      vertex 0 -3.2 -4
    endloop
  endfacet
  facet normal 0 0 -1
    outer loop
      vertex -0.334491 -3.18247 -4
      vertex -0.334491 3.18247 -4
      vertex 0 3.2 -4
    endloop
  endfacet
  facet normal 0 0 -1
    outer loop
      vertex -0.665317 -3.13007 -4
      vertex -0.334491 3.18247 -4
      vertex -0.334491 -3.18247 -4
    endloop
  endfacet
  facet normal 0 0 -1
    outer loop
      vertex -0.665317 -3.13007 -4
      vertex -0.665317 3.13007 -4
      vertex -0.334491 3.18247 -4
    endloop
  endfacet
  facet normal 0 0 -1
    outer loop
      vertex -0.988853 -3.04338 -4
      vertex -0.665317 3.13007 -4
      vertex -0.665317 -3.13007 -4
    endloop
  endfacet
  facet normal 0 0 -1
    outer loop
      vertex -0.988853 -3.04338 -4
      vertex -0.988853 3.04338 -4
      vertex -0.665317 3.13007 -4
    endloop
  endfacet
  facet normal 0 0 -1
    outer loop
      vertex -1.30156 -2.92334 -4
      vertex -0.988853 3.04338 -4
      vertex -0.988853 -3.04338 -4
    endloop
  endfacet
  facet normal 0 0 -1
    outer loop
      vertex -1.30156 -2.92334 -4
      vertex -1.30156 2.92334 -4
      vertex -0.988853 3.04338 -4
    endloop
  endfacet
  facet normal 0 0 -1
    outer loop
      vertex -1.6 -2.77128 -4
      vertex -1.30156 2.92334 -4
      vertex -1.30156 -2.92334 -4
    endloop
  endfacet
  facet normal 0 0 -1
    outer loop
      vertex -1.6 -2.77128 -4
      vertex -1.6 2.77128 -4
      vertex -1.30156 2.92334 -4
    endloop
  endfacet
  facet normal 0 0 -1
    outer loop
      vertex -1.88091 -2.58885 -4
      vertex -1.6 2.77128 -4
      vertex -1.6 -2.77128 -4
    endloop
  endfacet
  facet normal 0 0 -1
    outer loop
      vertex -1.88091 -2.58885 -4
      vertex -1.88091 2.58885 -4
      vertex -1.6 2.77128 -4
    endloop
  endfacet
  facet normal 0 0 -1
    outer loop
      vertex -2.14122 -2.37806 -4
      vertex -1.88091 2.58885 -4
      vertex -1.88091 -2.58885 -4
    endloop
  endfacet
  facet normal 0 0 -1
    outer loop
      vertex -2.14122 -2.37806 -4
      vertex -2.14122 2.37806 -4
      vertex -1.88091 2.58885 -4
    endloop
  endfacet
  facet normal 0 0 -1
    outer loop
      vertex -2.37806 -2.14122 -4
      vertex -2.14122 2.37806 -4
      vertex -2.14122 -2.37806 -4
    endloop
  endfacet
  facet normal 0 0 -1
    outer loop
      vertex -2.37806 -2.14122 -4
      vertex -2.37806 2.14122 -4
      vertex -2.14122 2.37806 -4
    endloop
  endfacet
  facet normal 0 0 -1
    outer loop
      vertex -2.58885 -1.88091 -4
      vertex -2.37806 2.14122 -4
      vertex -2.37806 -2.14122 -4
    endloop
  endfacet
  facet normal 0 0 -1
    outer loop
      vertex -2.58885 -1.88091 -4
      vertex -2.58885 1.88091 -4
      vertex -2.37806 2.14122 -4
    endloop
  endfacet
  facet normal 0 0 -1
    outer loop
      vertex -2.77128 -1.6 -4
      vertex -2.58885 1.88091 -4
      vertex -2.58885 -1.88091 -4
    endloop
  endfacet
  facet normal 0 0 -1
    outer loop
      vertex -2.77128 -1.6 -4
      vertex -2.77128 1.6 -4
      vertex -2.58885 1.88091 -4
    endloop
  endfacet
  facet normal 0 0 -1
    outer loop
      vertex -2.92334 -1.30156 -4
      vertex -2.77128 1.6 -4
      vertex -2.77128 -1.6 -4
    endloop
  endfacet
  facet normal 0 0 -1
    outer loop
      vertex -2.92334 -1.30156 -4
      vertex -2.92334 1.30156 -4
      vertex -2.77128 1.6 -4
    endloop
  endfacet
  facet normal 0 0 -1
    outer loop
      vertex -3.04338 -0.988853 -4
      vertex -2.92334 1.30156 -4
      vertex -2.92334 -1.30156 -4
    endloop
  endfacet
  facet normal 0 0 -1
    outer loop
      vertex -3.04338 -0.988853 -4
      vertex -3.04338 0.988853 -4
      vertex -2.92334 1.30156 -4
    endloop
  endfacet
  facet normal 0 0 -1
    outer loop
      vertex -3.13007 -0.665317 -4
      vertex -3.04338 0.988853 -4
      vertex -3.04338 -0.988853 -4
    endloop
  endfacet
  facet normal 0 0 -1
    outer loop
      vertex -3.13007 -0.665317 -4
      vertex -3.13007 0.665317 -4
      vertex -3.04338 0.988853 -4
    endloop
  endfacet
  facet normal 0 0 -1
    outer loop
      vertex -3.18247 -0.334491 -4
      vertex -3.13007 0.665317 -4
      vertex -3.13007 -0.665317 -4
    endloop
  endfacet
  facet normal 0 0 -1
    outer loop
      vertex -3.18247 -0.334491 -4
      vertex -3.18247 0.334491 -4
      vertex -3.13007 0.665317 -4
    endloop
  endfacet
  facet normal 0 -0 -1
    outer loop
      vertex -3.18247 0.334491 -4
      vertex -3.18247 -0.334491 -4
      vertex -3.2 0 -4
    endloop
  endfacet
  facet normal 0.628551 0.776168 -0.049871
    outer loop
      vertex 2.27504 2.52669 0
      vertex 1.88091 2.58885 -4
      vertex 1.99847 2.75066 0
    endloop
  endfacet
  facet normal 0.83762 0.543972 -0.0498703
    outer loop
      vertex 2.77128 1.6 -4
      vertex 2.58885 1.88091 -4
      vertex 2.94449 1.7 0
    endloop
  endfacet
  facet normal -0.986458 0.156247 -0.0498695
    outer loop
      vertex -3.18247 0.334491 -4
      vertex -3.3257 0.7069 0
      vertex -3.13007 0.665317 -4
    endloop
  endfacet
  facet normal 0.776186 0.628529 -0.0498686
    outer loop
      vertex 2.58885 1.88091 -4
      vertex 2.37806 2.14122 -4
      vertex 2.52669 2.27504 0
    endloop
  endfacet
  facet normal 0.932416 0.35793 -0.0498689
    outer loop
      vertex 3.04338 0.988853 -4
      vertex 2.92334 1.30156 -4
      vertex 3.10605 1.3829 0
    endloop
  endfacet
  facet normal 0.964725 0.258494 -0.0498695
    outer loop
      vertex 3.13007 0.665317 -4
      vertex 3.04338 0.988853 -4
      vertex 3.3257 0.7069 0
    endloop
  endfacet
  facet normal 0.986458 0.156247 -0.0498695
    outer loop
      vertex 3.18247 0.334491 -4
      vertex 3.13007 0.665317 -4
      vertex 3.3257 0.7069 0
    endloop
  endfacet
endsolid OpenSCAD_Model
