solid OpenSCAD_Model
  facet normal -0.9511 0 0.308884
    outer loop
      vertex -15.9445 -0.990751 11.0848
      vertex -15.7992 2.75 11.5322
      vertex -15.9445 2.75 11.0848
    endloop
  endfacet
  facet normal -0.9511 0 0.308884
    outer loop
      vertex -15.7992 2.75 11.5322
      vertex -15.9445 -0.990751 11.0848
      vertex -15.7992 -0.990751 11.5322
    endloop
  endfacet
  facet normal -0.9511 0 0.308884
    outer loop
      vertex -15.9445 5 11.0848
      vertex -15.7992 5.99075 11.5322
      vertex -15.9445 5.99075 11.0848
    endloop
  endfacet
  facet normal -0.9511 0 0.308884
    outer loop
      vertex -15.7992 5.99075 11.5322
      vertex -15.9445 5 11.0848
      vertex -15.7992 5 11.5322
    endloop
  endfacet
  facet normal -0.994515 0 0.104596
    outer loop
      vertex -15.7992 -0.990751 11.5322
      vertex -15.75 2.75 12
      vertex -15.7992 2.75 11.5322
    endloop
  endfacet
  facet normal -0.994515 0 0.104596
    outer loop
      vertex -15.75 2.75 12
      vertex -15.7992 -0.990751 11.5322
      vertex -15.75 -0.990751 12
    endloop
  endfacet
  facet normal -0.994515 0 0.104596
    outer loop
      vertex -15.7992 5 11.5322
      vertex -15.75 5.99075 12
      vertex -15.7992 5.99075 11.5322
    endloop
  endfacet
  facet normal -0.994515 0 0.104596
    outer loop
      vertex -15.75 5.99075 12
      vertex -15.7992 5 11.5322
      vertex -15.75 5 12
    endloop
  endfacet
  facet normal -0.9511 0 -0.308884
    outer loop
      vertex -15.7992 -0.990751 12.4678
      vertex -15.9445 2.75 12.9152
      vertex -15.7992 2.75 12.4678
    endloop
  endfacet
  facet normal -0.9511 -0 -0.308884
    outer loop
      vertex -15.9445 2.75 12.9152
      vertex -15.7992 -0.990751 12.4678
      vertex -15.9445 -0.990751 12.9152
    endloop
  endfacet
  facet normal -0.9511 0 -0.308884
    outer loop
      vertex -15.7992 5 12.4678
      vertex -15.9445 5.99075 12.9152
      vertex -15.7992 5.99075 12.4678
    endloop
  endfacet
  facet normal -0.9511 -0 -0.308884
    outer loop
      vertex -15.9445 5.99075 12.9152
      vertex -15.7992 5 12.4678
      vertex -15.9445 5 12.9152
    endloop
  endfacet
  facet normal -0.406675 0 0.913573
    outer loop
      vertex -17.3047 2.75 9.86012
      vertex -16.875 -0.990751 10.0514
      vertex -16.875 2.75 10.0514
    endloop
  endfacet
  facet normal -0.406675 0 0.913573
    outer loop
      vertex -16.875 -0.990751 10.0514
      vertex -17.3047 2.75 9.86012
      vertex -17.3047 -0.990751 9.86012
    endloop
  endfacet
  facet normal -0.406675 0 0.913573
    outer loop
      vertex -17.3047 5.99075 9.86012
      vertex -16.875 5 10.0514
      vertex -16.875 5.99075 10.0514
    endloop
  endfacet
  facet normal -0.406675 0 0.913573
    outer loop
      vertex -16.875 5 10.0514
      vertex -17.3047 5.99075 9.86012
      vertex -17.3047 5 9.86012
    endloop
  endfacet
  facet normal 0.587856 0 0.808966
    outer loop
      vertex -19.5055 2.75 10.3279
      vertex -19.125 -0.990751 10.0514
      vertex -19.125 2.75 10.0514
    endloop
  endfacet
  facet normal 0.587856 0 0.808966
    outer loop
      vertex -19.125 -0.990751 10.0514
      vertex -19.5055 2.75 10.3279
      vertex -19.5055 -0.990751 10.3279
    endloop
  endfacet
  facet normal 0.587856 0 0.808966
    outer loop
      vertex -19.5055 5.99075 10.3279
      vertex -19.125 5 10.0514
      vertex -19.125 5.99075 10.0514
    endloop
  endfacet
  facet normal 0.587856 0 0.808966
    outer loop
      vertex -19.125 5 10.0514
      vertex -19.5055 5.99075 10.3279
      vertex -19.5055 5 10.3279
    endloop
  endfacet
  facet normal 0.406675 0 0.913573
    outer loop
      vertex -19.125 2.75 10.0514
      vertex -18.6953 -0.990751 9.86012
      vertex -18.6953 2.75 9.86012
    endloop
  endfacet
  facet normal 0.406675 0 0.913573
    outer loop
      vertex -18.6953 -0.990751 9.86012
      vertex -19.125 2.75 10.0514
      vertex -19.125 -0.990751 10.0514
    endloop
  endfacet
  facet normal 0.406675 0 0.913573
    outer loop
      vertex -19.125 5.99075 10.0514
      vertex -18.6953 5 9.86012
      vertex -18.6953 5.99075 9.86012
    endloop
  endfacet
  facet normal 0.406675 0 0.913573
    outer loop
      vertex -18.6953 5 9.86012
      vertex -19.125 5.99075 10.0514
      vertex -19.125 5 10.0514
    endloop
  endfacet
  facet normal -0.743125 0 -0.669153
    outer loop
      vertex -16.1797 -0.990751 13.3225
      vertex -16.4945 2.75 13.6721
      vertex -16.1797 2.75 13.3225
    endloop
  endfacet
  facet normal -0.743125 -0 -0.669153
    outer loop
      vertex -16.4945 2.75 13.6721
      vertex -16.1797 -0.990751 13.3225
      vertex -16.4945 -0.990751 13.6721
    endloop
  endfacet
  facet normal -0.743125 0 -0.669153
    outer loop
      vertex -16.1797 5 13.3225
      vertex -16.4945 5.99075 13.6721
      vertex -16.1797 5.99075 13.3225
    endloop
  endfacet
  facet normal -0.743125 -0 -0.669153
    outer loop
      vertex -16.4945 5.99075 13.6721
      vertex -16.1797 5 13.3225
      vertex -16.4945 5 13.6721
    endloop
  endfacet
  facet normal -0.587856 0 -0.808966
    outer loop
      vertex -16.875 -0.990751 13.9486
      vertex -16.4945 2.75 13.6721
      vertex -16.4945 -0.990751 13.6721
    endloop
  endfacet
  facet normal -0.587856 0 -0.808966
    outer loop
      vertex -16.4945 2.75 13.6721
      vertex -16.875 -0.990751 13.9486
      vertex -16.875 2.75 13.9486
    endloop
  endfacet
  facet normal -0.587856 0 -0.808966
    outer loop
      vertex -16.875 5 13.9486
      vertex -16.4945 5.99075 13.6721
      vertex -16.4945 5 13.6721
    endloop
  endfacet
  facet normal -0.587856 0 -0.808966
    outer loop
      vertex -16.4945 5.99075 13.6721
      vertex -16.875 5 13.9486
      vertex -16.875 5.99075 13.9486
    endloop
  endfacet
  facet normal 0.865984 0 -0.500072
    outer loop
      vertex -19.8203 -0.990751 13.3225
      vertex -20.0555 2.75 12.9152
      vertex -19.8203 2.75 13.3225
    endloop
  endfacet
  facet normal 0.865984 0 -0.500072
    outer loop
      vertex -20.0555 2.75 12.9152
      vertex -19.8203 -0.990751 13.3225
      vertex -20.0555 -0.990751 12.9152
    endloop
  endfacet
  facet normal 0.865984 0 -0.500072
    outer loop
      vertex -19.8203 5 13.3225
      vertex -20.0555 5.99075 12.9152
      vertex -19.8203 5.99075 13.3225
    endloop
  endfacet
  facet normal 0.865984 0 -0.500072
    outer loop
      vertex -20.0555 5.99075 12.9152
      vertex -19.8203 5 13.3225
      vertex -20.0555 5 12.9152
    endloop
  endfacet
  facet normal -0.40671 0 -0.913557
    outer loop
      vertex -17.3047 -0.990751 14.1399
      vertex -16.875 2.75 13.9486
      vertex -16.875 -0.990751 13.9486
    endloop
  endfacet
  facet normal -0.40671 0 -0.913557
    outer loop
      vertex -16.875 2.75 13.9486
      vertex -17.3047 -0.990751 14.1399
      vertex -17.3047 2.75 14.1399
    endloop
  endfacet
  facet normal -0.40671 0 -0.913557
    outer loop
      vertex -17.3047 5 14.1399
      vertex -16.875 5.99075 13.9486
      vertex -16.875 5 13.9486
    endloop
  endfacet
  facet normal -0.40671 0 -0.913557
    outer loop
      vertex -16.875 5.99075 13.9486
      vertex -17.3047 5 14.1399
      vertex -17.3047 5.99075 14.1399
    endloop
  endfacet
  facet normal -0.207917 0 -0.978146
    outer loop
      vertex -17.7648 -0.990751 14.2377
      vertex -17.3047 2.75 14.1399
      vertex -17.3047 -0.990751 14.1399
    endloop
  endfacet
  facet normal -0.207917 0 -0.978146
    outer loop
      vertex -17.3047 2.75 14.1399
      vertex -17.7648 -0.990751 14.2377
      vertex -17.7648 2.75 14.2377
    endloop
  endfacet
  facet normal -0.207917 0 -0.978146
    outer loop
      vertex -17.7648 5 14.2377
      vertex -17.3047 5.99075 14.1399
      vertex -17.3047 5 14.1399
    endloop
  endfacet
  facet normal -0.207917 0 -0.978146
    outer loop
      vertex -17.3047 5.99075 14.1399
      vertex -17.7648 5 14.2377
      vertex -17.7648 5.99075 14.2377
    endloop
  endfacet
  facet normal -0.587856 0 0.808966
    outer loop
      vertex -16.875 2.75 10.0514
      vertex -16.4945 -0.990751 10.3279
      vertex -16.4945 2.75 10.3279
    endloop
  endfacet
  facet normal -0.587856 0 0.808966
    outer loop
      vertex -16.4945 -0.990751 10.3279
      vertex -16.875 2.75 10.0514
      vertex -16.875 -0.990751 10.0514
    endloop
  endfacet
  facet normal -0.587856 0 0.808966
    outer loop
      vertex -16.875 5.99075 10.0514
      vertex -16.4945 5 10.3279
      vertex -16.4945 5.99075 10.3279
    endloop
  endfacet
  facet normal -0.587856 0 0.808966
    outer loop
      vertex -16.4945 5 10.3279
      vertex -16.875 5.99075 10.0514
      vertex -16.875 5 10.0514
    endloop
  endfacet
  facet normal 0.9511 -0 0.308884
    outer loop
      vertex -20.2008 -0.990751 11.5322
      vertex -20.0555 2.75 11.0848
      vertex -20.2008 2.75 11.5322
    endloop
  endfacet
  facet normal 0.9511 0 0.308884
    outer loop
      vertex -20.0555 2.75 11.0848
      vertex -20.2008 -0.990751 11.5322
      vertex -20.0555 -0.990751 11.0848
    endloop
  endfacet
  facet normal 0.9511 -0 0.308884
    outer loop
      vertex -20.2008 5 11.5322
      vertex -20.0555 5.99075 11.0848
      vertex -20.2008 5.99075 11.5322
    endloop
  endfacet
  facet normal 0.9511 0 0.308884
    outer loop
      vertex -20.0555 5.99075 11.0848
      vertex -20.2008 5 11.5322
      vertex -20.0555 5 11.0848
    endloop
  endfacet
  facet normal -0.994515 0 -0.104596
    outer loop
      vertex -15.75 -0.990751 12
      vertex -15.7992 2.75 12.4678
      vertex -15.75 2.75 12
    endloop
  endfacet
  facet normal -0.994515 -0 -0.104596
    outer loop
      vertex -15.7992 2.75 12.4678
      vertex -15.75 -0.990751 12
      vertex -15.7992 -0.990751 12.4678
    endloop
  endfacet
  facet normal -0.994515 0 -0.104596
    outer loop
      vertex -15.75 5 12
      vertex -15.7992 5.99075 12.4678
      vertex -15.75 5.99075 12
    endloop
  endfacet
  facet normal -0.994515 -0 -0.104596
    outer loop
      vertex -15.7992 5.99075 12.4678
      vertex -15.75 5 12
      vertex -15.7992 5 12.4678
    endloop
  endfacet
  facet normal 0.743125 -0 0.669153
    outer loop
      vertex -19.8203 -0.990751 10.6775
      vertex -19.5055 2.75 10.3279
      vertex -19.8203 2.75 10.6775
    endloop
  endfacet
  facet normal 0.743125 0 0.669153
    outer loop
      vertex -19.5055 2.75 10.3279
      vertex -19.8203 -0.990751 10.6775
      vertex -19.5055 -0.990751 10.3279
    endloop
  endfacet
  facet normal 0.743125 -0 0.669153
    outer loop
      vertex -19.8203 5 10.6775
      vertex -19.5055 5.99075 10.3279
      vertex -19.8203 5.99075 10.6775
    endloop
  endfacet
  facet normal 0.743125 0 0.669153
    outer loop
      vertex -19.5055 5.99075 10.3279
      vertex -19.8203 5 10.6775
      vertex -19.5055 5 10.3279
    endloop
  endfacet
  facet normal -0 0 1
    outer loop
      vertex -18.2352 2.75 9.76233
      vertex -17.7648 -0.990751 9.76233
      vertex -17.7648 2.75 9.76233
    endloop
  endfacet
  facet normal 0 0 1
    outer loop
      vertex -17.7648 -0.990751 9.76233
      vertex -18.2352 2.75 9.76233
      vertex -18.2352 -0.990751 9.76233
    endloop
  endfacet
  facet normal -0 0 1
    outer loop
      vertex -18.2352 5.99075 9.76233
      vertex -17.7648 5 9.76233
      vertex -17.7648 5.99075 9.76233
    endloop
  endfacet
  facet normal 0 0 1
    outer loop
      vertex -17.7648 5 9.76233
      vertex -18.2352 5.99075 9.76233
      vertex -18.2352 5 9.76233
    endloop
  endfacet
  facet normal -0.865984 0 -0.500072
    outer loop
      vertex -15.9445 -0.990751 12.9152
      vertex -16.1797 2.75 13.3225
      vertex -15.9445 2.75 12.9152
    endloop
  endfacet
  facet normal -0.865984 -0 -0.500072
    outer loop
      vertex -16.1797 2.75 13.3225
      vertex -15.9445 -0.990751 12.9152
      vertex -16.1797 -0.990751 13.3225
    endloop
  endfacet
  facet normal -0.865984 0 -0.500072
    outer loop
      vertex -15.9445 5 12.9152
      vertex -16.1797 5.99075 13.3225
      vertex -15.9445 5.99075 12.9152
    endloop
  endfacet
  facet normal -0.865984 -0 -0.500072
    outer loop
      vertex -16.1797 5.99075 13.3225
      vertex -15.9445 5 12.9152
      vertex -16.1797 5 13.3225
    endloop
  endfacet
  facet normal 0.207897 0 0.978151
    outer loop
      vertex -18.6953 2.75 9.86012
      vertex -18.2352 -0.990751 9.76233
      vertex -18.2352 2.75 9.76233
    endloop
  endfacet
  facet normal 0.207897 0 0.978151
    outer loop
      vertex -18.2352 -0.990751 9.76233
      vertex -18.6953 2.75 9.86012
      vertex -18.6953 -0.990751 9.86012
    endloop
  endfacet
  facet normal 0.207897 0 0.978151
    outer loop
      vertex -18.6953 5.99075 9.86012
      vertex -18.2352 5 9.76233
      vertex -18.2352 5.99075 9.76233
    endloop
  endfacet
  facet normal 0.207897 0 0.978151
    outer loop
      vertex -18.2352 5 9.76233
      vertex -18.6953 5.99075 9.86012
      vertex -18.6953 5 9.86012
    endloop
  endfacet
  facet normal 0.40671 0 -0.913557
    outer loop
      vertex -19.125 -0.990751 13.9486
      vertex -18.6953 2.75 14.1399
      vertex -18.6953 -0.990751 14.1399
    endloop
  endfacet
  facet normal 0.40671 0 -0.913557
    outer loop
      vertex -18.6953 2.75 14.1399
      vertex -19.125 -0.990751 13.9486
      vertex -19.125 2.75 13.9486
    endloop
  endfacet
  facet normal 0.40671 0 -0.913557
    outer loop
      vertex -19.125 5 13.9486
      vertex -18.6953 5.99075 14.1399
      vertex -18.6953 5 14.1399
    endloop
  endfacet
  facet normal 0.40671 0 -0.913557
    outer loop
      vertex -18.6953 5.99075 14.1399
      vertex -19.125 5 13.9486
      vertex -19.125 5.99075 13.9486
    endloop
  endfacet
  facet normal 0.587856 0 -0.808966
    outer loop
      vertex -19.5055 -0.990751 13.6721
      vertex -19.125 2.75 13.9486
      vertex -19.125 -0.990751 13.9486
    endloop
  endfacet
  facet normal 0.587856 0 -0.808966
    outer loop
      vertex -19.125 2.75 13.9486
      vertex -19.5055 -0.990751 13.6721
      vertex -19.5055 2.75 13.6721
    endloop
  endfacet
  facet normal 0.587856 0 -0.808966
    outer loop
      vertex -19.5055 5 13.6721
      vertex -19.125 5.99075 13.9486
      vertex -19.125 5 13.9486
    endloop
  endfacet
  facet normal 0.587856 0 -0.808966
    outer loop
      vertex -19.125 5.99075 13.9486
      vertex -19.5055 5 13.6721
      vertex -19.5055 5.99075 13.6721
    endloop
  endfacet
  facet normal -0.743125 0 0.669153
    outer loop
      vertex -16.4945 -0.990751 10.3279
      vertex -16.1797 2.75 10.6775
      vertex -16.4945 2.75 10.3279
    endloop
  endfacet
  facet normal -0.743125 0 0.669153
    outer loop
      vertex -16.1797 2.75 10.6775
      vertex -16.4945 -0.990751 10.3279
      vertex -16.1797 -0.990751 10.6775
    endloop
  endfacet
  facet normal -0.743125 0 0.669153
    outer loop
      vertex -16.4945 5 10.3279
      vertex -16.1797 5.99075 10.6775
      vertex -16.4945 5.99075 10.3279
    endloop
  endfacet
  facet normal -0.743125 0 0.669153
    outer loop
      vertex -16.1797 5.99075 10.6775
      vertex -16.4945 5 10.3279
      vertex -16.1797 5 10.6775
    endloop
  endfacet
  facet normal 0.994515 -0 0.104596
    outer loop
      vertex -20.25 -0.990751 12
      vertex -20.2008 2.75 11.5322
      vertex -20.25 2.75 12
    endloop
  endfacet
  facet normal 0.994515 0 0.104596
    outer loop
      vertex -20.2008 2.75 11.5322
      vertex -20.25 -0.990751 12
      vertex -20.2008 -0.990751 11.5322
    endloop
  endfacet
  facet normal 0.994515 -0 0.104596
    outer loop
      vertex -20.25 5 12
      vertex -20.2008 5.99075 11.5322
      vertex -20.25 5.99075 12
    endloop
  endfacet
  facet normal 0.994515 0 0.104596
    outer loop
      vertex -20.2008 5.99075 11.5322
      vertex -20.25 5 12
      vertex -20.2008 5 11.5322
    endloop
  endfacet
  facet normal -0.865984 0 0.500072
    outer loop
      vertex -16.1797 -0.990751 10.6775
      vertex -15.9445 2.75 11.0848
      vertex -16.1797 2.75 10.6775
    endloop
  endfacet
  facet normal -0.865984 0 0.500072
    outer loop
      vertex -15.9445 2.75 11.0848
      vertex -16.1797 -0.990751 10.6775
      vertex -15.9445 -0.990751 11.0848
    endloop
  endfacet
  facet normal -0.865984 0 0.500072
    outer loop
      vertex -16.1797 5 10.6775
      vertex -15.9445 5.99075 11.0848
      vertex -16.1797 5.99075 10.6775
    endloop
  endfacet
  facet normal -0.865984 0 0.500072
    outer loop
      vertex -15.9445 5.99075 11.0848
      vertex -16.1797 5 10.6775
      vertex -15.9445 5 11.0848
    endloop
  endfacet
  facet normal 0.207917 0 -0.978146
    outer loop
      vertex -18.6953 -0.990751 14.1399
      vertex -18.2352 2.75 14.2377
      vertex -18.2352 -0.990751 14.2377
    endloop
  endfacet
  facet normal 0.207917 0 -0.978146
    outer loop
      vertex -18.2352 2.75 14.2377
      vertex -18.6953 -0.990751 14.1399
      vertex -18.6953 2.75 14.1399
    endloop
  endfacet
  facet normal 0.207917 0 -0.978146
    outer loop
      vertex -18.6953 5 14.1399
      vertex -18.2352 5.99075 14.2377
      vertex -18.2352 5 14.2377
    endloop
  endfacet
  facet normal 0.207917 0 -0.978146
    outer loop
      vertex -18.2352 5.99075 14.2377
      vertex -18.6953 5 14.1399
      vertex -18.6953 5.99075 14.1399
    endloop
  endfacet
  facet normal 0 0 -1
    outer loop
      vertex -18.2352 -0.990751 14.2377
      vertex -17.7648 2.75 14.2377
      vertex -17.7648 -0.990751 14.2377
    endloop
  endfacet
  facet normal -0 0 -1
    outer loop
      vertex -17.7648 2.75 14.2377
      vertex -18.2352 -0.990751 14.2377
      vertex -18.2352 2.75 14.2377
    endloop
  endfacet
  facet normal 0 0 -1
    outer loop
      vertex -18.2352 5 14.2377
      vertex -17.7648 5.99075 14.2377
      vertex -17.7648 5 14.2377
    endloop
  endfacet
  facet normal -0 0 -1
    outer loop
      vertex -17.7648 5.99075 14.2377
      vertex -18.2352 5 14.2377
      vertex -18.2352 5.99075 14.2377
    endloop
  endfacet
  facet normal 0.9511 0 -0.308884
    outer loop
      vertex -20.0555 -0.990751 12.9152
      vertex -20.2008 2.75 12.4678
      vertex -20.0555 2.75 12.9152
    endloop
  endfacet
  facet normal 0.9511 0 -0.308884
    outer loop
      vertex -20.2008 2.75 12.4678
      vertex -20.0555 -0.990751 12.9152
      vertex -20.2008 -0.990751 12.4678
    endloop
  endfacet
  facet normal 0.9511 0 -0.308884
    outer loop
      vertex -20.0555 5 12.9152
      vertex -20.2008 5.99075 12.4678
      vertex -20.0555 5.99075 12.9152
    endloop
  endfacet
  facet normal 0.9511 0 -0.308884
    outer loop
      vertex -20.2008 5.99075 12.4678
      vertex -20.0555 5 12.9152
      vertex -20.2008 5 12.4678
    endloop
  endfacet
  facet normal 0.743125 0 -0.669153
    outer loop
      vertex -19.5055 -0.990751 13.6721
      vertex -19.8203 2.75 13.3225
      vertex -19.5055 2.75 13.6721
    endloop
  endfacet
  facet normal 0.743125 0 -0.669153
    outer loop
      vertex -19.8203 2.75 13.3225
      vertex -19.5055 -0.990751 13.6721
      vertex -19.8203 -0.990751 13.3225
    endloop
  endfacet
  facet normal 0.743125 0 -0.669153
    outer loop
      vertex -19.5055 5 13.6721
      vertex -19.8203 5.99075 13.3225
      vertex -19.5055 5.99075 13.6721
    endloop
  endfacet
  facet normal 0.743125 0 -0.669153
    outer loop
      vertex -19.8203 5.99075 13.3225
      vertex -19.5055 5 13.6721
      vertex -19.8203 5 13.3225
    endloop
  endfacet
  facet normal -0.207897 0 0.978151
    outer loop
      vertex -17.7648 2.75 9.76233
      vertex -17.3047 -0.990751 9.86012
      vertex -17.3047 2.75 9.86012
    endloop
  endfacet
  facet normal -0.207897 0 0.978151
    outer loop
      vertex -17.3047 -0.990751 9.86012
      vertex -17.7648 2.75 9.76233
      vertex -17.7648 -0.990751 9.76233
    endloop
  endfacet
  facet normal -0.207897 0 0.978151
    outer loop
      vertex -17.7648 5.99075 9.76233
      vertex -17.3047 5 9.86012
      vertex -17.3047 5.99075 9.86012
    endloop
  endfacet
  facet normal -0.207897 0 0.978151
    outer loop
      vertex -17.3047 5 9.86012
      vertex -17.7648 5.99075 9.76233
      vertex -17.7648 5 9.76233
    endloop
  endfacet
  facet normal 0.994515 0 -0.104596
    outer loop
      vertex -20.2008 -0.990751 12.4678
      vertex -20.25 2.75 12
      vertex -20.2008 2.75 12.4678
    endloop
  endfacet
  facet normal 0.994515 0 -0.104596
    outer loop
      vertex -20.25 2.75 12
      vertex -20.2008 -0.990751 12.4678
      vertex -20.25 -0.990751 12
    endloop
  endfacet
  facet normal 0.994515 0 -0.104596
    outer loop
      vertex -20.2008 5 12.4678
      vertex -20.25 5.99075 12
      vertex -20.2008 5.99075 12.4678
    endloop
  endfacet
  facet normal 0.994515 0 -0.104596
    outer loop
      vertex -20.25 5.99075 12
      vertex -20.2008 5 12.4678
      vertex -20.25 5 12
    endloop
  endfacet
  facet normal 0.865984 -0 0.500072
    outer loop
      vertex -20.0555 -0.990751 11.0848
      vertex -19.8203 2.75 10.6775
      vertex -20.0555 2.75 11.0848
    endloop
  endfacet
  facet normal 0.865984 0 0.500072
    outer loop
      vertex -19.8203 2.75 10.6775
      vertex -20.0555 -0.990751 11.0848
      vertex -19.8203 -0.990751 10.6775
    endloop
  endfacet
  facet normal 0.865984 -0 0.500072
    outer loop
      vertex -20.0555 5 11.0848
      vertex -19.8203 5.99075 10.6775
      vertex -20.0555 5.99075 11.0848
    endloop
  endfacet
  facet normal 0.865984 0 0.500072
    outer loop
      vertex -19.8203 5.99075 10.6775
      vertex -20.0555 5 11.0848
      vertex -19.8203 5 10.6775
    endloop
  endfacet
  facet normal 0 0.70515 -0.709058
    outer loop
      vertex -18.2352 2.75 14.2377
      vertex -17.5296 5 16.4753
      vertex -17.7648 2.75 14.2377
    endloop
  endfacet
  facet normal 0 0.70515 -0.709058
    outer loop
      vertex -17.5296 5 16.4753
      vertex -18.2352 2.75 14.2377
      vertex -18.4704 5 16.4753
    endloop
  endfacet
  facet normal -0.288404 0.705156 0.647749
    outer loop
      vertex -15.75 5 8.10289
      vertex -16.6094 5 7.72025
      vertex -16.875 2.75 10.0514
    endloop
  endfacet
  facet normal -0.526911 0.70516 -0.474461
    outer loop
      vertex -14.3594 5 14.645
      vertex -16.1797 2.75 13.3225
      vertex -16.4945 2.75 13.6721
    endloop
  endfacet
  facet normal 0.526917 0.705166 0.474446
    outer loop
      vertex -19.5055 2.75 10.3279
      vertex -21.0111 5 8.65585
      vertex -21.6406 5 9.35497
    endloop
  endfacet
  facet normal 0.416735 0.705157 -0.57366
    outer loop
      vertex -20.25 5 15.8971
      vertex -19.125 2.75 13.9486
      vertex -21.0111 5 15.3442
    endloop
  endfacet
  facet normal -0.674344 0.705162 -0.219103
    outer loop
      vertex -13.889 5 13.8303
      vertex -13.5983 5 12.9356
      vertex -15.9445 2.75 12.9152
    endloop
  endfacet
  facet normal -0.61402 0.705165 -0.354573
    outer loop
      vertex -14.3594 5 14.645
      vertex -15.9445 2.75 12.9152
      vertex -16.1797 2.75 13.3225
    endloop
  endfacet
  facet normal 0.614049 0.70516 0.354533
    outer loop
      vertex -20.0555 2.75 11.0848
      vertex -21.6406 5 9.35497
      vertex -22.111 5 10.1697
    endloop
  endfacet
  facet normal -0.526942 0.705169 -0.474414
    outer loop
      vertex -14.9889 5 15.3442
      vertex -14.3594 5 14.645
      vertex -16.4945 2.75 13.6721
    endloop
  endfacet
  facet normal 0.674359 0.705177 -0.219008
    outer loop
      vertex -20.0555 2.75 12.9152
      vertex -20.2008 2.75 12.4678
      vertex -22.4017 5 12.9356
    endloop
  endfacet
  facet normal 0.41681 0.705174 -0.573585
    outer loop
      vertex -19.125 2.75 13.9486
      vertex -19.5055 2.75 13.6721
      vertex -21.0111 5 15.3442
    endloop
  endfacet
  facet normal -0.674344 0.705162 0.219103
    outer loop
      vertex -13.5983 5 11.0644
      vertex -13.889 5 10.1697
      vertex -15.9445 2.75 11.0848
    endloop
  endfacet
  facet normal 0.674359 0.705177 0.219008
    outer loop
      vertex -20.2008 2.75 11.5322
      vertex -20.0555 2.75 11.0848
      vertex -22.4017 5 11.0644
    endloop
  endfacet
  facet normal 0.705163 0.705163 -0.0740889
    outer loop
      vertex -22.4017 5 12.9356
      vertex -20.25 2.75 12
      vertex -22.5 5 12
    endloop
  endfacet
  facet normal 0.526942 0.705169 -0.474414
    outer loop
      vertex -21.0111 5 15.3442
      vertex -19.5055 2.75 13.6721
      vertex -21.6406 5 14.645
    endloop
  endfacet
  facet normal -0.416814 0.705167 0.57359
    outer loop
      vertex -16.4945 2.75 10.3279
      vertex -14.9889 5 8.65585
      vertex -16.875 2.75 10.0514
    endloop
  endfacet
  facet normal 0.288374 0.705167 -0.64775
    outer loop
      vertex -18.6953 2.75 14.1399
      vertex -19.125 2.75 13.9486
      vertex -19.3906 5 16.2798
    endloop
  endfacet
  facet normal 0 0.705163 0.709045
    outer loop
      vertex -17.5296 5 7.52465
      vertex -18.2352 2.75 9.76233
      vertex -17.7648 2.75 9.76233
    endloop
  endfacet
  facet normal 0 0.705163 0.709045
    outer loop
      vertex -18.2352 2.75 9.76233
      vertex -17.5296 5 7.52465
      vertex -18.4704 5 7.52465
    endloop
  endfacet
  facet normal 0.288404 0.705156 0.647749
    outer loop
      vertex -19.125 2.75 10.0514
      vertex -19.3906 5 7.72025
      vertex -20.25 5 8.10289
    endloop
  endfacet
  facet normal -0.41681 0.705174 -0.573585
    outer loop
      vertex -14.9889 5 15.3442
      vertex -16.4945 2.75 13.6721
      vertex -16.875 2.75 13.9486
    endloop
  endfacet
  facet normal 0.416765 0.705156 0.573639
    outer loop
      vertex -19.125 2.75 10.0514
      vertex -20.25 5 8.10289
      vertex -21.0111 5 8.65585
    endloop
  endfacet
  facet normal -0.526909 0.705164 0.474459
    outer loop
      vertex -16.1797 2.75 10.6775
      vertex -14.3594 5 9.35497
      vertex -16.4945 2.75 10.3279
    endloop
  endfacet
  facet normal 0.614044 0.705159 -0.354543
    outer loop
      vertex -21.6406 5 14.645
      vertex -20.0555 2.75 12.9152
      vertex -22.111 5 13.8303
    endloop
  endfacet
  facet normal 0.705163 0.705163 0.0740889
    outer loop
      vertex -20.25 2.75 12
      vertex -22.4017 5 11.0644
      vertex -22.5 5 12
    endloop
  endfacet
  facet normal -0.416735 0.705157 -0.57366
    outer loop
      vertex -15.75 5 15.8971
      vertex -14.9889 5 15.3442
      vertex -16.875 2.75 13.9486
    endloop
  endfacet
  facet normal 0.416814 0.705167 0.57359
    outer loop
      vertex -19.5055 2.75 10.3279
      vertex -19.125 2.75 10.0514
      vertex -21.0111 5 8.65585
    endloop
  endfacet
  facet normal 0.526911 0.70516 -0.474461
    outer loop
      vertex -19.5055 2.75 13.6721
      vertex -19.8203 2.75 13.3225
      vertex -21.6406 5 14.645
    endloop
  endfacet
  facet normal 0.674344 0.705162 -0.219103
    outer loop
      vertex -22.111 5 13.8303
      vertex -20.0555 2.75 12.9152
      vertex -22.4017 5 12.9356
    endloop
  endfacet
  facet normal 0.61402 0.705165 -0.354573
    outer loop
      vertex -19.8203 2.75 13.3225
      vertex -20.0555 2.75 12.9152
      vertex -21.6406 5 14.645
    endloop
  endfacet
  facet normal -0.28835 0.705164 0.647763
    outer loop
      vertex -16.875 2.75 10.0514
      vertex -16.6094 5 7.72025
      vertex -17.3047 2.75 9.86012
    endloop
  endfacet
  facet normal -0.674359 0.705177 -0.219008
    outer loop
      vertex -13.5983 5 12.9356
      vertex -15.7992 2.75 12.4678
      vertex -15.9445 2.75 12.9152
    endloop
  endfacet
  facet normal -0.614044 0.705159 -0.354543
    outer loop
      vertex -14.3594 5 14.645
      vertex -13.889 5 13.8303
      vertex -15.9445 2.75 12.9152
    endloop
  endfacet
  facet normal 0.674344 0.705162 0.219103
    outer loop
      vertex -20.0555 2.75 11.0848
      vertex -22.111 5 10.1697
      vertex -22.4017 5 11.0644
    endloop
  endfacet
  facet normal 0.288442 0.705156 -0.647731
    outer loop
      vertex -19.3906 5 16.2798
      vertex -19.125 2.75 13.9486
      vertex -20.25 5 15.8971
    endloop
  endfacet
  facet normal -0.705156 0.705171 0.0740881
    outer loop
      vertex -13.5 5 12
      vertex -13.5983 5 11.0644
      vertex -15.7992 2.75 11.5322
    endloop
  endfacet
  facet normal -0.705159 0.705159 0.0741638
    outer loop
      vertex -15.75 2.75 12
      vertex -13.5 5 12
      vertex -15.7992 2.75 11.5322
    endloop
  endfacet
  facet normal 0.147409 0.705161 0.693555
    outer loop
      vertex -18.2352 2.75 9.76233
      vertex -19.3906 5 7.72025
      vertex -18.6953 2.75 9.86012
    endloop
  endfacet
  facet normal 0.147423 0.705163 0.69355
    outer loop
      vertex -19.3906 5 7.72025
      vertex -18.2352 2.75 9.76233
      vertex -18.4704 5 7.52465
    endloop
  endfacet
  facet normal -0.526917 0.705166 0.474446
    outer loop
      vertex -14.3594 5 9.35497
      vertex -14.9889 5 8.65585
      vertex -16.4945 2.75 10.3279
    endloop
  endfacet
  facet normal -0.614049 0.70516 0.354533
    outer loop
      vertex -13.889 5 10.1697
      vertex -14.3594 5 9.35497
      vertex -15.9445 2.75 11.0848
    endloop
  endfacet
  facet normal -0.614018 0.705168 0.354571
    outer loop
      vertex -15.9445 2.75 11.0848
      vertex -14.3594 5 9.35497
      vertex -16.1797 2.75 10.6775
    endloop
  endfacet
  facet normal -0.147352 0.705155 -0.693574
    outer loop
      vertex -16.6094 5 16.2798
      vertex -17.7648 2.75 14.2377
      vertex -17.5296 5 16.4753
    endloop
  endfacet
  facet normal -0.147422 0.705166 -0.693547
    outer loop
      vertex -17.7648 2.75 14.2377
      vertex -16.6094 5 16.2798
      vertex -17.3047 2.75 14.1399
    endloop
  endfacet
  facet normal 0.705144 0.705175 0.0741622
    outer loop
      vertex -20.25 2.75 12
      vertex -20.2008 2.75 11.5322
      vertex -22.4017 5 11.0644
    endloop
  endfacet
  facet normal -0.705159 0.705159 -0.0741638
    outer loop
      vertex -15.7992 2.75 12.4678
      vertex -13.5 5 12
      vertex -15.75 2.75 12
    endloop
  endfacet
  facet normal -0.705156 0.705171 -0.0740881
    outer loop
      vertex -13.5 5 12
      vertex -15.7992 2.75 12.4678
      vertex -13.5983 5 12.9356
    endloop
  endfacet
  facet normal 0.705144 0.705175 -0.0741622
    outer loop
      vertex -20.2008 2.75 12.4678
      vertex -20.25 2.75 12
      vertex -22.4017 5 12.9356
    endloop
  endfacet
  facet normal -0.416765 0.705156 0.573639
    outer loop
      vertex -14.9889 5 8.65585
      vertex -15.75 5 8.10289
      vertex -16.875 2.75 10.0514
    endloop
  endfacet
  facet normal -0.674359 0.705177 0.219008
    outer loop
      vertex -15.7992 2.75 11.5322
      vertex -13.5983 5 11.0644
      vertex -15.9445 2.75 11.0848
    endloop
  endfacet
  facet normal -0.147409 0.705161 0.693555
    outer loop
      vertex -16.6094 5 7.72025
      vertex -17.7648 2.75 9.76233
      vertex -17.3047 2.75 9.86012
    endloop
  endfacet
  facet normal -0.147423 0.705163 0.69355
    outer loop
      vertex -17.7648 2.75 9.76233
      vertex -16.6094 5 7.72025
      vertex -17.5296 5 7.52465
    endloop
  endfacet
  facet normal -0.288374 0.705167 -0.64775
    outer loop
      vertex -16.6094 5 16.2798
      vertex -16.875 2.75 13.9486
      vertex -17.3047 2.75 14.1399
    endloop
  endfacet
  facet normal 0 -1 0
    outer loop
      vertex -18.2352 5 14.2377
      vertex -18.4704 5 16.4753
      vertex -19.3906 5 16.2798
    endloop
  endfacet
  facet normal 0 -1 0
    outer loop
      vertex -18.4704 5 16.4753
      vertex -18.2352 5 14.2377
      vertex -17.5296 5 16.4753
    endloop
  endfacet
  facet normal 0 -1 0
    outer loop
      vertex -18.6953 5 14.1399
      vertex -19.3906 5 16.2798
      vertex -20.25 5 15.8971
    endloop
  endfacet
  facet normal 0 -1 0
    outer loop
      vertex -17.7648 5 14.2377
      vertex -17.5296 5 16.4753
      vertex -18.2352 5 14.2377
    endloop
  endfacet
  facet normal 0 -1 0
    outer loop
      vertex -19.125 5 13.9486
      vertex -20.25 5 15.8971
      vertex -21.0111 5 15.3442
    endloop
  endfacet
  facet normal 0 -1 -0
    outer loop
      vertex -17.5296 5 16.4753
      vertex -17.7648 5 14.2377
      vertex -16.6094 5 16.2798
    endloop
  endfacet
  facet normal 0 -1 0
    outer loop
      vertex -19.5055 5 13.6721
      vertex -21.0111 5 15.3442
      vertex -21.6406 5 14.645
    endloop
  endfacet
  facet normal 0 -1 0
    outer loop
      vertex -17.3047 5 14.1399
      vertex -16.6094 5 16.2798
      vertex -17.7648 5 14.2377
    endloop
  endfacet
  facet normal 0 -1 -0
    outer loop
      vertex -16.6094 5 16.2798
      vertex -17.3047 5 14.1399
      vertex -15.75 5 15.8971
    endloop
  endfacet
  facet normal 0 -1 0
    outer loop
      vertex -19.3906 5 16.2798
      vertex -18.6953 5 14.1399
      vertex -18.2352 5 14.2377
    endloop
  endfacet
  facet normal 0 -1 0
    outer loop
      vertex -20.25 5 15.8971
      vertex -19.125 5 13.9486
      vertex -18.6953 5 14.1399
    endloop
  endfacet
  facet normal 0 -1 0
    outer loop
      vertex -19.8203 5 13.3225
      vertex -21.6406 5 14.645
      vertex -22.111 5 13.8303
    endloop
  endfacet
  facet normal 0 -1 0
    outer loop
      vertex -21.0111 5 15.3442
      vertex -19.5055 5 13.6721
      vertex -19.125 5 13.9486
    endloop
  endfacet
  facet normal 0 -1 0
    outer loop
      vertex -21.6406 5 14.645
      vertex -19.8203 5 13.3225
      vertex -19.5055 5 13.6721
    endloop
  endfacet
  facet normal 0 -1 0
    outer loop
      vertex -20.0555 5 12.9152
      vertex -22.111 5 13.8303
      vertex -22.4017 5 12.9356
    endloop
  endfacet
  facet normal 0 -1 0
    outer loop
      vertex -22.111 5 13.8303
      vertex -20.0555 5 12.9152
      vertex -19.8203 5 13.3225
    endloop
  endfacet
  facet normal 0 -1 0
    outer loop
      vertex -22.4017 5 12.9356
      vertex -20.2008 5 12.4678
      vertex -20.0555 5 12.9152
    endloop
  endfacet
  facet normal 0 -1 0
    outer loop
      vertex -22.5 5 12
      vertex -20.2008 5 12.4678
      vertex -22.4017 5 12.9356
    endloop
  endfacet
  facet normal 0 -1 0
    outer loop
      vertex -22.5 5 12
      vertex -20.25 5 12
      vertex -20.2008 5 12.4678
    endloop
  endfacet
  facet normal 0 -1 0
    outer loop
      vertex -22.5 5 12
      vertex -20.2008 5 11.5322
      vertex -20.25 5 12
    endloop
  endfacet
  facet normal 0 -1 0
    outer loop
      vertex -22.4017 5 11.0644
      vertex -20.2008 5 11.5322
      vertex -22.5 5 12
    endloop
  endfacet
  facet normal 0 -1 -0
    outer loop
      vertex -20.2008 5 11.5322
      vertex -22.4017 5 11.0644
      vertex -20.0555 5 11.0848
    endloop
  endfacet
  facet normal 0 -1 0
    outer loop
      vertex -22.111 5 10.1697
      vertex -20.0555 5 11.0848
      vertex -22.4017 5 11.0644
    endloop
  endfacet
  facet normal 0 -1 -0
    outer loop
      vertex -20.0555 5 11.0848
      vertex -22.111 5 10.1697
      vertex -19.8203 5 10.6775
    endloop
  endfacet
  facet normal 0 -1 0
    outer loop
      vertex -21.6406 5 9.35497
      vertex -19.8203 5 10.6775
      vertex -22.111 5 10.1697
    endloop
  endfacet
  facet normal 0 -1 -0
    outer loop
      vertex -19.8203 5 10.6775
      vertex -21.6406 5 9.35497
      vertex -19.5055 5 10.3279
    endloop
  endfacet
  facet normal 0 -1 0
    outer loop
      vertex -21.0111 5 8.65585
      vertex -19.5055 5 10.3279
      vertex -21.6406 5 9.35497
    endloop
  endfacet
  facet normal 0 -1 -0
    outer loop
      vertex -19.5055 5 10.3279
      vertex -21.0111 5 8.65585
      vertex -19.125 5 10.0514
    endloop
  endfacet
  facet normal 0 -1 -0
    outer loop
      vertex -19.125 5 10.0514
      vertex -20.25 5 8.10289
      vertex -18.6953 5 9.86012
    endloop
  endfacet
  facet normal 0 -1 0
    outer loop
      vertex -20.25 5 8.10289
      vertex -19.125 5 10.0514
      vertex -21.0111 5 8.65585
    endloop
  endfacet
  facet normal 0 -1 0
    outer loop
      vertex -16.875 5 13.9486
      vertex -15.75 5 15.8971
      vertex -17.3047 5 14.1399
    endloop
  endfacet
  facet normal 0 -1 -0
    outer loop
      vertex -15.75 5 15.8971
      vertex -16.875 5 13.9486
      vertex -14.9889 5 15.3442
    endloop
  endfacet
  facet normal 0 -1 0
    outer loop
      vertex -16.4945 5 13.6721
      vertex -14.9889 5 15.3442
      vertex -16.875 5 13.9486
    endloop
  endfacet
  facet normal 0 -1 -0
    outer loop
      vertex -14.9889 5 15.3442
      vertex -16.4945 5 13.6721
      vertex -14.3594 5 14.645
    endloop
  endfacet
  facet normal 0 -1 0
    outer loop
      vertex -16.1797 5 13.3225
      vertex -14.3594 5 14.645
      vertex -16.4945 5 13.6721
    endloop
  endfacet
  facet normal 0 -1 -0
    outer loop
      vertex -14.3594 5 14.645
      vertex -16.1797 5 13.3225
      vertex -13.889 5 13.8303
    endloop
  endfacet
  facet normal 0 -1 0
    outer loop
      vertex -15.9445 5 12.9152
      vertex -13.889 5 13.8303
      vertex -16.1797 5 13.3225
    endloop
  endfacet
  facet normal 0 -1 -0
    outer loop
      vertex -13.889 5 13.8303
      vertex -15.9445 5 12.9152
      vertex -13.5983 5 12.9356
    endloop
  endfacet
  facet normal 0 -1 0
    outer loop
      vertex -15.7992 5 12.4678
      vertex -13.5983 5 12.9356
      vertex -15.9445 5 12.9152
    endloop
  endfacet
  facet normal 0 -1 0
    outer loop
      vertex -15.75 5 12
      vertex -13.5983 5 12.9356
      vertex -15.7992 5 12.4678
    endloop
  endfacet
  facet normal 0 -1 0
    outer loop
      vertex -15.75 5 12
      vertex -13.5 5 12
      vertex -13.5983 5 12.9356
    endloop
  endfacet
  facet normal 0 -1 0
    outer loop
      vertex -15.7992 5 11.5322
      vertex -13.5 5 12
      vertex -15.75 5 12
    endloop
  endfacet
  facet normal 0 -1 0
    outer loop
      vertex -13.5983 5 11.0644
      vertex -15.7992 5 11.5322
      vertex -15.9445 5 11.0848
    endloop
  endfacet
  facet normal 0 -1 0
    outer loop
      vertex -15.7992 5 11.5322
      vertex -13.5983 5 11.0644
      vertex -13.5 5 12
    endloop
  endfacet
  facet normal 0 -1 0
    outer loop
      vertex -13.889 5 10.1697
      vertex -15.9445 5 11.0848
      vertex -16.1797 5 10.6775
    endloop
  endfacet
  facet normal 0 -1 0
    outer loop
      vertex -14.3594 5 9.35497
      vertex -16.1797 5 10.6775
      vertex -16.4945 5 10.3279
    endloop
  endfacet
  facet normal 0 -1 0
    outer loop
      vertex -15.9445 5 11.0848
      vertex -13.889 5 10.1697
      vertex -13.5983 5 11.0644
    endloop
  endfacet
  facet normal 0 -1 0
    outer loop
      vertex -14.9889 5 8.65585
      vertex -16.4945 5 10.3279
      vertex -16.875 5 10.0514
    endloop
  endfacet
  facet normal 0 -1 0
    outer loop
      vertex -15.75 5 8.10289
      vertex -16.875 5 10.0514
      vertex -17.3047 5 9.86012
    endloop
  endfacet
  facet normal 0 -1 0
    outer loop
      vertex -16.6094 5 7.72025
      vertex -17.3047 5 9.86012
      vertex -17.7648 5 9.76233
    endloop
  endfacet
  facet normal 0 -1 0
    outer loop
      vertex -19.3906 5 7.72025
      vertex -18.6953 5 9.86012
      vertex -20.25 5 8.10289
    endloop
  endfacet
  facet normal 0 -1 0
    outer loop
      vertex -16.1797 5 10.6775
      vertex -14.3594 5 9.35497
      vertex -13.889 5 10.1697
    endloop
  endfacet
  facet normal 0 -1 -0
    outer loop
      vertex -18.6953 5 9.86012
      vertex -19.3906 5 7.72025
      vertex -18.2352 5 9.76233
    endloop
  endfacet
  facet normal 0 -1 0
    outer loop
      vertex -16.4945 5 10.3279
      vertex -14.9889 5 8.65585
      vertex -14.3594 5 9.35497
    endloop
  endfacet
  facet normal 0 -1 0
    outer loop
      vertex -18.4704 5 7.52465
      vertex -18.2352 5 9.76233
      vertex -19.3906 5 7.72025
    endloop
  endfacet
  facet normal 0 -1 0
    outer loop
      vertex -16.875 5 10.0514
      vertex -15.75 5 8.10289
      vertex -14.9889 5 8.65585
    endloop
  endfacet
  facet normal 0 -1 -0
    outer loop
      vertex -18.2352 5 9.76233
      vertex -18.4704 5 7.52465
      vertex -17.7648 5 9.76233
    endloop
  endfacet
  facet normal 0 -1 0
    outer loop
      vertex -17.3047 5 9.86012
      vertex -16.6094 5 7.72025
      vertex -15.75 5 8.10289
    endloop
  endfacet
  facet normal 0 -1 0
    outer loop
      vertex -17.5296 5 7.52465
      vertex -17.7648 5 9.76233
      vertex -18.4704 5 7.52465
    endloop
  endfacet
  facet normal 0 -1 0
    outer loop
      vertex -17.7648 5 9.76233
      vertex -17.5296 5 7.52465
      vertex -16.6094 5 7.72025
    endloop
  endfacet
  facet normal -0.288442 0.705156 -0.647731
    outer loop
      vertex -16.6094 5 16.2798
      vertex -15.75 5 15.8971
      vertex -16.875 2.75 13.9486
    endloop
  endfacet
  facet normal 0.147352 0.705155 -0.693574
    outer loop
      vertex -18.2352 2.75 14.2377
      vertex -19.3906 5 16.2798
      vertex -18.4704 5 16.4753
    endloop
  endfacet
  facet normal 0.147422 0.705166 -0.693547
    outer loop
      vertex -19.3906 5 16.2798
      vertex -18.2352 2.75 14.2377
      vertex -18.6953 2.75 14.1399
    endloop
  endfacet
  facet normal 0.28835 0.705164 0.647763
    outer loop
      vertex -19.125 2.75 10.0514
      vertex -18.6953 2.75 9.86012
      vertex -19.3906 5 7.72025
    endloop
  endfacet
  facet normal 0.614018 0.705168 0.354571
    outer loop
      vertex -20.0555 2.75 11.0848
      vertex -19.8203 2.75 10.6775
      vertex -21.6406 5 9.35497
    endloop
  endfacet
  facet normal 0.526909 0.705164 0.474459
    outer loop
      vertex -19.8203 2.75 10.6775
      vertex -19.5055 2.75 10.3279
      vertex -21.6406 5 9.35497
    endloop
  endfacet
  facet normal 0.994519 -0 0.104552
    outer loop
      vertex -20.25 -0.990751 105
      vertex -20.2008 2.75 104.532
      vertex -20.25 2.75 105
    endloop
  endfacet
  facet normal 0.994519 0 0.104552
    outer loop
      vertex -20.2008 2.75 104.532
      vertex -20.25 -0.990751 105
      vertex -20.2008 -0.990751 104.532
    endloop
  endfacet
  facet normal 0.994519 -0 0.104552
    outer loop
      vertex -20.25 5 105
      vertex -20.2008 5.99075 104.532
      vertex -20.25 5.99075 105
    endloop
  endfacet
  facet normal 0.994519 0 0.104552
    outer loop
      vertex -20.2008 5.99075 104.532
      vertex -20.25 5 105
      vertex -20.2008 5 104.532
    endloop
  endfacet
  facet normal -0.951018 0 0.309134
    outer loop
      vertex -15.9445 -0.990751 104.085
      vertex -15.7992 2.75 104.532
      vertex -15.9445 2.75 104.085
    endloop
  endfacet
  facet normal -0.951018 0 0.309134
    outer loop
      vertex -15.7992 2.75 104.532
      vertex -15.9445 -0.990751 104.085
      vertex -15.7992 -0.990751 104.532
    endloop
  endfacet
  facet normal -0.951018 0 0.309134
    outer loop
      vertex -15.9445 5 104.085
      vertex -15.7992 5.99075 104.532
      vertex -15.9445 5.99075 104.085
    endloop
  endfacet
  facet normal -0.951018 0 0.309134
    outer loop
      vertex -15.7992 5.99075 104.532
      vertex -15.9445 5 104.085
      vertex -15.7992 5 104.532
    endloop
  endfacet
  facet normal -0.208324 0 0.97806
    outer loop
      vertex -17.7648 2.75 102.762
      vertex -17.3047 -0.990751 102.86
      vertex -17.3047 2.75 102.86
    endloop
  endfacet
  facet normal -0.208324 0 0.97806
    outer loop
      vertex -17.3047 -0.990751 102.86
      vertex -17.7648 2.75 102.762
      vertex -17.7648 -0.990751 102.762
    endloop
  endfacet
  facet normal -0.208324 0 0.97806
    outer loop
      vertex -17.7648 5.99075 102.762
      vertex -17.3047 5 102.86
      vertex -17.3047 5.99075 102.86
    endloop
  endfacet
  facet normal -0.208324 0 0.97806
    outer loop
      vertex -17.3047 5 102.86
      vertex -17.7648 5.99075 102.762
      vertex -17.7648 5 102.762
    endloop
  endfacet
  facet normal 0.742553 -0 0.669787
    outer loop
      vertex -19.8203 -0.990751 103.677
      vertex -19.5055 2.75 103.328
      vertex -19.8203 2.75 103.677
    endloop
  endfacet
  facet normal 0.742553 0 0.669787
    outer loop
      vertex -19.5055 2.75 103.328
      vertex -19.8203 -0.990751 103.677
      vertex -19.5055 -0.990751 103.328
    endloop
  endfacet
  facet normal 0.742553 -0 0.669787
    outer loop
      vertex -19.8203 5 103.677
      vertex -19.5055 5.99075 103.328
      vertex -19.8203 5.99075 103.677
    endloop
  endfacet
  facet normal 0.742553 0 0.669787
    outer loop
      vertex -19.5055 5.99075 103.328
      vertex -19.8203 5 103.677
      vertex -19.5055 5 103.328
    endloop
  endfacet
  facet normal -0.406178 0 0.913794
    outer loop
      vertex -17.3047 2.75 102.86
      vertex -16.875 -0.990751 103.051
      vertex -16.875 2.75 103.051
    endloop
  endfacet
  facet normal -0.406178 0 0.913794
    outer loop
      vertex -16.875 -0.990751 103.051
      vertex -17.3047 2.75 102.86
      vertex -17.3047 -0.990751 102.86
    endloop
  endfacet
  facet normal -0.406178 0 0.913794
    outer loop
      vertex -17.3047 5.99075 102.86
      vertex -16.875 5 103.051
      vertex -16.875 5.99075 103.051
    endloop
  endfacet
  facet normal -0.406178 0 0.913794
    outer loop
      vertex -16.875 5 103.051
      vertex -17.3047 5.99075 102.86
      vertex -17.3047 5 102.86
    endloop
  endfacet
  facet normal -0.994519 0 -0.104552
    outer loop
      vertex -15.75 -0.990751 105
      vertex -15.7992 2.75 105.468
      vertex -15.75 2.75 105
    endloop
  endfacet
  facet normal -0.994519 -0 -0.104552
    outer loop
      vertex -15.7992 2.75 105.468
      vertex -15.75 -0.990751 105
      vertex -15.7992 -0.990751 105.468
    endloop
  endfacet
  facet normal -0.994519 0 -0.104552
    outer loop
      vertex -15.75 5 105
      vertex -15.7992 5.99075 105.468
      vertex -15.75 5.99075 105
    endloop
  endfacet
  facet normal -0.994519 -0 -0.104552
    outer loop
      vertex -15.7992 5.99075 105.468
      vertex -15.75 5 105
      vertex -15.7992 5 105.468
    endloop
  endfacet
  facet normal -0.994519 0 0.104552
    outer loop
      vertex -15.7992 -0.990751 104.532
      vertex -15.75 2.75 105
      vertex -15.7992 2.75 104.532
    endloop
  endfacet
  facet normal -0.994519 0 0.104552
    outer loop
      vertex -15.75 2.75 105
      vertex -15.7992 -0.990751 104.532
      vertex -15.75 -0.990751 105
    endloop
  endfacet
  facet normal -0.994519 0 0.104552
    outer loop
      vertex -15.7992 5 104.532
      vertex -15.75 5.99075 105
      vertex -15.7992 5.99075 104.532
    endloop
  endfacet
  facet normal -0.994519 0 0.104552
    outer loop
      vertex -15.75 5.99075 105
      vertex -15.7992 5 104.532
      vertex -15.75 5 105
    endloop
  endfacet
  facet normal 0.951018 -0 0.309134
    outer loop
      vertex -20.2008 -0.990751 104.532
      vertex -20.0555 2.75 104.085
      vertex -20.2008 2.75 104.532
    endloop
  endfacet
  facet normal 0.951018 0 0.309134
    outer loop
      vertex -20.0555 2.75 104.085
      vertex -20.2008 -0.990751 104.532
      vertex -20.0555 -0.990751 104.085
    endloop
  endfacet
  facet normal 0.951018 -0 0.309134
    outer loop
      vertex -20.2008 5 104.532
      vertex -20.0555 5.99075 104.085
      vertex -20.2008 5.99075 104.532
    endloop
  endfacet
  facet normal 0.951018 0 0.309134
    outer loop
      vertex -20.0555 5.99075 104.085
      vertex -20.2008 5 104.532
      vertex -20.0555 5 104.085
    endloop
  endfacet
  facet normal 0.588551 0 -0.80846
    outer loop
      vertex -19.5055 -0.990751 106.672
      vertex -19.125 2.75 106.949
      vertex -19.125 -0.990751 106.949
    endloop
  endfacet
  facet normal 0.588551 0 -0.80846
    outer loop
      vertex -19.125 2.75 106.949
      vertex -19.5055 -0.990751 106.672
      vertex -19.5055 2.75 106.672
    endloop
  endfacet
  facet normal 0.588551 0 -0.80846
    outer loop
      vertex -19.5055 5 106.672
      vertex -19.125 5.99075 106.949
      vertex -19.125 5 106.949
    endloop
  endfacet
  facet normal 0.588551 0 -0.80846
    outer loop
      vertex -19.125 5.99075 106.949
      vertex -19.5055 5 106.672
      vertex -19.5055 5.99075 106.672
    endloop
  endfacet
  facet normal 0.951018 0 -0.309134
    outer loop
      vertex -20.0555 -0.990751 105.915
      vertex -20.2008 2.75 105.468
      vertex -20.0555 2.75 105.915
    endloop
  endfacet
  facet normal 0.951018 0 -0.309134
    outer loop
      vertex -20.2008 2.75 105.468
      vertex -20.0555 -0.990751 105.915
      vertex -20.2008 -0.990751 105.468
    endloop
  endfacet
  facet normal 0.951018 0 -0.309134
    outer loop
      vertex -20.0555 5 105.915
      vertex -20.2008 5.99075 105.468
      vertex -20.0555 5.99075 105.915
    endloop
  endfacet
  facet normal 0.951018 0 -0.309134
    outer loop
      vertex -20.2008 5.99075 105.468
      vertex -20.0555 5 105.915
      vertex -20.2008 5 105.468
    endloop
  endfacet
  facet normal -0.742553 0 -0.669787
    outer loop
      vertex -16.1797 -0.990751 106.323
      vertex -16.4945 2.75 106.672
      vertex -16.1797 2.75 106.323
    endloop
  endfacet
  facet normal -0.742553 -0 -0.669787
    outer loop
      vertex -16.4945 2.75 106.672
      vertex -16.1797 -0.990751 106.323
      vertex -16.4945 -0.990751 106.672
    endloop
  endfacet
  facet normal -0.742553 0 -0.669787
    outer loop
      vertex -16.1797 5 106.323
      vertex -16.4945 5.99075 106.672
      vertex -16.1797 5.99075 106.323
    endloop
  endfacet
  facet normal -0.742553 -0 -0.669787
    outer loop
      vertex -16.4945 5.99075 106.672
      vertex -16.1797 5 106.323
      vertex -16.4945 5 106.672
    endloop
  endfacet
  facet normal 0.208324 0 0.97806
    outer loop
      vertex -18.6953 2.75 102.86
      vertex -18.2352 -0.990751 102.762
      vertex -18.2352 2.75 102.762
    endloop
  endfacet
  facet normal 0.208324 0 0.97806
    outer loop
      vertex -18.2352 -0.990751 102.762
      vertex -18.6953 2.75 102.86
      vertex -18.6953 -0.990751 102.86
    endloop
  endfacet
  facet normal 0.208324 0 0.97806
    outer loop
      vertex -18.6953 5.99075 102.86
      vertex -18.2352 5 102.762
      vertex -18.2352 5.99075 102.762
    endloop
  endfacet
  facet normal 0.208324 0 0.97806
    outer loop
      vertex -18.2352 5 102.762
      vertex -18.6953 5.99075 102.86
      vertex -18.6953 5 102.86
    endloop
  endfacet
  facet normal 0.406178 0 -0.913794
    outer loop
      vertex -19.125 -0.990751 106.949
      vertex -18.6953 2.75 107.14
      vertex -18.6953 -0.990751 107.14
    endloop
  endfacet
  facet normal 0.406178 0 -0.913794
    outer loop
      vertex -18.6953 2.75 107.14
      vertex -19.125 -0.990751 106.949
      vertex -19.125 2.75 106.949
    endloop
  endfacet
  facet normal 0.406178 0 -0.913794
    outer loop
      vertex -19.125 5 106.949
      vertex -18.6953 5.99075 107.14
      vertex -18.6953 5 107.14
    endloop
  endfacet
  facet normal 0.406178 0 -0.913794
    outer loop
      vertex -18.6953 5.99075 107.14
      vertex -19.125 5 106.949
      vertex -19.125 5.99075 106.949
    endloop
  endfacet
  facet normal -0.866355 0 0.499428
    outer loop
      vertex -16.1797 -0.990751 103.677
      vertex -15.9445 2.75 104.085
      vertex -16.1797 2.75 103.677
    endloop
  endfacet
  facet normal -0.866355 0 0.499428
    outer loop
      vertex -15.9445 2.75 104.085
      vertex -16.1797 -0.990751 103.677
      vertex -15.9445 -0.990751 104.085
    endloop
  endfacet
  facet normal -0.866355 0 0.499428
    outer loop
      vertex -16.1797 5 103.677
      vertex -15.9445 5.99075 104.085
      vertex -16.1797 5.99075 103.677
    endloop
  endfacet
  facet normal -0.866355 0 0.499428
    outer loop
      vertex -15.9445 5.99075 104.085
      vertex -16.1797 5 103.677
      vertex -15.9445 5 104.085
    endloop
  endfacet
  facet normal -0.588551 0 -0.80846
    outer loop
      vertex -16.875 -0.990751 106.949
      vertex -16.4945 2.75 106.672
      vertex -16.4945 -0.990751 106.672
    endloop
  endfacet
  facet normal -0.588551 0 -0.80846
    outer loop
      vertex -16.4945 2.75 106.672
      vertex -16.875 -0.990751 106.949
      vertex -16.875 2.75 106.949
    endloop
  endfacet
  facet normal -0.588551 0 -0.80846
    outer loop
      vertex -16.875 5 106.949
      vertex -16.4945 5.99075 106.672
      vertex -16.4945 5 106.672
    endloop
  endfacet
  facet normal -0.588551 0 -0.80846
    outer loop
      vertex -16.4945 5.99075 106.672
      vertex -16.875 5 106.949
      vertex -16.875 5.99075 106.949
    endloop
  endfacet
  facet normal 0.588551 0 0.80846
    outer loop
      vertex -19.5055 2.75 103.328
      vertex -19.125 -0.990751 103.051
      vertex -19.125 2.75 103.051
    endloop
  endfacet
  facet normal 0.588551 0 0.80846
    outer loop
      vertex -19.125 -0.990751 103.051
      vertex -19.5055 2.75 103.328
      vertex -19.5055 -0.990751 103.328
    endloop
  endfacet
  facet normal 0.588551 0 0.80846
    outer loop
      vertex -19.5055 5.99075 103.328
      vertex -19.125 5 103.051
      vertex -19.125 5.99075 103.051
    endloop
  endfacet
  facet normal 0.588551 0 0.80846
    outer loop
      vertex -19.125 5 103.051
      vertex -19.5055 5.99075 103.328
      vertex -19.5055 5 103.328
    endloop
  endfacet
  facet normal -0.866355 0 -0.499428
    outer loop
      vertex -15.9445 -0.990751 105.915
      vertex -16.1797 2.75 106.323
      vertex -15.9445 2.75 105.915
    endloop
  endfacet
  facet normal -0.866355 -0 -0.499428
    outer loop
      vertex -16.1797 2.75 106.323
      vertex -15.9445 -0.990751 105.915
      vertex -16.1797 -0.990751 106.323
    endloop
  endfacet
  facet normal -0.866355 0 -0.499428
    outer loop
      vertex -15.9445 5 105.915
      vertex -16.1797 5.99075 106.323
      vertex -15.9445 5.99075 105.915
    endloop
  endfacet
  facet normal -0.866355 -0 -0.499428
    outer loop
      vertex -16.1797 5.99075 106.323
      vertex -15.9445 5 105.915
      vertex -16.1797 5 106.323
    endloop
  endfacet
  facet normal -0.406178 0 -0.913794
    outer loop
      vertex -17.3047 -0.990751 107.14
      vertex -16.875 2.75 106.949
      vertex -16.875 -0.990751 106.949
    endloop
  endfacet
  facet normal -0.406178 0 -0.913794
    outer loop
      vertex -16.875 2.75 106.949
      vertex -17.3047 -0.990751 107.14
      vertex -17.3047 2.75 107.14
    endloop
  endfacet
  facet normal -0.406178 0 -0.913794
    outer loop
      vertex -17.3047 5 107.14
      vertex -16.875 5.99075 106.949
      vertex -16.875 5 106.949
    endloop
  endfacet
  facet normal -0.406178 0 -0.913794
    outer loop
      vertex -16.875 5.99075 106.949
      vertex -17.3047 5 107.14
      vertex -17.3047 5.99075 107.14
    endloop
  endfacet
  facet normal -0.742553 0 0.669787
    outer loop
      vertex -16.4945 -0.990751 103.328
      vertex -16.1797 2.75 103.677
      vertex -16.4945 2.75 103.328
    endloop
  endfacet
  facet normal -0.742553 0 0.669787
    outer loop
      vertex -16.1797 2.75 103.677
      vertex -16.4945 -0.990751 103.328
      vertex -16.1797 -0.990751 103.677
    endloop
  endfacet
  facet normal -0.742553 0 0.669787
    outer loop
      vertex -16.4945 5 103.328
      vertex -16.1797 5.99075 103.677
      vertex -16.4945 5.99075 103.328
    endloop
  endfacet
  facet normal -0.742553 0 0.669787
    outer loop
      vertex -16.1797 5.99075 103.677
      vertex -16.4945 5 103.328
      vertex -16.1797 5 103.677
    endloop
  endfacet
  facet normal -0.951018 0 -0.309134
    outer loop
      vertex -15.7992 -0.990751 105.468
      vertex -15.9445 2.75 105.915
      vertex -15.7992 2.75 105.468
    endloop
  endfacet
  facet normal -0.951018 -0 -0.309134
    outer loop
      vertex -15.9445 2.75 105.915
      vertex -15.7992 -0.990751 105.468
      vertex -15.9445 -0.990751 105.915
    endloop
  endfacet
  facet normal -0.951018 0 -0.309134
    outer loop
      vertex -15.7992 5 105.468
      vertex -15.9445 5.99075 105.915
      vertex -15.7992 5.99075 105.468
    endloop
  endfacet
  facet normal -0.951018 -0 -0.309134
    outer loop
      vertex -15.9445 5.99075 105.915
      vertex -15.7992 5 105.468
      vertex -15.9445 5 105.915
    endloop
  endfacet
  facet normal 0.742553 0 -0.669787
    outer loop
      vertex -19.5055 -0.990751 106.672
      vertex -19.8203 2.75 106.323
      vertex -19.5055 2.75 106.672
    endloop
  endfacet
  facet normal 0.742553 0 -0.669787
    outer loop
      vertex -19.8203 2.75 106.323
      vertex -19.5055 -0.990751 106.672
      vertex -19.8203 -0.990751 106.323
    endloop
  endfacet
  facet normal 0.742553 0 -0.669787
    outer loop
      vertex -19.5055 5 106.672
      vertex -19.8203 5.99075 106.323
      vertex -19.5055 5.99075 106.672
    endloop
  endfacet
  facet normal 0.742553 0 -0.669787
    outer loop
      vertex -19.8203 5.99075 106.323
      vertex -19.5055 5 106.672
      vertex -19.8203 5 106.323
    endloop
  endfacet
  facet normal -0.588551 0 0.80846
    outer loop
      vertex -16.875 2.75 103.051
      vertex -16.4945 -0.990751 103.328
      vertex -16.4945 2.75 103.328
    endloop
  endfacet
  facet normal -0.588551 0 0.80846
    outer loop
      vertex -16.4945 -0.990751 103.328
      vertex -16.875 2.75 103.051
      vertex -16.875 -0.990751 103.051
    endloop
  endfacet
  facet normal -0.588551 0 0.80846
    outer loop
      vertex -16.875 5.99075 103.051
      vertex -16.4945 5 103.328
      vertex -16.4945 5.99075 103.328
    endloop
  endfacet
  facet normal -0.588551 0 0.80846
    outer loop
      vertex -16.4945 5 103.328
      vertex -16.875 5.99075 103.051
      vertex -16.875 5 103.051
    endloop
  endfacet
  facet normal 0.866355 0 -0.499428
    outer loop
      vertex -19.8203 -0.990751 106.323
      vertex -20.0555 2.75 105.915
      vertex -19.8203 2.75 106.323
    endloop
  endfacet
  facet normal 0.866355 0 -0.499428
    outer loop
      vertex -20.0555 2.75 105.915
      vertex -19.8203 -0.990751 106.323
      vertex -20.0555 -0.990751 105.915
    endloop
  endfacet
  facet normal 0.866355 0 -0.499428
    outer loop
      vertex -19.8203 5 106.323
      vertex -20.0555 5.99075 105.915
      vertex -19.8203 5.99075 106.323
    endloop
  endfacet
  facet normal 0.866355 0 -0.499428
    outer loop
      vertex -20.0555 5.99075 105.915
      vertex -19.8203 5 106.323
      vertex -20.0555 5 105.915
    endloop
  endfacet
  facet normal 0.208324 0 -0.97806
    outer loop
      vertex -18.6953 -0.990751 107.14
      vertex -18.2352 2.75 107.238
      vertex -18.2352 -0.990751 107.238
    endloop
  endfacet
  facet normal 0.208324 0 -0.97806
    outer loop
      vertex -18.2352 2.75 107.238
      vertex -18.6953 -0.990751 107.14
      vertex -18.6953 2.75 107.14
    endloop
  endfacet
  facet normal 0.208324 0 -0.97806
    outer loop
      vertex -18.6953 5 107.14
      vertex -18.2352 5.99075 107.238
      vertex -18.2352 5 107.238
    endloop
  endfacet
  facet normal 0.208324 0 -0.97806
    outer loop
      vertex -18.2352 5.99075 107.238
      vertex -18.6953 5 107.14
      vertex -18.6953 5.99075 107.14
    endloop
  endfacet
  facet normal 0.406178 0 0.913794
    outer loop
      vertex -19.125 2.75 103.051
      vertex -18.6953 -0.990751 102.86
      vertex -18.6953 2.75 102.86
    endloop
  endfacet
  facet normal 0.406178 0 0.913794
    outer loop
      vertex -18.6953 -0.990751 102.86
      vertex -19.125 2.75 103.051
      vertex -19.125 -0.990751 103.051
    endloop
  endfacet
  facet normal 0.406178 0 0.913794
    outer loop
      vertex -19.125 5.99075 103.051
      vertex -18.6953 5 102.86
      vertex -18.6953 5.99075 102.86
    endloop
  endfacet
  facet normal 0.406178 0 0.913794
    outer loop
      vertex -18.6953 5 102.86
      vertex -19.125 5.99075 103.051
      vertex -19.125 5 103.051
    endloop
  endfacet
  facet normal 0 0 -1
    outer loop
      vertex -18.2352 -0.990751 107.238
      vertex -17.7648 2.75 107.238
      vertex -17.7648 -0.990751 107.238
    endloop
  endfacet
  facet normal -0 0 -1
    outer loop
      vertex -17.7648 2.75 107.238
      vertex -18.2352 -0.990751 107.238
      vertex -18.2352 2.75 107.238
    endloop
  endfacet
  facet normal 0 0 -1
    outer loop
      vertex -18.2352 5 107.238
      vertex -17.7648 5.99075 107.238
      vertex -17.7648 5 107.238
    endloop
  endfacet
  facet normal -0 0 -1
    outer loop
      vertex -17.7648 5.99075 107.238
      vertex -18.2352 5 107.238
      vertex -18.2352 5.99075 107.238
    endloop
  endfacet
  facet normal 0.994519 0 -0.104552
    outer loop
      vertex -20.2008 -0.990751 105.468
      vertex -20.25 2.75 105
      vertex -20.2008 2.75 105.468
    endloop
  endfacet
  facet normal 0.994519 0 -0.104552
    outer loop
      vertex -20.25 2.75 105
      vertex -20.2008 -0.990751 105.468
      vertex -20.25 -0.990751 105
    endloop
  endfacet
  facet normal 0.994519 0 -0.104552
    outer loop
      vertex -20.2008 5 105.468
      vertex -20.25 5.99075 105
      vertex -20.2008 5.99075 105.468
    endloop
  endfacet
  facet normal 0.994519 0 -0.104552
    outer loop
      vertex -20.25 5.99075 105
      vertex -20.2008 5 105.468
      vertex -20.25 5 105
    endloop
  endfacet
  facet normal -0.208324 0 -0.97806
    outer loop
      vertex -17.7648 -0.990751 107.238
      vertex -17.3047 2.75 107.14
      vertex -17.3047 -0.990751 107.14
    endloop
  endfacet
  facet normal -0.208324 0 -0.97806
    outer loop
      vertex -17.3047 2.75 107.14
      vertex -17.7648 -0.990751 107.238
      vertex -17.7648 2.75 107.238
    endloop
  endfacet
  facet normal -0.208324 0 -0.97806
    outer loop
      vertex -17.7648 5 107.238
      vertex -17.3047 5.99075 107.14
      vertex -17.3047 5 107.14
    endloop
  endfacet
  facet normal -0.208324 0 -0.97806
    outer loop
      vertex -17.3047 5.99075 107.14
      vertex -17.7648 5 107.238
      vertex -17.7648 5.99075 107.238
    endloop
  endfacet
  facet normal 0.866355 -0 0.499428
    outer loop
      vertex -20.0555 -0.990751 104.085
      vertex -19.8203 2.75 103.677
      vertex -20.0555 2.75 104.085
    endloop
  endfacet
  facet normal 0.866355 0 0.499428
    outer loop
      vertex -19.8203 2.75 103.677
      vertex -20.0555 -0.990751 104.085
      vertex -19.8203 -0.990751 103.677
    endloop
  endfacet
  facet normal 0.866355 -0 0.499428
    outer loop
      vertex -20.0555 5 104.085
      vertex -19.8203 5.99075 103.677
      vertex -20.0555 5.99075 104.085
    endloop
  endfacet
  facet normal 0.866355 0 0.499428
    outer loop
      vertex -19.8203 5.99075 103.677
      vertex -20.0555 5 104.085
      vertex -19.8203 5 103.677
    endloop
  endfacet
  facet normal -0 0 1
    outer loop
      vertex -18.2352 2.75 102.762
      vertex -17.7648 -0.990751 102.762
      vertex -17.7648 2.75 102.762
    endloop
  endfacet
  facet normal 0 0 1
    outer loop
      vertex -17.7648 -0.990751 102.762
      vertex -18.2352 2.75 102.762
      vertex -18.2352 -0.990751 102.762
    endloop
  endfacet
  facet normal -0 0 1
    outer loop
      vertex -18.2352 5.99075 102.762
      vertex -17.7648 5 102.762
      vertex -17.7648 5.99075 102.762
    endloop
  endfacet
  facet normal 0 0 1
    outer loop
      vertex -17.7648 5 102.762
      vertex -18.2352 5.99075 102.762
      vertex -18.2352 5 102.762
    endloop
  endfacet
  facet normal -0.147007 0.705081 -0.693722
    outer loop
      vertex -16.6094 5 109.28
      vertex -17.7648 2.75 107.238
      vertex -17.5296 5 109.475
    endloop
  endfacet
  facet normal -0.147704 0.705197 -0.693456
    outer loop
      vertex -17.7648 2.75 107.238
      vertex -16.6094 5 109.28
      vertex -17.3047 2.75 107.14
    endloop
  endfacet
  facet normal -0.526568 0.705075 0.474968
    outer loop
      vertex -16.1797 2.75 103.677
      vertex -14.3594 5 102.355
      vertex -16.4945 2.75 103.328
    endloop
  endfacet
  facet normal -0.705157 0.705173 0.0740566
    outer loop
      vertex -13.5 5 105
      vertex -13.5983 5 104.064
      vertex -15.7992 2.75 104.532
    endloop
  endfacet
  facet normal -0.417292 0.705193 0.573211
    outer loop
      vertex -16.4945 2.75 103.328
      vertex -14.9889 5 101.656
      vertex -16.875 2.75 103.051
    endloop
  endfacet
  facet normal 0.416823 0.70509 -0.573678
    outer loop
      vertex -20.25 5 108.897
      vertex -19.125 2.75 106.949
      vertex -21.0111 5 108.344
    endloop
  endfacet
  facet normal 0 0.705055 0.709152
    outer loop
      vertex -17.5296 5 100.525
      vertex -18.2352 2.75 102.762
      vertex -17.7648 2.75 102.762
    endloop
  endfacet
  facet normal 0 0.705055 0.709152
    outer loop
      vertex -18.2352 2.75 102.762
      vertex -17.5296 5 100.525
      vertex -18.4704 5 100.525
    endloop
  endfacet
  facet normal -0.614341 0.705098 -0.35415
    outer loop
      vertex -14.3594 5 107.645
      vertex -15.9445 2.75 105.915
      vertex -16.1797 2.75 106.323
    endloop
  endfacet
  facet normal 0.288655 0.705095 -0.647703
    outer loop
      vertex -19.3906 5 109.28
      vertex -19.125 2.75 106.949
      vertex -20.25 5 108.897
    endloop
  endfacet
  facet normal 0.526878 0.705164 -0.474492
    outer loop
      vertex -21.0111 5 108.344
      vertex -19.5055 2.75 106.672
      vertex -21.6406 5 107.645
    endloop
  endfacet
  facet normal 0.614102 0.705157 0.354446
    outer loop
      vertex -20.0555 2.75 104.085
      vertex -21.6406 5 102.355
      vertex -22.111 5 103.17
    endloop
  endfacet
  facet normal -0.417292 0.705193 -0.573211
    outer loop
      vertex -14.9889 5 108.344
      vertex -16.4945 2.75 106.672
      vertex -16.875 2.75 106.949
    endloop
  endfacet
  facet normal 0.417292 0.705193 0.573211
    outer loop
      vertex -19.5055 2.75 103.328
      vertex -19.125 2.75 103.051
      vertex -21.0111 5 101.656
    endloop
  endfacet
  facet normal 0.705146 0.705177 0.0741307
    outer loop
      vertex -20.25 2.75 105
      vertex -20.2008 2.75 104.532
      vertex -22.4017 5 104.064
    endloop
  endfacet
  facet normal -0.674301 0.705177 -0.219186
    outer loop
      vertex -13.5983 5 105.936
      vertex -15.7992 2.75 105.468
      vertex -15.9445 2.75 105.915
    endloop
  endfacet
  facet normal -0.614102 0.705157 -0.354446
    outer loop
      vertex -14.3594 5 107.645
      vertex -13.889 5 106.83
      vertex -15.9445 2.75 105.915
    endloop
  endfacet
  facet normal 0.705165 0.705165 0.0740574
    outer loop
      vertex -20.25 2.75 105
      vertex -22.4017 5 104.064
      vertex -22.5 5 105
    endloop
  endfacet
  facet normal 0.67429 0.705166 -0.219257
    outer loop
      vertex -22.111 5 106.83
      vertex -20.0555 2.75 105.915
      vertex -22.4017 5 105.936
    endloop
  endfacet
  facet normal -0.526878 0.705164 -0.474492
    outer loop
      vertex -14.9889 5 108.344
      vertex -14.3594 5 107.645
      vertex -16.4945 2.75 106.672
    endloop
  endfacet
  facet normal 0.288655 0.705095 0.647703
    outer loop
      vertex -19.125 2.75 103.051
      vertex -19.3906 5 100.72
      vertex -20.25 5 101.103
    endloop
  endfacet
  facet normal -0.67429 0.705166 0.219257
    outer loop
      vertex -13.5983 5 104.064
      vertex -13.889 5 103.17
      vertex -15.9445 2.75 104.085
    endloop
  endfacet
  facet normal 0.147704 0.705197 0.693456
    outer loop
      vertex -18.2352 2.75 102.762
      vertex -19.3906 5 100.72
      vertex -18.6953 2.75 102.86
    endloop
  endfacet
  facet normal 0.147007 0.705081 0.693722
    outer loop
      vertex -19.3906 5 100.72
      vertex -18.2352 2.75 102.762
      vertex -18.4704 5 100.525
    endloop
  endfacet
  facet normal -0.526878 0.705164 0.474492
    outer loop
      vertex -14.3594 5 102.355
      vertex -14.9889 5 101.656
      vertex -16.4945 2.75 103.328
    endloop
  endfacet
  facet normal 0.614341 0.705098 0.35415
    outer loop
      vertex -20.0555 2.75 104.085
      vertex -19.8203 2.75 103.677
      vertex -21.6406 5 102.355
    endloop
  endfacet
  facet normal 0.416823 0.70509 0.573678
    outer loop
      vertex -19.125 2.75 103.051
      vertex -20.25 5 101.103
      vertex -21.0111 5 101.656
    endloop
  endfacet
  facet normal 0.705165 0.705165 -0.0740574
    outer loop
      vertex -22.4017 5 105.936
      vertex -20.25 2.75 105
      vertex -22.5 5 105
    endloop
  endfacet
  facet normal 0.614341 0.705098 -0.35415
    outer loop
      vertex -19.8203 2.75 106.323
      vertex -20.0555 2.75 105.915
      vertex -21.6406 5 107.645
    endloop
  endfacet
  facet normal 0.614102 0.705157 -0.354446
    outer loop
      vertex -21.6406 5 107.645
      vertex -20.0555 2.75 105.915
      vertex -22.111 5 106.83
    endloop
  endfacet
  facet normal 0.417292 0.705193 -0.573211
    outer loop
      vertex -19.125 2.75 106.949
      vertex -19.5055 2.75 106.672
      vertex -21.0111 5 108.344
    endloop
  endfacet
  facet normal -0.67429 0.705166 -0.219257
    outer loop
      vertex -13.889 5 106.83
      vertex -13.5983 5 105.936
      vertex -15.9445 2.75 105.915
    endloop
  endfacet
  facet normal -0.288655 0.705095 -0.647703
    outer loop
      vertex -16.6094 5 109.28
      vertex -15.75 5 108.897
      vertex -16.875 2.75 106.949
    endloop
  endfacet
  facet normal -0.287982 0.705203 -0.647885
    outer loop
      vertex -16.6094 5 109.28
      vertex -16.875 2.75 106.949
      vertex -17.3047 2.75 107.14
    endloop
  endfacet
  facet normal -0.526568 0.705075 -0.474968
    outer loop
      vertex -14.3594 5 107.645
      vertex -16.1797 2.75 106.323
      vertex -16.4945 2.75 106.672
    endloop
  endfacet
  facet normal 0.526878 0.705164 0.474492
    outer loop
      vertex -19.5055 2.75 103.328
      vertex -21.0111 5 101.656
      vertex -21.6406 5 102.355
    endloop
  endfacet
  facet normal -0.705161 0.705161 0.0741323
    outer loop
      vertex -15.75 2.75 105
      vertex -13.5 5 105
      vertex -15.7992 2.75 104.532
    endloop
  endfacet
  facet normal -0.147704 0.705197 0.693456
    outer loop
      vertex -16.6094 5 100.72
      vertex -17.7648 2.75 102.762
      vertex -17.3047 2.75 102.86
    endloop
  endfacet
  facet normal -0.147007 0.705081 0.693722
    outer loop
      vertex -17.7648 2.75 102.762
      vertex -16.6094 5 100.72
      vertex -17.5296 5 100.525
    endloop
  endfacet
  facet normal 0 0.705055 -0.709152
    outer loop
      vertex -18.2352 2.75 107.238
      vertex -17.5296 5 109.475
      vertex -17.7648 2.75 107.238
    endloop
  endfacet
  facet normal 0 0.705055 -0.709152
    outer loop
      vertex -17.5296 5 109.475
      vertex -18.2352 2.75 107.238
      vertex -18.4704 5 109.475
    endloop
  endfacet
  facet normal 0.526568 0.705075 -0.474968
    outer loop
      vertex -19.5055 2.75 106.672
      vertex -19.8203 2.75 106.323
      vertex -21.6406 5 107.645
    endloop
  endfacet
  facet normal 0.674301 0.705177 -0.219186
    outer loop
      vertex -20.0555 2.75 105.915
      vertex -20.2008 2.75 105.468
      vertex -22.4017 5 105.936
    endloop
  endfacet
  facet normal 0.705146 0.705177 -0.0741307
    outer loop
      vertex -20.2008 2.75 105.468
      vertex -20.25 2.75 105
      vertex -22.4017 5 105.936
    endloop
  endfacet
  facet normal -0.614102 0.705157 0.354446
    outer loop
      vertex -13.889 5 103.17
      vertex -14.3594 5 102.355
      vertex -15.9445 2.75 104.085
    endloop
  endfacet
  facet normal -0.287982 0.705203 0.647885
    outer loop
      vertex -16.875 2.75 103.051
      vertex -16.6094 5 100.72
      vertex -17.3047 2.75 102.86
    endloop
  endfacet
  facet normal -0.705161 0.705161 -0.0741323
    outer loop
      vertex -15.7992 2.75 105.468
      vertex -13.5 5 105
      vertex -15.75 2.75 105
    endloop
  endfacet
  facet normal -0.705157 0.705173 -0.0740566
    outer loop
      vertex -13.5 5 105
      vertex -15.7992 2.75 105.468
      vertex -13.5983 5 105.936
    endloop
  endfacet
  facet normal 0.526568 0.705075 0.474968
    outer loop
      vertex -19.8203 2.75 103.677
      vertex -19.5055 2.75 103.328
      vertex -21.6406 5 102.355
    endloop
  endfacet
  facet normal -0.614341 0.705098 0.35415
    outer loop
      vertex -15.9445 2.75 104.085
      vertex -14.3594 5 102.355
      vertex -16.1797 2.75 103.677
    endloop
  endfacet
  facet normal -0.674301 0.705177 0.219186
    outer loop
      vertex -15.7992 2.75 104.532
      vertex -13.5983 5 104.064
      vertex -15.9445 2.75 104.085
    endloop
  endfacet
  facet normal 0.287982 0.705203 -0.647885
    outer loop
      vertex -18.6953 2.75 107.14
      vertex -19.125 2.75 106.949
      vertex -19.3906 5 109.28
    endloop
  endfacet
  facet normal 0.67429 0.705166 0.219257
    outer loop
      vertex -20.0555 2.75 104.085
      vertex -22.111 5 103.17
      vertex -22.4017 5 104.064
    endloop
  endfacet
  facet normal 0.674301 0.705177 0.219186
    outer loop
      vertex -20.2008 2.75 104.532
      vertex -20.0555 2.75 104.085
      vertex -22.4017 5 104.064
    endloop
  endfacet
  facet normal -0.288655 0.705095 0.647703
    outer loop
      vertex -15.75 5 101.103
      vertex -16.6094 5 100.72
      vertex -16.875 2.75 103.051
    endloop
  endfacet
  facet normal -0.416823 0.70509 0.573678
    outer loop
      vertex -14.9889 5 101.656
      vertex -15.75 5 101.103
      vertex -16.875 2.75 103.051
    endloop
  endfacet
  facet normal 0.147007 0.705081 -0.693722
    outer loop
      vertex -18.2352 2.75 107.238
      vertex -19.3906 5 109.28
      vertex -18.4704 5 109.475
    endloop
  endfacet
  facet normal 0.147704 0.705197 -0.693456
    outer loop
      vertex -19.3906 5 109.28
      vertex -18.2352 2.75 107.238
      vertex -18.6953 2.75 107.14
    endloop
  endfacet
  facet normal 0 -1 0
    outer loop
      vertex -18.2352 5 107.238
      vertex -18.4704 5 109.475
      vertex -19.3906 5 109.28
    endloop
  endfacet
  facet normal 0 -1 0
    outer loop
      vertex -18.4704 5 109.475
      vertex -18.2352 5 107.238
      vertex -17.5296 5 109.475
    endloop
  endfacet
  facet normal 0 -1 0
    outer loop
      vertex -18.6953 5 107.14
      vertex -19.3906 5 109.28
      vertex -20.25 5 108.897
    endloop
  endfacet
  facet normal 0 -1 0
    outer loop
      vertex -17.7648 5 107.238
      vertex -17.5296 5 109.475
      vertex -18.2352 5 107.238
    endloop
  endfacet
  facet normal 0 -1 0
    outer loop
      vertex -19.125 5 106.949
      vertex -20.25 5 108.897
      vertex -21.0111 5 108.344
    endloop
  endfacet
  facet normal 0 -1 -0
    outer loop
      vertex -17.5296 5 109.475
      vertex -17.7648 5 107.238
      vertex -16.6094 5 109.28
    endloop
  endfacet
  facet normal 0 -1 0
    outer loop
      vertex -19.5055 5 106.672
      vertex -21.0111 5 108.344
      vertex -21.6406 5 107.645
    endloop
  endfacet
  facet normal 0 -1 0
    outer loop
      vertex -17.3047 5 107.14
      vertex -16.6094 5 109.28
      vertex -17.7648 5 107.238
    endloop
  endfacet
  facet normal 0 -1 -0
    outer loop
      vertex -16.6094 5 109.28
      vertex -17.3047 5 107.14
      vertex -15.75 5 108.897
    endloop
  endfacet
  facet normal 0 -1 0
    outer loop
      vertex -19.3906 5 109.28
      vertex -18.6953 5 107.14
      vertex -18.2352 5 107.238
    endloop
  endfacet
  facet normal 0 -1 0
    outer loop
      vertex -20.25 5 108.897
      vertex -19.125 5 106.949
      vertex -18.6953 5 107.14
    endloop
  endfacet
  facet normal 0 -1 0
    outer loop
      vertex -19.8203 5 106.323
      vertex -21.6406 5 107.645
      vertex -22.111 5 106.83
    endloop
  endfacet
  facet normal 0 -1 0
    outer loop
      vertex -21.0111 5 108.344
      vertex -19.5055 5 106.672
      vertex -19.125 5 106.949
    endloop
  endfacet
  facet normal 0 -1 0
    outer loop
      vertex -21.6406 5 107.645
      vertex -19.8203 5 106.323
      vertex -19.5055 5 106.672
    endloop
  endfacet
  facet normal 0 -1 0
    outer loop
      vertex -20.0555 5 105.915
      vertex -22.111 5 106.83
      vertex -22.4017 5 105.936
    endloop
  endfacet
  facet normal 0 -1 0
    outer loop
      vertex -22.111 5 106.83
      vertex -20.0555 5 105.915
      vertex -19.8203 5 106.323
    endloop
  endfacet
  facet normal 0 -1 0
    outer loop
      vertex -22.4017 5 105.936
      vertex -20.2008 5 105.468
      vertex -20.0555 5 105.915
    endloop
  endfacet
  facet normal 0 -1 0
    outer loop
      vertex -22.5 5 105
      vertex -20.2008 5 105.468
      vertex -22.4017 5 105.936
    endloop
  endfacet
  facet normal 0 -1 0
    outer loop
      vertex -22.5 5 105
      vertex -20.25 5 105
      vertex -20.2008 5 105.468
    endloop
  endfacet
  facet normal 0 -1 0
    outer loop
      vertex -22.5 5 105
      vertex -20.2008 5 104.532
      vertex -20.25 5 105
    endloop
  endfacet
  facet normal 0 -1 0
    outer loop
      vertex -22.4017 5 104.064
      vertex -20.2008 5 104.532
      vertex -22.5 5 105
    endloop
  endfacet
  facet normal 0 -1 -0
    outer loop
      vertex -20.2008 5 104.532
      vertex -22.4017 5 104.064
      vertex -20.0555 5 104.085
    endloop
  endfacet
  facet normal 0 -1 0
    outer loop
      vertex -22.111 5 103.17
      vertex -20.0555 5 104.085
      vertex -22.4017 5 104.064
    endloop
  endfacet
  facet normal 0 -1 -0
    outer loop
      vertex -20.0555 5 104.085
      vertex -22.111 5 103.17
      vertex -19.8203 5 103.677
    endloop
  endfacet
  facet normal 0 -1 0
    outer loop
      vertex -21.6406 5 102.355
      vertex -19.8203 5 103.677
      vertex -22.111 5 103.17
    endloop
  endfacet
  facet normal 0 -1 -0
    outer loop
      vertex -19.8203 5 103.677
      vertex -21.6406 5 102.355
      vertex -19.5055 5 103.328
    endloop
  endfacet
  facet normal 0 -1 0
    outer loop
      vertex -21.0111 5 101.656
      vertex -19.5055 5 103.328
      vertex -21.6406 5 102.355
    endloop
  endfacet
  facet normal 0 -1 -0
    outer loop
      vertex -19.5055 5 103.328
      vertex -21.0111 5 101.656
      vertex -19.125 5 103.051
    endloop
  endfacet
  facet normal 0 -1 -0
    outer loop
      vertex -19.125 5 103.051
      vertex -20.25 5 101.103
      vertex -18.6953 5 102.86
    endloop
  endfacet
  facet normal 0 -1 0
    outer loop
      vertex -20.25 5 101.103
      vertex -19.125 5 103.051
      vertex -21.0111 5 101.656
    endloop
  endfacet
  facet normal 0 -1 0
    outer loop
      vertex -16.875 5 106.949
      vertex -15.75 5 108.897
      vertex -17.3047 5 107.14
    endloop
  endfacet
  facet normal 0 -1 -0
    outer loop
      vertex -15.75 5 108.897
      vertex -16.875 5 106.949
      vertex -14.9889 5 108.344
    endloop
  endfacet
  facet normal 0 -1 0
    outer loop
      vertex -16.4945 5 106.672
      vertex -14.9889 5 108.344
      vertex -16.875 5 106.949
    endloop
  endfacet
  facet normal 0 -1 -0
    outer loop
      vertex -14.9889 5 108.344
      vertex -16.4945 5 106.672
      vertex -14.3594 5 107.645
    endloop
  endfacet
  facet normal 0 -1 0
    outer loop
      vertex -16.1797 5 106.323
      vertex -14.3594 5 107.645
      vertex -16.4945 5 106.672
    endloop
  endfacet
  facet normal 0 -1 -0
    outer loop
      vertex -14.3594 5 107.645
      vertex -16.1797 5 106.323
      vertex -13.889 5 106.83
    endloop
  endfacet
  facet normal 0 -1 0
    outer loop
      vertex -15.9445 5 105.915
      vertex -13.889 5 106.83
      vertex -16.1797 5 106.323
    endloop
  endfacet
  facet normal 0 -1 -0
    outer loop
      vertex -13.889 5 106.83
      vertex -15.9445 5 105.915
      vertex -13.5983 5 105.936
    endloop
  endfacet
  facet normal 0 -1 0
    outer loop
      vertex -15.7992 5 105.468
      vertex -13.5983 5 105.936
      vertex -15.9445 5 105.915
    endloop
  endfacet
  facet normal 0 -1 0
    outer loop
      vertex -15.75 5 105
      vertex -13.5983 5 105.936
      vertex -15.7992 5 105.468
    endloop
  endfacet
  facet normal 0 -1 0
    outer loop
      vertex -15.75 5 105
      vertex -13.5 5 105
      vertex -13.5983 5 105.936
    endloop
  endfacet
  facet normal 0 -1 0
    outer loop
      vertex -15.7992 5 104.532
      vertex -13.5 5 105
      vertex -15.75 5 105
    endloop
  endfacet
  facet normal 0 -1 0
    outer loop
      vertex -13.5983 5 104.064
      vertex -15.7992 5 104.532
      vertex -15.9445 5 104.085
    endloop
  endfacet
  facet normal 0 -1 0
    outer loop
      vertex -15.7992 5 104.532
      vertex -13.5983 5 104.064
      vertex -13.5 5 105
    endloop
  endfacet
  facet normal 0 -1 0
    outer loop
      vertex -13.889 5 103.17
      vertex -15.9445 5 104.085
      vertex -16.1797 5 103.677
    endloop
  endfacet
  facet normal 0 -1 0
    outer loop
      vertex -14.3594 5 102.355
      vertex -16.1797 5 103.677
      vertex -16.4945 5 103.328
    endloop
  endfacet
  facet normal 0 -1 0
    outer loop
      vertex -15.9445 5 104.085
      vertex -13.889 5 103.17
      vertex -13.5983 5 104.064
    endloop
  endfacet
  facet normal 0 -1 0
    outer loop
      vertex -14.9889 5 101.656
      vertex -16.4945 5 103.328
      vertex -16.875 5 103.051
    endloop
  endfacet
  facet normal 0 -1 0
    outer loop
      vertex -15.75 5 101.103
      vertex -16.875 5 103.051
      vertex -17.3047 5 102.86
    endloop
  endfacet
  facet normal 0 -1 0
    outer loop
      vertex -16.6094 5 100.72
      vertex -17.3047 5 102.86
      vertex -17.7648 5 102.762
    endloop
  endfacet
  facet normal 0 -1 0
    outer loop
      vertex -19.3906 5 100.72
      vertex -18.6953 5 102.86
      vertex -20.25 5 101.103
    endloop
  endfacet
  facet normal 0 -1 0
    outer loop
      vertex -16.1797 5 103.677
      vertex -14.3594 5 102.355
      vertex -13.889 5 103.17
    endloop
  endfacet
  facet normal 0 -1 -0
    outer loop
      vertex -18.6953 5 102.86
      vertex -19.3906 5 100.72
      vertex -18.2352 5 102.762
    endloop
  endfacet
  facet normal 0 -1 0
    outer loop
      vertex -16.4945 5 103.328
      vertex -14.9889 5 101.656
      vertex -14.3594 5 102.355
    endloop
  endfacet
  facet normal 0 -1 0
    outer loop
      vertex -18.4704 5 100.525
      vertex -18.2352 5 102.762
      vertex -19.3906 5 100.72
    endloop
  endfacet
  facet normal 0 -1 0
    outer loop
      vertex -16.875 5 103.051
      vertex -15.75 5 101.103
      vertex -14.9889 5 101.656
    endloop
  endfacet
  facet normal 0 -1 -0
    outer loop
      vertex -18.2352 5 102.762
      vertex -18.4704 5 100.525
      vertex -17.7648 5 102.762
    endloop
  endfacet
  facet normal 0 -1 0
    outer loop
      vertex -17.3047 5 102.86
      vertex -16.6094 5 100.72
      vertex -15.75 5 101.103
    endloop
  endfacet
  facet normal 0 -1 0
    outer loop
      vertex -17.5296 5 100.525
      vertex -17.7648 5 102.762
      vertex -18.4704 5 100.525
    endloop
  endfacet
  facet normal 0 -1 0
    outer loop
      vertex -17.7648 5 102.762
      vertex -17.5296 5 100.525
      vertex -16.6094 5 100.72
    endloop
  endfacet
  facet normal -0.416823 0.70509 -0.573678
    outer loop
      vertex -15.75 5 108.897
      vertex -14.9889 5 108.344
      vertex -16.875 2.75 106.949
    endloop
  endfacet
  facet normal 0.287982 0.705203 0.647885
    outer loop
      vertex -19.125 2.75 103.051
      vertex -18.6953 2.75 102.86
      vertex -19.3906 5 100.72
    endloop
  endfacet
  facet normal -0.9511 0 0.308884
    outer loop
      vertex 20.0555 -0.990751 11.0848
      vertex 20.2008 2.75 11.5322
      vertex 20.0555 2.75 11.0848
    endloop
  endfacet
  facet normal -0.9511 0 0.308884
    outer loop
      vertex 20.2008 2.75 11.5322
      vertex 20.0555 -0.990751 11.0848
      vertex 20.2008 -0.990751 11.5322
    endloop
  endfacet
  facet normal -0.9511 0 0.308884
    outer loop
      vertex 20.0555 5 11.0848
      vertex 20.2008 5.99075 11.5322
      vertex 20.0555 5.99075 11.0848
    endloop
  endfacet
  facet normal -0.9511 0 0.308884
    outer loop
      vertex 20.2008 5.99075 11.5322
      vertex 20.0555 5 11.0848
      vertex 20.2008 5 11.5322
    endloop
  endfacet
  facet normal -0.994515 0 0.104596
    outer loop
      vertex 20.2008 -0.990751 11.5322
      vertex 20.25 2.75 12
      vertex 20.2008 2.75 11.5322
    endloop
  endfacet
  facet normal -0.994515 0 0.104596
    outer loop
      vertex 20.25 2.75 12
      vertex 20.2008 -0.990751 11.5322
      vertex 20.25 -0.990751 12
    endloop
  endfacet
  facet normal -0.994515 0 0.104596
    outer loop
      vertex 20.2008 5 11.5322
      vertex 20.25 5.99075 12
      vertex 20.2008 5.99075 11.5322
    endloop
  endfacet
  facet normal -0.994515 0 0.104596
    outer loop
      vertex 20.25 5.99075 12
      vertex 20.2008 5 11.5322
      vertex 20.25 5 12
    endloop
  endfacet
  facet normal -0.865984 0 0.500072
    outer loop
      vertex 19.8203 -0.990751 10.6775
      vertex 20.0555 2.75 11.0848
      vertex 19.8203 2.75 10.6775
    endloop
  endfacet
  facet normal -0.865984 0 0.500072
    outer loop
      vertex 20.0555 2.75 11.0848
      vertex 19.8203 -0.990751 10.6775
      vertex 20.0555 -0.990751 11.0848
    endloop
  endfacet
  facet normal -0.865984 0 0.500072
    outer loop
      vertex 19.8203 5 10.6775
      vertex 20.0555 5.99075 11.0848
      vertex 19.8203 5.99075 10.6775
    endloop
  endfacet
  facet normal -0.865984 0 0.500072
    outer loop
      vertex 20.0555 5.99075 11.0848
      vertex 19.8203 5 10.6775
      vertex 20.0555 5 11.0848
    endloop
  endfacet
  facet normal 0.743125 -0 0.669153
    outer loop
      vertex 16.1797 -0.990751 10.6775
      vertex 16.4945 2.75 10.3279
      vertex 16.1797 2.75 10.6775
    endloop
  endfacet
  facet normal 0.743125 0 0.669153
    outer loop
      vertex 16.4945 2.75 10.3279
      vertex 16.1797 -0.990751 10.6775
      vertex 16.4945 -0.990751 10.3279
    endloop
  endfacet
  facet normal 0.743125 -0 0.669153
    outer loop
      vertex 16.1797 5 10.6775
      vertex 16.4945 5.99075 10.3279
      vertex 16.1797 5.99075 10.6775
    endloop
  endfacet
  facet normal 0.743125 0 0.669153
    outer loop
      vertex 16.4945 5.99075 10.3279
      vertex 16.1797 5 10.6775
      vertex 16.4945 5 10.3279
    endloop
  endfacet
  facet normal -0 0 1
    outer loop
      vertex 17.7648 2.75 9.76233
      vertex 18.2352 -0.990751 9.76233
      vertex 18.2352 2.75 9.76233
    endloop
  endfacet
  facet normal 0 0 1
    outer loop
      vertex 18.2352 -0.990751 9.76233
      vertex 17.7648 2.75 9.76233
      vertex 17.7648 -0.990751 9.76233
    endloop
  endfacet
  facet normal -0 0 1
    outer loop
      vertex 17.7648 5.99075 9.76233
      vertex 18.2352 5 9.76233
      vertex 18.2352 5.99075 9.76233
    endloop
  endfacet
  facet normal 0 0 1
    outer loop
      vertex 18.2352 5 9.76233
      vertex 17.7648 5.99075 9.76233
      vertex 17.7648 5 9.76233
    endloop
  endfacet
  facet normal -0.994515 0 -0.104596
    outer loop
      vertex 20.25 -0.990751 12
      vertex 20.2008 2.75 12.4678
      vertex 20.25 2.75 12
    endloop
  endfacet
  facet normal -0.994515 -0 -0.104596
    outer loop
      vertex 20.2008 2.75 12.4678
      vertex 20.25 -0.990751 12
      vertex 20.2008 -0.990751 12.4678
    endloop
  endfacet
  facet normal -0.994515 0 -0.104596
    outer loop
      vertex 20.25 5 12
      vertex 20.2008 5.99075 12.4678
      vertex 20.25 5.99075 12
    endloop
  endfacet
  facet normal -0.994515 -0 -0.104596
    outer loop
      vertex 20.2008 5.99075 12.4678
      vertex 20.25 5 12
      vertex 20.2008 5 12.4678
    endloop
  endfacet
  facet normal 0.406675 0 0.913573
    outer loop
      vertex 16.875 2.75 10.0514
      vertex 17.3047 -0.990751 9.86012
      vertex 17.3047 2.75 9.86012
    endloop
  endfacet
  facet normal 0.406675 0 0.913573
    outer loop
      vertex 17.3047 -0.990751 9.86012
      vertex 16.875 2.75 10.0514
      vertex 16.875 -0.990751 10.0514
    endloop
  endfacet
  facet normal 0.406675 0 0.913573
    outer loop
      vertex 16.875 5.99075 10.0514
      vertex 17.3047 5 9.86012
      vertex 17.3047 5.99075 9.86012
    endloop
  endfacet
  facet normal 0.406675 0 0.913573
    outer loop
      vertex 17.3047 5 9.86012
      vertex 16.875 5.99075 10.0514
      vertex 16.875 5 10.0514
    endloop
  endfacet
  facet normal 0.865984 0 -0.500072
    outer loop
      vertex 16.1797 -0.990751 13.3225
      vertex 15.9445 2.75 12.9152
      vertex 16.1797 2.75 13.3225
    endloop
  endfacet
  facet normal 0.865984 0 -0.500072
    outer loop
      vertex 15.9445 2.75 12.9152
      vertex 16.1797 -0.990751 13.3225
      vertex 15.9445 -0.990751 12.9152
    endloop
  endfacet
  facet normal 0.865984 0 -0.500072
    outer loop
      vertex 16.1797 5 13.3225
      vertex 15.9445 5.99075 12.9152
      vertex 16.1797 5.99075 13.3225
    endloop
  endfacet
  facet normal 0.865984 0 -0.500072
    outer loop
      vertex 15.9445 5.99075 12.9152
      vertex 16.1797 5 13.3225
      vertex 15.9445 5 12.9152
    endloop
  endfacet
  facet normal -0.406675 0 0.913573
    outer loop
      vertex 18.6953 2.75 9.86012
      vertex 19.125 -0.990751 10.0514
      vertex 19.125 2.75 10.0514
    endloop
  endfacet
  facet normal -0.406675 0 0.913573
    outer loop
      vertex 19.125 -0.990751 10.0514
      vertex 18.6953 2.75 9.86012
      vertex 18.6953 -0.990751 9.86012
    endloop
  endfacet
  facet normal -0.406675 0 0.913573
    outer loop
      vertex 18.6953 5.99075 9.86012
      vertex 19.125 5 10.0514
      vertex 19.125 5.99075 10.0514
    endloop
  endfacet
  facet normal -0.406675 0 0.913573
    outer loop
      vertex 19.125 5 10.0514
      vertex 18.6953 5.99075 9.86012
      vertex 18.6953 5 9.86012
    endloop
  endfacet
  facet normal -0.743125 0 0.669153
    outer loop
      vertex 19.5055 -0.990751 10.3279
      vertex 19.8203 2.75 10.6775
      vertex 19.5055 2.75 10.3279
    endloop
  endfacet
  facet normal -0.743125 0 0.669153
    outer loop
      vertex 19.8203 2.75 10.6775
      vertex 19.5055 -0.990751 10.3279
      vertex 19.8203 -0.990751 10.6775
    endloop
  endfacet
  facet normal -0.743125 0 0.669153
    outer loop
      vertex 19.5055 5 10.3279
      vertex 19.8203 5.99075 10.6775
      vertex 19.5055 5.99075 10.3279
    endloop
  endfacet
  facet normal -0.743125 0 0.669153
    outer loop
      vertex 19.8203 5.99075 10.6775
      vertex 19.5055 5 10.3279
      vertex 19.8203 5 10.6775
    endloop
  endfacet
  facet normal -0.9511 0 -0.308884
    outer loop
      vertex 20.2008 -0.990751 12.4678
      vertex 20.0555 2.75 12.9152
      vertex 20.2008 2.75 12.4678
    endloop
  endfacet
  facet normal -0.9511 -0 -0.308884
    outer loop
      vertex 20.0555 2.75 12.9152
      vertex 20.2008 -0.990751 12.4678
      vertex 20.0555 -0.990751 12.9152
    endloop
  endfacet
  facet normal -0.9511 0 -0.308884
    outer loop
      vertex 20.2008 5 12.4678
      vertex 20.0555 5.99075 12.9152
      vertex 20.2008 5.99075 12.4678
    endloop
  endfacet
  facet normal -0.9511 -0 -0.308884
    outer loop
      vertex 20.0555 5.99075 12.9152
      vertex 20.2008 5 12.4678
      vertex 20.0555 5 12.9152
    endloop
  endfacet
  facet normal -0.587856 0 -0.808966
    outer loop
      vertex 19.125 -0.990751 13.9486
      vertex 19.5055 2.75 13.6721
      vertex 19.5055 -0.990751 13.6721
    endloop
  endfacet
  facet normal -0.587856 0 -0.808966
    outer loop
      vertex 19.5055 2.75 13.6721
      vertex 19.125 -0.990751 13.9486
      vertex 19.125 2.75 13.9486
    endloop
  endfacet
  facet normal -0.587856 0 -0.808966
    outer loop
      vertex 19.125 5 13.9486
      vertex 19.5055 5.99075 13.6721
      vertex 19.5055 5 13.6721
    endloop
  endfacet
  facet normal -0.587856 0 -0.808966
    outer loop
      vertex 19.5055 5.99075 13.6721
      vertex 19.125 5 13.9486
      vertex 19.125 5.99075 13.9486
    endloop
  endfacet
  facet normal -0.207917 0 -0.978146
    outer loop
      vertex 18.2352 -0.990751 14.2377
      vertex 18.6953 2.75 14.1399
      vertex 18.6953 -0.990751 14.1399
    endloop
  endfacet
  facet normal -0.207917 0 -0.978146
    outer loop
      vertex 18.6953 2.75 14.1399
      vertex 18.2352 -0.990751 14.2377
      vertex 18.2352 2.75 14.2377
    endloop
  endfacet
  facet normal -0.207917 0 -0.978146
    outer loop
      vertex 18.2352 5 14.2377
      vertex 18.6953 5.99075 14.1399
      vertex 18.6953 5 14.1399
    endloop
  endfacet
  facet normal -0.207917 0 -0.978146
    outer loop
      vertex 18.6953 5.99075 14.1399
      vertex 18.2352 5 14.2377
      vertex 18.2352 5.99075 14.2377
    endloop
  endfacet
  facet normal 0 0 -1
    outer loop
      vertex 17.7648 -0.990751 14.2377
      vertex 18.2352 2.75 14.2377
      vertex 18.2352 -0.990751 14.2377
    endloop
  endfacet
  facet normal -0 0 -1
    outer loop
      vertex 18.2352 2.75 14.2377
      vertex 17.7648 -0.990751 14.2377
      vertex 17.7648 2.75 14.2377
    endloop
  endfacet
  facet normal 0 0 -1
    outer loop
      vertex 17.7648 5 14.2377
      vertex 18.2352 5.99075 14.2377
      vertex 18.2352 5 14.2377
    endloop
  endfacet
  facet normal -0 0 -1
    outer loop
      vertex 18.2352 5.99075 14.2377
      vertex 17.7648 5 14.2377
      vertex 17.7648 5.99075 14.2377
    endloop
  endfacet
  facet normal -0.743125 0 -0.669153
    outer loop
      vertex 19.8203 -0.990751 13.3225
      vertex 19.5055 2.75 13.6721
      vertex 19.8203 2.75 13.3225
    endloop
  endfacet
  facet normal -0.743125 -0 -0.669153
    outer loop
      vertex 19.5055 2.75 13.6721
      vertex 19.8203 -0.990751 13.3225
      vertex 19.5055 -0.990751 13.6721
    endloop
  endfacet
  facet normal -0.743125 0 -0.669153
    outer loop
      vertex 19.8203 5 13.3225
      vertex 19.5055 5.99075 13.6721
      vertex 19.8203 5.99075 13.3225
    endloop
  endfacet
  facet normal -0.743125 -0 -0.669153
    outer loop
      vertex 19.5055 5.99075 13.6721
      vertex 19.8203 5 13.3225
      vertex 19.5055 5 13.6721
    endloop
  endfacet
  facet normal 0.40671 0 -0.913557
    outer loop
      vertex 16.875 -0.990751 13.9486
      vertex 17.3047 2.75 14.1399
      vertex 17.3047 -0.990751 14.1399
    endloop
  endfacet
  facet normal 0.40671 0 -0.913557
    outer loop
      vertex 17.3047 2.75 14.1399
      vertex 16.875 -0.990751 13.9486
      vertex 16.875 2.75 13.9486
    endloop
  endfacet
  facet normal 0.40671 0 -0.913557
    outer loop
      vertex 16.875 5 13.9486
      vertex 17.3047 5.99075 14.1399
      vertex 17.3047 5 14.1399
    endloop
  endfacet
  facet normal 0.40671 0 -0.913557
    outer loop
      vertex 17.3047 5.99075 14.1399
      vertex 16.875 5 13.9486
      vertex 16.875 5.99075 13.9486
    endloop
  endfacet
  facet normal -0.865984 0 -0.500072
    outer loop
      vertex 20.0555 -0.990751 12.9152
      vertex 19.8203 2.75 13.3225
      vertex 20.0555 2.75 12.9152
    endloop
  endfacet
  facet normal -0.865984 -0 -0.500072
    outer loop
      vertex 19.8203 2.75 13.3225
      vertex 20.0555 -0.990751 12.9152
      vertex 19.8203 -0.990751 13.3225
    endloop
  endfacet
  facet normal -0.865984 0 -0.500072
    outer loop
      vertex 20.0555 5 12.9152
      vertex 19.8203 5.99075 13.3225
      vertex 20.0555 5.99075 12.9152
    endloop
  endfacet
  facet normal -0.865984 -0 -0.500072
    outer loop
      vertex 19.8203 5.99075 13.3225
      vertex 20.0555 5 12.9152
      vertex 19.8203 5 13.3225
    endloop
  endfacet
  facet normal 0.865984 -0 0.500072
    outer loop
      vertex 15.9445 -0.990751 11.0848
      vertex 16.1797 2.75 10.6775
      vertex 15.9445 2.75 11.0848
    endloop
  endfacet
  facet normal 0.865984 0 0.500072
    outer loop
      vertex 16.1797 2.75 10.6775
      vertex 15.9445 -0.990751 11.0848
      vertex 16.1797 -0.990751 10.6775
    endloop
  endfacet
  facet normal 0.865984 -0 0.500072
    outer loop
      vertex 15.9445 5 11.0848
      vertex 16.1797 5.99075 10.6775
      vertex 15.9445 5.99075 11.0848
    endloop
  endfacet
  facet normal 0.865984 0 0.500072
    outer loop
      vertex 16.1797 5.99075 10.6775
      vertex 15.9445 5 11.0848
      vertex 16.1797 5 10.6775
    endloop
  endfacet
  facet normal -0.40671 0 -0.913557
    outer loop
      vertex 18.6953 -0.990751 14.1399
      vertex 19.125 2.75 13.9486
      vertex 19.125 -0.990751 13.9486
    endloop
  endfacet
  facet normal -0.40671 0 -0.913557
    outer loop
      vertex 19.125 2.75 13.9486
      vertex 18.6953 -0.990751 14.1399
      vertex 18.6953 2.75 14.1399
    endloop
  endfacet
  facet normal -0.40671 0 -0.913557
    outer loop
      vertex 18.6953 5 14.1399
      vertex 19.125 5.99075 13.9486
      vertex 19.125 5 13.9486
    endloop
  endfacet
  facet normal -0.40671 0 -0.913557
    outer loop
      vertex 19.125 5.99075 13.9486
      vertex 18.6953 5 14.1399
      vertex 18.6953 5.99075 14.1399
    endloop
  endfacet
  facet normal 0.743125 0 -0.669153
    outer loop
      vertex 16.4945 -0.990751 13.6721
      vertex 16.1797 2.75 13.3225
      vertex 16.4945 2.75 13.6721
    endloop
  endfacet
  facet normal 0.743125 0 -0.669153
    outer loop
      vertex 16.1797 2.75 13.3225
      vertex 16.4945 -0.990751 13.6721
      vertex 16.1797 -0.990751 13.3225
    endloop
  endfacet
  facet normal 0.743125 0 -0.669153
    outer loop
      vertex 16.4945 5 13.6721
      vertex 16.1797 5.99075 13.3225
      vertex 16.4945 5.99075 13.6721
    endloop
  endfacet
  facet normal 0.743125 0 -0.669153
    outer loop
      vertex 16.1797 5.99075 13.3225
      vertex 16.4945 5 13.6721
      vertex 16.1797 5 13.3225
    endloop
  endfacet
  facet normal 0.9511 0 -0.308884
    outer loop
      vertex 15.9445 -0.990751 12.9152
      vertex 15.7992 2.75 12.4678
      vertex 15.9445 2.75 12.9152
    endloop
  endfacet
  facet normal 0.9511 0 -0.308884
    outer loop
      vertex 15.7992 2.75 12.4678
      vertex 15.9445 -0.990751 12.9152
      vertex 15.7992 -0.990751 12.4678
    endloop
  endfacet
  facet normal 0.9511 0 -0.308884
    outer loop
      vertex 15.9445 5 12.9152
      vertex 15.7992 5.99075 12.4678
      vertex 15.9445 5.99075 12.9152
    endloop
  endfacet
  facet normal 0.9511 0 -0.308884
    outer loop
      vertex 15.7992 5.99075 12.4678
      vertex 15.9445 5 12.9152
      vertex 15.7992 5 12.4678
    endloop
  endfacet
  facet normal -0.207897 0 0.978151
    outer loop
      vertex 18.2352 2.75 9.76233
      vertex 18.6953 -0.990751 9.86012
      vertex 18.6953 2.75 9.86012
    endloop
  endfacet
  facet normal -0.207897 0 0.978151
    outer loop
      vertex 18.6953 -0.990751 9.86012
      vertex 18.2352 2.75 9.76233
      vertex 18.2352 -0.990751 9.76233
    endloop
  endfacet
  facet normal -0.207897 0 0.978151
    outer loop
      vertex 18.2352 5.99075 9.76233
      vertex 18.6953 5 9.86012
      vertex 18.6953 5.99075 9.86012
    endloop
  endfacet
  facet normal -0.207897 0 0.978151
    outer loop
      vertex 18.6953 5 9.86012
      vertex 18.2352 5.99075 9.76233
      vertex 18.2352 5 9.76233
    endloop
  endfacet
  facet normal -0.587856 0 0.808966
    outer loop
      vertex 19.125 2.75 10.0514
      vertex 19.5055 -0.990751 10.3279
      vertex 19.5055 2.75 10.3279
    endloop
  endfacet
  facet normal -0.587856 0 0.808966
    outer loop
      vertex 19.5055 -0.990751 10.3279
      vertex 19.125 2.75 10.0514
      vertex 19.125 -0.990751 10.0514
    endloop
  endfacet
  facet normal -0.587856 0 0.808966
    outer loop
      vertex 19.125 5.99075 10.0514
      vertex 19.5055 5 10.3279
      vertex 19.5055 5.99075 10.3279
    endloop
  endfacet
  facet normal -0.587856 0 0.808966
    outer loop
      vertex 19.5055 5 10.3279
      vertex 19.125 5.99075 10.0514
      vertex 19.125 5 10.0514
    endloop
  endfacet
  facet normal 0.994515 -0 0.104596
    outer loop
      vertex 15.75 -0.990751 12
      vertex 15.7992 2.75 11.5322
      vertex 15.75 2.75 12
    endloop
  endfacet
  facet normal 0.994515 0 0.104596
    outer loop
      vertex 15.7992 2.75 11.5322
      vertex 15.75 -0.990751 12
      vertex 15.7992 -0.990751 11.5322
    endloop
  endfacet
  facet normal 0.994515 -0 0.104596
    outer loop
      vertex 15.75 5 12
      vertex 15.7992 5.99075 11.5322
      vertex 15.75 5.99075 12
    endloop
  endfacet
  facet normal 0.994515 0 0.104596
    outer loop
      vertex 15.7992 5.99075 11.5322
      vertex 15.75 5 12
      vertex 15.7992 5 11.5322
    endloop
  endfacet
  facet normal 0.587856 0 0.808966
    outer loop
      vertex 16.4945 2.75 10.3279
      vertex 16.875 -0.990751 10.0514
      vertex 16.875 2.75 10.0514
    endloop
  endfacet
  facet normal 0.587856 0 0.808966
    outer loop
      vertex 16.875 -0.990751 10.0514
      vertex 16.4945 2.75 10.3279
      vertex 16.4945 -0.990751 10.3279
    endloop
  endfacet
  facet normal 0.587856 0 0.808966
    outer loop
      vertex 16.4945 5.99075 10.3279
      vertex 16.875 5 10.0514
      vertex 16.875 5.99075 10.0514
    endloop
  endfacet
  facet normal 0.587856 0 0.808966
    outer loop
      vertex 16.875 5 10.0514
      vertex 16.4945 5.99075 10.3279
      vertex 16.4945 5 10.3279
    endloop
  endfacet
  facet normal 0.9511 -0 0.308884
    outer loop
      vertex 15.7992 -0.990751 11.5322
      vertex 15.9445 2.75 11.0848
      vertex 15.7992 2.75 11.5322
    endloop
  endfacet
  facet normal 0.9511 0 0.308884
    outer loop
      vertex 15.9445 2.75 11.0848
      vertex 15.7992 -0.990751 11.5322
      vertex 15.9445 -0.990751 11.0848
    endloop
  endfacet
  facet normal 0.9511 -0 0.308884
    outer loop
      vertex 15.7992 5 11.5322
      vertex 15.9445 5.99075 11.0848
      vertex 15.7992 5.99075 11.5322
    endloop
  endfacet
  facet normal 0.9511 0 0.308884
    outer loop
      vertex 15.9445 5.99075 11.0848
      vertex 15.7992 5 11.5322
      vertex 15.9445 5 11.0848
    endloop
  endfacet
  facet normal 0.207897 0 0.978151
    outer loop
      vertex 17.3047 2.75 9.86012
      vertex 17.7648 -0.990751 9.76233
      vertex 17.7648 2.75 9.76233
    endloop
  endfacet
  facet normal 0.207897 0 0.978151
    outer loop
      vertex 17.7648 -0.990751 9.76233
      vertex 17.3047 2.75 9.86012
      vertex 17.3047 -0.990751 9.86012
    endloop
  endfacet
  facet normal 0.207897 0 0.978151
    outer loop
      vertex 17.3047 5.99075 9.86012
      vertex 17.7648 5 9.76233
      vertex 17.7648 5.99075 9.76233
    endloop
  endfacet
  facet normal 0.207897 0 0.978151
    outer loop
      vertex 17.7648 5 9.76233
      vertex 17.3047 5.99075 9.86012
      vertex 17.3047 5 9.86012
    endloop
  endfacet
  facet normal 0.207917 0 -0.978146
    outer loop
      vertex 17.3047 -0.990751 14.1399
      vertex 17.7648 2.75 14.2377
      vertex 17.7648 -0.990751 14.2377
    endloop
  endfacet
  facet normal 0.207917 0 -0.978146
    outer loop
      vertex 17.7648 2.75 14.2377
      vertex 17.3047 -0.990751 14.1399
      vertex 17.3047 2.75 14.1399
    endloop
  endfacet
  facet normal 0.207917 0 -0.978146
    outer loop
      vertex 17.3047 5 14.1399
      vertex 17.7648 5.99075 14.2377
      vertex 17.7648 5 14.2377
    endloop
  endfacet
  facet normal 0.207917 0 -0.978146
    outer loop
      vertex 17.7648 5.99075 14.2377
      vertex 17.3047 5 14.1399
      vertex 17.3047 5.99075 14.1399
    endloop
  endfacet
  facet normal 0.587856 0 -0.808966
    outer loop
      vertex 16.4945 -0.990751 13.6721
      vertex 16.875 2.75 13.9486
      vertex 16.875 -0.990751 13.9486
    endloop
  endfacet
  facet normal 0.587856 0 -0.808966
    outer loop
      vertex 16.875 2.75 13.9486
      vertex 16.4945 -0.990751 13.6721
      vertex 16.4945 2.75 13.6721
    endloop
  endfacet
  facet normal 0.587856 0 -0.808966
    outer loop
      vertex 16.4945 5 13.6721
      vertex 16.875 5.99075 13.9486
      vertex 16.875 5 13.9486
    endloop
  endfacet
  facet normal 0.587856 0 -0.808966
    outer loop
      vertex 16.875 5.99075 13.9486
      vertex 16.4945 5 13.6721
      vertex 16.4945 5.99075 13.6721
    endloop
  endfacet
  facet normal 0.994515 0 -0.104596
    outer loop
      vertex 15.7992 -0.990751 12.4678
      vertex 15.75 2.75 12
      vertex 15.7992 2.75 12.4678
    endloop
  endfacet
  facet normal 0.994515 0 -0.104596
    outer loop
      vertex 15.75 2.75 12
      vertex 15.7992 -0.990751 12.4678
      vertex 15.75 -0.990751 12
    endloop
  endfacet
  facet normal 0.994515 0 -0.104596
    outer loop
      vertex 15.7992 5 12.4678
      vertex 15.75 5.99075 12
      vertex 15.7992 5.99075 12.4678
    endloop
  endfacet
  facet normal 0.994515 0 -0.104596
    outer loop
      vertex 15.75 5.99075 12
      vertex 15.7992 5 12.4678
      vertex 15.75 5 12
    endloop
  endfacet
  facet normal -0.705163 0.705163 -0.0740889
    outer loop
      vertex 22.4017 5 12.9356
      vertex 22.5 5 12
      vertex 20.25 2.75 12
    endloop
  endfacet
  facet normal 0 0.705163 0.709045
    outer loop
      vertex 18.4704 5 7.52465
      vertex 17.7648 2.75 9.76233
      vertex 18.2352 2.75 9.76233
    endloop
  endfacet
  facet normal 0 0.705163 0.709045
    outer loop
      vertex 17.7648 2.75 9.76233
      vertex 18.4704 5 7.52465
      vertex 17.5296 5 7.52465
    endloop
  endfacet
  facet normal 0.614018 0.705168 0.354571
    outer loop
      vertex 15.9445 2.75 11.0848
      vertex 16.1797 2.75 10.6775
      vertex 14.3594 5 9.35497
    endloop
  endfacet
  facet normal 0 -1 0
    outer loop
      vertex 17.7648 5 14.2377
      vertex 17.5296 5 16.4753
      vertex 16.6094 5 16.2798
    endloop
  endfacet
  facet normal 0 -1 0
    outer loop
      vertex 17.5296 5 16.4753
      vertex 17.7648 5 14.2377
      vertex 18.4704 5 16.4753
    endloop
  endfacet
  facet normal 0 -1 0
    outer loop
      vertex 17.3047 5 14.1399
      vertex 16.6094 5 16.2798
      vertex 15.75 5 15.8971
    endloop
  endfacet
  facet normal 0 -1 0
    outer loop
      vertex 18.2352 5 14.2377
      vertex 18.4704 5 16.4753
      vertex 17.7648 5 14.2377
    endloop
  endfacet
  facet normal 0 -1 0
    outer loop
      vertex 16.875 5 13.9486
      vertex 15.75 5 15.8971
      vertex 14.9889 5 15.3442
    endloop
  endfacet
  facet normal 0 -1 -0
    outer loop
      vertex 18.4704 5 16.4753
      vertex 18.2352 5 14.2377
      vertex 19.3906 5 16.2798
    endloop
  endfacet
  facet normal 0 -1 0
    outer loop
      vertex 16.4945 5 13.6721
      vertex 14.9889 5 15.3442
      vertex 14.3594 5 14.645
    endloop
  endfacet
  facet normal 0 -1 0
    outer loop
      vertex 18.6953 5 14.1399
      vertex 19.3906 5 16.2798
      vertex 18.2352 5 14.2377
    endloop
  endfacet
  facet normal 0 -1 -0
    outer loop
      vertex 19.3906 5 16.2798
      vertex 18.6953 5 14.1399
      vertex 20.25 5 15.8971
    endloop
  endfacet
  facet normal 0 -1 0
    outer loop
      vertex 16.6094 5 16.2798
      vertex 17.3047 5 14.1399
      vertex 17.7648 5 14.2377
    endloop
  endfacet
  facet normal 0 -1 0
    outer loop
      vertex 15.75 5 15.8971
      vertex 16.875 5 13.9486
      vertex 17.3047 5 14.1399
    endloop
  endfacet
  facet normal 0 -1 0
    outer loop
      vertex 16.1797 5 13.3225
      vertex 14.3594 5 14.645
      vertex 13.889 5 13.8303
    endloop
  endfacet
  facet normal 0 -1 0
    outer loop
      vertex 14.9889 5 15.3442
      vertex 16.4945 5 13.6721
      vertex 16.875 5 13.9486
    endloop
  endfacet
  facet normal 0 -1 0
    outer loop
      vertex 14.3594 5 14.645
      vertex 16.1797 5 13.3225
      vertex 16.4945 5 13.6721
    endloop
  endfacet
  facet normal 0 -1 0
    outer loop
      vertex 15.9445 5 12.9152
      vertex 13.889 5 13.8303
      vertex 13.5983 5 12.9356
    endloop
  endfacet
  facet normal 0 -1 0
    outer loop
      vertex 13.889 5 13.8303
      vertex 15.9445 5 12.9152
      vertex 16.1797 5 13.3225
    endloop
  endfacet
  facet normal 0 -1 0
    outer loop
      vertex 13.5983 5 12.9356
      vertex 15.7992 5 12.4678
      vertex 15.9445 5 12.9152
    endloop
  endfacet
  facet normal 0 -1 0
    outer loop
      vertex 13.5 5 12
      vertex 15.7992 5 12.4678
      vertex 13.5983 5 12.9356
    endloop
  endfacet
  facet normal 0 -1 0
    outer loop
      vertex 13.5 5 12
      vertex 15.75 5 12
      vertex 15.7992 5 12.4678
    endloop
  endfacet
  facet normal 0 -1 0
    outer loop
      vertex 13.5 5 12
      vertex 15.7992 5 11.5322
      vertex 15.75 5 12
    endloop
  endfacet
  facet normal 0 -1 0
    outer loop
      vertex 13.5983 5 11.0644
      vertex 15.7992 5 11.5322
      vertex 13.5 5 12
    endloop
  endfacet
  facet normal 0 -1 -0
    outer loop
      vertex 15.7992 5 11.5322
      vertex 13.5983 5 11.0644
      vertex 15.9445 5 11.0848
    endloop
  endfacet
  facet normal 0 -1 0
    outer loop
      vertex 13.889 5 10.1697
      vertex 15.9445 5 11.0848
      vertex 13.5983 5 11.0644
    endloop
  endfacet
  facet normal 0 -1 -0
    outer loop
      vertex 15.9445 5 11.0848
      vertex 13.889 5 10.1697
      vertex 16.1797 5 10.6775
    endloop
  endfacet
  facet normal 0 -1 0
    outer loop
      vertex 14.3594 5 9.35497
      vertex 16.1797 5 10.6775
      vertex 13.889 5 10.1697
    endloop
  endfacet
  facet normal 0 -1 -0
    outer loop
      vertex 16.1797 5 10.6775
      vertex 14.3594 5 9.35497
      vertex 16.4945 5 10.3279
    endloop
  endfacet
  facet normal 0 -1 0
    outer loop
      vertex 14.9889 5 8.65585
      vertex 16.4945 5 10.3279
      vertex 14.3594 5 9.35497
    endloop
  endfacet
  facet normal 0 -1 -0
    outer loop
      vertex 16.4945 5 10.3279
      vertex 14.9889 5 8.65585
      vertex 16.875 5 10.0514
    endloop
  endfacet
  facet normal 0 -1 -0
    outer loop
      vertex 16.875 5 10.0514
      vertex 15.75 5 8.10289
      vertex 17.3047 5 9.86012
    endloop
  endfacet
  facet normal 0 -1 0
    outer loop
      vertex 15.75 5 8.10289
      vertex 16.875 5 10.0514
      vertex 14.9889 5 8.65585
    endloop
  endfacet
  facet normal 0 -1 0
    outer loop
      vertex 19.125 5 13.9486
      vertex 20.25 5 15.8971
      vertex 18.6953 5 14.1399
    endloop
  endfacet
  facet normal 0 -1 -0
    outer loop
      vertex 20.25 5 15.8971
      vertex 19.125 5 13.9486
      vertex 21.0111 5 15.3442
    endloop
  endfacet
  facet normal 0 -1 0
    outer loop
      vertex 19.5055 5 13.6721
      vertex 21.0111 5 15.3442
      vertex 19.125 5 13.9486
    endloop
  endfacet
  facet normal 0 -1 -0
    outer loop
      vertex 21.0111 5 15.3442
      vertex 19.5055 5 13.6721
      vertex 21.6406 5 14.645
    endloop
  endfacet
  facet normal 0 -1 0
    outer loop
      vertex 19.8203 5 13.3225
      vertex 21.6406 5 14.645
      vertex 19.5055 5 13.6721
    endloop
  endfacet
  facet normal 0 -1 -0
    outer loop
      vertex 21.6406 5 14.645
      vertex 19.8203 5 13.3225
      vertex 22.111 5 13.8303
    endloop
  endfacet
  facet normal 0 -1 0
    outer loop
      vertex 20.0555 5 12.9152
      vertex 22.111 5 13.8303
      vertex 19.8203 5 13.3225
    endloop
  endfacet
  facet normal 0 -1 -0
    outer loop
      vertex 22.111 5 13.8303
      vertex 20.0555 5 12.9152
      vertex 22.4017 5 12.9356
    endloop
  endfacet
  facet normal 0 -1 0
    outer loop
      vertex 20.2008 5 12.4678
      vertex 22.4017 5 12.9356
      vertex 20.0555 5 12.9152
    endloop
  endfacet
  facet normal 0 -1 0
    outer loop
      vertex 20.25 5 12
      vertex 22.4017 5 12.9356
      vertex 20.2008 5 12.4678
    endloop
  endfacet
  facet normal 0 -1 0
    outer loop
      vertex 20.25 5 12
      vertex 22.5 5 12
      vertex 22.4017 5 12.9356
    endloop
  endfacet
  facet normal 0 -1 0
    outer loop
      vertex 20.2008 5 11.5322
      vertex 22.5 5 12
      vertex 20.25 5 12
    endloop
  endfacet
  facet normal 0 -1 0
    outer loop
      vertex 22.4017 5 11.0644
      vertex 20.2008 5 11.5322
      vertex 20.0555 5 11.0848
    endloop
  endfacet
  facet normal 0 -1 0
    outer loop
      vertex 20.2008 5 11.5322
      vertex 22.4017 5 11.0644
      vertex 22.5 5 12
    endloop
  endfacet
  facet normal 0 -1 0
    outer loop
      vertex 22.111 5 10.1697
      vertex 20.0555 5 11.0848
      vertex 19.8203 5 10.6775
    endloop
  endfacet
  facet normal 0 -1 0
    outer loop
      vertex 21.6406 5 9.35497
      vertex 19.8203 5 10.6775
      vertex 19.5055 5 10.3279
    endloop
  endfacet
  facet normal 0 -1 0
    outer loop
      vertex 20.0555 5 11.0848
      vertex 22.111 5 10.1697
      vertex 22.4017 5 11.0644
    endloop
  endfacet
  facet normal 0 -1 0
    outer loop
      vertex 21.0111 5 8.65585
      vertex 19.5055 5 10.3279
      vertex 19.125 5 10.0514
    endloop
  endfacet
  facet normal 0 -1 0
    outer loop
      vertex 20.25 5 8.10289
      vertex 19.125 5 10.0514
      vertex 18.6953 5 9.86012
    endloop
  endfacet
  facet normal 0 -1 0
    outer loop
      vertex 19.3906 5 7.72025
      vertex 18.6953 5 9.86012
      vertex 18.2352 5 9.76233
    endloop
  endfacet
  facet normal 0 -1 0
    outer loop
      vertex 16.6094 5 7.72025
      vertex 17.3047 5 9.86012
      vertex 15.75 5 8.10289
    endloop
  endfacet
  facet normal 0 -1 0
    outer loop
      vertex 19.8203 5 10.6775
      vertex 21.6406 5 9.35497
      vertex 22.111 5 10.1697
    endloop
  endfacet
  facet normal 0 -1 -0
    outer loop
      vertex 17.3047 5 9.86012
      vertex 16.6094 5 7.72025
      vertex 17.7648 5 9.76233
    endloop
  endfacet
  facet normal 0 -1 0
    outer loop
      vertex 19.5055 5 10.3279
      vertex 21.0111 5 8.65585
      vertex 21.6406 5 9.35497
    endloop
  endfacet
  facet normal 0 -1 0
    outer loop
      vertex 17.5296 5 7.52465
      vertex 17.7648 5 9.76233
      vertex 16.6094 5 7.72025
    endloop
  endfacet
  facet normal 0 -1 0
    outer loop
      vertex 19.125 5 10.0514
      vertex 20.25 5 8.10289
      vertex 21.0111 5 8.65585
    endloop
  endfacet
  facet normal 0 -1 -0
    outer loop
      vertex 17.7648 5 9.76233
      vertex 17.5296 5 7.52465
      vertex 18.2352 5 9.76233
    endloop
  endfacet
  facet normal 0 -1 0
    outer loop
      vertex 18.6953 5 9.86012
      vertex 19.3906 5 7.72025
      vertex 20.25 5 8.10289
    endloop
  endfacet
  facet normal 0 -1 0
    outer loop
      vertex 18.4704 5 7.52465
      vertex 18.2352 5 9.76233
      vertex 17.5296 5 7.52465
    endloop
  endfacet
  facet normal 0 -1 0
    outer loop
      vertex 18.2352 5 9.76233
      vertex 18.4704 5 7.52465
      vertex 19.3906 5 7.72025
    endloop
  endfacet
  facet normal -0.674344 0.705162 -0.219103
    outer loop
      vertex 22.111 5 13.8303
      vertex 22.4017 5 12.9356
      vertex 20.0555 2.75 12.9152
    endloop
  endfacet
  facet normal -0.614049 0.70516 0.354533
    outer loop
      vertex 22.111 5 10.1697
      vertex 21.6406 5 9.35497
      vertex 20.0555 2.75 11.0848
    endloop
  endfacet
  facet normal 0.416765 0.705156 0.573639
    outer loop
      vertex 16.875 2.75 10.0514
      vertex 15.75 5 8.10289
      vertex 14.9889 5 8.65585
    endloop
  endfacet
  facet normal -0.614018 0.705168 0.354571
    outer loop
      vertex 20.0555 2.75 11.0848
      vertex 21.6406 5 9.35497
      vertex 19.8203 2.75 10.6775
    endloop
  endfacet
  facet normal 0.705156 0.705171 0.0740881
    outer loop
      vertex 15.7992 2.75 11.5322
      vertex 13.5983 5 11.0644
      vertex 13.5 5 12
    endloop
  endfacet
  facet normal 0.614044 0.705159 -0.354543
    outer loop
      vertex 14.3594 5 14.645
      vertex 15.9445 2.75 12.9152
      vertex 13.889 5 13.8303
    endloop
  endfacet
  facet normal -0.705163 0.705163 0.0740889
    outer loop
      vertex 22.5 5 12
      vertex 22.4017 5 11.0644
      vertex 20.25 2.75 12
    endloop
  endfacet
  facet normal 0.288404 0.705156 0.647749
    outer loop
      vertex 16.875 2.75 10.0514
      vertex 16.6094 5 7.72025
      vertex 15.75 5 8.10289
    endloop
  endfacet
  facet normal 0.674359 0.705177 0.219008
    outer loop
      vertex 15.7992 2.75 11.5322
      vertex 15.9445 2.75 11.0848
      vertex 13.5983 5 11.0644
    endloop
  endfacet
  facet normal -0.28835 0.705164 0.647763
    outer loop
      vertex 19.125 2.75 10.0514
      vertex 19.3906 5 7.72025
      vertex 18.6953 2.75 9.86012
    endloop
  endfacet
  facet normal -0.526917 0.705166 0.474446
    outer loop
      vertex 21.6406 5 9.35497
      vertex 21.0111 5 8.65585
      vertex 19.5055 2.75 10.3279
    endloop
  endfacet
  facet normal 0.674344 0.705162 -0.219103
    outer loop
      vertex 13.889 5 13.8303
      vertex 15.9445 2.75 12.9152
      vertex 13.5983 5 12.9356
    endloop
  endfacet
  facet normal 0.28835 0.705164 0.647763
    outer loop
      vertex 16.875 2.75 10.0514
      vertex 17.3047 2.75 9.86012
      vertex 16.6094 5 7.72025
    endloop
  endfacet
  facet normal -0.526942 0.705169 -0.474414
    outer loop
      vertex 21.0111 5 15.3442
      vertex 21.6406 5 14.645
      vertex 19.5055 2.75 13.6721
    endloop
  endfacet
  facet normal 0.674359 0.705177 -0.219008
    outer loop
      vertex 15.9445 2.75 12.9152
      vertex 15.7992 2.75 12.4678
      vertex 13.5983 5 12.9356
    endloop
  endfacet
  facet normal -0.61402 0.705165 -0.354573
    outer loop
      vertex 21.6406 5 14.645
      vertex 20.0555 2.75 12.9152
      vertex 19.8203 2.75 13.3225
    endloop
  endfacet
  facet normal 0 0.70515 -0.709058
    outer loop
      vertex 17.7648 2.75 14.2377
      vertex 18.4704 5 16.4753
      vertex 18.2352 2.75 14.2377
    endloop
  endfacet
  facet normal 0 0.70515 -0.709058
    outer loop
      vertex 18.4704 5 16.4753
      vertex 17.7648 2.75 14.2377
      vertex 17.5296 5 16.4753
    endloop
  endfacet
  facet normal -0.416765 0.705156 0.573639
    outer loop
      vertex 21.0111 5 8.65585
      vertex 20.25 5 8.10289
      vertex 19.125 2.75 10.0514
    endloop
  endfacet
  facet normal 0.705159 0.705159 0.0741638
    outer loop
      vertex 15.75 2.75 12
      vertex 15.7992 2.75 11.5322
      vertex 13.5 5 12
    endloop
  endfacet
  facet normal -0.288404 0.705156 0.647749
    outer loop
      vertex 20.25 5 8.10289
      vertex 19.3906 5 7.72025
      vertex 19.125 2.75 10.0514
    endloop
  endfacet
  facet normal 0.416735 0.705157 -0.57366
    outer loop
      vertex 15.75 5 15.8971
      vertex 16.875 2.75 13.9486
      vertex 14.9889 5 15.3442
    endloop
  endfacet
  facet normal -0.288374 0.705167 -0.64775
    outer loop
      vertex 19.3906 5 16.2798
      vertex 19.125 2.75 13.9486
      vertex 18.6953 2.75 14.1399
    endloop
  endfacet
  facet normal 0.147352 0.705155 -0.693574
    outer loop
      vertex 17.7648 2.75 14.2377
      vertex 16.6094 5 16.2798
      vertex 17.5296 5 16.4753
    endloop
  endfacet
  facet normal 0.147422 0.705166 -0.693547
    outer loop
      vertex 16.6094 5 16.2798
      vertex 17.7648 2.75 14.2377
      vertex 17.3047 2.75 14.1399
    endloop
  endfacet
  facet normal 0.614049 0.70516 0.354533
    outer loop
      vertex 15.9445 2.75 11.0848
      vertex 14.3594 5 9.35497
      vertex 13.889 5 10.1697
    endloop
  endfacet
  facet normal -0.526909 0.705164 0.474459
    outer loop
      vertex 19.8203 2.75 10.6775
      vertex 21.6406 5 9.35497
      vertex 19.5055 2.75 10.3279
    endloop
  endfacet
  facet normal 0.674344 0.705162 0.219103
    outer loop
      vertex 15.9445 2.75 11.0848
      vertex 13.889 5 10.1697
      vertex 13.5983 5 11.0644
    endloop
  endfacet
  facet normal -0.674359 0.705177 -0.219008
    outer loop
      vertex 22.4017 5 12.9356
      vertex 20.2008 2.75 12.4678
      vertex 20.0555 2.75 12.9152
    endloop
  endfacet
  facet normal -0.614044 0.705159 -0.354543
    outer loop
      vertex 21.6406 5 14.645
      vertex 22.111 5 13.8303
      vertex 20.0555 2.75 12.9152
    endloop
  endfacet
  facet normal 0.288374 0.705167 -0.64775
    outer loop
      vertex 17.3047 2.75 14.1399
      vertex 16.875 2.75 13.9486
      vertex 16.6094 5 16.2798
    endloop
  endfacet
  facet normal -0.147352 0.705155 -0.693574
    outer loop
      vertex 19.3906 5 16.2798
      vertex 18.2352 2.75 14.2377
      vertex 18.4704 5 16.4753
    endloop
  endfacet
  facet normal -0.147422 0.705166 -0.693547
    outer loop
      vertex 18.2352 2.75 14.2377
      vertex 19.3906 5 16.2798
      vertex 18.6953 2.75 14.1399
    endloop
  endfacet
  facet normal -0.416814 0.705167 0.57359
    outer loop
      vertex 19.5055 2.75 10.3279
      vertex 21.0111 5 8.65585
      vertex 19.125 2.75 10.0514
    endloop
  endfacet
  facet normal -0.674344 0.705162 0.219103
    outer loop
      vertex 22.4017 5 11.0644
      vertex 22.111 5 10.1697
      vertex 20.0555 2.75 11.0848
    endloop
  endfacet
  facet normal 0.705156 0.705171 -0.0740881
    outer loop
      vertex 15.7992 2.75 12.4678
      vertex 13.5 5 12
      vertex 13.5983 5 12.9356
    endloop
  endfacet
  facet normal 0.705159 0.705159 -0.0741638
    outer loop
      vertex 13.5 5 12
      vertex 15.7992 2.75 12.4678
      vertex 15.75 2.75 12
    endloop
  endfacet
  facet normal -0.41681 0.705174 -0.573585
    outer loop
      vertex 21.0111 5 15.3442
      vertex 19.5055 2.75 13.6721
      vertex 19.125 2.75 13.9486
    endloop
  endfacet
  facet normal -0.288442 0.705156 -0.647731
    outer loop
      vertex 19.3906 5 16.2798
      vertex 20.25 5 15.8971
      vertex 19.125 2.75 13.9486
    endloop
  endfacet
  facet normal -0.416735 0.705157 -0.57366
    outer loop
      vertex 20.25 5 15.8971
      vertex 21.0111 5 15.3442
      vertex 19.125 2.75 13.9486
    endloop
  endfacet
  facet normal -0.526911 0.70516 -0.474461
    outer loop
      vertex 21.6406 5 14.645
      vertex 19.8203 2.75 13.3225
      vertex 19.5055 2.75 13.6721
    endloop
  endfacet
  facet normal 0.526909 0.705164 0.474459
    outer loop
      vertex 16.1797 2.75 10.6775
      vertex 16.4945 2.75 10.3279
      vertex 14.3594 5 9.35497
    endloop
  endfacet
  facet normal 0.416814 0.705167 0.57359
    outer loop
      vertex 16.4945 2.75 10.3279
      vertex 16.875 2.75 10.0514
      vertex 14.9889 5 8.65585
    endloop
  endfacet
  facet normal -0.705144 0.705175 -0.0741622
    outer loop
      vertex 22.4017 5 12.9356
      vertex 20.25 2.75 12
      vertex 20.2008 2.75 12.4678
    endloop
  endfacet
  facet normal 0.61402 0.705165 -0.354573
    outer loop
      vertex 16.1797 2.75 13.3225
      vertex 15.9445 2.75 12.9152
      vertex 14.3594 5 14.645
    endloop
  endfacet
  facet normal 0.147409 0.705161 0.693555
    outer loop
      vertex 17.7648 2.75 9.76233
      vertex 16.6094 5 7.72025
      vertex 17.3047 2.75 9.86012
    endloop
  endfacet
  facet normal 0.147423 0.705163 0.69355
    outer loop
      vertex 16.6094 5 7.72025
      vertex 17.7648 2.75 9.76233
      vertex 17.5296 5 7.52465
    endloop
  endfacet
  facet normal 0.526917 0.705166 0.474446
    outer loop
      vertex 16.4945 2.75 10.3279
      vertex 14.9889 5 8.65585
      vertex 14.3594 5 9.35497
    endloop
  endfacet
  facet normal 0.526911 0.70516 -0.474461
    outer loop
      vertex 16.4945 2.75 13.6721
      vertex 16.1797 2.75 13.3225
      vertex 14.3594 5 14.645
    endloop
  endfacet
  facet normal -0.147409 0.705161 0.693555
    outer loop
      vertex 19.3906 5 7.72025
      vertex 18.2352 2.75 9.76233
      vertex 18.6953 2.75 9.86012
    endloop
  endfacet
  facet normal -0.147423 0.705163 0.69355
    outer loop
      vertex 18.2352 2.75 9.76233
      vertex 19.3906 5 7.72025
      vertex 18.4704 5 7.52465
    endloop
  endfacet
  facet normal -0.674359 0.705177 0.219008
    outer loop
      vertex 20.2008 2.75 11.5322
      vertex 22.4017 5 11.0644
      vertex 20.0555 2.75 11.0848
    endloop
  endfacet
  facet normal -0.705144 0.705175 0.0741622
    outer loop
      vertex 20.25 2.75 12
      vertex 22.4017 5 11.0644
      vertex 20.2008 2.75 11.5322
    endloop
  endfacet
  facet normal 0.526942 0.705169 -0.474414
    outer loop
      vertex 14.9889 5 15.3442
      vertex 16.4945 2.75 13.6721
      vertex 14.3594 5 14.645
    endloop
  endfacet
  facet normal 0.288442 0.705156 -0.647731
    outer loop
      vertex 16.6094 5 16.2798
      vertex 16.875 2.75 13.9486
      vertex 15.75 5 15.8971
    endloop
  endfacet
  facet normal 0.41681 0.705174 -0.573585
    outer loop
      vertex 16.875 2.75 13.9486
      vertex 16.4945 2.75 13.6721
      vertex 14.9889 5 15.3442
    endloop
  endfacet
  facet normal -0.951018 0 0.309134
    outer loop
      vertex 20.0555 -0.990751 104.085
      vertex 20.2008 2.75 104.532
      vertex 20.0555 2.75 104.085
    endloop
  endfacet
  facet normal -0.951018 0 0.309134
    outer loop
      vertex 20.2008 2.75 104.532
      vertex 20.0555 -0.990751 104.085
      vertex 20.2008 -0.990751 104.532
    endloop
  endfacet
  facet normal -0.951018 0 0.309134
    outer loop
      vertex 20.0555 5 104.085
      vertex 20.2008 5.99075 104.532
      vertex 20.0555 5.99075 104.085
    endloop
  endfacet
  facet normal -0.951018 0 0.309134
    outer loop
      vertex 20.2008 5.99075 104.532
      vertex 20.0555 5 104.085
      vertex 20.2008 5 104.532
    endloop
  endfacet
  facet normal -0.994519 0 0.104552
    outer loop
      vertex 20.2008 -0.990751 104.532
      vertex 20.25 2.75 105
      vertex 20.2008 2.75 104.532
    endloop
  endfacet
  facet normal -0.994519 0 0.104552
    outer loop
      vertex 20.25 2.75 105
      vertex 20.2008 -0.990751 104.532
      vertex 20.25 -0.990751 105
    endloop
  endfacet
  facet normal -0.994519 0 0.104552
    outer loop
      vertex 20.2008 5 104.532
      vertex 20.25 5.99075 105
      vertex 20.2008 5.99075 104.532
    endloop
  endfacet
  facet normal -0.994519 0 0.104552
    outer loop
      vertex 20.25 5.99075 105
      vertex 20.2008 5 104.532
      vertex 20.25 5 105
    endloop
  endfacet
  facet normal -0.866355 0 0.499428
    outer loop
      vertex 19.8203 -0.990751 103.677
      vertex 20.0555 2.75 104.085
      vertex 19.8203 2.75 103.677
    endloop
  endfacet
  facet normal -0.866355 0 0.499428
    outer loop
      vertex 20.0555 2.75 104.085
      vertex 19.8203 -0.990751 103.677
      vertex 20.0555 -0.990751 104.085
    endloop
  endfacet
  facet normal -0.866355 0 0.499428
    outer loop
      vertex 19.8203 5 103.677
      vertex 20.0555 5.99075 104.085
      vertex 19.8203 5.99075 103.677
    endloop
  endfacet
  facet normal -0.866355 0 0.499428
    outer loop
      vertex 20.0555 5.99075 104.085
      vertex 19.8203 5 103.677
      vertex 20.0555 5 104.085
    endloop
  endfacet
  facet normal 0.742553 -0 0.669787
    outer loop
      vertex 16.1797 -0.990751 103.677
      vertex 16.4945 2.75 103.328
      vertex 16.1797 2.75 103.677
    endloop
  endfacet
  facet normal 0.742553 0 0.669787
    outer loop
      vertex 16.4945 2.75 103.328
      vertex 16.1797 -0.990751 103.677
      vertex 16.4945 -0.990751 103.328
    endloop
  endfacet
  facet normal 0.742553 -0 0.669787
    outer loop
      vertex 16.1797 5 103.677
      vertex 16.4945 5.99075 103.328
      vertex 16.1797 5.99075 103.677
    endloop
  endfacet
  facet normal 0.742553 0 0.669787
    outer loop
      vertex 16.4945 5.99075 103.328
      vertex 16.1797 5 103.677
      vertex 16.4945 5 103.328
    endloop
  endfacet
  facet normal -0 0 1
    outer loop
      vertex 17.7648 2.75 102.762
      vertex 18.2352 -0.990751 102.762
      vertex 18.2352 2.75 102.762
    endloop
  endfacet
  facet normal 0 0 1
    outer loop
      vertex 18.2352 -0.990751 102.762
      vertex 17.7648 2.75 102.762
      vertex 17.7648 -0.990751 102.762
    endloop
  endfacet
  facet normal -0 0 1
    outer loop
      vertex 17.7648 5.99075 102.762
      vertex 18.2352 5 102.762
      vertex 18.2352 5.99075 102.762
    endloop
  endfacet
  facet normal 0 0 1
    outer loop
      vertex 18.2352 5 102.762
      vertex 17.7648 5.99075 102.762
      vertex 17.7648 5 102.762
    endloop
  endfacet
  facet normal -0.994519 0 -0.104552
    outer loop
      vertex 20.25 -0.990751 105
      vertex 20.2008 2.75 105.468
      vertex 20.25 2.75 105
    endloop
  endfacet
  facet normal -0.994519 -0 -0.104552
    outer loop
      vertex 20.2008 2.75 105.468
      vertex 20.25 -0.990751 105
      vertex 20.2008 -0.990751 105.468
    endloop
  endfacet
  facet normal -0.994519 0 -0.104552
    outer loop
      vertex 20.25 5 105
      vertex 20.2008 5.99075 105.468
      vertex 20.25 5.99075 105
    endloop
  endfacet
  facet normal -0.994519 -0 -0.104552
    outer loop
      vertex 20.2008 5.99075 105.468
      vertex 20.25 5 105
      vertex 20.2008 5 105.468
    endloop
  endfacet
  facet normal 0.406178 0 0.913794
    outer loop
      vertex 16.875 2.75 103.051
      vertex 17.3047 -0.990751 102.86
      vertex 17.3047 2.75 102.86
    endloop
  endfacet
  facet normal 0.406178 0 0.913794
    outer loop
      vertex 17.3047 -0.990751 102.86
      vertex 16.875 2.75 103.051
      vertex 16.875 -0.990751 103.051
    endloop
  endfacet
  facet normal 0.406178 0 0.913794
    outer loop
      vertex 16.875 5.99075 103.051
      vertex 17.3047 5 102.86
      vertex 17.3047 5.99075 102.86
    endloop
  endfacet
  facet normal 0.406178 0 0.913794
    outer loop
      vertex 17.3047 5 102.86
      vertex 16.875 5.99075 103.051
      vertex 16.875 5 103.051
    endloop
  endfacet
  facet normal 0.866355 0 -0.499428
    outer loop
      vertex 16.1797 -0.990751 106.323
      vertex 15.9445 2.75 105.915
      vertex 16.1797 2.75 106.323
    endloop
  endfacet
  facet normal 0.866355 0 -0.499428
    outer loop
      vertex 15.9445 2.75 105.915
      vertex 16.1797 -0.990751 106.323
      vertex 15.9445 -0.990751 105.915
    endloop
  endfacet
  facet normal 0.866355 0 -0.499428
    outer loop
      vertex 16.1797 5 106.323
      vertex 15.9445 5.99075 105.915
      vertex 16.1797 5.99075 106.323
    endloop
  endfacet
  facet normal 0.866355 0 -0.499428
    outer loop
      vertex 15.9445 5.99075 105.915
      vertex 16.1797 5 106.323
      vertex 15.9445 5 105.915
    endloop
  endfacet
  facet normal -0.406178 0 0.913794
    outer loop
      vertex 18.6953 2.75 102.86
      vertex 19.125 -0.990751 103.051
      vertex 19.125 2.75 103.051
    endloop
  endfacet
  facet normal -0.406178 0 0.913794
    outer loop
      vertex 19.125 -0.990751 103.051
      vertex 18.6953 2.75 102.86
      vertex 18.6953 -0.990751 102.86
    endloop
  endfacet
  facet normal -0.406178 0 0.913794
    outer loop
      vertex 18.6953 5.99075 102.86
      vertex 19.125 5 103.051
      vertex 19.125 5.99075 103.051
    endloop
  endfacet
  facet normal -0.406178 0 0.913794
    outer loop
      vertex 19.125 5 103.051
      vertex 18.6953 5.99075 102.86
      vertex 18.6953 5 102.86
    endloop
  endfacet
  facet normal -0.742553 0 0.669787
    outer loop
      vertex 19.5055 -0.990751 103.328
      vertex 19.8203 2.75 103.677
      vertex 19.5055 2.75 103.328
    endloop
  endfacet
  facet normal -0.742553 0 0.669787
    outer loop
      vertex 19.8203 2.75 103.677
      vertex 19.5055 -0.990751 103.328
      vertex 19.8203 -0.990751 103.677
    endloop
  endfacet
  facet normal -0.742553 0 0.669787
    outer loop
      vertex 19.5055 5 103.328
      vertex 19.8203 5.99075 103.677
      vertex 19.5055 5.99075 103.328
    endloop
  endfacet
  facet normal -0.742553 0 0.669787
    outer loop
      vertex 19.8203 5.99075 103.677
      vertex 19.5055 5 103.328
      vertex 19.8203 5 103.677
    endloop
  endfacet
  facet normal -0.951018 0 -0.309134
    outer loop
      vertex 20.2008 -0.990751 105.468
      vertex 20.0555 2.75 105.915
      vertex 20.2008 2.75 105.468
    endloop
  endfacet
  facet normal -0.951018 -0 -0.309134
    outer loop
      vertex 20.0555 2.75 105.915
      vertex 20.2008 -0.990751 105.468
      vertex 20.0555 -0.990751 105.915
    endloop
  endfacet
  facet normal -0.951018 0 -0.309134
    outer loop
      vertex 20.2008 5 105.468
      vertex 20.0555 5.99075 105.915
      vertex 20.2008 5.99075 105.468
    endloop
  endfacet
  facet normal -0.951018 -0 -0.309134
    outer loop
      vertex 20.0555 5.99075 105.915
      vertex 20.2008 5 105.468
      vertex 20.0555 5 105.915
    endloop
  endfacet
  facet normal -0.588551 0 -0.80846
    outer loop
      vertex 19.125 -0.990751 106.949
      vertex 19.5055 2.75 106.672
      vertex 19.5055 -0.990751 106.672
    endloop
  endfacet
  facet normal -0.588551 0 -0.80846
    outer loop
      vertex 19.5055 2.75 106.672
      vertex 19.125 -0.990751 106.949
      vertex 19.125 2.75 106.949
    endloop
  endfacet
  facet normal -0.588551 0 -0.80846
    outer loop
      vertex 19.125 5 106.949
      vertex 19.5055 5.99075 106.672
      vertex 19.5055 5 106.672
    endloop
  endfacet
  facet normal -0.588551 0 -0.80846
    outer loop
      vertex 19.5055 5.99075 106.672
      vertex 19.125 5 106.949
      vertex 19.125 5.99075 106.949
    endloop
  endfacet
  facet normal -0.208324 0 -0.97806
    outer loop
      vertex 18.2352 -0.990751 107.238
      vertex 18.6953 2.75 107.14
      vertex 18.6953 -0.990751 107.14
    endloop
  endfacet
  facet normal -0.208324 0 -0.97806
    outer loop
      vertex 18.6953 2.75 107.14
      vertex 18.2352 -0.990751 107.238
      vertex 18.2352 2.75 107.238
    endloop
  endfacet
  facet normal -0.208324 0 -0.97806
    outer loop
      vertex 18.2352 5 107.238
      vertex 18.6953 5.99075 107.14
      vertex 18.6953 5 107.14
    endloop
  endfacet
  facet normal -0.208324 0 -0.97806
    outer loop
      vertex 18.6953 5.99075 107.14
      vertex 18.2352 5 107.238
      vertex 18.2352 5.99075 107.238
    endloop
  endfacet
  facet normal 0 0 -1
    outer loop
      vertex 17.7648 -0.990751 107.238
      vertex 18.2352 2.75 107.238
      vertex 18.2352 -0.990751 107.238
    endloop
  endfacet
  facet normal -0 0 -1
    outer loop
      vertex 18.2352 2.75 107.238
      vertex 17.7648 -0.990751 107.238
      vertex 17.7648 2.75 107.238
    endloop
  endfacet
  facet normal 0 0 -1
    outer loop
      vertex 17.7648 5 107.238
      vertex 18.2352 5.99075 107.238
      vertex 18.2352 5 107.238
    endloop
  endfacet
  facet normal -0 0 -1
    outer loop
      vertex 18.2352 5.99075 107.238
      vertex 17.7648 5 107.238
      vertex 17.7648 5.99075 107.238
    endloop
  endfacet
  facet normal -0.742553 0 -0.669787
    outer loop
      vertex 19.8203 -0.990751 106.323
      vertex 19.5055 2.75 106.672
      vertex 19.8203 2.75 106.323
    endloop
  endfacet
  facet normal -0.742553 -0 -0.669787
    outer loop
      vertex 19.5055 2.75 106.672
      vertex 19.8203 -0.990751 106.323
      vertex 19.5055 -0.990751 106.672
    endloop
  endfacet
  facet normal -0.742553 0 -0.669787
    outer loop
      vertex 19.8203 5 106.323
      vertex 19.5055 5.99075 106.672
      vertex 19.8203 5.99075 106.323
    endloop
  endfacet
  facet normal -0.742553 -0 -0.669787
    outer loop
      vertex 19.5055 5.99075 106.672
      vertex 19.8203 5 106.323
      vertex 19.5055 5 106.672
    endloop
  endfacet
  facet normal 0.406178 0 -0.913794
    outer loop
      vertex 16.875 -0.990751 106.949
      vertex 17.3047 2.75 107.14
      vertex 17.3047 -0.990751 107.14
    endloop
  endfacet
  facet normal 0.406178 0 -0.913794
    outer loop
      vertex 17.3047 2.75 107.14
      vertex 16.875 -0.990751 106.949
      vertex 16.875 2.75 106.949
    endloop
  endfacet
  facet normal 0.406178 0 -0.913794
    outer loop
      vertex 16.875 5 106.949
      vertex 17.3047 5.99075 107.14
      vertex 17.3047 5 107.14
    endloop
  endfacet
  facet normal 0.406178 0 -0.913794
    outer loop
      vertex 17.3047 5.99075 107.14
      vertex 16.875 5 106.949
      vertex 16.875 5.99075 106.949
    endloop
  endfacet
  facet normal -0.866355 0 -0.499428
    outer loop
      vertex 20.0555 -0.990751 105.915
      vertex 19.8203 2.75 106.323
      vertex 20.0555 2.75 105.915
    endloop
  endfacet
  facet normal -0.866355 -0 -0.499428
    outer loop
      vertex 19.8203 2.75 106.323
      vertex 20.0555 -0.990751 105.915
      vertex 19.8203 -0.990751 106.323
    endloop
  endfacet
  facet normal -0.866355 0 -0.499428
    outer loop
      vertex 20.0555 5 105.915
      vertex 19.8203 5.99075 106.323
      vertex 20.0555 5.99075 105.915
    endloop
  endfacet
  facet normal -0.866355 -0 -0.499428
    outer loop
      vertex 19.8203 5.99075 106.323
      vertex 20.0555 5 105.915
      vertex 19.8203 5 106.323
    endloop
  endfacet
  facet normal 0.866355 -0 0.499428
    outer loop
      vertex 15.9445 -0.990751 104.085
      vertex 16.1797 2.75 103.677
      vertex 15.9445 2.75 104.085
    endloop
  endfacet
  facet normal 0.866355 0 0.499428
    outer loop
      vertex 16.1797 2.75 103.677
      vertex 15.9445 -0.990751 104.085
      vertex 16.1797 -0.990751 103.677
    endloop
  endfacet
  facet normal 0.866355 -0 0.499428
    outer loop
      vertex 15.9445 5 104.085
      vertex 16.1797 5.99075 103.677
      vertex 15.9445 5.99075 104.085
    endloop
  endfacet
  facet normal 0.866355 0 0.499428
    outer loop
      vertex 16.1797 5.99075 103.677
      vertex 15.9445 5 104.085
      vertex 16.1797 5 103.677
    endloop
  endfacet
  facet normal -0.406178 0 -0.913794
    outer loop
      vertex 18.6953 -0.990751 107.14
      vertex 19.125 2.75 106.949
      vertex 19.125 -0.990751 106.949
    endloop
  endfacet
  facet normal -0.406178 0 -0.913794
    outer loop
      vertex 19.125 2.75 106.949
      vertex 18.6953 -0.990751 107.14
      vertex 18.6953 2.75 107.14
    endloop
  endfacet
  facet normal -0.406178 0 -0.913794
    outer loop
      vertex 18.6953 5 107.14
      vertex 19.125 5.99075 106.949
      vertex 19.125 5 106.949
    endloop
  endfacet
  facet normal -0.406178 0 -0.913794
    outer loop
      vertex 19.125 5.99075 106.949
      vertex 18.6953 5 107.14
      vertex 18.6953 5.99075 107.14
    endloop
  endfacet
  facet normal 0.742553 0 -0.669787
    outer loop
      vertex 16.4945 -0.990751 106.672
      vertex 16.1797 2.75 106.323
      vertex 16.4945 2.75 106.672
    endloop
  endfacet
  facet normal 0.742553 0 -0.669787
    outer loop
      vertex 16.1797 2.75 106.323
      vertex 16.4945 -0.990751 106.672
      vertex 16.1797 -0.990751 106.323
    endloop
  endfacet
  facet normal 0.742553 0 -0.669787
    outer loop
      vertex 16.4945 5 106.672
      vertex 16.1797 5.99075 106.323
      vertex 16.4945 5.99075 106.672
    endloop
  endfacet
  facet normal 0.742553 0 -0.669787
    outer loop
      vertex 16.1797 5.99075 106.323
      vertex 16.4945 5 106.672
      vertex 16.1797 5 106.323
    endloop
  endfacet
  facet normal 0.951018 0 -0.309134
    outer loop
      vertex 15.9445 -0.990751 105.915
      vertex 15.7992 2.75 105.468
      vertex 15.9445 2.75 105.915
    endloop
  endfacet
  facet normal 0.951018 0 -0.309134
    outer loop
      vertex 15.7992 2.75 105.468
      vertex 15.9445 -0.990751 105.915
      vertex 15.7992 -0.990751 105.468
    endloop
  endfacet
  facet normal 0.951018 0 -0.309134
    outer loop
      vertex 15.9445 5 105.915
      vertex 15.7992 5.99075 105.468
      vertex 15.9445 5.99075 105.915
    endloop
  endfacet
  facet normal 0.951018 0 -0.309134
    outer loop
      vertex 15.7992 5.99075 105.468
      vertex 15.9445 5 105.915
      vertex 15.7992 5 105.468
    endloop
  endfacet
  facet normal -0.208324 0 0.97806
    outer loop
      vertex 18.2352 2.75 102.762
      vertex 18.6953 -0.990751 102.86
      vertex 18.6953 2.75 102.86
    endloop
  endfacet
  facet normal -0.208324 0 0.97806
    outer loop
      vertex 18.6953 -0.990751 102.86
      vertex 18.2352 2.75 102.762
      vertex 18.2352 -0.990751 102.762
    endloop
  endfacet
  facet normal -0.208324 0 0.97806
    outer loop
      vertex 18.2352 5.99075 102.762
      vertex 18.6953 5 102.86
      vertex 18.6953 5.99075 102.86
    endloop
  endfacet
  facet normal -0.208324 0 0.97806
    outer loop
      vertex 18.6953 5 102.86
      vertex 18.2352 5.99075 102.762
      vertex 18.2352 5 102.762
    endloop
  endfacet
  facet normal -0.588551 0 0.80846
    outer loop
      vertex 19.125 2.75 103.051
      vertex 19.5055 -0.990751 103.328
      vertex 19.5055 2.75 103.328
    endloop
  endfacet
  facet normal -0.588551 0 0.80846
    outer loop
      vertex 19.5055 -0.990751 103.328
      vertex 19.125 2.75 103.051
      vertex 19.125 -0.990751 103.051
    endloop
  endfacet
  facet normal -0.588551 0 0.80846
    outer loop
      vertex 19.125 5.99075 103.051
      vertex 19.5055 5 103.328
      vertex 19.5055 5.99075 103.328
    endloop
  endfacet
  facet normal -0.588551 0 0.80846
    outer loop
      vertex 19.5055 5 103.328
      vertex 19.125 5.99075 103.051
      vertex 19.125 5 103.051
    endloop
  endfacet
  facet normal 0.994519 -0 0.104552
    outer loop
      vertex 15.75 -0.990751 105
      vertex 15.7992 2.75 104.532
      vertex 15.75 2.75 105
    endloop
  endfacet
  facet normal 0.994519 0 0.104552
    outer loop
      vertex 15.7992 2.75 104.532
      vertex 15.75 -0.990751 105
      vertex 15.7992 -0.990751 104.532
    endloop
  endfacet
  facet normal 0.994519 -0 0.104552
    outer loop
      vertex 15.75 5 105
      vertex 15.7992 5.99075 104.532
      vertex 15.75 5.99075 105
    endloop
  endfacet
  facet normal 0.994519 0 0.104552
    outer loop
      vertex 15.7992 5.99075 104.532
      vertex 15.75 5 105
      vertex 15.7992 5 104.532
    endloop
  endfacet
  facet normal 0.588551 0 0.80846
    outer loop
      vertex 16.4945 2.75 103.328
      vertex 16.875 -0.990751 103.051
      vertex 16.875 2.75 103.051
    endloop
  endfacet
  facet normal 0.588551 0 0.80846
    outer loop
      vertex 16.875 -0.990751 103.051
      vertex 16.4945 2.75 103.328
      vertex 16.4945 -0.990751 103.328
    endloop
  endfacet
  facet normal 0.588551 0 0.80846
    outer loop
      vertex 16.4945 5.99075 103.328
      vertex 16.875 5 103.051
      vertex 16.875 5.99075 103.051
    endloop
  endfacet
  facet normal 0.588551 0 0.80846
    outer loop
      vertex 16.875 5 103.051
      vertex 16.4945 5.99075 103.328
      vertex 16.4945 5 103.328
    endloop
  endfacet
  facet normal 0.951018 -0 0.309134
    outer loop
      vertex 15.7992 -0.990751 104.532
      vertex 15.9445 2.75 104.085
      vertex 15.7992 2.75 104.532
    endloop
  endfacet
  facet normal 0.951018 0 0.309134
    outer loop
      vertex 15.9445 2.75 104.085
      vertex 15.7992 -0.990751 104.532
      vertex 15.9445 -0.990751 104.085
    endloop
  endfacet
  facet normal 0.951018 -0 0.309134
    outer loop
      vertex 15.7992 5 104.532
      vertex 15.9445 5.99075 104.085
      vertex 15.7992 5.99075 104.532
    endloop
  endfacet
  facet normal 0.951018 0 0.309134
    outer loop
      vertex 15.9445 5.99075 104.085
      vertex 15.7992 5 104.532
      vertex 15.9445 5 104.085
    endloop
  endfacet
  facet normal 0.208324 0 0.97806
    outer loop
      vertex 17.3047 2.75 102.86
      vertex 17.7648 -0.990751 102.762
      vertex 17.7648 2.75 102.762
    endloop
  endfacet
  facet normal 0.208324 0 0.97806
    outer loop
      vertex 17.7648 -0.990751 102.762
      vertex 17.3047 2.75 102.86
      vertex 17.3047 -0.990751 102.86
    endloop
  endfacet
  facet normal 0.208324 0 0.97806
    outer loop
      vertex 17.3047 5.99075 102.86
      vertex 17.7648 5 102.762
      vertex 17.7648 5.99075 102.762
    endloop
  endfacet
  facet normal 0.208324 0 0.97806
    outer loop
      vertex 17.7648 5 102.762
      vertex 17.3047 5.99075 102.86
      vertex 17.3047 5 102.86
    endloop
  endfacet
  facet normal 0.208324 0 -0.97806
    outer loop
      vertex 17.3047 -0.990751 107.14
      vertex 17.7648 2.75 107.238
      vertex 17.7648 -0.990751 107.238
    endloop
  endfacet
  facet normal 0.208324 0 -0.97806
    outer loop
      vertex 17.7648 2.75 107.238
      vertex 17.3047 -0.990751 107.14
      vertex 17.3047 2.75 107.14
    endloop
  endfacet
  facet normal 0.208324 0 -0.97806
    outer loop
      vertex 17.3047 5 107.14
      vertex 17.7648 5.99075 107.238
      vertex 17.7648 5 107.238
    endloop
  endfacet
  facet normal 0.208324 0 -0.97806
    outer loop
      vertex 17.7648 5.99075 107.238
      vertex 17.3047 5 107.14
      vertex 17.3047 5.99075 107.14
    endloop
  endfacet
  facet normal 0.588551 0 -0.80846
    outer loop
      vertex 16.4945 -0.990751 106.672
      vertex 16.875 2.75 106.949
      vertex 16.875 -0.990751 106.949
    endloop
  endfacet
  facet normal 0.588551 0 -0.80846
    outer loop
      vertex 16.875 2.75 106.949
      vertex 16.4945 -0.990751 106.672
      vertex 16.4945 2.75 106.672
    endloop
  endfacet
  facet normal 0.588551 0 -0.80846
    outer loop
      vertex 16.4945 5 106.672
      vertex 16.875 5.99075 106.949
      vertex 16.875 5 106.949
    endloop
  endfacet
  facet normal 0.588551 0 -0.80846
    outer loop
      vertex 16.875 5.99075 106.949
      vertex 16.4945 5 106.672
      vertex 16.4945 5.99075 106.672
    endloop
  endfacet
  facet normal 0.994519 0 -0.104552
    outer loop
      vertex 15.7992 -0.990751 105.468
      vertex 15.75 2.75 105
      vertex 15.7992 2.75 105.468
    endloop
  endfacet
  facet normal 0.994519 0 -0.104552
    outer loop
      vertex 15.75 2.75 105
      vertex 15.7992 -0.990751 105.468
      vertex 15.75 -0.990751 105
    endloop
  endfacet
  facet normal 0.994519 0 -0.104552
    outer loop
      vertex 15.7992 5 105.468
      vertex 15.75 5.99075 105
      vertex 15.7992 5.99075 105.468
    endloop
  endfacet
  facet normal 0.994519 0 -0.104552
    outer loop
      vertex 15.75 5.99075 105
      vertex 15.7992 5 105.468
      vertex 15.75 5 105
    endloop
  endfacet
  facet normal -0.705165 0.705165 -0.0740574
    outer loop
      vertex 22.4017 5 105.936
      vertex 22.5 5 105
      vertex 20.25 2.75 105
    endloop
  endfacet
  facet normal 0 0.705055 0.709152
    outer loop
      vertex 18.4704 5 100.525
      vertex 17.7648 2.75 102.762
      vertex 18.2352 2.75 102.762
    endloop
  endfacet
  facet normal 0 0.705055 0.709152
    outer loop
      vertex 17.7648 2.75 102.762
      vertex 18.4704 5 100.525
      vertex 17.5296 5 100.525
    endloop
  endfacet
  facet normal 0.614341 0.705098 0.35415
    outer loop
      vertex 15.9445 2.75 104.085
      vertex 16.1797 2.75 103.677
      vertex 14.3594 5 102.355
    endloop
  endfacet
  facet normal 0 -1 0
    outer loop
      vertex 17.7648 5 107.238
      vertex 17.5296 5 109.475
      vertex 16.6094 5 109.28
    endloop
  endfacet
  facet normal 0 -1 0
    outer loop
      vertex 17.5296 5 109.475
      vertex 17.7648 5 107.238
      vertex 18.4704 5 109.475
    endloop
  endfacet
  facet normal 0 -1 0
    outer loop
      vertex 17.3047 5 107.14
      vertex 16.6094 5 109.28
      vertex 15.75 5 108.897
    endloop
  endfacet
  facet normal 0 -1 0
    outer loop
      vertex 18.2352 5 107.238
      vertex 18.4704 5 109.475
      vertex 17.7648 5 107.238
    endloop
  endfacet
  facet normal 0 -1 0
    outer loop
      vertex 16.875 5 106.949
      vertex 15.75 5 108.897
      vertex 14.9889 5 108.344
    endloop
  endfacet
  facet normal 0 -1 -0
    outer loop
      vertex 18.4704 5 109.475
      vertex 18.2352 5 107.238
      vertex 19.3906 5 109.28
    endloop
  endfacet
  facet normal 0 -1 0
    outer loop
      vertex 16.4945 5 106.672
      vertex 14.9889 5 108.344
      vertex 14.3594 5 107.645
    endloop
  endfacet
  facet normal 0 -1 0
    outer loop
      vertex 18.6953 5 107.14
      vertex 19.3906 5 109.28
      vertex 18.2352 5 107.238
    endloop
  endfacet
  facet normal 0 -1 -0
    outer loop
      vertex 19.3906 5 109.28
      vertex 18.6953 5 107.14
      vertex 20.25 5 108.897
    endloop
  endfacet
  facet normal 0 -1 0
    outer loop
      vertex 16.6094 5 109.28
      vertex 17.3047 5 107.14
      vertex 17.7648 5 107.238
    endloop
  endfacet
  facet normal 0 -1 0
    outer loop
      vertex 15.75 5 108.897
      vertex 16.875 5 106.949
      vertex 17.3047 5 107.14
    endloop
  endfacet
  facet normal 0 -1 0
    outer loop
      vertex 16.1797 5 106.323
      vertex 14.3594 5 107.645
      vertex 13.889 5 106.83
    endloop
  endfacet
  facet normal 0 -1 0
    outer loop
      vertex 14.9889 5 108.344
      vertex 16.4945 5 106.672
      vertex 16.875 5 106.949
    endloop
  endfacet
  facet normal 0 -1 0
    outer loop
      vertex 14.3594 5 107.645
      vertex 16.1797 5 106.323
      vertex 16.4945 5 106.672
    endloop
  endfacet
  facet normal 0 -1 0
    outer loop
      vertex 15.9445 5 105.915
      vertex 13.889 5 106.83
      vertex 13.5983 5 105.936
    endloop
  endfacet
  facet normal 0 -1 0
    outer loop
      vertex 13.889 5 106.83
      vertex 15.9445 5 105.915
      vertex 16.1797 5 106.323
    endloop
  endfacet
  facet normal 0 -1 0
    outer loop
      vertex 13.5983 5 105.936
      vertex 15.7992 5 105.468
      vertex 15.9445 5 105.915
    endloop
  endfacet
  facet normal 0 -1 0
    outer loop
      vertex 13.5 5 105
      vertex 15.7992 5 105.468
      vertex 13.5983 5 105.936
    endloop
  endfacet
  facet normal 0 -1 0
    outer loop
      vertex 13.5 5 105
      vertex 15.75 5 105
      vertex 15.7992 5 105.468
    endloop
  endfacet
  facet normal 0 -1 0
    outer loop
      vertex 13.5 5 105
      vertex 15.7992 5 104.532
      vertex 15.75 5 105
    endloop
  endfacet
  facet normal 0 -1 0
    outer loop
      vertex 13.5983 5 104.064
      vertex 15.7992 5 104.532
      vertex 13.5 5 105
    endloop
  endfacet
  facet normal 0 -1 -0
    outer loop
      vertex 15.7992 5 104.532
      vertex 13.5983 5 104.064
      vertex 15.9445 5 104.085
    endloop
  endfacet
  facet normal 0 -1 0
    outer loop
      vertex 13.889 5 103.17
      vertex 15.9445 5 104.085
      vertex 13.5983 5 104.064
    endloop
  endfacet
  facet normal 0 -1 -0
    outer loop
      vertex 15.9445 5 104.085
      vertex 13.889 5 103.17
      vertex 16.1797 5 103.677
    endloop
  endfacet
  facet normal 0 -1 0
    outer loop
      vertex 14.3594 5 102.355
      vertex 16.1797 5 103.677
      vertex 13.889 5 103.17
    endloop
  endfacet
  facet normal 0 -1 -0
    outer loop
      vertex 16.1797 5 103.677
      vertex 14.3594 5 102.355
      vertex 16.4945 5 103.328
    endloop
  endfacet
  facet normal 0 -1 0
    outer loop
      vertex 14.9889 5 101.656
      vertex 16.4945 5 103.328
      vertex 14.3594 5 102.355
    endloop
  endfacet
  facet normal 0 -1 -0
    outer loop
      vertex 16.4945 5 103.328
      vertex 14.9889 5 101.656
      vertex 16.875 5 103.051
    endloop
  endfacet
  facet normal 0 -1 -0
    outer loop
      vertex 16.875 5 103.051
      vertex 15.75 5 101.103
      vertex 17.3047 5 102.86
    endloop
  endfacet
  facet normal 0 -1 0
    outer loop
      vertex 15.75 5 101.103
      vertex 16.875 5 103.051
      vertex 14.9889 5 101.656
    endloop
  endfacet
  facet normal 0 -1 0
    outer loop
      vertex 19.125 5 106.949
      vertex 20.25 5 108.897
      vertex 18.6953 5 107.14
    endloop
  endfacet
  facet normal 0 -1 -0
    outer loop
      vertex 20.25 5 108.897
      vertex 19.125 5 106.949
      vertex 21.0111 5 108.344
    endloop
  endfacet
  facet normal 0 -1 0
    outer loop
      vertex 19.5055 5 106.672
      vertex 21.0111 5 108.344
      vertex 19.125 5 106.949
    endloop
  endfacet
  facet normal 0 -1 -0
    outer loop
      vertex 21.0111 5 108.344
      vertex 19.5055 5 106.672
      vertex 21.6406 5 107.645
    endloop
  endfacet
  facet normal 0 -1 0
    outer loop
      vertex 19.8203 5 106.323
      vertex 21.6406 5 107.645
      vertex 19.5055 5 106.672
    endloop
  endfacet
  facet normal 0 -1 -0
    outer loop
      vertex 21.6406 5 107.645
      vertex 19.8203 5 106.323
      vertex 22.111 5 106.83
    endloop
  endfacet
  facet normal 0 -1 0
    outer loop
      vertex 20.0555 5 105.915
      vertex 22.111 5 106.83
      vertex 19.8203 5 106.323
    endloop
  endfacet
  facet normal 0 -1 -0
    outer loop
      vertex 22.111 5 106.83
      vertex 20.0555 5 105.915
      vertex 22.4017 5 105.936
    endloop
  endfacet
  facet normal 0 -1 0
    outer loop
      vertex 20.2008 5 105.468
      vertex 22.4017 5 105.936
      vertex 20.0555 5 105.915
    endloop
  endfacet
  facet normal 0 -1 0
    outer loop
      vertex 20.25 5 105
      vertex 22.4017 5 105.936
      vertex 20.2008 5 105.468
    endloop
  endfacet
  facet normal 0 -1 0
    outer loop
      vertex 20.25 5 105
      vertex 22.5 5 105
      vertex 22.4017 5 105.936
    endloop
  endfacet
  facet normal 0 -1 0
    outer loop
      vertex 20.2008 5 104.532
      vertex 22.5 5 105
      vertex 20.25 5 105
    endloop
  endfacet
  facet normal 0 -1 0
    outer loop
      vertex 22.4017 5 104.064
      vertex 20.2008 5 104.532
      vertex 20.0555 5 104.085
    endloop
  endfacet
  facet normal 0 -1 0
    outer loop
      vertex 20.2008 5 104.532
      vertex 22.4017 5 104.064
      vertex 22.5 5 105
    endloop
  endfacet
  facet normal 0 -1 0
    outer loop
      vertex 22.111 5 103.17
      vertex 20.0555 5 104.085
      vertex 19.8203 5 103.677
    endloop
  endfacet
  facet normal 0 -1 0
    outer loop
      vertex 21.6406 5 102.355
      vertex 19.8203 5 103.677
      vertex 19.5055 5 103.328
    endloop
  endfacet
  facet normal 0 -1 0
    outer loop
      vertex 20.0555 5 104.085
      vertex 22.111 5 103.17
      vertex 22.4017 5 104.064
    endloop
  endfacet
  facet normal 0 -1 0
    outer loop
      vertex 21.0111 5 101.656
      vertex 19.5055 5 103.328
      vertex 19.125 5 103.051
    endloop
  endfacet
  facet normal 0 -1 0
    outer loop
      vertex 20.25 5 101.103
      vertex 19.125 5 103.051
      vertex 18.6953 5 102.86
    endloop
  endfacet
  facet normal 0 -1 0
    outer loop
      vertex 19.3906 5 100.72
      vertex 18.6953 5 102.86
      vertex 18.2352 5 102.762
    endloop
  endfacet
  facet normal 0 -1 0
    outer loop
      vertex 16.6094 5 100.72
      vertex 17.3047 5 102.86
      vertex 15.75 5 101.103
    endloop
  endfacet
  facet normal 0 -1 0
    outer loop
      vertex 19.8203 5 103.677
      vertex 21.6406 5 102.355
      vertex 22.111 5 103.17
    endloop
  endfacet
  facet normal 0 -1 -0
    outer loop
      vertex 17.3047 5 102.86
      vertex 16.6094 5 100.72
      vertex 17.7648 5 102.762
    endloop
  endfacet
  facet normal 0 -1 0
    outer loop
      vertex 19.5055 5 103.328
      vertex 21.0111 5 101.656
      vertex 21.6406 5 102.355
    endloop
  endfacet
  facet normal 0 -1 0
    outer loop
      vertex 17.5296 5 100.525
      vertex 17.7648 5 102.762
      vertex 16.6094 5 100.72
    endloop
  endfacet
  facet normal 0 -1 0
    outer loop
      vertex 19.125 5 103.051
      vertex 20.25 5 101.103
      vertex 21.0111 5 101.656
    endloop
  endfacet
  facet normal 0 -1 -0
    outer loop
      vertex 17.7648 5 102.762
      vertex 17.5296 5 100.525
      vertex 18.2352 5 102.762
    endloop
  endfacet
  facet normal 0 -1 0
    outer loop
      vertex 18.6953 5 102.86
      vertex 19.3906 5 100.72
      vertex 20.25 5 101.103
    endloop
  endfacet
  facet normal 0 -1 0
    outer loop
      vertex 18.4704 5 100.525
      vertex 18.2352 5 102.762
      vertex 17.5296 5 100.525
    endloop
  endfacet
  facet normal 0 -1 0
    outer loop
      vertex 18.2352 5 102.762
      vertex 18.4704 5 100.525
      vertex 19.3906 5 100.72
    endloop
  endfacet
  facet normal -0.67429 0.705166 -0.219257
    outer loop
      vertex 22.111 5 106.83
      vertex 22.4017 5 105.936
      vertex 20.0555 2.75 105.915
    endloop
  endfacet
  facet normal -0.614102 0.705157 0.354446
    outer loop
      vertex 22.111 5 103.17
      vertex 21.6406 5 102.355
      vertex 20.0555 2.75 104.085
    endloop
  endfacet
  facet normal 0.416823 0.70509 0.573678
    outer loop
      vertex 16.875 2.75 103.051
      vertex 15.75 5 101.103
      vertex 14.9889 5 101.656
    endloop
  endfacet
  facet normal -0.614341 0.705098 0.35415
    outer loop
      vertex 20.0555 2.75 104.085
      vertex 21.6406 5 102.355
      vertex 19.8203 2.75 103.677
    endloop
  endfacet
  facet normal 0.705157 0.705173 0.0740566
    outer loop
      vertex 15.7992 2.75 104.532
      vertex 13.5983 5 104.064
      vertex 13.5 5 105
    endloop
  endfacet
  facet normal 0.614102 0.705157 -0.354446
    outer loop
      vertex 14.3594 5 107.645
      vertex 15.9445 2.75 105.915
      vertex 13.889 5 106.83
    endloop
  endfacet
  facet normal -0.705165 0.705165 0.0740574
    outer loop
      vertex 22.5 5 105
      vertex 22.4017 5 104.064
      vertex 20.25 2.75 105
    endloop
  endfacet
  facet normal 0.288655 0.705095 0.647703
    outer loop
      vertex 16.875 2.75 103.051
      vertex 16.6094 5 100.72
      vertex 15.75 5 101.103
    endloop
  endfacet
  facet normal 0.674301 0.705177 0.219186
    outer loop
      vertex 15.7992 2.75 104.532
      vertex 15.9445 2.75 104.085
      vertex 13.5983 5 104.064
    endloop
  endfacet
  facet normal -0.287982 0.705203 0.647885
    outer loop
      vertex 19.125 2.75 103.051
      vertex 19.3906 5 100.72
      vertex 18.6953 2.75 102.86
    endloop
  endfacet
  facet normal -0.526878 0.705164 0.474492
    outer loop
      vertex 21.6406 5 102.355
      vertex 21.0111 5 101.656
      vertex 19.5055 2.75 103.328
    endloop
  endfacet
  facet normal 0.67429 0.705166 -0.219257
    outer loop
      vertex 13.889 5 106.83
      vertex 15.9445 2.75 105.915
      vertex 13.5983 5 105.936
    endloop
  endfacet
  facet normal 0.287982 0.705203 0.647885
    outer loop
      vertex 16.875 2.75 103.051
      vertex 17.3047 2.75 102.86
      vertex 16.6094 5 100.72
    endloop
  endfacet
  facet normal -0.526878 0.705164 -0.474492
    outer loop
      vertex 21.0111 5 108.344
      vertex 21.6406 5 107.645
      vertex 19.5055 2.75 106.672
    endloop
  endfacet
  facet normal 0.674301 0.705177 -0.219186
    outer loop
      vertex 15.9445 2.75 105.915
      vertex 15.7992 2.75 105.468
      vertex 13.5983 5 105.936
    endloop
  endfacet
  facet normal -0.614341 0.705098 -0.35415
    outer loop
      vertex 21.6406 5 107.645
      vertex 20.0555 2.75 105.915
      vertex 19.8203 2.75 106.323
    endloop
  endfacet
  facet normal 0 0.705055 -0.709152
    outer loop
      vertex 17.7648 2.75 107.238
      vertex 18.4704 5 109.475
      vertex 18.2352 2.75 107.238
    endloop
  endfacet
  facet normal 0 0.705055 -0.709152
    outer loop
      vertex 18.4704 5 109.475
      vertex 17.7648 2.75 107.238
      vertex 17.5296 5 109.475
    endloop
  endfacet
  facet normal -0.416823 0.70509 0.573678
    outer loop
      vertex 21.0111 5 101.656
      vertex 20.25 5 101.103
      vertex 19.125 2.75 103.051
    endloop
  endfacet
  facet normal 0.705161 0.705161 0.0741323
    outer loop
      vertex 15.75 2.75 105
      vertex 15.7992 2.75 104.532
      vertex 13.5 5 105
    endloop
  endfacet
  facet normal -0.288655 0.705095 0.647703
    outer loop
      vertex 20.25 5 101.103
      vertex 19.3906 5 100.72
      vertex 19.125 2.75 103.051
    endloop
  endfacet
  facet normal 0.416823 0.70509 -0.573678
    outer loop
      vertex 15.75 5 108.897
      vertex 16.875 2.75 106.949
      vertex 14.9889 5 108.344
    endloop
  endfacet
  facet normal -0.287982 0.705203 -0.647885
    outer loop
      vertex 19.3906 5 109.28
      vertex 19.125 2.75 106.949
      vertex 18.6953 2.75 107.14
    endloop
  endfacet
  facet normal 0.147007 0.705081 -0.693722
    outer loop
      vertex 17.7648 2.75 107.238
      vertex 16.6094 5 109.28
      vertex 17.5296 5 109.475
    endloop
  endfacet
  facet normal 0.147704 0.705197 -0.693456
    outer loop
      vertex 16.6094 5 109.28
      vertex 17.7648 2.75 107.238
      vertex 17.3047 2.75 107.14
    endloop
  endfacet
  facet normal 0.614102 0.705157 0.354446
    outer loop
      vertex 15.9445 2.75 104.085
      vertex 14.3594 5 102.355
      vertex 13.889 5 103.17
    endloop
  endfacet
  facet normal -0.526568 0.705075 0.474968
    outer loop
      vertex 19.8203 2.75 103.677
      vertex 21.6406 5 102.355
      vertex 19.5055 2.75 103.328
    endloop
  endfacet
  facet normal 0.67429 0.705166 0.219257
    outer loop
      vertex 15.9445 2.75 104.085
      vertex 13.889 5 103.17
      vertex 13.5983 5 104.064
    endloop
  endfacet
  facet normal -0.674301 0.705177 -0.219186
    outer loop
      vertex 22.4017 5 105.936
      vertex 20.2008 2.75 105.468
      vertex 20.0555 2.75 105.915
    endloop
  endfacet
  facet normal -0.614102 0.705157 -0.354446
    outer loop
      vertex 21.6406 5 107.645
      vertex 22.111 5 106.83
      vertex 20.0555 2.75 105.915
    endloop
  endfacet
  facet normal 0.287982 0.705203 -0.647885
    outer loop
      vertex 17.3047 2.75 107.14
      vertex 16.875 2.75 106.949
      vertex 16.6094 5 109.28
    endloop
  endfacet
  facet normal -0.147007 0.705081 -0.693722
    outer loop
      vertex 19.3906 5 109.28
      vertex 18.2352 2.75 107.238
      vertex 18.4704 5 109.475
    endloop
  endfacet
  facet normal -0.147704 0.705197 -0.693456
    outer loop
      vertex 18.2352 2.75 107.238
      vertex 19.3906 5 109.28
      vertex 18.6953 2.75 107.14
    endloop
  endfacet
  facet normal -0.417292 0.705193 0.573211
    outer loop
      vertex 19.5055 2.75 103.328
      vertex 21.0111 5 101.656
      vertex 19.125 2.75 103.051
    endloop
  endfacet
  facet normal -0.67429 0.705166 0.219257
    outer loop
      vertex 22.4017 5 104.064
      vertex 22.111 5 103.17
      vertex 20.0555 2.75 104.085
    endloop
  endfacet
  facet normal 0.705157 0.705173 -0.0740566
    outer loop
      vertex 15.7992 2.75 105.468
      vertex 13.5 5 105
      vertex 13.5983 5 105.936
    endloop
  endfacet
  facet normal 0.705161 0.705161 -0.0741323
    outer loop
      vertex 13.5 5 105
      vertex 15.7992 2.75 105.468
      vertex 15.75 2.75 105
    endloop
  endfacet
  facet normal -0.417292 0.705193 -0.573211
    outer loop
      vertex 21.0111 5 108.344
      vertex 19.5055 2.75 106.672
      vertex 19.125 2.75 106.949
    endloop
  endfacet
  facet normal -0.288655 0.705095 -0.647703
    outer loop
      vertex 19.3906 5 109.28
      vertex 20.25 5 108.897
      vertex 19.125 2.75 106.949
    endloop
  endfacet
  facet normal -0.416823 0.70509 -0.573678
    outer loop
      vertex 20.25 5 108.897
      vertex 21.0111 5 108.344
      vertex 19.125 2.75 106.949
    endloop
  endfacet
  facet normal -0.526568 0.705075 -0.474968
    outer loop
      vertex 21.6406 5 107.645
      vertex 19.8203 2.75 106.323
      vertex 19.5055 2.75 106.672
    endloop
  endfacet
  facet normal 0.526568 0.705075 0.474968
    outer loop
      vertex 16.1797 2.75 103.677
      vertex 16.4945 2.75 103.328
      vertex 14.3594 5 102.355
    endloop
  endfacet
  facet normal 0.417292 0.705193 0.573211
    outer loop
      vertex 16.4945 2.75 103.328
      vertex 16.875 2.75 103.051
      vertex 14.9889 5 101.656
    endloop
  endfacet
  facet normal -0.705146 0.705177 -0.0741307
    outer loop
      vertex 22.4017 5 105.936
      vertex 20.25 2.75 105
      vertex 20.2008 2.75 105.468
    endloop
  endfacet
  facet normal 0.614341 0.705098 -0.35415
    outer loop
      vertex 16.1797 2.75 106.323
      vertex 15.9445 2.75 105.915
      vertex 14.3594 5 107.645
    endloop
  endfacet
  facet normal 0.147704 0.705197 0.693456
    outer loop
      vertex 17.7648 2.75 102.762
      vertex 16.6094 5 100.72
      vertex 17.3047 2.75 102.86
    endloop
  endfacet
  facet normal 0.147007 0.705081 0.693722
    outer loop
      vertex 16.6094 5 100.72
      vertex 17.7648 2.75 102.762
      vertex 17.5296 5 100.525
    endloop
  endfacet
  facet normal 0.526878 0.705164 0.474492
    outer loop
      vertex 16.4945 2.75 103.328
      vertex 14.9889 5 101.656
      vertex 14.3594 5 102.355
    endloop
  endfacet
  facet normal 0.526568 0.705075 -0.474968
    outer loop
      vertex 16.4945 2.75 106.672
      vertex 16.1797 2.75 106.323
      vertex 14.3594 5 107.645
    endloop
  endfacet
  facet normal -0.147704 0.705197 0.693456
    outer loop
      vertex 19.3906 5 100.72
      vertex 18.2352 2.75 102.762
      vertex 18.6953 2.75 102.86
    endloop
  endfacet
  facet normal -0.147007 0.705081 0.693722
    outer loop
      vertex 18.2352 2.75 102.762
      vertex 19.3906 5 100.72
      vertex 18.4704 5 100.525
    endloop
  endfacet
  facet normal -0.674301 0.705177 0.219186
    outer loop
      vertex 20.2008 2.75 104.532
      vertex 22.4017 5 104.064
      vertex 20.0555 2.75 104.085
    endloop
  endfacet
  facet normal -0.705146 0.705177 0.0741307
    outer loop
      vertex 20.25 2.75 105
      vertex 22.4017 5 104.064
      vertex 20.2008 2.75 104.532
    endloop
  endfacet
  facet normal 0.526878 0.705164 -0.474492
    outer loop
      vertex 14.9889 5 108.344
      vertex 16.4945 2.75 106.672
      vertex 14.3594 5 107.645
    endloop
  endfacet
  facet normal 0.288655 0.705095 -0.647703
    outer loop
      vertex 16.6094 5 109.28
      vertex 16.875 2.75 106.949
      vertex 15.75 5 108.897
    endloop
  endfacet
  facet normal 0.417292 0.705193 -0.573211
    outer loop
      vertex 16.875 2.75 106.949
      vertex 16.4945 2.75 106.672
      vertex 14.9889 5 108.344
    endloop
  endfacet
  facet normal 0.238052 0.38845 0.89019
    outer loop
      vertex 22.7116 4.39665 119.558
      vertex 22.5212 4.02292 119.772
      vertex 22.6748 3.92879 119.772
    endloop
  endfacet
  facet normal -0.760229 -0.465818 -0.452841
    outer loop
      vertex -24.0694 0.496491 1.4325
      vertex -24.4695 0.741702 1.85195
      vertex -24.2791 0.838728 1.4325
    endloop
  endfacet
  facet normal 0.118255 0.285432 0.951075
    outer loop
      vertex 22.3548 4.09186 119.772
      vertex 22.3179 3.624 119.917
      vertex 22.5212 4.02292 119.772
    endloop
  endfacet
  facet normal 0.237967 0.388464 0.890206
    outer loop
      vertex 22.7116 4.39665 119.558
      vertex 22.6748 3.92879 119.772
      vertex 22.9214 4.26813 119.558
    endloop
  endfacet
  facet normal 0.309888 0.748241 -0.586605
    outer loop
      vertex 23.1613 5.27912 1.4325
      vertex 22.7049 5.16957 1.05166
      vertex 22.7904 5.43273 1.4325
    endloop
  endfacet
  facet normal 0.616037 0.525982 0.586379
    outer loop
      vertex 23.8087 4.80872 118.567
      vertex 23.6131 4.61306 118.948
      vertex 23.8455 4.34087 118.948
    endloop
  endfacet
  facet normal 0.295885 0.346378 0.89021
    outer loop
      vertex 22.9214 4.26813 119.558
      vertex 22.6748 3.92879 119.772
      vertex 23.1084 4.10839 119.558
    endloop
  endfacet
  facet normal -0.948388 -0.0745884 -0.308214
    outer loop
      vertex -24.7375 1.56642 1.85195
      vertex -24.9171 2 2.29966
      vertex -24.7716 2 1.85195
    endloop
  endfacet
  facet normal 0.225589 0.544501 0.807854
    outer loop
      vertex 22.6021 4.85299 119.281
      vertex 22.4844 4.49078 119.558
      vertex 22.7116 4.39665 119.558
    endloop
  endfacet
  facet normal 0 -1 0
    outer loop
      vertex 17.3047 -0.990751 14.1399
      vertex 17.3047 -0.990751 102.86
      vertex -17.3047 -0.990751 14.1399
    endloop
  endfacet
  facet normal 0 -1 0
    outer loop
      vertex 17.3047 -0.990751 102.86
      vertex 17.3047 -0.990751 14.1399
      vertex 17.7648 -0.990751 14.2377
    endloop
  endfacet
  facet normal 0 -1 0
    outer loop
      vertex -16.875 -0.990751 13.9486
      vertex 17.3047 -0.990751 14.1399
      vertex -17.3047 -0.990751 14.1399
    endloop
  endfacet
  facet normal 0 -1 0
    outer loop
      vertex -16.875 -0.990751 13.9486
      vertex 16.875 -0.990751 13.9486
      vertex 17.3047 -0.990751 14.1399
    endloop
  endfacet
  facet normal 0 -1 0
    outer loop
      vertex -16.4945 -0.990751 13.6721
      vertex 16.875 -0.990751 13.9486
      vertex -16.875 -0.990751 13.9486
    endloop
  endfacet
  facet normal 0 -1 0
    outer loop
      vertex -16.4945 -0.990751 13.6721
      vertex 16.4945 -0.990751 13.6721
      vertex 16.875 -0.990751 13.9486
    endloop
  endfacet
  facet normal 0 -1 0
    outer loop
      vertex -16.1797 -0.990751 13.3225
      vertex 16.4945 -0.990751 13.6721
      vertex -16.4945 -0.990751 13.6721
    endloop
  endfacet
  facet normal 0 -1 0
    outer loop
      vertex -16.1797 -0.990751 13.3225
      vertex 16.1797 -0.990751 13.3225
      vertex 16.4945 -0.990751 13.6721
    endloop
  endfacet
  facet normal 0 -1 0
    outer loop
      vertex -15.9445 -0.990751 12.9152
      vertex 16.1797 -0.990751 13.3225
      vertex -16.1797 -0.990751 13.3225
    endloop
  endfacet
  facet normal 0 -1 0
    outer loop
      vertex -15.9445 -0.990751 12.9152
      vertex 15.9445 -0.990751 12.9152
      vertex 16.1797 -0.990751 13.3225
    endloop
  endfacet
  facet normal 0 -1 0
    outer loop
      vertex -15.7992 -0.990751 12.4678
      vertex 15.9445 -0.990751 12.9152
      vertex -15.9445 -0.990751 12.9152
    endloop
  endfacet
  facet normal 0 -1 0
    outer loop
      vertex -15.7992 -0.990751 12.4678
      vertex 15.7992 -0.990751 12.4678
      vertex 15.9445 -0.990751 12.9152
    endloop
  endfacet
  facet normal 0 -1 0
    outer loop
      vertex -15.75 -0.990751 12
      vertex 15.7992 -0.990751 12.4678
      vertex -15.7992 -0.990751 12.4678
    endloop
  endfacet
  facet normal 0 -1 0
    outer loop
      vertex -15.75 -0.990751 12
      vertex 15.75 -0.990751 12
      vertex 15.7992 -0.990751 12.4678
    endloop
  endfacet
  facet normal 0 -1 0
    outer loop
      vertex -15.7992 -0.990751 11.5322
      vertex 15.75 -0.990751 12
      vertex -15.75 -0.990751 12
    endloop
  endfacet
  facet normal 0 -1 0
    outer loop
      vertex -15.7992 -0.990751 11.5322
      vertex 15.7992 -0.990751 11.5322
      vertex 15.75 -0.990751 12
    endloop
  endfacet
  facet normal 0 -1 0
    outer loop
      vertex -15.9445 -0.990751 11.0848
      vertex 15.7992 -0.990751 11.5322
      vertex -15.7992 -0.990751 11.5322
    endloop
  endfacet
  facet normal 0 -1 0
    outer loop
      vertex -15.9445 -0.990751 11.0848
      vertex 15.9445 -0.990751 11.0848
      vertex 15.7992 -0.990751 11.5322
    endloop
  endfacet
  facet normal 0 -1 0
    outer loop
      vertex -16.1797 -0.990751 10.6775
      vertex 15.9445 -0.990751 11.0848
      vertex -15.9445 -0.990751 11.0848
    endloop
  endfacet
  facet normal 0 -1 0
    outer loop
      vertex -16.1797 -0.990751 10.6775
      vertex 16.1797 -0.990751 10.6775
      vertex 15.9445 -0.990751 11.0848
    endloop
  endfacet
  facet normal 0 -1 0
    outer loop
      vertex -16.4945 -0.990751 10.3279
      vertex 16.1797 -0.990751 10.6775
      vertex -16.1797 -0.990751 10.6775
    endloop
  endfacet
  facet normal 0 -1 0
    outer loop
      vertex -16.4945 -0.990751 10.3279
      vertex 16.4945 -0.990751 10.3279
      vertex 16.1797 -0.990751 10.6775
    endloop
  endfacet
  facet normal 0 -1 0
    outer loop
      vertex -22 -0.990751 2.76462
      vertex -16.4945 -0.990751 10.3279
      vertex -16.875 -0.990751 10.0514
    endloop
  endfacet
  facet normal 0 -1 -0
    outer loop
      vertex -16.4945 -0.990751 10.3279
      vertex -22 -0.990751 2.76462
      vertex 16.4945 -0.990751 10.3279
    endloop
  endfacet
  facet normal 0 -1 0
    outer loop
      vertex -22 -0.990751 2.76462
      vertex -16.875 -0.990751 10.0514
      vertex -17.3047 -0.990751 9.86012
    endloop
  endfacet
  facet normal 0 -1 0
    outer loop
      vertex 22 -0.990751 2.76462
      vertex 16.4945 -0.990751 10.3279
      vertex -22 -0.990751 2.76462
    endloop
  endfacet
  facet normal 0 -1 0
    outer loop
      vertex -22 -0.990751 2.76462
      vertex -17.3047 -0.990751 9.86012
      vertex -17.7648 -0.990751 9.76233
    endloop
  endfacet
  facet normal 0 -1 0
    outer loop
      vertex 16.4945 -0.990751 10.3279
      vertex 22 -0.990751 2.76462
      vertex 16.875 -0.990751 10.0514
    endloop
  endfacet
  facet normal 0 -1 0
    outer loop
      vertex -16.4945 -0.990751 106.672
      vertex -22 -0.990751 117.235
      vertex -16.875 -0.990751 106.949
    endloop
  endfacet
  facet normal 0 -1 0
    outer loop
      vertex 22 -0.990751 117.235
      vertex 17.3047 -0.990751 107.14
      vertex 17.7648 -0.990751 107.238
    endloop
  endfacet
  facet normal 0 -1 0
    outer loop
      vertex -22 -0.990751 117.235
      vertex -16.4945 -0.990751 106.672
      vertex 22 -0.990751 117.235
    endloop
  endfacet
  facet normal 0 -1 0
    outer loop
      vertex 22 -0.990751 117.235
      vertex 16.875 -0.990751 106.949
      vertex 17.3047 -0.990751 107.14
    endloop
  endfacet
  facet normal 0 -1 0
    outer loop
      vertex 16.4945 -0.990751 106.672
      vertex 22 -0.990751 117.235
      vertex -16.4945 -0.990751 106.672
    endloop
  endfacet
  facet normal 0 -1 0
    outer loop
      vertex 22 -0.990751 117.235
      vertex 16.4945 -0.990751 106.672
      vertex 16.875 -0.990751 106.949
    endloop
  endfacet
  facet normal 0 -1 0
    outer loop
      vertex -16.1797 -0.990751 106.323
      vertex 16.4945 -0.990751 106.672
      vertex -16.4945 -0.990751 106.672
    endloop
  endfacet
  facet normal 0 -1 0
    outer loop
      vertex -16.1797 -0.990751 106.323
      vertex 16.1797 -0.990751 106.323
      vertex 16.4945 -0.990751 106.672
    endloop
  endfacet
  facet normal 0 -1 0
    outer loop
      vertex -15.9445 -0.990751 105.915
      vertex 16.1797 -0.990751 106.323
      vertex -16.1797 -0.990751 106.323
    endloop
  endfacet
  facet normal 0 -1 0
    outer loop
      vertex -15.9445 -0.990751 105.915
      vertex 15.9445 -0.990751 105.915
      vertex 16.1797 -0.990751 106.323
    endloop
  endfacet
  facet normal 0 -1 0
    outer loop
      vertex -15.7992 -0.990751 105.468
      vertex 15.9445 -0.990751 105.915
      vertex -15.9445 -0.990751 105.915
    endloop
  endfacet
  facet normal 0 -1 0
    outer loop
      vertex -15.7992 -0.990751 105.468
      vertex 15.7992 -0.990751 105.468
      vertex 15.9445 -0.990751 105.915
    endloop
  endfacet
  facet normal 0 -1 0
    outer loop
      vertex -15.75 -0.990751 105
      vertex 15.7992 -0.990751 105.468
      vertex -15.7992 -0.990751 105.468
    endloop
  endfacet
  facet normal 0 -1 0
    outer loop
      vertex -15.75 -0.990751 105
      vertex 15.75 -0.990751 105
      vertex 15.7992 -0.990751 105.468
    endloop
  endfacet
  facet normal 0 -1 0
    outer loop
      vertex -15.7992 -0.990751 104.532
      vertex 15.75 -0.990751 105
      vertex -15.75 -0.990751 105
    endloop
  endfacet
  facet normal 0 -1 0
    outer loop
      vertex -15.7992 -0.990751 104.532
      vertex 15.7992 -0.990751 104.532
      vertex 15.75 -0.990751 105
    endloop
  endfacet
  facet normal 0 -1 0
    outer loop
      vertex -15.9445 -0.990751 104.085
      vertex 15.7992 -0.990751 104.532
      vertex -15.7992 -0.990751 104.532
    endloop
  endfacet
  facet normal 0 -1 0
    outer loop
      vertex -15.9445 -0.990751 104.085
      vertex 15.9445 -0.990751 104.085
      vertex 15.7992 -0.990751 104.532
    endloop
  endfacet
  facet normal 0 -1 0
    outer loop
      vertex -16.1797 -0.990751 103.677
      vertex 15.9445 -0.990751 104.085
      vertex -15.9445 -0.990751 104.085
    endloop
  endfacet
  facet normal 0 -1 0
    outer loop
      vertex -16.1797 -0.990751 103.677
      vertex 16.1797 -0.990751 103.677
      vertex 15.9445 -0.990751 104.085
    endloop
  endfacet
  facet normal 0 -1 0
    outer loop
      vertex -16.4945 -0.990751 103.328
      vertex 16.1797 -0.990751 103.677
      vertex -16.1797 -0.990751 103.677
    endloop
  endfacet
  facet normal 0 -1 0
    outer loop
      vertex -16.4945 -0.990751 103.328
      vertex 16.4945 -0.990751 103.328
      vertex 16.1797 -0.990751 103.677
    endloop
  endfacet
  facet normal 0 -1 0
    outer loop
      vertex -16.875 -0.990751 103.051
      vertex 16.4945 -0.990751 103.328
      vertex -16.4945 -0.990751 103.328
    endloop
  endfacet
  facet normal 0 -1 0
    outer loop
      vertex -16.875 -0.990751 103.051
      vertex 16.875 -0.990751 103.051
      vertex 16.4945 -0.990751 103.328
    endloop
  endfacet
  facet normal 0 -1 0
    outer loop
      vertex -17.3047 -0.990751 102.86
      vertex 16.875 -0.990751 103.051
      vertex -16.875 -0.990751 103.051
    endloop
  endfacet
  facet normal 0 -1 0
    outer loop
      vertex -17.3047 -0.990751 102.86
      vertex 17.3047 -0.990751 102.86
      vertex 16.875 -0.990751 103.051
    endloop
  endfacet
  facet normal 0 -1 0
    outer loop
      vertex -17.7648 -0.990751 14.2377
      vertex -17.3047 -0.990751 102.86
      vertex -17.7648 -0.990751 102.762
    endloop
  endfacet
  facet normal 0 -1 0
    outer loop
      vertex -17.3047 -0.990751 14.1399
      vertex -17.3047 -0.990751 102.86
      vertex -17.7648 -0.990751 14.2377
    endloop
  endfacet
  facet normal 0 -1 0
    outer loop
      vertex -17.7648 -0.990751 107.238
      vertex -22 -0.990751 117.235
      vertex -18.2352 -0.990751 107.238
    endloop
  endfacet
  facet normal 0 -1 0
    outer loop
      vertex -22 -0.990751 117.235
      vertex -18.6953 -0.990751 107.14
      vertex -18.2352 -0.990751 107.238
    endloop
  endfacet
  facet normal 0 -1 0
    outer loop
      vertex -22 -0.990751 117.235
      vertex -19.125 -0.990751 106.949
      vertex -18.6953 -0.990751 107.14
    endloop
  endfacet
  facet normal 0 -1 0
    outer loop
      vertex -22 -0.990751 117.235
      vertex -19.5055 -0.990751 106.672
      vertex -19.125 -0.990751 106.949
    endloop
  endfacet
  facet normal 0 -1 0
    outer loop
      vertex -22 -0.990751 117.235
      vertex -19.8203 -0.990751 106.323
      vertex -19.5055 -0.990751 106.672
    endloop
  endfacet
  facet normal 0 -1 0
    outer loop
      vertex -22 -0.990751 117.235
      vertex -20.0555 -0.990751 105.915
      vertex -19.8203 -0.990751 106.323
    endloop
  endfacet
  facet normal 0 -1 0
    outer loop
      vertex -22 -0.990751 117.235
      vertex -20.2008 -0.990751 105.468
      vertex -20.0555 -0.990751 105.915
    endloop
  endfacet
  facet normal 0 -1 0
    outer loop
      vertex -22 -0.990751 117.235
      vertex -20.25 -0.990751 105
      vertex -20.2008 -0.990751 105.468
    endloop
  endfacet
  facet normal 0 -1 0
    outer loop
      vertex -22 -0.990751 117.235
      vertex -20.2008 -0.990751 104.532
      vertex -20.25 -0.990751 105
    endloop
  endfacet
  facet normal 0 -1 0
    outer loop
      vertex -17.7648 -0.990751 14.2377
      vertex -17.7648 -0.990751 102.762
      vertex -18.2352 -0.990751 102.762
    endloop
  endfacet
  facet normal 0 -1 0
    outer loop
      vertex -17.3047 -0.990751 102.86
      vertex -17.3047 -0.990751 14.1399
      vertex 17.3047 -0.990751 102.86
    endloop
  endfacet
  facet normal 0 -1 0
    outer loop
      vertex -17.7648 -0.990751 14.2377
      vertex -18.2352 -0.990751 102.762
      vertex -18.2352 -0.990751 14.2377
    endloop
  endfacet
  facet normal 0 -1 0
    outer loop
      vertex -18.6953 -0.990751 102.86
      vertex -18.2352 -0.990751 14.2377
      vertex -18.2352 -0.990751 102.762
    endloop
  endfacet
  facet normal 0 -1 0
    outer loop
      vertex -18.6953 -0.990751 14.1399
      vertex -18.6953 -0.990751 102.86
      vertex -19.125 -0.990751 103.051
    endloop
  endfacet
  facet normal 0 -1 0
    outer loop
      vertex -19.125 -0.990751 13.9486
      vertex -19.125 -0.990751 103.051
      vertex -19.5055 -0.990751 103.328
    endloop
  endfacet
  facet normal 0 -1 0
    outer loop
      vertex -19.5055 -0.990751 13.6721
      vertex -19.5055 -0.990751 103.328
      vertex -19.8203 -0.990751 103.677
    endloop
  endfacet
  facet normal 0 -1 0
    outer loop
      vertex -19.8203 -0.990751 13.3225
      vertex -19.8203 -0.990751 103.677
      vertex -20.0555 -0.990751 104.085
    endloop
  endfacet
  facet normal 0 -1 0
    outer loop
      vertex -20.0555 -0.990751 12.9152
      vertex -20.0555 -0.990751 104.085
      vertex -20.2008 -0.990751 104.532
    endloop
  endfacet
  facet normal 0 -1 0
    outer loop
      vertex -22 -0.990751 2.76462
      vertex -20.2008 -0.990751 104.532
      vertex -22 -0.990751 117.235
    endloop
  endfacet
  facet normal 0 -1 0
    outer loop
      vertex -18.6953 -0.990751 102.86
      vertex -18.6953 -0.990751 14.1399
      vertex -18.2352 -0.990751 14.2377
    endloop
  endfacet
  facet normal 0 -1 0
    outer loop
      vertex -19.125 -0.990751 103.051
      vertex -19.125 -0.990751 13.9486
      vertex -18.6953 -0.990751 14.1399
    endloop
  endfacet
  facet normal 0 -1 0
    outer loop
      vertex -19.5055 -0.990751 103.328
      vertex -19.5055 -0.990751 13.6721
      vertex -19.125 -0.990751 13.9486
    endloop
  endfacet
  facet normal 0 -1 0
    outer loop
      vertex -19.8203 -0.990751 103.677
      vertex -19.8203 -0.990751 13.3225
      vertex -19.5055 -0.990751 13.6721
    endloop
  endfacet
  facet normal 0 -1 0
    outer loop
      vertex -20.0555 -0.990751 104.085
      vertex -20.0555 -0.990751 12.9152
      vertex -19.8203 -0.990751 13.3225
    endloop
  endfacet
  facet normal 0 -1 0
    outer loop
      vertex -20.2008 -0.990751 104.532
      vertex -20.2008 -0.990751 12.4678
      vertex -20.0555 -0.990751 12.9152
    endloop
  endfacet
  facet normal 0 -1 -0
    outer loop
      vertex -20.2008 -0.990751 104.532
      vertex -22 -0.990751 2.76462
      vertex -20.2008 -0.990751 12.4678
    endloop
  endfacet
  facet normal 0 -1 0
    outer loop
      vertex -22 -0.990751 2.76462
      vertex -17.7648 -0.990751 9.76233
      vertex -18.2352 -0.990751 9.76233
    endloop
  endfacet
  facet normal 0 -1 0
    outer loop
      vertex 16.875 -0.990751 10.0514
      vertex 22 -0.990751 2.76462
      vertex 17.3047 -0.990751 9.86012
    endloop
  endfacet
  facet normal 0 -1 0
    outer loop
      vertex 17.3047 -0.990751 9.86012
      vertex 22 -0.990751 2.76462
      vertex 17.7648 -0.990751 9.76233
    endloop
  endfacet
  facet normal 0 -1 -0
    outer loop
      vertex -18.6953 -0.990751 9.86012
      vertex -22 -0.990751 2.76462
      vertex -18.2352 -0.990751 9.76233
    endloop
  endfacet
  facet normal 0 -1 -0
    outer loop
      vertex -19.125 -0.990751 10.0514
      vertex -22 -0.990751 2.76462
      vertex -18.6953 -0.990751 9.86012
    endloop
  endfacet
  facet normal 0 -1 -0
    outer loop
      vertex -19.5055 -0.990751 10.3279
      vertex -22 -0.990751 2.76462
      vertex -19.125 -0.990751 10.0514
    endloop
  endfacet
  facet normal 0 -1 -0
    outer loop
      vertex -19.8203 -0.990751 10.6775
      vertex -22 -0.990751 2.76462
      vertex -19.5055 -0.990751 10.3279
    endloop
  endfacet
  facet normal 0 -1 -0
    outer loop
      vertex -20.0555 -0.990751 11.0848
      vertex -22 -0.990751 2.76462
      vertex -19.8203 -0.990751 10.6775
    endloop
  endfacet
  facet normal 0 -1 -0
    outer loop
      vertex -20.2008 -0.990751 11.5322
      vertex -22 -0.990751 2.76462
      vertex -20.0555 -0.990751 11.0848
    endloop
  endfacet
  facet normal 0 -1 -0
    outer loop
      vertex -20.25 -0.990751 12
      vertex -22 -0.990751 2.76462
      vertex -20.2008 -0.990751 11.5322
    endloop
  endfacet
  facet normal 0 -1 0
    outer loop
      vertex -20.2008 -0.990751 12.4678
      vertex -22 -0.990751 2.76462
      vertex -20.25 -0.990751 12
    endloop
  endfacet
  facet normal 0 -1 0
    outer loop
      vertex -17.3047 -0.990751 107.14
      vertex -22 -0.990751 117.235
      vertex -17.7648 -0.990751 107.238
    endloop
  endfacet
  facet normal 0 -1 0
    outer loop
      vertex -16.875 -0.990751 106.949
      vertex -22 -0.990751 117.235
      vertex -17.3047 -0.990751 107.14
    endloop
  endfacet
  facet normal 0 -1 0
    outer loop
      vertex 18.2352 -0.990751 107.238
      vertex 22 -0.990751 117.235
      vertex 17.7648 -0.990751 107.238
    endloop
  endfacet
  facet normal 0 -1 0
    outer loop
      vertex 18.6953 -0.990751 107.14
      vertex 22 -0.990751 117.235
      vertex 18.2352 -0.990751 107.238
    endloop
  endfacet
  facet normal 0 -1 0
    outer loop
      vertex 19.125 -0.990751 106.949
      vertex 22 -0.990751 117.235
      vertex 18.6953 -0.990751 107.14
    endloop
  endfacet
  facet normal 0 -1 0
    outer loop
      vertex 19.5055 -0.990751 106.672
      vertex 22 -0.990751 117.235
      vertex 19.125 -0.990751 106.949
    endloop
  endfacet
  facet normal 0 -1 0
    outer loop
      vertex 19.8203 -0.990751 106.323
      vertex 22 -0.990751 117.235
      vertex 19.5055 -0.990751 106.672
    endloop
  endfacet
  facet normal 0 -1 0
    outer loop
      vertex 20.0555 -0.990751 105.915
      vertex 22 -0.990751 117.235
      vertex 19.8203 -0.990751 106.323
    endloop
  endfacet
  facet normal 0 -1 0
    outer loop
      vertex 20.2008 -0.990751 105.468
      vertex 22 -0.990751 117.235
      vertex 20.0555 -0.990751 105.915
    endloop
  endfacet
  facet normal 0 -1 0
    outer loop
      vertex 20.25 -0.990751 105
      vertex 22 -0.990751 117.235
      vertex 20.2008 -0.990751 105.468
    endloop
  endfacet
  facet normal 0 -1 0
    outer loop
      vertex 20.2008 -0.990751 104.532
      vertex 22 -0.990751 117.235
      vertex 20.25 -0.990751 105
    endloop
  endfacet
  facet normal 0 -1 0
    outer loop
      vertex 17.3047 -0.990751 102.86
      vertex 17.7648 -0.990751 14.2377
      vertex 17.7648 -0.990751 102.762
    endloop
  endfacet
  facet normal 0 -1 0
    outer loop
      vertex 17.7648 -0.990751 102.762
      vertex 17.7648 -0.990751 14.2377
      vertex 18.2352 -0.990751 102.762
    endloop
  endfacet
  facet normal 0 -1 0
    outer loop
      vertex 18.2352 -0.990751 14.2377
      vertex 18.2352 -0.990751 102.762
      vertex 17.7648 -0.990751 14.2377
    endloop
  endfacet
  facet normal 0 -1 0
    outer loop
      vertex 18.2352 -0.990751 102.762
      vertex 18.2352 -0.990751 14.2377
      vertex 18.6953 -0.990751 102.86
    endloop
  endfacet
  facet normal 0 -1 0
    outer loop
      vertex 18.6953 -0.990751 14.1399
      vertex 18.6953 -0.990751 102.86
      vertex 18.2352 -0.990751 14.2377
    endloop
  endfacet
  facet normal 0 -1 0
    outer loop
      vertex 18.6953 -0.990751 102.86
      vertex 18.6953 -0.990751 14.1399
      vertex 19.125 -0.990751 103.051
    endloop
  endfacet
  facet normal 0 -1 0
    outer loop
      vertex 19.125 -0.990751 13.9486
      vertex 19.125 -0.990751 103.051
      vertex 18.6953 -0.990751 14.1399
    endloop
  endfacet
  facet normal 0 -1 0
    outer loop
      vertex 19.125 -0.990751 103.051
      vertex 19.125 -0.990751 13.9486
      vertex 19.5055 -0.990751 103.328
    endloop
  endfacet
  facet normal 0 -1 0
    outer loop
      vertex 19.5055 -0.990751 13.6721
      vertex 19.5055 -0.990751 103.328
      vertex 19.125 -0.990751 13.9486
    endloop
  endfacet
  facet normal 0 -1 0
    outer loop
      vertex 19.5055 -0.990751 103.328
      vertex 19.5055 -0.990751 13.6721
      vertex 19.8203 -0.990751 103.677
    endloop
  endfacet
  facet normal 0 -1 0
    outer loop
      vertex 19.8203 -0.990751 13.3225
      vertex 19.8203 -0.990751 103.677
      vertex 19.5055 -0.990751 13.6721
    endloop
  endfacet
  facet normal 0 -1 0
    outer loop
      vertex 19.8203 -0.990751 103.677
      vertex 19.8203 -0.990751 13.3225
      vertex 20.0555 -0.990751 104.085
    endloop
  endfacet
  facet normal 0 -1 0
    outer loop
      vertex 20.0555 -0.990751 12.9152
      vertex 20.0555 -0.990751 104.085
      vertex 19.8203 -0.990751 13.3225
    endloop
  endfacet
  facet normal 0 -1 0
    outer loop
      vertex 20.0555 -0.990751 104.085
      vertex 20.0555 -0.990751 12.9152
      vertex 20.2008 -0.990751 104.532
    endloop
  endfacet
  facet normal 0 -1 0
    outer loop
      vertex 20.2008 -0.990751 12.4678
      vertex 20.2008 -0.990751 104.532
      vertex 20.0555 -0.990751 12.9152
    endloop
  endfacet
  facet normal 0 -1 0
    outer loop
      vertex 22 -0.990751 2.76462
      vertex 20.2008 -0.990751 104.532
      vertex 20.2008 -0.990751 12.4678
    endloop
  endfacet
  facet normal 0 -1 0
    outer loop
      vertex 22 -0.990751 2.76462
      vertex 20.2008 -0.990751 12.4678
      vertex 20.25 -0.990751 12
    endloop
  endfacet
  facet normal 0 -1 0
    outer loop
      vertex 20.2008 -0.990751 104.532
      vertex 22 -0.990751 2.76462
      vertex 22 -0.990751 117.235
    endloop
  endfacet
  facet normal 0 -1 0
    outer loop
      vertex 20.2008 -0.990751 11.5322
      vertex 22 -0.990751 2.76462
      vertex 20.25 -0.990751 12
    endloop
  endfacet
  facet normal 0 -1 0
    outer loop
      vertex 20.0555 -0.990751 11.0848
      vertex 22 -0.990751 2.76462
      vertex 20.2008 -0.990751 11.5322
    endloop
  endfacet
  facet normal 0 -1 0
    outer loop
      vertex 19.8203 -0.990751 10.6775
      vertex 22 -0.990751 2.76462
      vertex 20.0555 -0.990751 11.0848
    endloop
  endfacet
  facet normal 0 -1 0
    outer loop
      vertex 19.5055 -0.990751 10.3279
      vertex 22 -0.990751 2.76462
      vertex 19.8203 -0.990751 10.6775
    endloop
  endfacet
  facet normal 0 -1 0
    outer loop
      vertex 19.125 -0.990751 10.0514
      vertex 22 -0.990751 2.76462
      vertex 19.5055 -0.990751 10.3279
    endloop
  endfacet
  facet normal 0 -1 0
    outer loop
      vertex 18.6953 -0.990751 9.86012
      vertex 22 -0.990751 2.76462
      vertex 19.125 -0.990751 10.0514
    endloop
  endfacet
  facet normal 0 -1 0
    outer loop
      vertex 18.2352 -0.990751 9.76233
      vertex 22 -0.990751 2.76462
      vertex 18.6953 -0.990751 9.86012
    endloop
  endfacet
  facet normal 0 -1 0
    outer loop
      vertex 17.7648 -0.990751 9.76233
      vertex 22 -0.990751 2.76462
      vertex 18.2352 -0.990751 9.76233
    endloop
  endfacet
  facet normal 0.144844 0.0602633 -0.987618
    outer loop
      vertex 22.2239 3.07273 0.00924778
      vertex 22.2097 3.10686 0.00924778
      vertex 22.624 3.31795 0.0828896
    endloop
  endfacet
  facet normal 0.377976 0.912581 -0.155983
    outer loop
      vertex 23.3578 5.66478 2.76462
      vertex 22.9014 5.77434 2.29966
      vertex 22.9242 5.84437 2.76462
    endloop
  endfacet
  facet normal 0.842183 0.516155 0.155919
    outer loop
      vertex 24.6648 4.35777 117.235
      vertex 24.36 4.71463 117.7
      vertex 24.5992 4.32434 117.7
    endloop
  endfacet
  facet normal 0 -0.987691 0.15642
    outer loop
      vertex -22 -0.990751 117.235
      vertex 22 -0.917109 117.7
      vertex -22 -0.917109 117.7
    endloop
  endfacet
  facet normal 0 -0.987691 0.15642
    outer loop
      vertex 22 -0.917109 117.7
      vertex -22 -0.990751 117.235
      vertex 22 -0.990751 117.235
    endloop
  endfacet
  facet normal -0.145531 0.0605492 0.987499
    outer loop
      vertex -22.2097 3.10686 119.991
      vertex -22.624 3.31795 119.917
      vertex -22.2239 3.07273 119.991
    endloop
  endfacet
  facet normal 0.208088 0.866741 0.453276
    outer loop
      vertex 22.4336 5.73751 118.148
      vertex 22.4001 5.52643 118.567
      vertex 22.8565 5.63598 118.148
    endloop
  endfacet
  facet normal -0.852649 -0.522483 0
    outer loop
      vertex -24.4196 0.24208 2.76462
      vertex -24.6648 0.642226 117.235
      vertex -24.6648 0.642226 2.76462
    endloop
  endfacet
  facet normal -0.852649 -0.522483 0
    outer loop
      vertex -24.6648 0.642226 117.235
      vertex -24.4196 0.24208 2.76462
      vertex -24.4196 0.24208 117.235
    endloop
  endfacet
  facet normal 0.174377 0.420892 0.890193
    outer loop
      vertex 22.7116 4.39665 119.558
      vertex 22.3548 4.09186 119.772
      vertex 22.5212 4.02292 119.772
    endloop
  endfacet
  facet normal 0.423176 -0.690532 -0.58659
    outer loop
      vertex 23.1613 -0.279123 1.4325
      vertex 23.0357 -0.0325794 1.05166
      vertex 23.3409 0.154455 1.05166
    endloop
  endfacet
  facet normal 0.888617 0.0699524 0.453283
    outer loop
      vertex 24.7375 3.43358 118.148
      vertex 24.5264 3.40015 118.567
      vertex 24.5579 3 118.567
    endloop
  endfacet
  facet normal 0.706225 -0.0556098 0.705801
    outer loop
      vertex 24.2812 2 118.948
      vertex 23.9244 1.69521 119.281
      vertex 24.2531 1.64314 118.948
    endloop
  endfacet
  facet normal 0 0.809131 0.587629
    outer loop
      vertex 22 5.55792 118.567
      vertex -22 5.28122 118.948
      vertex 22 5.28122 118.948
    endloop
  endfacet
  facet normal 0 0.809131 0.587629
    outer loop
      vertex -22 5.28122 118.948
      vertex 22 5.55792 118.567
      vertex -22 5.55792 118.567
    endloop
  endfacet
  facet normal -0.0462399 -0.58757 0.807851
    outer loop
      vertex -22 0.432504 119.558
      vertex -22.3048 0.0756426 119.281
      vertex -22 0.0516558 119.281
    endloop
  endfacet
  facet normal 0 1 0
    outer loop
      vertex -6 5.99075 67.3579
      vertex -17.3047 5.99075 14.1399
      vertex -17.7648 5.99075 14.2377
    endloop
  endfacet
  facet normal 0 1 0
    outer loop
      vertex -6 5.99075 67.3579
      vertex -16.875 5.99075 13.9486
      vertex -17.3047 5.99075 14.1399
    endloop
  endfacet
  facet normal 0 1 0
    outer loop
      vertex -6 5.99075 67.3579
      vertex -16.4945 5.99075 13.6721
      vertex -16.875 5.99075 13.9486
    endloop
  endfacet
  facet normal 0 1 0
    outer loop
      vertex -6 5.99075 67.3579
      vertex -16.1797 5.99075 13.3225
      vertex -16.4945 5.99075 13.6721
    endloop
  endfacet
  facet normal 0 1 -0
    outer loop
      vertex -6 5.99075 2.76462
      vertex -16.1797 5.99075 13.3225
      vertex -6 5.99075 67.3579
    endloop
  endfacet
  facet normal 0 1 0
    outer loop
      vertex -16.1797 5.99075 13.3225
      vertex -6 5.99075 2.76462
      vertex -15.9445 5.99075 12.9152
    endloop
  endfacet
  facet normal 0 1 0
    outer loop
      vertex -15.9445 5.99075 12.9152
      vertex -6 5.99075 2.76462
      vertex -15.7992 5.99075 12.4678
    endloop
  endfacet
  facet normal 0 1 0
    outer loop
      vertex -15.7992 5.99075 12.4678
      vertex -6 5.99075 2.76462
      vertex -15.75 5.99075 12
    endloop
  endfacet
  facet normal 0 1 0
    outer loop
      vertex -17.3047 5.99075 9.86012
      vertex -22 5.99075 2.76462
      vertex -17.7648 5.99075 9.76233
    endloop
  endfacet
  facet normal 0 1 0
    outer loop
      vertex -22 5.99075 2.76462
      vertex -17.3047 5.99075 9.86012
      vertex -6 5.99075 2.76462
    endloop
  endfacet
  facet normal 0 1 0
    outer loop
      vertex -16.875 5.99075 10.0514
      vertex -6 5.99075 2.76462
      vertex -17.3047 5.99075 9.86012
    endloop
  endfacet
  facet normal 0 1 0
    outer loop
      vertex -16.4945 5.99075 10.3279
      vertex -6 5.99075 2.76462
      vertex -16.875 5.99075 10.0514
    endloop
  endfacet
  facet normal 0 1 0
    outer loop
      vertex -16.1797 5.99075 10.6775
      vertex -6 5.99075 2.76462
      vertex -16.4945 5.99075 10.3279
    endloop
  endfacet
  facet normal 0 1 0
    outer loop
      vertex -15.9445 5.99075 11.0848
      vertex -6 5.99075 2.76462
      vertex -16.1797 5.99075 10.6775
    endloop
  endfacet
  facet normal 0 1 0
    outer loop
      vertex -15.7992 5.99075 11.5322
      vertex -6 5.99075 2.76462
      vertex -15.9445 5.99075 11.0848
    endloop
  endfacet
  facet normal 0 1 0
    outer loop
      vertex -15.75 5.99075 12
      vertex -6 5.99075 2.76462
      vertex -15.7992 5.99075 11.5322
    endloop
  endfacet
  facet normal 0 1 0
    outer loop
      vertex 16.4945 5.99075 106.672
      vertex 22 5.99075 117.235
      vertex 16.875 5.99075 106.949
    endloop
  endfacet
  facet normal 0 1 0
    outer loop
      vertex -22 5.99075 117.235
      vertex -17.3047 5.99075 107.14
      vertex -17.7648 5.99075 107.238
    endloop
  endfacet
  facet normal 0 1 0
    outer loop
      vertex 22 5.99075 117.235
      vertex 16.4945 5.99075 106.672
      vertex -22 5.99075 117.235
    endloop
  endfacet
  facet normal 0 1 0
    outer loop
      vertex -22 5.99075 117.235
      vertex -16.875 5.99075 106.949
      vertex -17.3047 5.99075 107.14
    endloop
  endfacet
  facet normal 0 1 -0
    outer loop
      vertex -16.4945 5.99075 106.672
      vertex -22 5.99075 117.235
      vertex 16.4945 5.99075 106.672
    endloop
  endfacet
  facet normal 0 1 0
    outer loop
      vertex -22 5.99075 117.235
      vertex -16.4945 5.99075 106.672
      vertex -16.875 5.99075 106.949
    endloop
  endfacet
  facet normal 0 1 -0
    outer loop
      vertex 16.1797 5.99075 106.323
      vertex -16.4945 5.99075 106.672
      vertex 16.4945 5.99075 106.672
    endloop
  endfacet
  facet normal 0 1 0
    outer loop
      vertex 16.1797 5.99075 106.323
      vertex -16.1797 5.99075 106.323
      vertex -16.4945 5.99075 106.672
    endloop
  endfacet
  facet normal 0 1 -0
    outer loop
      vertex 15.9445 5.99075 105.915
      vertex -16.1797 5.99075 106.323
      vertex 16.1797 5.99075 106.323
    endloop
  endfacet
  facet normal 0 1 0
    outer loop
      vertex 15.9445 5.99075 105.915
      vertex -15.9445 5.99075 105.915
      vertex -16.1797 5.99075 106.323
    endloop
  endfacet
  facet normal 0 1 -0
    outer loop
      vertex 15.7992 5.99075 105.468
      vertex -15.9445 5.99075 105.915
      vertex 15.9445 5.99075 105.915
    endloop
  endfacet
  facet normal 0 1 0
    outer loop
      vertex 15.7992 5.99075 105.468
      vertex -15.7992 5.99075 105.468
      vertex -15.9445 5.99075 105.915
    endloop
  endfacet
  facet normal 0 1 -0
    outer loop
      vertex 15.75 5.99075 105
      vertex -15.7992 5.99075 105.468
      vertex 15.7992 5.99075 105.468
    endloop
  endfacet
  facet normal 0 1 0
    outer loop
      vertex 15.75 5.99075 105
      vertex -15.75 5.99075 105
      vertex -15.7992 5.99075 105.468
    endloop
  endfacet
  facet normal 0 1 0
    outer loop
      vertex 15.7992 5.99075 104.532
      vertex -15.75 5.99075 105
      vertex 15.75 5.99075 105
    endloop
  endfacet
  facet normal 0 1 0
    outer loop
      vertex 15.7992 5.99075 104.532
      vertex -15.7992 5.99075 104.532
      vertex -15.75 5.99075 105
    endloop
  endfacet
  facet normal 0 1 0
    outer loop
      vertex 15.9445 5.99075 104.085
      vertex -15.7992 5.99075 104.532
      vertex 15.7992 5.99075 104.532
    endloop
  endfacet
  facet normal 0 1 0
    outer loop
      vertex 15.9445 5.99075 104.085
      vertex -15.9445 5.99075 104.085
      vertex -15.7992 5.99075 104.532
    endloop
  endfacet
  facet normal 0 1 0
    outer loop
      vertex 16.1797 5.99075 103.677
      vertex -15.9445 5.99075 104.085
      vertex 15.9445 5.99075 104.085
    endloop
  endfacet
  facet normal 0 1 0
    outer loop
      vertex 16.1797 5.99075 103.677
      vertex -16.1797 5.99075 103.677
      vertex -15.9445 5.99075 104.085
    endloop
  endfacet
  facet normal 0 1 0
    outer loop
      vertex 16.4945 5.99075 103.328
      vertex -16.1797 5.99075 103.677
      vertex 16.1797 5.99075 103.677
    endloop
  endfacet
  facet normal 0 1 0
    outer loop
      vertex 16.4945 5.99075 103.328
      vertex -16.4945 5.99075 103.328
      vertex -16.1797 5.99075 103.677
    endloop
  endfacet
  facet normal 0 1 0
    outer loop
      vertex 6 5.99075 67.3579
      vertex 16.4945 5.99075 103.328
      vertex 16.875 5.99075 103.051
    endloop
  endfacet
  facet normal 0 1 0
    outer loop
      vertex 16.4945 5.99075 103.328
      vertex 6 5.99075 67.3579
      vertex -16.4945 5.99075 103.328
    endloop
  endfacet
  facet normal 0 1 0
    outer loop
      vertex 6 5.99075 67.3579
      vertex 16.875 5.99075 103.051
      vertex 17.3047 5.99075 102.86
    endloop
  endfacet
  facet normal 0 1 -0
    outer loop
      vertex -6 5.99075 67.3579
      vertex -16.4945 5.99075 103.328
      vertex 6 5.99075 67.3579
    endloop
  endfacet
  facet normal 0 1 0
    outer loop
      vertex 6 5.99075 67.3579
      vertex 17.3047 5.99075 102.86
      vertex 17.7648 5.99075 102.762
    endloop
  endfacet
  facet normal 0 1 0
    outer loop
      vertex -16.4945 5.99075 103.328
      vertex -6 5.99075 67.3579
      vertex -16.875 5.99075 103.051
    endloop
  endfacet
  facet normal 0 1 0
    outer loop
      vertex 17.7648 5.99075 107.238
      vertex 22 5.99075 117.235
      vertex 18.2352 5.99075 107.238
    endloop
  endfacet
  facet normal 0 1 0
    outer loop
      vertex 22 5.99075 117.235
      vertex 18.6953 5.99075 107.14
      vertex 18.2352 5.99075 107.238
    endloop
  endfacet
  facet normal 0 1 0
    outer loop
      vertex 22 5.99075 117.235
      vertex 19.125 5.99075 106.949
      vertex 18.6953 5.99075 107.14
    endloop
  endfacet
  facet normal 0 1 0
    outer loop
      vertex 22 5.99075 117.235
      vertex 19.5055 5.99075 106.672
      vertex 19.125 5.99075 106.949
    endloop
  endfacet
  facet normal 0 1 0
    outer loop
      vertex 22 5.99075 117.235
      vertex 19.8203 5.99075 106.323
      vertex 19.5055 5.99075 106.672
    endloop
  endfacet
  facet normal 0 1 0
    outer loop
      vertex 22 5.99075 117.235
      vertex 20.0555 5.99075 105.915
      vertex 19.8203 5.99075 106.323
    endloop
  endfacet
  facet normal 0 1 0
    outer loop
      vertex 22 5.99075 117.235
      vertex 20.2008 5.99075 105.468
      vertex 20.0555 5.99075 105.915
    endloop
  endfacet
  facet normal 0 1 0
    outer loop
      vertex 22 5.99075 117.235
      vertex 20.25 5.99075 105
      vertex 20.2008 5.99075 105.468
    endloop
  endfacet
  facet normal 0 1 0
    outer loop
      vertex 22 5.99075 117.235
      vertex 20.2008 5.99075 104.532
      vertex 20.25 5.99075 105
    endloop
  endfacet
  facet normal 0 1 0
    outer loop
      vertex 6 5.99075 67.3579
      vertex 17.7648 5.99075 102.762
      vertex 18.2352 5.99075 102.762
    endloop
  endfacet
  facet normal 0 1 0
    outer loop
      vertex -16.875 5.99075 103.051
      vertex -6 5.99075 67.3579
      vertex -17.3047 5.99075 102.86
    endloop
  endfacet
  facet normal 0 1 0
    outer loop
      vertex -17.3047 5.99075 102.86
      vertex -6 5.99075 67.3579
      vertex -17.7648 5.99075 102.762
    endloop
  endfacet
  facet normal 0 1 0
    outer loop
      vertex 18.6953 5.99075 102.86
      vertex 6 5.99075 67.3579
      vertex 18.2352 5.99075 102.762
    endloop
  endfacet
  facet normal 0 1 0
    outer loop
      vertex 19.125 5.99075 103.051
      vertex 6 5.99075 67.3579
      vertex 18.6953 5.99075 102.86
    endloop
  endfacet
  facet normal 0 1 0
    outer loop
      vertex 19.5055 5.99075 103.328
      vertex 6 5.99075 67.3579
      vertex 19.125 5.99075 103.051
    endloop
  endfacet
  facet normal 0 1 0
    outer loop
      vertex 19.8203 5.99075 103.677
      vertex 6 5.99075 67.3579
      vertex 19.5055 5.99075 103.328
    endloop
  endfacet
  facet normal 0 1 0
    outer loop
      vertex 19.8203 5.99075 13.3225
      vertex 19.8203 5.99075 103.677
      vertex 20.0555 5.99075 104.085
    endloop
  endfacet
  facet normal 0 1 0
    outer loop
      vertex 19.8203 5.99075 103.677
      vertex 19.8203 5.99075 13.3225
      vertex 6 5.99075 67.3579
    endloop
  endfacet
  facet normal 0 1 0
    outer loop
      vertex 20.0555 5.99075 12.9152
      vertex 20.0555 5.99075 104.085
      vertex 20.2008 5.99075 104.532
    endloop
  endfacet
  facet normal 0 1 -0
    outer loop
      vertex 22 5.99075 2.76462
      vertex 20.2008 5.99075 104.532
      vertex 22 5.99075 117.235
    endloop
  endfacet
  facet normal 0 1 0
    outer loop
      vertex 6 5.99075 67.3579
      vertex 18.6953 5.99075 14.1399
      vertex 18.2352 5.99075 14.2377
    endloop
  endfacet
  facet normal 0 1 0
    outer loop
      vertex 6 5.99075 67.3579
      vertex 19.125 5.99075 13.9486
      vertex 18.6953 5.99075 14.1399
    endloop
  endfacet
  facet normal 0 1 0
    outer loop
      vertex 6 5.99075 67.3579
      vertex 19.5055 5.99075 13.6721
      vertex 19.125 5.99075 13.9486
    endloop
  endfacet
  facet normal 0 1 0
    outer loop
      vertex 6 5.99075 67.3579
      vertex 19.8203 5.99075 13.3225
      vertex 19.5055 5.99075 13.6721
    endloop
  endfacet
  facet normal 0 1 0
    outer loop
      vertex 20.0555 5.99075 104.085
      vertex 20.0555 5.99075 12.9152
      vertex 19.8203 5.99075 13.3225
    endloop
  endfacet
  facet normal 0 1 0
    outer loop
      vertex 20.2008 5.99075 104.532
      vertex 20.2008 5.99075 12.4678
      vertex 20.0555 5.99075 12.9152
    endloop
  endfacet
  facet normal 0 1 0
    outer loop
      vertex 20.2008 5.99075 104.532
      vertex 22 5.99075 2.76462
      vertex 20.2008 5.99075 12.4678
    endloop
  endfacet
  facet normal 0 1 0
    outer loop
      vertex 18.2352 5.99075 9.76233
      vertex 22 5.99075 2.76462
      vertex 17.7648 5.99075 9.76233
    endloop
  endfacet
  facet normal 0 1 0
    outer loop
      vertex 18.6953 5.99075 9.86012
      vertex 22 5.99075 2.76462
      vertex 18.2352 5.99075 9.76233
    endloop
  endfacet
  facet normal 0 1 0
    outer loop
      vertex 19.125 5.99075 10.0514
      vertex 22 5.99075 2.76462
      vertex 18.6953 5.99075 9.86012
    endloop
  endfacet
  facet normal 0 1 0
    outer loop
      vertex 19.5055 5.99075 10.3279
      vertex 22 5.99075 2.76462
      vertex 19.125 5.99075 10.0514
    endloop
  endfacet
  facet normal 0 1 0
    outer loop
      vertex 19.8203 5.99075 10.6775
      vertex 22 5.99075 2.76462
      vertex 19.5055 5.99075 10.3279
    endloop
  endfacet
  facet normal 0 1 0
    outer loop
      vertex 20.0555 5.99075 11.0848
      vertex 22 5.99075 2.76462
      vertex 19.8203 5.99075 10.6775
    endloop
  endfacet
  facet normal 0 1 0
    outer loop
      vertex 20.2008 5.99075 11.5322
      vertex 22 5.99075 2.76462
      vertex 20.0555 5.99075 11.0848
    endloop
  endfacet
  facet normal 0 1 0
    outer loop
      vertex 20.25 5.99075 12
      vertex 22 5.99075 2.76462
      vertex 20.2008 5.99075 11.5322
    endloop
  endfacet
  facet normal 0 1 0
    outer loop
      vertex 20.2008 5.99075 12.4678
      vertex 22 5.99075 2.76462
      vertex 20.25 5.99075 12
    endloop
  endfacet
  facet normal 0 1 0
    outer loop
      vertex 17.3047 5.99075 107.14
      vertex 22 5.99075 117.235
      vertex 17.7648 5.99075 107.238
    endloop
  endfacet
  facet normal 0 1 0
    outer loop
      vertex 16.875 5.99075 106.949
      vertex 22 5.99075 117.235
      vertex 17.3047 5.99075 107.14
    endloop
  endfacet
  facet normal 0 1 -0
    outer loop
      vertex -18.2352 5.99075 107.238
      vertex -22 5.99075 117.235
      vertex -17.7648 5.99075 107.238
    endloop
  endfacet
  facet normal 0 1 -0
    outer loop
      vertex -18.6953 5.99075 107.14
      vertex -22 5.99075 117.235
      vertex -18.2352 5.99075 107.238
    endloop
  endfacet
  facet normal 0 1 -0
    outer loop
      vertex -19.125 5.99075 106.949
      vertex -22 5.99075 117.235
      vertex -18.6953 5.99075 107.14
    endloop
  endfacet
  facet normal 0 1 -0
    outer loop
      vertex -19.5055 5.99075 106.672
      vertex -22 5.99075 117.235
      vertex -19.125 5.99075 106.949
    endloop
  endfacet
  facet normal 0 1 -0
    outer loop
      vertex -19.8203 5.99075 106.323
      vertex -22 5.99075 117.235
      vertex -19.5055 5.99075 106.672
    endloop
  endfacet
  facet normal 0 1 -0
    outer loop
      vertex -20.0555 5.99075 105.915
      vertex -22 5.99075 117.235
      vertex -19.8203 5.99075 106.323
    endloop
  endfacet
  facet normal 0 1 -0
    outer loop
      vertex -20.2008 5.99075 105.468
      vertex -22 5.99075 117.235
      vertex -20.0555 5.99075 105.915
    endloop
  endfacet
  facet normal 0 1 -0
    outer loop
      vertex -20.25 5.99075 105
      vertex -22 5.99075 117.235
      vertex -20.2008 5.99075 105.468
    endloop
  endfacet
  facet normal 0 1 0
    outer loop
      vertex -20.2008 5.99075 104.532
      vertex -22 5.99075 117.235
      vertex -20.25 5.99075 105
    endloop
  endfacet
  facet normal 0 1 0
    outer loop
      vertex -17.7648 5.99075 102.762
      vertex -6 5.99075 67.3579
      vertex -18.2352 5.99075 102.762
    endloop
  endfacet
  facet normal 0 1 0
    outer loop
      vertex -18.2352 5.99075 102.762
      vertex -6 5.99075 67.3579
      vertex -18.6953 5.99075 102.86
    endloop
  endfacet
  facet normal 0 1 0
    outer loop
      vertex -18.6953 5.99075 102.86
      vertex -6 5.99075 67.3579
      vertex -19.125 5.99075 103.051
    endloop
  endfacet
  facet normal 0 1 0
    outer loop
      vertex -19.125 5.99075 103.051
      vertex -6 5.99075 67.3579
      vertex -19.5055 5.99075 103.328
    endloop
  endfacet
  facet normal 0 1 0
    outer loop
      vertex -19.5055 5.99075 103.328
      vertex -6 5.99075 67.3579
      vertex -19.8203 5.99075 103.677
    endloop
  endfacet
  facet normal 0 1 0
    outer loop
      vertex -19.8203 5.99075 13.3225
      vertex -19.8203 5.99075 103.677
      vertex -6 5.99075 67.3579
    endloop
  endfacet
  facet normal 0 1 0
    outer loop
      vertex -18.2352 5.99075 14.2377
      vertex -6 5.99075 67.3579
      vertex -17.7648 5.99075 14.2377
    endloop
  endfacet
  facet normal 0 1 0
    outer loop
      vertex -18.6953 5.99075 14.1399
      vertex -6 5.99075 67.3579
      vertex -18.2352 5.99075 14.2377
    endloop
  endfacet
  facet normal 0 1 0
    outer loop
      vertex -19.125 5.99075 13.9486
      vertex -6 5.99075 67.3579
      vertex -18.6953 5.99075 14.1399
    endloop
  endfacet
  facet normal 0 1 0
    outer loop
      vertex -19.5055 5.99075 13.6721
      vertex -6 5.99075 67.3579
      vertex -19.125 5.99075 13.9486
    endloop
  endfacet
  facet normal 0 1 0
    outer loop
      vertex -19.8203 5.99075 13.3225
      vertex -6 5.99075 67.3579
      vertex -19.5055 5.99075 13.6721
    endloop
  endfacet
  facet normal 0 1 0
    outer loop
      vertex -19.8203 5.99075 103.677
      vertex -19.8203 5.99075 13.3225
      vertex -20.0555 5.99075 104.085
    endloop
  endfacet
  facet normal 0 1 0
    outer loop
      vertex -20.0555 5.99075 12.9152
      vertex -20.0555 5.99075 104.085
      vertex -19.8203 5.99075 13.3225
    endloop
  endfacet
  facet normal 0 1 0
    outer loop
      vertex -20.0555 5.99075 104.085
      vertex -20.0555 5.99075 12.9152
      vertex -20.2008 5.99075 104.532
    endloop
  endfacet
  facet normal 0 1 0
    outer loop
      vertex -20.2008 5.99075 12.4678
      vertex -20.2008 5.99075 104.532
      vertex -20.0555 5.99075 12.9152
    endloop
  endfacet
  facet normal 0 1 0
    outer loop
      vertex -22 5.99075 2.76462
      vertex -20.2008 5.99075 104.532
      vertex -20.2008 5.99075 12.4678
    endloop
  endfacet
  facet normal 0 1 0
    outer loop
      vertex -22 5.99075 2.76462
      vertex -20.2008 5.99075 12.4678
      vertex -20.25 5.99075 12
    endloop
  endfacet
  facet normal 0 1 0
    outer loop
      vertex -17.7648 5.99075 9.76233
      vertex -22 5.99075 2.76462
      vertex -18.2352 5.99075 9.76233
    endloop
  endfacet
  facet normal 0 1 0
    outer loop
      vertex -18.2352 5.99075 9.76233
      vertex -22 5.99075 2.76462
      vertex -18.6953 5.99075 9.86012
    endloop
  endfacet
  facet normal 0 1 0
    outer loop
      vertex -20.2008 5.99075 104.532
      vertex -22 5.99075 2.76462
      vertex -22 5.99075 117.235
    endloop
  endfacet
  facet normal 0 1 0
    outer loop
      vertex -20.2008 5.99075 11.5322
      vertex -22 5.99075 2.76462
      vertex -20.25 5.99075 12
    endloop
  endfacet
  facet normal 0 1 0
    outer loop
      vertex -20.0555 5.99075 11.0848
      vertex -22 5.99075 2.76462
      vertex -20.2008 5.99075 11.5322
    endloop
  endfacet
  facet normal 0 1 0
    outer loop
      vertex -19.8203 5.99075 10.6775
      vertex -22 5.99075 2.76462
      vertex -20.0555 5.99075 11.0848
    endloop
  endfacet
  facet normal 0 1 0
    outer loop
      vertex -19.5055 5.99075 10.3279
      vertex -22 5.99075 2.76462
      vertex -19.8203 5.99075 10.6775
    endloop
  endfacet
  facet normal 0 1 0
    outer loop
      vertex -19.125 5.99075 10.0514
      vertex -22 5.99075 2.76462
      vertex -19.5055 5.99075 10.3279
    endloop
  endfacet
  facet normal 0 1 0
    outer loop
      vertex -18.6953 5.99075 9.86012
      vertex -22 5.99075 2.76462
      vertex -19.125 5.99075 10.0514
    endloop
  endfacet
  facet normal 0 1 -0
    outer loop
      vertex 17.7648 5.99075 14.2377
      vertex 6 5.99075 67.3579
      vertex 18.2352 5.99075 14.2377
    endloop
  endfacet
  facet normal 0 1 -0
    outer loop
      vertex 17.3047 5.99075 14.1399
      vertex 6 5.99075 67.3579
      vertex 17.7648 5.99075 14.2377
    endloop
  endfacet
  facet normal 0 1 -0
    outer loop
      vertex 16.875 5.99075 13.9486
      vertex 6 5.99075 67.3579
      vertex 17.3047 5.99075 14.1399
    endloop
  endfacet
  facet normal 0 1 -0
    outer loop
      vertex 16.4945 5.99075 13.6721
      vertex 6 5.99075 67.3579
      vertex 16.875 5.99075 13.9486
    endloop
  endfacet
  facet normal 0 1 -0
    outer loop
      vertex 16.1797 5.99075 13.3225
      vertex 6 5.99075 67.3579
      vertex 16.4945 5.99075 13.6721
    endloop
  endfacet
  facet normal 0 1 0
    outer loop
      vertex 6 5.99075 2.76462
      vertex 16.1797 5.99075 13.3225
      vertex 15.9445 5.99075 12.9152
    endloop
  endfacet
  facet normal 0 1 0
    outer loop
      vertex 6 5.99075 2.76462
      vertex 15.9445 5.99075 12.9152
      vertex 15.7992 5.99075 12.4678
    endloop
  endfacet
  facet normal 0 1 0
    outer loop
      vertex 6 5.99075 2.76462
      vertex 15.7992 5.99075 12.4678
      vertex 15.75 5.99075 12
    endloop
  endfacet
  facet normal 0 1 0
    outer loop
      vertex 6 5.99075 2.76462
      vertex 15.75 5.99075 12
      vertex 15.7992 5.99075 11.5322
    endloop
  endfacet
  facet normal 0 1 0
    outer loop
      vertex 22 5.99075 2.76462
      vertex 17.3047 5.99075 9.86012
      vertex 17.7648 5.99075 9.76233
    endloop
  endfacet
  facet normal 0 1 0
    outer loop
      vertex 6 5.99075 2.76462
      vertex 17.3047 5.99075 9.86012
      vertex 22 5.99075 2.76462
    endloop
  endfacet
  facet normal 0 1 0
    outer loop
      vertex 17.3047 5.99075 9.86012
      vertex 6 5.99075 2.76462
      vertex 16.875 5.99075 10.0514
    endloop
  endfacet
  facet normal 0 1 0
    outer loop
      vertex 16.875 5.99075 10.0514
      vertex 6 5.99075 2.76462
      vertex 16.4945 5.99075 10.3279
    endloop
  endfacet
  facet normal 0 1 0
    outer loop
      vertex 16.1797 5.99075 13.3225
      vertex 6 5.99075 2.76462
      vertex 6 5.99075 67.3579
    endloop
  endfacet
  facet normal 0 1 0
    outer loop
      vertex 15.9445 5.99075 11.0848
      vertex 6 5.99075 2.76462
      vertex 15.7992 5.99075 11.5322
    endloop
  endfacet
  facet normal 0 1 0
    outer loop
      vertex 16.1797 5.99075 10.6775
      vertex 6 5.99075 2.76462
      vertex 15.9445 5.99075 11.0848
    endloop
  endfacet
  facet normal 0 1 0
    outer loop
      vertex 16.4945 5.99075 10.3279
      vertex 6 5.99075 2.76462
      vertex 16.1797 5.99075 10.6775
    endloop
  endfacet
  facet normal -0.617851 0.723473 0.307973
    outer loop
      vertex -23.7146 5.35999 117.7
      vertex -24.0627 5.06271 117.7
      vertex -23.6291 5.2423 118.148
    endloop
  endfacet
  facet normal -0.165322 -0.688654 -0.705992
    outer loop
      vertex -22.3048 0.0756426 0.718781
      vertex -22.7049 -0.169567 1.05166
      vertex -22.6021 0.147014 0.718781
    endloop
  endfacet
  facet normal -0.923877 -0.38269 0
    outer loop
      vertex -24.6648 0.642226 2.76462
      vertex -24.8444 1.07581 117.235
      vertex -24.8444 1.07581 2.76462
    endloop
  endfacet
  facet normal -0.923877 -0.38269 0
    outer loop
      vertex -24.8444 1.07581 117.235
      vertex -24.6648 0.642226 2.76462
      vertex -24.6648 0.642226 117.235
    endloop
  endfacet
  facet normal 0.842182 0.516154 -0.155932
    outer loop
      vertex 24.5992 4.32434 2.29966
      vertex 24.36 4.71463 2.29966
      vertex 24.6648 4.35777 2.76462
    endloop
  endfacet
  facet normal -0.641472 -0.751124 0.15597
    outer loop
      vertex -23.7146 -0.359991 117.7
      vertex -24.0627 -0.0627079 117.7
      vertex -23.7579 -0.419569 117.235
    endloop
  endfacet
  facet normal 0.641459 -0.751132 0.155985
    outer loop
      vertex 24.0627 -0.0627079 117.7
      vertex 23.7579 -0.419569 117.235
      vertex 24.1148 -0.11478 117.235
    endloop
  endfacet
  facet normal -0.222086 -0.925057 -0.308135
    outer loop
      vertex -22.4563 -0.881195 2.29966
      vertex -22.9014 -0.774336 2.29966
      vertex -22.8565 -0.635984 1.85195
    endloop
  endfacet
  facet normal -0.912555 0.378004 0.156064
    outer loop
      vertex -24.6648 4.35777 117.235
      vertex -24.8444 3.92419 117.235
      vertex -24.7743 3.90144 117.7
    endloop
  endfacet
  facet normal 0.0784495 0.996918 -0
    outer loop
      vertex 22.4679 5.95393 2.76462
      vertex 22 5.99075 117.235
      vertex 22.4679 5.95393 117.235
    endloop
  endfacet
  facet normal 0.0784495 0.996918 0
    outer loop
      vertex 22 5.99075 117.235
      vertex 22.4679 5.95393 2.76462
      vertex 22 5.99075 2.76462
    endloop
  endfacet
  facet normal -0.497103 -0.811212 0.307935
    outer loop
      vertex -23.2583 -0.469547 118.148
      vertex -23.7146 -0.359991 117.7
      vertex -23.3243 -0.599163 117.7
    endloop
  endfacet
  facet normal 0.587528 -0.0462432 0.807881
    outer loop
      vertex 23.5675 2 119.558
      vertex 23.5482 1.75479 119.558
      vertex 23.9244 1.69521 119.281
    endloop
  endfacet
  facet normal 0.984734 -0.0774684 0.155877
    outer loop
      vertex 24.9171 2 117.7
      vertex 24.8812 1.54366 117.7
      vertex 24.9539 1.53214 117.235
    endloop
  endfacet
  facet normal 0.0357571 0.454171 0.890197
    outer loop
      vertex 22 4.5675 119.558
      vertex 22 4.14805 119.772
      vertex 22.1796 4.13391 119.772
    endloop
  endfacet
  facet normal 0.649408 -0.76044 0
    outer loop
      vertex 23.7579 -0.419569 2.76462
      vertex 24.1148 -0.11478 117.235
      vertex 23.7579 -0.419569 117.235
    endloop
  endfacet
  facet normal 0.649408 -0.76044 0
    outer loop
      vertex 24.1148 -0.11478 117.235
      vertex 23.7579 -0.419569 2.76462
      vertex 24.1148 -0.11478 2.76462
    endloop
  endfacet
  facet normal 0.516148 0.842179 0.15597
    outer loop
      vertex 23.7579 5.41957 117.235
      vertex 23.3578 5.66478 117.235
      vertex 23.7146 5.35999 117.7
    endloop
  endfacet
  facet normal 0.984688 0.0776621 0.156068
    outer loop
      vertex 24.9539 3.46786 117.235
      vertex 24.9171 3 117.7
      vertex 24.9908 3 117.235
    endloop
  endfacet
  facet normal 0.617851 0.723473 0.307973
    outer loop
      vertex 23.7146 5.35999 117.7
      vertex 23.6291 5.2423 118.148
      vertex 24.0627 5.06271 117.7
    endloop
  endfacet
  facet normal 0.603894 0.370194 0.705882
    outer loop
      vertex 24.0326 4.03565 118.948
      vertex 23.5762 4.14521 119.281
      vertex 23.736 3.88453 119.281
    endloop
  endfacet
  facet normal -0.984686 -0.077662 -0.156081
    outer loop
      vertex -24.9539 1.53214 2.76462
      vertex -24.9908 2 2.76462
      vertex -24.9171 2 2.29966
    endloop
  endfacet
  facet normal 0.346484 -0.295843 0.890183
    outer loop
      vertex 23.2681 1.07865 119.558
      vertex 22.9288 1.32519 119.772
      vertex 23.1084 0.891613 119.558
    endloop
  endfacet
  facet normal -0.208088 0.866741 0.453276
    outer loop
      vertex -22.4336 5.73751 118.148
      vertex -22.8565 5.63598 118.148
      vertex -22.4001 5.52643 118.567
    endloop
  endfacet
  facet normal -0.972397 0.233334 0
    outer loop
      vertex -24.9539 3.46786 2.76462
      vertex -24.8444 3.92419 117.235
      vertex -24.8444 3.92419 2.76462
    endloop
  endfacet
  facet normal -0.972397 0.233334 0
    outer loop
      vertex -24.8444 3.92419 117.235
      vertex -24.9539 3.46786 2.76462
      vertex -24.9539 3.46786 117.235
    endloop
  endfacet
  facet normal -0.364076 -0.878926 -0.30812
    outer loop
      vertex -22.9014 -0.774336 2.29966
      vertex -23.2583 -0.469547 1.85195
      vertex -22.8565 -0.635984 1.85195
    endloop
  endfacet
  facet normal -0.641459 -0.751132 0.155985
    outer loop
      vertex -24.0627 -0.0627079 117.7
      vertex -24.1148 -0.11478 117.235
      vertex -23.7579 -0.419569 117.235
    endloop
  endfacet
  facet normal 0.300483 0.0719854 0.951067
    outer loop
      vertex 23.0919 3.35477 119.772
      vertex 22.6661 3.21642 119.917
      vertex 22.6917 3.10956 119.917
    endloop
  endfacet
  facet normal -0.960481 0.230475 0.156071
    outer loop
      vertex -24.8444 3.92419 117.235
      vertex -24.9539 3.46786 117.235
      vertex -24.7743 3.90144 117.7
    endloop
  endfacet
  facet normal -0.0746461 -0.948404 -0.308151
    outer loop
      vertex -22 -0.917109 2.29966
      vertex -22.4563 -0.881195 2.29966
      vertex -22.4336 -0.737514 1.85195
    endloop
  endfacet
  facet normal 0.649409 0.760439 -0
    outer loop
      vertex 24.1148 5.11478 2.76462
      vertex 23.7579 5.41957 117.235
      vertex 24.1148 5.11478 117.235
    endloop
  endfacet
  facet normal 0.649409 0.760439 0
    outer loop
      vertex 23.7579 5.41957 117.235
      vertex 24.1148 5.11478 2.76462
      vertex 23.7579 5.41957 2.76462
    endloop
  endfacet
  facet normal -0.0123167 -0.156421 -0.987614
    outer loop
      vertex -22 1.29966 0.0828896
      vertex -22.1096 1.30829 0.0828896
      vertex -22.0368 1.76752 0.00924778
    endloop
  endfacet
  facet normal 0.0555616 -0.70602 -0.706009
    outer loop
      vertex 22.3048 0.0756426 0.718781
      vertex 22 -0.281218 1.05166
      vertex 22 0.0516558 0.718781
    endloop
  endfacet
  facet normal 0.270969 -0.654341 -0.705985
    outer loop
      vertex 22.7049 -0.169567 1.05166
      vertex 22.6021 0.147014 0.718781
      vertex 23.0357 -0.0325794 1.05166
    endloop
  endfacet
  facet normal 0.878898 -0.364186 -0.308069
    outer loop
      vertex 24.7743 1.09856 2.29966
      vertex 24.4695 0.741702 1.85195
      vertex 24.636 1.14352 1.85195
    endloop
  endfacet
  facet normal 0.912633 -0.377871 -0.155932
    outer loop
      vertex 24.6648 0.642226 2.76462
      vertex 24.5992 0.675659 2.29966
      vertex 24.7743 1.09856 2.29966
    endloop
  endfacet
  facet normal 0.465785 -0.760014 0.453236
    outer loop
      vertex 23.5035 -0.0694008 118.567
      vertex 23.1613 -0.279123 118.567
      vertex 23.2583 -0.469547 118.148
    endloop
  endfacet
  facet normal 0.522543 -0.852613 0
    outer loop
      vertex 23.3578 -0.664779 2.76462
      vertex 23.7579 -0.419569 117.235
      vertex 23.3578 -0.664779 117.235
    endloop
  endfacet
  facet normal 0.522543 -0.852613 0
    outer loop
      vertex 23.7579 -0.419569 117.235
      vertex 23.3578 -0.664779 2.76462
      vertex 23.7579 -0.419569 2.76462
    endloop
  endfacet
  facet normal 0.063558 -0.807493 0.586443
    outer loop
      vertex 22 -0.281218 118.948
      vertex 22 -0.55792 118.567
      vertex 22.4001 -0.526428 118.567
    endloop
  endfacet
  facet normal -0.309913 0.74837 0.586426
    outer loop
      vertex -22.7049 5.16957 118.948
      vertex -23.1613 5.27912 118.567
      vertex -23.0357 5.03258 118.948
    endloop
  endfacet
  facet normal -0.544468 0.225529 0.807893
    outer loop
      vertex -23.736 3.88453 119.281
      vertex -23.853 3.60207 119.281
      vertex -23.3966 3.71163 119.558
    endloop
  endfacet
  facet normal 0.578931 0.677803 0.453236
    outer loop
      vertex 23.9598 4.95984 118.148
      vertex 23.5035 5.0694 118.567
      vertex 23.8087 4.80872 118.567
    endloop
  endfacet
  facet normal 0.811237 0.497029 0.307988
    outer loop
      vertex 24.36 4.71463 117.7
      vertex 24.2423 4.62913 118.148
      vertex 24.4695 4.2583 118.148
    endloop
  endfacet
  facet normal 0.960479 0.230474 -0.156084
    outer loop
      vertex 24.9539 3.46786 2.76462
      vertex 24.7743 3.90144 2.29966
      vertex 24.8444 3.92419 2.76462
    endloop
  endfacet
  facet normal 0.271053 -0.654244 -0.706042
    outer loop
      vertex 23.0357 -0.0325794 1.05166
      vertex 22.6021 0.147014 0.718781
      vertex 22.8845 0.264012 0.718781
    endloop
  endfacet
  facet normal 0.948447 -0.074593 0.308033
    outer loop
      vertex 24.7716 2 118.148
      vertex 24.7375 1.56642 118.148
      vertex 24.9171 2 117.7
    endloop
  endfacet
  facet normal 0.0823804 0.134431 0.987493
    outer loop
      vertex 22.3179 3.624 119.917
      vertex 22.1069 3.20972 119.991
      vertex 22.4116 3.56658 119.917
    endloop
  endfacet
  facet normal 0.984732 0.0774683 -0.15589
    outer loop
      vertex 24.9171 3 2.29966
      vertex 24.8812 3.45634 2.29966
      vertex 24.9539 3.46786 2.76462
    endloop
  endfacet
  facet normal 0.984688 -0.0776621 0.156068
    outer loop
      vertex 24.9908 2 117.235
      vertex 24.9171 2 117.7
      vertex 24.9539 1.53214 117.235
    endloop
  endfacet
  facet normal -0.912635 0.377873 0.155916
    outer loop
      vertex -24.6648 4.35777 117.235
      vertex -24.7743 3.90144 117.7
      vertex -24.5992 4.32434 117.7
    endloop
  endfacet
  facet normal 0.0462274 0.587578 0.807846
    outer loop
      vertex 22 4.94834 119.281
      vertex 22 4.5675 119.558
      vertex 22.3048 4.92436 119.281
    endloop
  endfacet
  facet normal 0.538583 0.459862 -0.706013
    outer loop
      vertex 23.5762 4.14521 0.718781
      vertex 23.3777 4.37769 0.718781
      vertex 23.8455 4.34087 1.05166
    endloop
  endfacet
  facet normal 0.948393 0.0746095 -0.308195
    outer loop
      vertex 24.9171 3 2.29966
      vertex 24.7375 3.43358 1.85195
      vertex 24.8812 3.45634 2.29966
    endloop
  endfacet
  facet normal -0.0784495 0.996918 0
    outer loop
      vertex -22 5.99075 2.76462
      vertex -22.4679 5.95393 117.235
      vertex -22 5.99075 117.235
    endloop
  endfacet
  facet normal -0.0784495 0.996918 0
    outer loop
      vertex -22.4679 5.95393 117.235
      vertex -22 5.99075 2.76462
      vertex -22.4679 5.95393 2.76462
    endloop
  endfacet
  facet normal -0.23347 0.972364 0
    outer loop
      vertex -22.4679 5.95393 2.76462
      vertex -22.9242 5.84437 117.235
      vertex -22.4679 5.95393 117.235
    endloop
  endfacet
  facet normal -0.23347 0.972364 0
    outer loop
      vertex -22.9242 5.84437 117.235
      vertex -22.4679 5.95393 2.76462
      vertex -22.9242 5.84437 2.76462
    endloop
  endfacet
  facet normal -0.842183 0.516155 0.155919
    outer loop
      vertex -24.36 4.71463 117.7
      vertex -24.6648 4.35777 117.235
      vertex -24.5992 4.32434 117.7
    endloop
  endfacet
  facet normal -0.516088 0.842201 -0.156044
    outer loop
      vertex -23.3243 5.59916 2.29966
      vertex -23.7146 5.35999 2.29966
      vertex -23.3578 5.66478 2.76462
    endloop
  endfacet
  facet normal -0.984688 -0.0776621 0.156068
    outer loop
      vertex -24.9171 2 117.7
      vertex -24.9908 2 117.235
      vertex -24.9539 1.53214 117.235
    endloop
  endfacet
  facet normal -0.377976 0.912581 -0.155983
    outer loop
      vertex -22.9014 5.77434 2.29966
      vertex -23.3578 5.66478 2.76462
      vertex -22.9242 5.84437 2.76462
    endloop
  endfacet
  facet normal -0.370024 -0.6038 -0.706051
    outer loop
      vertex -23.0357 -0.0325794 1.05166
      vertex -23.3409 0.154455 1.05166
      vertex -22.8845 0.264012 0.718781
    endloop
  endfacet
  facet normal -0.641458 -0.75113 -0.155998
    outer loop
      vertex -23.7579 -0.419569 2.76462
      vertex -24.1148 -0.11478 2.76462
      vertex -24.0627 -0.0627079 2.29966
    endloop
  endfacet
  facet normal 0 -0.891009 -0.453986
    outer loop
      vertex -22 -0.55792 1.4325
      vertex 22 -0.771638 1.85195
      vertex -22 -0.771638 1.85195
    endloop
  endfacet
  facet normal 0 -0.891009 -0.453986
    outer loop
      vertex 22 -0.771638 1.85195
      vertex -22 -0.55792 1.4325
      vertex 22 -0.55792 1.4325
    endloop
  endfacet
  facet normal 0.377985 -0.912577 0.155985
    outer loop
      vertex 23.3578 -0.664779 117.235
      vertex 22.9014 -0.774336 117.7
      vertex 22.9242 -0.844374 117.235
    endloop
  endfacet
  facet normal -0.0774897 -0.984721 0.15595
    outer loop
      vertex -22 -0.917109 117.7
      vertex -22.4679 -0.953931 117.235
      vertex -22 -0.990751 117.235
    endloop
  endfacet
  facet normal -0.465888 -0.760181 -0.45285
    outer loop
      vertex -23.2583 -0.469547 1.85195
      vertex -23.5035 -0.0694008 1.4325
      vertex -23.1613 -0.279123 1.4325
    endloop
  endfacet
  facet normal -0.615785 -0.525976 -0.58665
    outer loop
      vertex -23.8087 0.191277 1.4325
      vertex -24.0694 0.496491 1.4325
      vertex -23.8455 0.659133 1.05166
    endloop
  endfacet
  facet normal -0.823728 -0.341191 -0.452836
    outer loop
      vertex -24.2791 0.838728 1.4325
      vertex -24.4695 0.741702 1.85195
      vertex -24.4327 1.20956 1.4325
    endloop
  endfacet
  facet normal -0.960462 0.230675 -0.155891
    outer loop
      vertex -24.8812 3.45634 2.29966
      vertex -24.9539 3.46786 2.76462
      vertex -24.7743 3.90144 2.29966
    endloop
  endfacet
  facet normal 0.0699621 0.888824 -0.452877
    outer loop
      vertex 22.4336 5.73751 1.85195
      vertex 22 5.55792 1.4325
      vertex 22 5.77164 1.85195
    endloop
  endfacet
  facet normal -0.0723639 -0.301305 -0.950778
    outer loop
      vertex -22.1096 1.30829 0.0828896
      vertex -22.3548 0.908139 0.228361
      vertex -22.2164 1.33394 0.0828896
    endloop
  endfacet
  facet normal -0.807378 0.0635572 -0.586602
    outer loop
      vertex -24.2812 3 1.05166
      vertex -24.5579 3 1.4325
      vertex -24.5264 3.40015 1.4325
    endloop
  endfacet
  facet normal -0.059958 0.145019 -0.987611
    outer loop
      vertex -22.1069 3.20972 0.00924778
      vertex -22.3179 3.624 0.0828896
      vertex -22.0727 3.22386 0.00924778
    endloop
  endfacet
  facet normal 0.382512 -0.447901 -0.808127
    outer loop
      vertex 23.1452 0.423756 0.718781
      vertex 22.9214 0.731869 0.442079
      vertex 23.3777 0.622313 0.718781
    endloop
  endfacet
  facet normal -0.516093 -0.842202 0.156024
    outer loop
      vertex -23.3243 -0.599163 117.7
      vertex -23.7146 -0.359991 117.7
      vertex -23.3578 -0.664779 117.235
    endloop
  endfacet
  facet normal -0.225431 0.544118 -0.808156
    outer loop
      vertex -22.4844 4.49078 0.442079
      vertex -22.7116 4.39665 0.442079
      vertex -22.6021 4.85299 0.718781
    endloop
  endfacet
  facet normal 0.453684 -0.0357086 -0.890447
    outer loop
      vertex 23.5482 1.75479 0.442079
      vertex 23.1339 1.82041 0.228361
      vertex 23.5675 2 0.442079
    endloop
  endfacet
  facet normal 0.616046 -0.525974 0.586377
    outer loop
      vertex 23.8455 0.659133 118.948
      vertex 23.6131 0.386935 118.948
      vertex 23.8087 0.191277 118.567
    endloop
  endfacet
  facet normal 0.0699345 -0.88863 0.453261
    outer loop
      vertex 22 -0.55792 118.567
      vertex 22 -0.771638 118.148
      vertex 22.4336 -0.737514 118.148
    endloop
  endfacet
  facet normal 0 -0.588199 0.808716
    outer loop
      vertex -22 0.432504 119.558
      vertex 22 0.0516558 119.281
      vertex 22 0.432504 119.558
    endloop
  endfacet
  facet normal 0 -0.588199 0.808716
    outer loop
      vertex 22 0.0516558 119.281
      vertex -22 0.432504 119.558
      vertex -22 0.0516558 119.281
    endloop
  endfacet
  facet normal 0.161431 0.263429 0.951076
    outer loop
      vertex 22.5212 4.02292 119.772
      vertex 22.3179 3.624 119.917
      vertex 22.4116 3.56658 119.917
    endloop
  endfacet
  facet normal -0.308006 0.0243537 0.951073
    outer loop
      vertex -23.1339 3.17959 119.772
      vertex -23.1481 3 119.772
      vertex -22.6917 3.10956 119.917
    endloop
  endfacet
  facet normal -0.134424 0.0823475 0.987496
    outer loop
      vertex -22.5666 3.41165 119.917
      vertex -22.624 3.31795 119.917
      vertex -22.2097 3.10686 119.991
    endloop
  endfacet
  facet normal -0.996904 0.0786256 0
    outer loop
      vertex -24.9908 3 2.76462
      vertex -24.9539 3.46786 117.235
      vertex -24.9539 3.46786 2.76462
    endloop
  endfacet
  facet normal -0.996904 0.0786256 0
    outer loop
      vertex -24.9539 3.46786 117.235
      vertex -24.9908 3 2.76462
      vertex -24.9908 3 117.235
    endloop
  endfacet
  facet normal -0.465785 -0.760014 0.453236
    outer loop
      vertex -23.1613 -0.279123 118.567
      vertex -23.5035 -0.0694008 118.567
      vertex -23.2583 -0.469547 118.148
    endloop
  endfacet
  facet normal -0.0603511 -0.14564 0.987495
    outer loop
      vertex -22.0727 1.77614 119.991
      vertex -22.3179 1.376 119.917
      vertex -22.2164 1.33394 119.917
    endloop
  endfacet
  facet normal 0.370109 0.60392 0.705904
    outer loop
      vertex 23.3409 4.84554 118.948
      vertex 23.0357 5.03258 118.948
      vertex 23.1452 4.57624 119.281
    endloop
  endfacet
  facet normal 0.307894 0.502615 0.807824
    outer loop
      vertex 23.1452 4.57624 119.281
      vertex 22.7116 4.39665 119.558
      vertex 22.9214 4.26813 119.558
    endloop
  endfacet
  facet normal 0.420876 0.174462 0.890184
    outer loop
      vertex 23.3966 3.71163 119.558
      vertex 23.0919 3.35477 119.772
      vertex 23.4908 3.48438 119.558
    endloop
  endfacet
  facet normal 0.44823 0.382715 0.807849
    outer loop
      vertex 23.3777 4.37769 119.281
      vertex 23.2681 3.92135 119.558
      vertex 23.5762 4.14521 119.281
    endloop
  endfacet
  facet normal 0.948451 -0.0746141 0.308015
    outer loop
      vertex 24.9171 2 117.7
      vertex 24.7375 1.56642 118.148
      vertex 24.8812 1.54366 117.7
    endloop
  endfacet
  facet normal 0.44823 -0.382717 0.807848
    outer loop
      vertex 23.5762 0.854792 119.281
      vertex 23.2681 1.07865 119.558
      vertex 23.3777 0.622313 119.281
    endloop
  endfacet
  facet normal 0.787668 0.189102 0.586361
    outer loop
      vertex 24.4327 3.79044 118.567
      vertex 24.1696 3.70494 118.948
      vertex 24.5264 3.40015 118.567
    endloop
  endfacet
  facet normal 0.912633 0.377872 -0.155929
    outer loop
      vertex 24.7743 3.90144 2.29966
      vertex 24.5992 4.32434 2.29966
      vertex 24.6648 4.35777 2.76462
    endloop
  endfacet
  facet normal 0.572719 0.137451 -0.808146
    outer loop
      vertex 23.5482 3.24521 0.442079
      vertex 23.4908 3.48438 0.442079
      vertex 23.853 3.60207 0.718781
    endloop
  endfacet
  facet normal 0.0123267 -0.156421 -0.987613
    outer loop
      vertex 22.0368 1.76752 0.00924778
      vertex 22 1.29966 0.0828896
      vertex 22 1.76462 0.00924778
    endloop
  endfacet
  facet normal 0.579055 -0.677954 -0.452852
    outer loop
      vertex 23.9598 0.0401554 1.85195
      vertex 23.5035 -0.0694008 1.4325
      vertex 23.8087 0.191277 1.4325
    endloop
  endfacet
  facet normal 0.538586 0.459853 -0.706018
    outer loop
      vertex 23.8455 4.34087 1.05166
      vertex 23.3777 4.37769 0.718781
      vertex 23.6131 4.61306 1.05166
    endloop
  endfacet
  facet normal 0.688722 0.165416 0.705903
    outer loop
      vertex 24.1696 3.70494 118.948
      vertex 23.853 3.60207 119.281
      vertex 23.9244 3.30479 119.281
    endloop
  endfacet
  facet normal 0.760393 -0.649464 0
    outer loop
      vertex 24.1148 -0.11478 117.235
      vertex 24.4196 0.24208 2.76462
      vertex 24.4196 0.24208 117.235
    endloop
  endfacet
  facet normal 0.760393 -0.649464 0
    outer loop
      vertex 24.4196 0.24208 2.76462
      vertex 24.1148 -0.11478 117.235
      vertex 24.1148 -0.11478 2.76462
    endloop
  endfacet
  facet normal 0.996904 -0.0786256 0
    outer loop
      vertex 24.9539 1.53214 117.235
      vertex 24.9908 2 2.76462
      vertex 24.9908 2 117.235
    endloop
  endfacet
  facet normal 0.996904 -0.0786256 0
    outer loop
      vertex 24.9908 2 2.76462
      vertex 24.9539 1.53214 117.235
      vertex 24.9539 1.53214 2.76462
    endloop
  endfacet
  facet normal 0.382774 0.448224 0.807824
    outer loop
      vertex 23.1452 4.57624 119.281
      vertex 22.9214 4.26813 119.558
      vertex 23.3777 4.37769 119.281
    endloop
  endfacet
  facet normal 0.544468 0.225529 0.807893
    outer loop
      vertex 23.736 3.88453 119.281
      vertex 23.3966 3.71163 119.558
      vertex 23.853 3.60207 119.281
    endloop
  endfacet
  facet normal 0.230612 0.960464 -0.155969
    outer loop
      vertex 22.9014 5.77434 2.29966
      vertex 22.4679 5.95393 2.76462
      vertex 22.9242 5.84437 2.76462
    endloop
  endfacet
  facet normal 0.641468 0.751127 0.155974
    outer loop
      vertex 23.7579 5.41957 117.235
      vertex 23.7146 5.35999 117.7
      vertex 24.0627 5.06271 117.7
    endloop
  endfacet
  facet normal 0.723431 0.617893 0.307986
    outer loop
      vertex 24.36 4.71463 117.7
      vertex 24.0627 5.06271 117.7
      vertex 24.2423 4.62913 118.148
    endloop
  endfacet
  facet normal 0.06994 0.888631 0.453258
    outer loop
      vertex 22.4336 5.73751 118.148
      vertex 22 5.55792 118.567
      vertex 22.4001 5.52643 118.567
    endloop
  endfacet
  facet normal 0.189083 0.787612 0.586443
    outer loop
      vertex 22.7904 5.43273 118.567
      vertex 22.4001 5.52643 118.567
      vertex 22.7049 5.16957 118.948
    endloop
  endfacet
  facet normal -0.538683 0.459936 0.705889
    outer loop
      vertex -23.6131 4.61306 118.948
      vertex -23.8455 4.34087 118.948
      vertex -23.3777 4.37769 119.281
    endloop
  endfacet
  facet normal -0.925059 0.222172 -0.308067
    outer loop
      vertex -24.636 3.85648 1.85195
      vertex -24.8812 3.45634 2.29966
      vertex -24.7743 3.90144 2.29966
    endloop
  endfacet
  facet normal -0.516146 0.842177 -0.155983
    outer loop
      vertex -23.7146 5.35999 2.29966
      vertex -23.7579 5.41957 2.76462
      vertex -23.3578 5.66478 2.76462
    endloop
  endfacet
  facet normal -0.842214 0.516083 0.155994
    outer loop
      vertex -24.4196 4.75792 117.235
      vertex -24.6648 4.35777 117.235
      vertex -24.36 4.71463 117.7
    endloop
  endfacet
  facet normal -0.912556 -0.378001 0.156064
    outer loop
      vertex -24.7743 1.09856 117.7
      vertex -24.8444 1.07581 117.235
      vertex -24.6648 0.642226 117.235
    endloop
  endfacet
  facet normal 0.807368 -0.0635741 -0.586613
    outer loop
      vertex 24.5264 1.59985 1.4325
      vertex 24.2531 1.64314 1.05166
      vertex 24.2812 2 1.05166
    endloop
  endfacet
  facet normal -0.119283 0.101924 -0.987615
    outer loop
      vertex -22.1664 3.16644 0.00924778
      vertex -22.5666 3.41165 0.0828896
      vertex -22.4952 3.49521 0.0828896
    endloop
  endfacet
  facet normal 0 -0.987688 -0.156434
    outer loop
      vertex -22 -0.917109 2.29966
      vertex 22 -0.990751 2.76462
      vertex -22 -0.990751 2.76462
    endloop
  endfacet
  facet normal 0 -0.987688 -0.156434
    outer loop
      vertex 22 -0.990751 2.76462
      vertex -22 -0.917109 2.29966
      vertex 22 -0.917109 2.29966
    endloop
  endfacet
  facet normal -0.377984 -0.912575 -0.155998
    outer loop
      vertex -22.9242 -0.844374 2.76462
      vertex -23.3578 -0.664779 2.76462
      vertex -22.9014 -0.774336 2.29966
    endloop
  endfacet
  facet normal -0.237967 0.388464 0.890206
    outer loop
      vertex -22.7116 4.39665 119.558
      vertex -22.9214 4.26813 119.558
      vertex -22.6748 3.92879 119.772
    endloop
  endfacet
  facet normal 0.0746432 -0.948461 0.307977
    outer loop
      vertex 22 -0.771638 118.148
      vertex 22 -0.917109 117.7
      vertex 22.4336 -0.737514 118.148
    endloop
  endfacet
  facet normal -0.119848 -0.102408 0.987496
    outer loop
      vertex -22.1664 1.83356 119.991
      vertex -22.5666 1.58835 119.917
      vertex -22.4952 1.50479 119.917
    endloop
  endfacet
  facet normal -0.307968 0.0241742 0.95109
    outer loop
      vertex -22.6917 3.10956 119.917
      vertex -23.1481 3 119.772
      vertex -22.7003 3 119.917
    endloop
  endfacet
  facet normal -0.309862 -0.748261 -0.586592
    outer loop
      vertex -22.7049 -0.169567 1.05166
      vertex -23.1613 -0.279123 1.4325
      vertex -23.0357 -0.0325794 1.05166
    endloop
  endfacet
  facet normal -0.208082 -0.86674 0.453282
    outer loop
      vertex -22.7904 -0.432727 118.567
      vertex -22.8565 -0.635984 118.148
      vertex -22.4001 -0.526428 118.567
    endloop
  endfacet
  facet normal -0.225429 -0.544121 -0.808155
    outer loop
      vertex -22.6021 0.147014 0.718781
      vertex -22.8845 0.264012 0.718781
      vertex -22.7116 0.603351 0.442079
    endloop
  endfacet
  facet normal -0.271053 -0.654244 -0.706042
    outer loop
      vertex -22.6021 0.147014 0.718781
      vertex -23.0357 -0.0325794 1.05166
      vertex -22.8845 0.264012 0.718781
    endloop
  endfacet
  facet normal -0.972397 -0.233334 0
    outer loop
      vertex -24.8444 1.07581 2.76462
      vertex -24.9539 1.53214 117.235
      vertex -24.9539 1.53214 2.76462
    endloop
  endfacet
  facet normal -0.972397 -0.233334 0
    outer loop
      vertex -24.9539 1.53214 117.235
      vertex -24.8444 1.07581 2.76462
      vertex -24.8444 1.07581 117.235
    endloop
  endfacet
  facet normal -0.309877 -0.748245 -0.586605
    outer loop
      vertex -22.7904 -0.432727 1.4325
      vertex -23.1613 -0.279123 1.4325
      vertex -22.7049 -0.169567 1.05166
    endloop
  endfacet
  facet normal -0.723335 0.617889 -0.30822
    outer loop
      vertex -23.9598 4.95984 1.85195
      vertex -24.2423 4.62913 1.85195
      vertex -24.0627 5.06271 2.29966
    endloop
  endfacet
  facet normal 0.222087 0.925052 -0.30815
    outer loop
      vertex 22.8565 5.63598 1.85195
      vertex 22.4336 5.73751 1.85195
      vertex 22.4563 5.8812 2.29966
    endloop
  endfacet
  facet normal -0.0746517 0.948403 -0.308155
    outer loop
      vertex -22 5.77164 1.85195
      vertex -22.4336 5.73751 1.85195
      vertex -22 5.91711 2.29966
    endloop
  endfacet
  facet normal -0.912633 0.377872 -0.155929
    outer loop
      vertex -24.5992 4.32434 2.29966
      vertex -24.7743 3.90144 2.29966
      vertex -24.6648 4.35777 2.76462
    endloop
  endfacet
  facet normal -0.587115 0.0462107 -0.808183
    outer loop
      vertex -23.5675 3 0.442079
      vertex -23.9244 3.30479 0.718781
      vertex -23.5482 3.24521 0.442079
    endloop
  endfacet
  facet normal -0.497109 0.811125 -0.308155
    outer loop
      vertex -23.6291 5.2423 1.85195
      vertex -23.7146 5.35999 2.29966
      vertex -23.2583 5.46955 1.85195
    endloop
  endfacet
  facet normal -0.378013 0.912558 -0.156025
    outer loop
      vertex -23.3243 5.59916 2.29966
      vertex -23.3578 5.66478 2.76462
      vertex -22.9014 5.77434 2.29966
    endloop
  endfacet
  facet normal 0 0.987689 -0.156429
    outer loop
      vertex 22 5.91711 2.29966
      vertex 6 5.99075 2.76462
      vertex 22 5.99075 2.76462
    endloop
  endfacet
  facet normal 0 0.987689 -0.156429
    outer loop
      vertex 6 5.99075 2.76462
      vertex 22 5.91711 2.29966
      vertex 6 5.91711 2.29966
    endloop
  endfacet
  facet normal 0 0.987689 -0.156429
    outer loop
      vertex -6 5.91711 2.29966
      vertex -22 5.99075 2.76462
      vertex -6 5.99075 2.76462
    endloop
  endfacet
  facet normal 0 0.987689 -0.156429
    outer loop
      vertex -22 5.99075 2.76462
      vertex -6 5.91711 2.29966
      vertex -22 5.91711 2.29966
    endloop
  endfacet
  facet normal 0.925059 0.222172 -0.308067
    outer loop
      vertex 24.8812 3.45634 2.29966
      vertex 24.636 3.85648 1.85195
      vertex 24.7743 3.90144 2.29966
    endloop
  endfacet
  facet normal 0.522543 0.852613 -0
    outer loop
      vertex 23.7579 5.41957 2.76462
      vertex 23.3578 5.66478 117.235
      vertex 23.7579 5.41957 117.235
    endloop
  endfacet
  facet normal 0.522543 0.852613 0
    outer loop
      vertex 23.3578 5.66478 117.235
      vertex 23.7579 5.41957 2.76462
      vertex 23.3578 5.66478 2.76462
    endloop
  endfacet
  facet normal 0.0774895 -0.984719 -0.155963
    outer loop
      vertex 22.4679 -0.953931 2.76462
      vertex 22 -0.990751 2.76462
      vertex 22 -0.917109 2.29966
    endloop
  endfacet
  facet normal 0.0635488 -0.807376 -0.586605
    outer loop
      vertex 22.4001 -0.526428 1.4325
      vertex 22 -0.55792 1.4325
      vertex 22 -0.281218 1.05166
    endloop
  endfacet
  facet normal 0 -0.707112 -0.707101
    outer loop
      vertex -22 0.0516558 0.718781
      vertex 22 -0.281218 1.05166
      vertex -22 -0.281218 1.05166
    endloop
  endfacet
  facet normal 0 -0.707112 -0.707101
    outer loop
      vertex 22 -0.281218 1.05166
      vertex -22 0.0516558 0.718781
      vertex 22 0.0516558 0.718781
    endloop
  endfacet
  facet normal 0.807378 -0.0635572 -0.586602
    outer loop
      vertex 24.5264 1.59985 1.4325
      vertex 24.2812 2 1.05166
      vertex 24.5579 2 1.4325
    endloop
  endfacet
  facet normal 0.370001 -0.603837 -0.706031
    outer loop
      vertex 23.3409 0.154455 1.05166
      vertex 22.8845 0.264012 0.718781
      vertex 23.1452 0.423756 0.718781
    endloop
  endfacet
  facet normal 0.0774897 -0.984721 0.15595
    outer loop
      vertex 22 -0.917109 117.7
      vertex 22 -0.990751 117.235
      vertex 22.4679 -0.953931 117.235
    endloop
  endfacet
  facet normal 0.0784495 -0.996918 0
    outer loop
      vertex 22 -0.990751 2.76462
      vertex 22.4679 -0.953931 117.235
      vertex 22 -0.990751 117.235
    endloop
  endfacet
  facet normal 0.0784495 -0.996918 0
    outer loop
      vertex 22.4679 -0.953931 117.235
      vertex 22 -0.990751 2.76462
      vertex 22.4679 -0.953931 2.76462
    endloop
  endfacet
  facet normal 0.502445 -0.308007 0.807886
    outer loop
      vertex 23.736 1.11547 119.281
      vertex 23.3966 1.28837 119.558
      vertex 23.5762 0.854792 119.281
    endloop
  endfacet
  facet normal 0.069944 -0.888626 0.453269
    outer loop
      vertex 22.4001 -0.526428 118.567
      vertex 22 -0.55792 118.567
      vertex 22.4336 -0.737514 118.148
    endloop
  endfacet
  facet normal 0.0823708 0.134439 0.987492
    outer loop
      vertex 22.4116 3.56658 119.917
      vertex 22.1069 3.20972 119.991
      vertex 22.1384 3.19042 119.991
    endloop
  endfacet
  facet normal 0.0368152 0.153289 0.987495
    outer loop
      vertex 22.1096 3.69171 119.917
      vertex 22.0727 3.22386 119.991
      vertex 22.2164 3.66606 119.917
    endloop
  endfacet
  facet normal 0.072152 0.300422 0.951073
    outer loop
      vertex 22.3548 4.09186 119.772
      vertex 22.1096 3.69171 119.917
      vertex 22.2164 3.66606 119.917
    endloop
  endfacet
  facet normal -0.443017 0.106323 0.890186
    outer loop
      vertex -23.4908 3.48438 119.558
      vertex -23.5482 3.24521 119.558
      vertex -23.0919 3.35477 119.772
    endloop
  endfacet
  facet normal -0.811132 0.497124 0.308111
    outer loop
      vertex -24.36 4.71463 117.7
      vertex -24.5992 4.32434 117.7
      vertex -24.4695 4.2583 118.148
    endloop
  endfacet
  facet normal -0.0746507 -0.948463 0.30797
    outer loop
      vertex -22.4336 -0.737514 118.148
      vertex -22.4563 -0.881195 117.7
      vertex -22 -0.917109 117.7
    endloop
  endfacet
  facet normal -0.134424 -0.0823475 0.987496
    outer loop
      vertex -22.2097 1.89314 119.991
      vertex -22.624 1.68205 119.917
      vertex -22.5666 1.58835 119.917
    endloop
  endfacet
  facet normal 0.102359 -0.119899 0.987495
    outer loop
      vertex 22.4952 1.50479 119.917
      vertex 22.1664 1.83356 119.991
      vertex 22.4116 1.43342 119.917
    endloop
  endfacet
  facet normal 0.263474 -0.161402 0.951068
    outer loop
      vertex 23.0229 1.4788 119.772
      vertex 22.5666 1.58835 119.917
      vertex 22.9288 1.32519 119.772
    endloop
  endfacet
  facet normal 0 0.707234 0.706979
    outer loop
      vertex 22 5.28122 118.948
      vertex -22 4.94834 119.281
      vertex 22 4.94834 119.281
    endloop
  endfacet
  facet normal 0 0.707234 0.706979
    outer loop
      vertex -22 4.94834 119.281
      vertex 22 5.28122 118.948
      vertex -22 5.28122 118.948
    endloop
  endfacet
  facet normal -0.341109 0.823515 0.453286
    outer loop
      vertex -22.8565 5.63598 118.148
      vertex -23.2583 5.46955 118.148
      vertex -22.7904 5.43273 118.567
    endloop
  endfacet
  facet normal 0.382812 0.44814 0.807853
    outer loop
      vertex 23.3777 4.37769 119.281
      vertex 22.9214 4.26813 119.558
      vertex 23.1084 4.10839 119.558
    endloop
  endfacet
  facet normal 0.388486 0.238034 0.890179
    outer loop
      vertex 23.2681 3.92135 119.558
      vertex 22.9288 3.67481 119.772
      vertex 23.3966 3.71163 119.558
    endloop
  endfacet
  facet normal 0.587623 0.0460782 0.807822
    outer loop
      vertex 23.9244 3.30479 119.281
      vertex 23.5675 3 119.558
      vertex 23.9483 3 119.281
    endloop
  endfacet
  facet normal 0.52607 -0.615951 0.586391
    outer loop
      vertex 23.6131 0.386935 118.948
      vertex 23.3409 0.154455 118.948
      vertex 23.8087 0.191277 118.567
    endloop
  endfacet
  facet normal 0.807494 0.0635663 0.58644
    outer loop
      vertex 24.5264 3.40015 118.567
      vertex 24.2812 3 118.948
      vertex 24.5579 3 118.567
    endloop
  endfacet
  facet normal 0.102572 0.119767 0.987489
    outer loop
      vertex 22.4116 3.56658 119.917
      vertex 22.1384 3.19042 119.991
      vertex 22.1664 3.16644 119.991
    endloop
  endfacet
  facet normal 0.174193 -0.420456 -0.890435
    outer loop
      vertex 22.4844 0.509223 0.442079
      vertex 22.3548 0.908139 0.228361
      vertex 22.7116 0.603351 0.442079
    endloop
  endfacet
  facet normal -0.0357077 -0.453701 -0.890438
    outer loop
      vertex -22 0.432504 0.442079
      vertex -22.2452 0.451802 0.442079
      vertex -22.1796 0.866084 0.228361
    endloop
  endfacet
  facet normal 0.388088 0.237739 -0.890431
    outer loop
      vertex 23.0229 3.5212 0.228361
      vertex 22.9288 3.67481 0.228361
      vertex 23.3966 3.71163 0.442079
    endloop
  endfacet
  facet normal 0.0357108 0.453694 -0.890442
    outer loop
      vertex 22.1796 4.13391 0.228361
      vertex 22 4.5675 0.442079
      vertex 22.2452 4.5482 0.442079
    endloop
  endfacet
  facet normal 1 -0 0
    outer loop
      vertex 24.9908 2 117.235
      vertex 24.9908 3 2.76462
      vertex 24.9908 3 117.235
    endloop
  endfacet
  facet normal 1 0 0
    outer loop
      vertex 24.9908 3 2.76462
      vertex 24.9908 2 117.235
      vertex 24.9908 2 2.76462
    endloop
  endfacet
  facet normal 0.706097 0.0555997 -0.705929
    outer loop
      vertex 24.2812 3 1.05166
      vertex 23.9244 3.30479 0.718781
      vertex 24.2531 3.35686 1.05166
    endloop
  endfacet
  facet normal 0.823453 0.34121 0.453321
    outer loop
      vertex 24.4695 4.2583 118.148
      vertex 24.4327 3.79044 118.567
      vertex 24.636 3.85648 118.148
    endloop
  endfacet
  facet normal 0.2221 -0.925114 0.307955
    outer loop
      vertex 22.8565 -0.635984 118.148
      vertex 22.4563 -0.881195 117.7
      vertex 22.9014 -0.774336 117.7
    endloop
  endfacet
  facet normal 0.230606 -0.960463 -0.155985
    outer loop
      vertex 22.9242 -0.844374 2.76462
      vertex 22.4679 -0.953931 2.76462
      vertex 22.9014 -0.774336 2.29966
    endloop
  endfacet
  facet normal 0.960479 -0.230474 -0.156084
    outer loop
      vertex 24.8444 1.07581 2.76462
      vertex 24.7743 1.09856 2.29966
      vertex 24.9539 1.53214 2.76462
    endloop
  endfacet
  facet normal 0.984686 0.077662 -0.156081
    outer loop
      vertex 24.9908 3 2.76462
      vertex 24.9171 3 2.29966
      vertex 24.9539 3.46786 2.76462
    endloop
  endfacet
  facet normal 0.465888 -0.760181 -0.45285
    outer loop
      vertex 23.2583 -0.469547 1.85195
      vertex 23.1613 -0.279123 1.4325
      vertex 23.5035 -0.0694008 1.4325
    endloop
  endfacet
  facet normal 0.852649 -0.522483 0
    outer loop
      vertex 24.4196 0.24208 117.235
      vertex 24.6648 0.642226 2.76462
      vertex 24.6648 0.642226 117.235
    endloop
  endfacet
  facet normal 0.852649 -0.522483 0
    outer loop
      vertex 24.6648 0.642226 2.76462
      vertex 24.4196 0.24208 117.235
      vertex 24.4196 0.24208 2.76462
    endloop
  endfacet
  facet normal 0.341076 0.823547 0.453252
    outer loop
      vertex 23.2583 5.46955 118.148
      vertex 22.7904 5.43273 118.567
      vertex 23.1613 5.27912 118.567
    endloop
  endfacet
  facet normal 0.538681 0.459945 0.705885
    outer loop
      vertex 23.8455 4.34087 118.948
      vertex 23.3777 4.37769 119.281
      vertex 23.5762 4.14521 119.281
    endloop
  endfacet
  facet normal 0.690522 0.423102 -0.586654
    outer loop
      vertex 24.2791 4.16127 1.4325
      vertex 23.8455 4.34087 1.05166
      vertex 24.0694 4.50351 1.4325
    endloop
  endfacet
  facet normal 0.341109 0.823515 0.453286
    outer loop
      vertex 22.8565 5.63598 118.148
      vertex 22.7904 5.43273 118.567
      vertex 23.2583 5.46955 118.148
    endloop
  endfacet
  facet normal 0.677763 0.578961 0.453256
    outer loop
      vertex 24.2423 4.62913 118.148
      vertex 23.9598 4.95984 118.148
      vertex 24.0694 4.50351 118.567
    endloop
  endfacet
  facet normal 0.497101 0.811217 0.307925
    outer loop
      vertex 23.3243 5.59916 117.7
      vertex 23.2583 5.46955 118.148
      vertex 23.7146 5.35999 117.7
    endloop
  endfacet
  facet normal -0.0774957 0.98472 0.155952
    outer loop
      vertex -22 5.91711 117.7
      vertex -22.4679 5.95393 117.235
      vertex -22.4563 5.8812 117.7
    endloop
  endfacet
  facet normal -0.465784 0.760011 0.453242
    outer loop
      vertex -23.2583 5.46955 118.148
      vertex -23.6291 5.2423 118.148
      vertex -23.5035 5.0694 118.567
    endloop
  endfacet
  facet normal -0.497101 0.811217 0.307925
    outer loop
      vertex -23.3243 5.59916 117.7
      vertex -23.7146 5.35999 117.7
      vertex -23.2583 5.46955 118.148
    endloop
  endfacet
  facet normal -0.230613 0.960466 0.155956
    outer loop
      vertex -22.4679 5.95393 117.235
      vertex -22.9242 5.84437 117.235
      vertex -22.9014 5.77434 117.7
    endloop
  endfacet
  facet normal -0.951096 0 0.308894
    outer loop
      vertex -24.9171 2 117.7
      vertex -24.7716 3 118.148
      vertex -24.9171 3 117.7
    endloop
  endfacet
  facet normal -0.951096 0 0.308894
    outer loop
      vertex -24.7716 3 118.148
      vertex -24.9171 2 117.7
      vertex -24.7716 2 118.148
    endloop
  endfacet
  facet normal -0.165349 0.688781 0.705862
    outer loop
      vertex -22.3048 4.92436 119.281
      vertex -22.7049 5.16957 118.948
      vertex -22.6021 4.85299 119.281
    endloop
  endfacet
  facet normal -0.106226 -0.442535 -0.890438
    outer loop
      vertex -22.2452 0.451802 0.442079
      vertex -22.3548 0.908139 0.228361
      vertex -22.1796 0.866084 0.228361
    endloop
  endfacet
  facet normal -0.174193 -0.420456 -0.890435
    outer loop
      vertex -22.4844 0.509223 0.442079
      vertex -22.7116 0.603351 0.442079
      vertex -22.3548 0.908139 0.228361
    endloop
  endfacet
  facet normal -0.189104 -0.787507 -0.586577
    outer loop
      vertex -22.4001 -0.526428 1.4325
      vertex -22.7049 -0.169567 1.05166
      vertex -22.3569 -0.253132 1.05166
    endloop
  endfacet
  facet normal 0.0462109 -0.587155 -0.808155
    outer loop
      vertex 22.3048 0.0756426 0.718781
      vertex 22 0.432504 0.442079
      vertex 22.2452 0.451802 0.442079
    endloop
  endfacet
  facet normal -0.0746386 -0.948403 -0.308157
    outer loop
      vertex -22 -0.917109 2.29966
      vertex -22.4336 -0.737514 1.85195
      vertex -22 -0.771638 1.85195
    endloop
  endfacet
  facet normal -0.751082 -0.641512 -0.156005
    outer loop
      vertex -24.1148 -0.11478 2.76462
      vertex -24.4196 0.24208 2.76462
      vertex -24.0627 -0.0627079 2.29966
    endloop
  endfacet
  facet normal 0.077504 -0.984715 -0.155977
    outer loop
      vertex 22.4679 -0.953931 2.76462
      vertex 22 -0.917109 2.29966
      vertex 22.4563 -0.881195 2.29966
    endloop
  endfacet
  facet normal 0 -0.890811 0.454373
    outer loop
      vertex -22 -0.771638 118.148
      vertex 22 -0.55792 118.567
      vertex -22 -0.55792 118.567
    endloop
  endfacet
  facet normal 0 -0.890811 0.454373
    outer loop
      vertex 22 -0.55792 118.567
      vertex -22 -0.771638 118.148
      vertex 22 -0.771638 118.148
    endloop
  endfacet
  facet normal -0.516148 -0.842179 0.155967
    outer loop
      vertex -23.7146 -0.359991 117.7
      vertex -23.7579 -0.419569 117.235
      vertex -23.3578 -0.664779 117.235
    endloop
  endfacet
  facet normal -0.230606 -0.960465 0.155972
    outer loop
      vertex -22.9014 -0.774336 117.7
      vertex -22.9242 -0.844374 117.235
      vertex -22.4679 -0.953931 117.235
    endloop
  endfacet
  facet normal 0.948447 0.074593 0.308033
    outer loop
      vertex 24.9171 3 117.7
      vertex 24.7375 3.43358 118.148
      vertex 24.7716 3 118.148
    endloop
  endfacet
  facet normal 0 -0.809129 0.587631
    outer loop
      vertex -22 -0.55792 118.567
      vertex 22 -0.281218 118.948
      vertex -22 -0.281218 118.948
    endloop
  endfacet
  facet normal 0 -0.809129 0.587631
    outer loop
      vertex 22 -0.281218 118.948
      vertex -22 -0.55792 118.567
      vertex 22 -0.55792 118.567
    endloop
  endfacet
  facet normal -0.165352 -0.688779 0.705863
    outer loop
      vertex -22.6021 0.147014 119.281
      vertex -22.7049 -0.169567 118.948
      vertex -22.3048 0.0756426 119.281
    endloop
  endfacet
  facet normal -0.751079 -0.641521 0.155984
    outer loop
      vertex -24.36 0.285365 117.7
      vertex -24.4196 0.24208 117.235
      vertex -24.0627 -0.0627079 117.7
    endloop
  endfacet
  facet normal -0.230606 -0.960463 -0.155985
    outer loop
      vertex -22.4679 -0.953931 2.76462
      vertex -22.9242 -0.844374 2.76462
      vertex -22.9014 -0.774336 2.29966
    endloop
  endfacet
  facet normal -0.077504 -0.984715 -0.155977
    outer loop
      vertex -22 -0.917109 2.29966
      vertex -22.4679 -0.953931 2.76462
      vertex -22.4563 -0.881195 2.29966
    endloop
  endfacet
  facet normal -0.233464 -0.972366 0
    outer loop
      vertex -22.9242 -0.844374 2.76462
      vertex -22.4679 -0.953931 117.235
      vertex -22.9242 -0.844374 117.235
    endloop
  endfacet
  facet normal -0.233464 -0.972366 -0
    outer loop
      vertex -22.4679 -0.953931 117.235
      vertex -22.9242 -0.844374 2.76462
      vertex -22.4679 -0.953931 2.76462
    endloop
  endfacet
  facet normal -0.423176 -0.690532 -0.58659
    outer loop
      vertex -23.1613 -0.279123 1.4325
      vertex -23.3409 0.154455 1.05166
      vertex -23.0357 -0.0325794 1.05166
    endloop
  endfacet
  facet normal -0.74828 0.309942 -0.586526
    outer loop
      vertex -24.1696 3.70494 1.05166
      vertex -24.4327 3.79044 1.4325
      vertex -24.2791 4.16127 1.4325
    endloop
  endfacet
  facet normal -0.615957 -0.525898 -0.586539
    outer loop
      vertex -23.8087 0.191277 1.4325
      vertex -23.8455 0.659133 1.05166
      vertex -23.6131 0.386935 1.05166
    endloop
  endfacet
  facet normal -0.84221 -0.516087 -0.156002
    outer loop
      vertex -24.4196 0.24208 2.76462
      vertex -24.6648 0.642226 2.76462
      vertex -24.36 0.285365 2.29966
    endloop
  endfacet
  facet normal -0.866907 -0.208125 -0.452942
    outer loop
      vertex -24.4327 1.20956 1.4325
      vertex -24.636 1.14352 1.85195
      vertex -24.5264 1.59985 1.4325
    endloop
  endfacet
  facet normal -0.925059 -0.222172 -0.308067
    outer loop
      vertex -24.7743 1.09856 2.29966
      vertex -24.8812 1.54366 2.29966
      vertex -24.636 1.14352 1.85195
    endloop
  endfacet
  facet normal -1 0 0
    outer loop
      vertex -24.9908 2 2.76462
      vertex -24.9908 3 117.235
      vertex -24.9908 3 2.76462
    endloop
  endfacet
  facet normal -1 -0 0
    outer loop
      vertex -24.9908 3 117.235
      vertex -24.9908 2 2.76462
      vertex -24.9908 2 117.235
    endloop
  endfacet
  facet normal -0.307673 -0.502262 -0.808128
    outer loop
      vertex -22.7116 0.603351 0.442079
      vertex -23.1452 0.423756 0.718781
      vertex -22.9214 0.731869 0.442079
    endloop
  endfacet
  facet normal -0.688597 -0.165386 -0.706032
    outer loop
      vertex -23.853 1.39793 0.718781
      vertex -24.1696 1.29506 1.05166
      vertex -23.9244 1.69521 0.718781
    endloop
  endfacet
  facet normal 0.0699554 0.888827 -0.452872
    outer loop
      vertex 22.4001 5.52643 1.4325
      vertex 22 5.55792 1.4325
      vertex 22.4336 5.73751 1.85195
    endloop
  endfacet
  facet normal -0.0699621 0.888824 -0.452877
    outer loop
      vertex -22 5.55792 1.4325
      vertex -22.4336 5.73751 1.85195
      vertex -22 5.77164 1.85195
    endloop
  endfacet
  facet normal -0.230612 0.960464 -0.155969
    outer loop
      vertex -22.9014 5.77434 2.29966
      vertex -22.9242 5.84437 2.76462
      vertex -22.4679 5.95393 2.76462
    endloop
  endfacet
  facet normal -0.497071 0.811167 -0.308106
    outer loop
      vertex -23.2583 5.46955 1.85195
      vertex -23.7146 5.35999 2.29966
      vertex -23.3243 5.59916 2.29966
    endloop
  endfacet
  facet normal -0.587115 -0.0462107 -0.808183
    outer loop
      vertex -23.5482 1.75479 0.442079
      vertex -23.9244 1.69521 0.718781
      vertex -23.5675 2 0.442079
    endloop
  endfacet
  facet normal -0.787554 -0.189074 -0.586523
    outer loop
      vertex -24.4327 1.20956 1.4325
      vertex -24.5264 1.59985 1.4325
      vertex -24.1696 1.29506 1.05166
    endloop
  endfacet
  facet normal -0.760393 0.649464 0
    outer loop
      vertex -24.4196 4.75792 2.76462
      vertex -24.1148 5.11478 117.235
      vertex -24.1148 5.11478 2.76462
    endloop
  endfacet
  facet normal -0.760393 0.649464 0
    outer loop
      vertex -24.1148 5.11478 117.235
      vertex -24.4196 4.75792 2.76462
      vertex -24.4196 4.75792 117.235
    endloop
  endfacet
  facet normal -0.516089 0.842203 0.156031
    outer loop
      vertex -23.3578 5.66478 117.235
      vertex -23.7146 5.35999 117.7
      vertex -23.3243 5.59916 117.7
    endloop
  endfacet
  facet normal 0.0774896 0.984719 -0.155959
    outer loop
      vertex 22.4679 5.95393 2.76462
      vertex 22 5.91711 2.29966
      vertex 22 5.99075 2.76462
    endloop
  endfacet
  facet normal 0 0.951056 -0.309017
    outer loop
      vertex -6 5.77164 1.85195
      vertex -22 5.91711 2.29966
      vertex -6 5.91711 2.29966
    endloop
  endfacet
  facet normal 0 0.951056 -0.309017
    outer loop
      vertex -22 5.91711 2.29966
      vertex -6 5.77164 1.85195
      vertex -22 5.77164 1.85195
    endloop
  endfacet
  facet normal 0 0.951056 -0.309017
    outer loop
      vertex 22 5.77164 1.85195
      vertex 6 5.91711 2.29966
      vertex 22 5.91711 2.29966
    endloop
  endfacet
  facet normal 0 0.951056 -0.309017
    outer loop
      vertex 6 5.91711 2.29966
      vertex 22 5.77164 1.85195
      vertex 6 5.77164 1.85195
    endloop
  endfacet
  facet normal 0 0.891141 -0.453726
    outer loop
      vertex 22 5.77164 1.85195
      vertex 6 5.76858 1.84594
      vertex 6 5.77164 1.85195
    endloop
  endfacet
  facet normal 0 0.891005 -0.453994
    outer loop
      vertex 6 5.76858 1.84594
      vertex 22 5.55792 1.4325
      vertex -6 5.76858 1.84594
    endloop
  endfacet
  facet normal 1.24825e-07 0.891007 -0.45399
    outer loop
      vertex 22 5.55792 1.4325
      vertex 6 5.76858 1.84594
      vertex 22 5.77164 1.85195
    endloop
  endfacet
  facet normal 0 0.891141 -0.453726
    outer loop
      vertex -6 5.76858 1.84594
      vertex -22 5.77164 1.85195
      vertex -6 5.77164 1.85195
    endloop
  endfacet
  facet normal 0 0.891005 -0.453994
    outer loop
      vertex -22 5.55792 1.4325
      vertex -6 5.76858 1.84594
      vertex 22 5.55792 1.4325
    endloop
  endfacet
  facet normal -1.24825e-07 0.891007 -0.45399
    outer loop
      vertex -6 5.76858 1.84594
      vertex -22 5.55792 1.4325
      vertex -22 5.77164 1.85195
    endloop
  endfacet
  facet normal 0.0774956 0.984718 -0.155965
    outer loop
      vertex 22.4563 5.8812 2.29966
      vertex 22 5.91711 2.29966
      vertex 22.4679 5.95393 2.76462
    endloop
  endfacet
  facet normal -0.0774956 0.984718 -0.155965
    outer loop
      vertex -22.4563 5.8812 2.29966
      vertex -22.4679 5.95393 2.76462
      vertex -22 5.91711 2.29966
    endloop
  endfacet
  facet normal 0.912555 0.378004 0.156064
    outer loop
      vertex 24.8444 3.92419 117.235
      vertex 24.6648 4.35777 117.235
      vertex 24.7743 3.90144 117.7
    endloop
  endfacet
  facet normal 0.271057 0.654244 -0.70604
    outer loop
      vertex 22.8845 4.73599 0.718781
      vertex 22.6021 4.85299 0.718781
      vertex 23.0357 5.03258 1.05166
    endloop
  endfacet
  facet normal 0 -0.951056 -0.309019
    outer loop
      vertex -22 -0.771638 1.85195
      vertex 22 -0.917109 2.29966
      vertex -22 -0.917109 2.29966
    endloop
  endfacet
  facet normal 0 -0.951056 -0.309019
    outer loop
      vertex 22 -0.917109 2.29966
      vertex -22 -0.771638 1.85195
      vertex 22 -0.771638 1.85195
    endloop
  endfacet
  facet normal 0.615948 0.525906 -0.586541
    outer loop
      vertex 23.8455 4.34087 1.05166
      vertex 23.6131 4.61306 1.05166
      vertex 23.8087 4.80872 1.4325
    endloop
  endfacet
  facet normal 0.807368 0.0635741 -0.586613
    outer loop
      vertex 24.2812 3 1.05166
      vertex 24.2531 3.35686 1.05166
      vertex 24.5264 3.40015 1.4325
    endloop
  endfacet
  facet normal 0.453655 -0.0356175 -0.890465
    outer loop
      vertex 23.5675 2 0.442079
      vertex 23.1339 1.82041 0.228361
      vertex 23.148 2 0.228361
    endloop
  endfacet
  facet normal 0.423201 -0.690529 -0.586575
    outer loop
      vertex 23.5035 -0.0694008 1.4325
      vertex 23.1613 -0.279123 1.4325
      vertex 23.3409 0.154455 1.05166
    endloop
  endfacet
  facet normal 0.06995 -0.888826 -0.452874
    outer loop
      vertex 22.4336 -0.737514 1.85195
      vertex 22 -0.771638 1.85195
      vertex 22 -0.55792 1.4325
    endloop
  endfacet
  facet normal 0.309862 -0.748261 -0.586592
    outer loop
      vertex 23.1613 -0.279123 1.4325
      vertex 22.7049 -0.169567 1.05166
      vertex 23.0357 -0.0325794 1.05166
    endloop
  endfacet
  facet normal 0.0746461 -0.948404 -0.308151
    outer loop
      vertex 22.4563 -0.881195 2.29966
      vertex 22 -0.917109 2.29966
      vertex 22.4336 -0.737514 1.85195
    endloop
  endfacet
  facet normal 0.811186 -0.496997 -0.308175
    outer loop
      vertex 24.36 0.285365 2.29966
      vertex 24.2423 0.370872 1.85195
      vertex 24.4695 0.741702 1.85195
    endloop
  endfacet
  facet normal 0.388486 -0.238034 0.890179
    outer loop
      vertex 23.3966 1.28837 119.558
      vertex 22.9288 1.32519 119.772
      vertex 23.2681 1.07865 119.558
    endloop
  endfacet
  facet normal 0.364099 -0.87898 0.307939
    outer loop
      vertex 23.2583 -0.469547 118.148
      vertex 22.8565 -0.635984 118.148
      vertex 22.9014 -0.774336 117.7
    endloop
  endfacet
  facet normal 0.0775041 -0.984717 0.155964
    outer loop
      vertex 22.4563 -0.881195 117.7
      vertex 22 -0.917109 117.7
      vertex 22.4679 -0.953931 117.235
    endloop
  endfacet
  facet normal 0.222102 -0.925114 0.307953
    outer loop
      vertex 22.8565 -0.635984 118.148
      vertex 22.4336 -0.737514 118.148
      vertex 22.4563 -0.881195 117.7
    endloop
  endfacet
  facet normal 0.617845 -0.723458 0.308021
    outer loop
      vertex 23.9598 0.0401554 118.148
      vertex 23.7146 -0.359991 117.7
      vertex 24.0627 -0.0627079 117.7
    endloop
  endfacet
  facet normal 0.603891 -0.370196 0.705883
    outer loop
      vertex 23.736 1.11547 119.281
      vertex 23.5762 0.854792 119.281
      vertex 24.0326 0.964348 118.948
    endloop
  endfacet
  facet normal 0.0721105 0.300446 0.951069
    outer loop
      vertex 22.1796 4.13391 119.772
      vertex 22.1096 3.69171 119.917
      vertex 22.3548 4.09186 119.772
    endloop
  endfacet
  facet normal 0.0242508 0.308023 0.95107
    outer loop
      vertex 22.1796 4.13391 119.772
      vertex 22 4.14805 119.772
      vertex 22.1096 3.69171 119.917
    endloop
  endfacet
  facet normal -0.22559 0.544501 0.807854
    outer loop
      vertex -22.6021 4.85299 119.281
      vertex -22.8845 4.73599 119.281
      vertex -22.7116 4.39665 119.558
    endloop
  endfacet
  facet normal -0.200641 0.234939 0.951077
    outer loop
      vertex -22.6748 3.92879 119.772
      vertex -22.8118 3.81179 119.772
      vertex -22.4116 3.56658 119.917
    endloop
  endfacet
  facet normal -0.807485 0.0635833 0.586452
    outer loop
      vertex -24.2531 3.35686 118.948
      vertex -24.5264 3.40015 118.567
      vertex -24.2812 3 118.948
    endloop
  endfacet
  facet normal -0.878953 0.364207 0.307888
    outer loop
      vertex -24.4695 4.2583 118.148
      vertex -24.7743 3.90144 117.7
      vertex -24.636 3.85648 118.148
    endloop
  endfacet
  facet normal -0.751084 -0.641513 0.155992
    outer loop
      vertex -24.0627 -0.0627079 117.7
      vertex -24.4196 0.24208 117.235
      vertex -24.1148 -0.11478 117.235
    endloop
  endfacet
  facet normal -0.137581 -0.573098 0.807855
    outer loop
      vertex -22.2452 0.451802 119.558
      vertex -22.6021 0.147014 119.281
      vertex -22.3048 0.0756426 119.281
    endloop
  endfacet
  facet normal 0.0555716 -0.706148 0.70588
    outer loop
      vertex 22 0.0516558 119.281
      vertex 22 -0.281218 118.948
      vertex 22.3048 0.0756426 119.281
    endloop
  endfacet
  facet normal 0.787635 0.188944 0.586457
    outer loop
      vertex 24.5264 3.40015 118.567
      vertex 24.1696 3.70494 118.948
      vertex 24.2531 3.35686 118.948
    endloop
  endfacet
  facet normal 0.309907 -0.748369 0.586431
    outer loop
      vertex 23.0357 -0.0325794 118.948
      vertex 22.7049 -0.169567 118.948
      vertex 23.1613 -0.279123 118.567
    endloop
  endfacet
  facet normal 0.420856 -0.174482 0.890189
    outer loop
      vertex 23.0919 1.64523 119.772
      vertex 23.0229 1.4788 119.772
      vertex 23.3966 1.28837 119.558
    endloop
  endfacet
  facet normal -0.263474 -0.161402 0.951068
    outer loop
      vertex -22.624 1.68205 119.917
      vertex -23.0229 1.4788 119.772
      vertex -22.5666 1.58835 119.917
    endloop
  endfacet
  facet normal 0.465779 0.760012 0.453245
    outer loop
      vertex 23.2583 5.46955 118.148
      vertex 23.1613 5.27912 118.567
      vertex 23.5035 5.0694 118.567
    endloop
  endfacet
  facet normal 0.370068 0.603924 0.705922
    outer loop
      vertex 23.0357 5.03258 118.948
      vertex 22.8845 4.73599 119.281
      vertex 23.1452 4.57624 119.281
    endloop
  endfacet
  facet normal 0.2221 0.925109 0.30797
    outer loop
      vertex 22.4563 5.8812 117.7
      vertex 22.4336 5.73751 118.148
      vertex 22.8565 5.63598 118.148
    endloop
  endfacet
  facet normal 0 0.987691 0.156416
    outer loop
      vertex 22 5.99075 117.235
      vertex -22 5.91711 117.7
      vertex 22 5.91711 117.7
    endloop
  endfacet
  facet normal 0 0.987691 0.156416
    outer loop
      vertex -22 5.91711 117.7
      vertex 22 5.99075 117.235
      vertex -22 5.99075 117.235
    endloop
  endfacet
  facet normal 0.0357482 0.454168 0.890198
    outer loop
      vertex 22.2452 4.5482 119.558
      vertex 22 4.5675 119.558
      vertex 22.1796 4.13391 119.772
    endloop
  endfacet
  facet normal 0.0555554 0.706142 0.705887
    outer loop
      vertex 22 5.28122 118.948
      vertex 22 4.94834 119.281
      vertex 22.3048 4.92436 119.281
    endloop
  endfacet
  facet normal 0.443017 0.106323 0.890186
    outer loop
      vertex 23.4908 3.48438 119.558
      vertex 23.0919 3.35477 119.772
      vertex 23.5482 3.24521 119.558
    endloop
  endfacet
  facet normal 0.690622 0.423164 0.586493
    outer loop
      vertex 24.0694 4.50351 118.567
      vertex 23.8455 4.34087 118.948
      vertex 24.2791 4.16127 118.567
    endloop
  endfacet
  facet normal 0.654384 0.271085 0.7059
    outer loop
      vertex 24.0326 4.03565 118.948
      vertex 23.853 3.60207 119.281
      vertex 24.1696 3.70494 118.948
    endloop
  endfacet
  facet normal 0.654406 0.271067 0.705887
    outer loop
      vertex 24.0326 4.03565 118.948
      vertex 23.736 3.88453 119.281
      vertex 23.853 3.60207 119.281
    endloop
  endfacet
  facet normal 0.285418 0.11835 0.951068
    outer loop
      vertex 23.0919 3.35477 119.772
      vertex 22.624 3.31795 119.917
      vertex 22.6661 3.21642 119.917
    endloop
  endfacet
  facet normal 0.263474 0.161402 0.951068
    outer loop
      vertex 22.9288 3.67481 119.772
      vertex 22.5666 3.41165 119.917
      vertex 23.0229 3.5212 119.772
    endloop
  endfacet
  facet normal 0.807485 0.0635833 0.586452
    outer loop
      vertex 24.5264 3.40015 118.567
      vertex 24.2531 3.35686 118.948
      vertex 24.2812 3 118.948
    endloop
  endfacet
  facet normal 0.809131 -0 0.587629
    outer loop
      vertex 24.2812 2 118.948
      vertex 24.5579 3 118.567
      vertex 24.2812 3 118.948
    endloop
  endfacet
  facet normal 0.809131 0 0.587629
    outer loop
      vertex 24.5579 3 118.567
      vertex 24.2812 2 118.948
      vertex 24.5579 2 118.567
    endloop
  endfacet
  facet normal 0.888649 0.06989 0.453232
    outer loop
      vertex 24.7375 3.43358 118.148
      vertex 24.5579 3 118.567
      vertex 24.7716 3 118.148
    endloop
  endfacet
  facet normal 0.823453 -0.341211 0.453321
    outer loop
      vertex 24.636 1.14352 118.148
      vertex 24.4327 1.20956 118.567
      vertex 24.4695 0.741702 118.148
    endloop
  endfacet
  facet normal 0.0243116 -0.308926 -0.950775
    outer loop
      vertex 22.1796 0.866084 0.228361
      vertex 22 0.85195 0.228361
      vertex 22.1096 1.30829 0.0828896
    endloop
  endfacet
  facet normal 0.119287 -0.101918 -0.987615
    outer loop
      vertex 22.5666 1.58835 0.0828896
      vertex 22.1664 1.83356 0.00924778
      vertex 22.1904 1.86165 0.00924778
    endloop
  endfacet
  facet normal 0.286257 0.118698 -0.950772
    outer loop
      vertex 22.6661 3.21642 0.0828896
      vertex 22.624 3.31795 0.0828896
      vertex 23.0919 3.35477 0.228361
    endloop
  endfacet
  facet normal 0.307677 0.502262 -0.808126
    outer loop
      vertex 22.9214 4.26813 0.442079
      vertex 22.7116 4.39665 0.442079
      vertex 23.1452 4.57624 0.718781
    endloop
  endfacet
  facet normal 0.208133 0.866932 -0.45289
    outer loop
      vertex 22.8565 5.63598 1.85195
      vertex 22.4001 5.52643 1.4325
      vertex 22.4336 5.73751 1.85195
    endloop
  endfacet
  facet normal -0.0357198 0.453697 -0.89044
    outer loop
      vertex -22 4.14805 0.228361
      vertex -22.1796 4.13391 0.228361
      vertex -22 4.5675 0.442079
    endloop
  endfacet
  facet normal 0.0746517 0.948403 -0.308155
    outer loop
      vertex 22.4336 5.73751 1.85195
      vertex 22 5.77164 1.85195
      vertex 22 5.91711 2.29966
    endloop
  endfacet
  facet normal 0.723335 0.617889 -0.30822
    outer loop
      vertex 24.2423 4.62913 1.85195
      vertex 23.9598 4.95984 1.85195
      vertex 24.0627 5.06271 2.29966
    endloop
  endfacet
  facet normal 0.382505 0.447909 -0.808126
    outer loop
      vertex 23.3777 4.37769 0.718781
      vertex 22.9214 4.26813 0.442079
      vertex 23.1452 4.57624 0.718781
    endloop
  endfacet
  facet normal 0.525993 0.615861 -0.586555
    outer loop
      vertex 23.6131 4.61306 1.05166
      vertex 23.3409 4.84554 1.05166
      vertex 23.8087 4.80872 1.4325
    endloop
  endfacet
  facet normal 0.912556 -0.378001 0.156064
    outer loop
      vertex 24.7743 1.09856 117.7
      vertex 24.6648 0.642226 117.235
      vertex 24.8444 1.07581 117.235
    endloop
  endfacet
  facet normal 0.984686 -0.077662 -0.156081
    outer loop
      vertex 24.9539 1.53214 2.76462
      vertex 24.9171 2 2.29966
      vertex 24.9908 2 2.76462
    endloop
  endfacet
  facet normal 0.987669 0 -0.156554
    outer loop
      vertex 24.9908 2 2.76462
      vertex 24.9171 3 2.29966
      vertex 24.9908 3 2.76462
    endloop
  endfacet
  facet normal 0.987669 0 -0.156554
    outer loop
      vertex 24.9171 3 2.29966
      vertex 24.9908 2 2.76462
      vertex 24.9171 2 2.29966
    endloop
  endfacet
  facet normal 0.823635 0.341285 -0.452935
    outer loop
      vertex 24.636 3.85648 1.85195
      vertex 24.4327 3.79044 1.4325
      vertex 24.4695 4.2583 1.85195
    endloop
  endfacet
  facet normal 0.987672 -0 0.156541
    outer loop
      vertex 24.9171 2 117.7
      vertex 24.9908 3 117.235
      vertex 24.9171 3 117.7
    endloop
  endfacet
  facet normal 0.987672 0 0.156541
    outer loop
      vertex 24.9908 3 117.235
      vertex 24.9171 2 117.7
      vertex 24.9908 2 117.235
    endloop
  endfacet
  facet normal 0.951038 0 -0.309075
    outer loop
      vertex 24.9171 2 2.29966
      vertex 24.7716 3 1.85195
      vertex 24.9171 3 2.29966
    endloop
  endfacet
  facet normal 0.951038 0 -0.309075
    outer loop
      vertex 24.7716 3 1.85195
      vertex 24.9171 2 2.29966
      vertex 24.7716 2 1.85195
    endloop
  endfacet
  facet normal 0.866752 -0.208029 0.453283
    outer loop
      vertex 24.7375 1.56642 118.148
      vertex 24.5264 1.59985 118.567
      vertex 24.636 1.14352 118.148
    endloop
  endfacet
  facet normal 0.972397 -0.233334 0
    outer loop
      vertex 24.8444 1.07581 117.235
      vertex 24.9539 1.53214 2.76462
      vertex 24.9539 1.53214 117.235
    endloop
  endfacet
  facet normal 0.972397 -0.233334 0
    outer loop
      vertex 24.9539 1.53214 2.76462
      vertex 24.8444 1.07581 117.235
      vertex 24.8444 1.07581 2.76462
    endloop
  endfacet
  facet normal 0.538588 -0.459841 -0.706023
    outer loop
      vertex 23.6131 0.386935 1.05166
      vertex 23.3777 0.622313 0.718781
      vertex 23.8455 0.659133 1.05166
    endloop
  endfacet
  facet normal 0.878928 -0.363916 -0.308304
    outer loop
      vertex 24.5992 0.675659 2.29966
      vertex 24.4695 0.741702 1.85195
      vertex 24.7743 1.09856 2.29966
    endloop
  endfacet
  facet normal 0.760062 0.465711 0.453231
    outer loop
      vertex 24.4695 4.2583 118.148
      vertex 24.0694 4.50351 118.567
      vertex 24.2791 4.16127 118.567
    endloop
  endfacet
  facet normal 0.690603 0.42334 0.586388
    outer loop
      vertex 24.2791 4.16127 118.567
      vertex 23.8455 4.34087 118.948
      vertex 24.0326 4.03565 118.948
    endloop
  endfacet
  facet normal 0.923876 0.382693 0
    outer loop
      vertex 24.8444 3.92419 117.235
      vertex 24.6648 4.35777 2.76462
      vertex 24.6648 4.35777 117.235
    endloop
  endfacet
  facet normal 0.923876 0.382693 0
    outer loop
      vertex 24.6648 4.35777 2.76462
      vertex 24.8444 3.92419 117.235
      vertex 24.8444 3.92419 2.76462
    endloop
  endfacet
  facet normal 0.878928 0.363917 -0.308302
    outer loop
      vertex 24.7743 3.90144 2.29966
      vertex 24.4695 4.2583 1.85195
      vertex 24.5992 4.32434 2.29966
    endloop
  endfacet
  facet normal 0.230613 0.960466 0.155956
    outer loop
      vertex 22.9242 5.84437 117.235
      vertex 22.4679 5.95393 117.235
      vertex 22.9014 5.77434 117.7
    endloop
  endfacet
  facet normal 0.23059 0.960468 0.155978
    outer loop
      vertex 22.4679 5.95393 117.235
      vertex 22.4563 5.8812 117.7
      vertex 22.9014 5.77434 117.7
    endloop
  endfacet
  facet normal 0.925109 0.222035 0.308017
    outer loop
      vertex 24.8812 3.45634 117.7
      vertex 24.636 3.85648 118.148
      vertex 24.7375 3.43358 118.148
    endloop
  endfacet
  facet normal 0.948451 0.0746141 0.308015
    outer loop
      vertex 24.8812 3.45634 117.7
      vertex 24.7375 3.43358 118.148
      vertex 24.9171 3 117.7
    endloop
  endfacet
  facet normal 0.208081 0.866746 0.45327
    outer loop
      vertex 22.8565 5.63598 118.148
      vertex 22.4001 5.52643 118.567
      vertex 22.7904 5.43273 118.567
    endloop
  endfacet
  facet normal 0.641461 0.751131 0.155982
    outer loop
      vertex 24.1148 5.11478 117.235
      vertex 23.7579 5.41957 117.235
      vertex 24.0627 5.06271 117.7
    endloop
  endfacet
  facet normal 0.38266 0.923889 -0
    outer loop
      vertex 23.3578 5.66478 2.76462
      vertex 22.9242 5.84437 117.235
      vertex 23.3578 5.66478 117.235
    endloop
  endfacet
  facet normal 0.38266 0.923889 0
    outer loop
      vertex 22.9242 5.84437 117.235
      vertex 23.3578 5.66478 2.76462
      vertex 22.9242 5.84437 2.76462
    endloop
  endfacet
  facet normal -0.341076 0.823547 0.453252
    outer loop
      vertex -22.7904 5.43273 118.567
      vertex -23.2583 5.46955 118.148
      vertex -23.1613 5.27912 118.567
    endloop
  endfacet
  facet normal -0.760062 0.465711 0.453231
    outer loop
      vertex -24.0694 4.50351 118.567
      vertex -24.4695 4.2583 118.148
      vertex -24.2791 4.16127 118.567
    endloop
  endfacet
  facet normal -0.0635542 0.807495 0.586441
    outer loop
      vertex -22 5.55792 118.567
      vertex -22.4001 5.52643 118.567
      vertex -22 5.28122 118.948
    endloop
  endfacet
  facet normal -0.0357482 0.454168 0.890198
    outer loop
      vertex -22 4.5675 119.558
      vertex -22.2452 4.5482 119.558
      vertex -22.1796 4.13391 119.772
    endloop
  endfacet
  facet normal -0.878982 0.363939 0.308122
    outer loop
      vertex -24.5992 4.32434 117.7
      vertex -24.7743 3.90144 117.7
      vertex -24.4695 4.2583 118.148
    endloop
  endfacet
  facet normal -0.811237 0.497029 0.307988
    outer loop
      vertex -24.36 4.71463 117.7
      vertex -24.4695 4.2583 118.148
      vertex -24.2423 4.62913 118.148
    endloop
  endfacet
  facet normal -0.888617 0.0699524 0.453283
    outer loop
      vertex -24.5264 3.40015 118.567
      vertex -24.7375 3.43358 118.148
      vertex -24.5579 3 118.567
    endloop
  endfacet
  facet normal -0.925109 -0.222035 0.308017
    outer loop
      vertex -24.7375 1.56642 118.148
      vertex -24.8812 1.54366 117.7
      vertex -24.636 1.14352 118.148
    endloop
  endfacet
  facet normal -0.0462109 -0.587155 -0.808155
    outer loop
      vertex -22 0.432504 0.442079
      vertex -22.3048 0.0756426 0.718781
      vertex -22.2452 0.451802 0.442079
    endloop
  endfacet
  facet normal -0.106233 -0.442536 -0.890436
    outer loop
      vertex -22.2452 0.451802 0.442079
      vertex -22.4844 0.509223 0.442079
      vertex -22.3548 0.908139 0.228361
    endloop
  endfacet
  facet normal 0.0462074 -0.587157 -0.808153
    outer loop
      vertex 22.3048 0.0756426 0.718781
      vertex 22 0.0516558 0.718781
      vertex 22 0.432504 0.442079
    endloop
  endfacet
  facet normal 0.0357077 -0.453701 -0.890438
    outer loop
      vertex 22.2452 0.451802 0.442079
      vertex 22 0.432504 0.442079
      vertex 22.1796 0.866084 0.228361
    endloop
  endfacet
  facet normal 0 -0.587785 -0.809017
    outer loop
      vertex -22 0.0516558 0.718781
      vertex 22 0.432504 0.442079
      vertex 22 0.0516558 0.718781
    endloop
  endfacet
  facet normal -0 -0.587785 -0.809017
    outer loop
      vertex 22 0.432504 0.442079
      vertex -22 0.0516558 0.718781
      vertex -22 0.432504 0.442079
    endloop
  endfacet
  facet normal 0.309877 -0.748245 -0.586605
    outer loop
      vertex 22.7904 -0.432727 1.4325
      vertex 22.7049 -0.169567 1.05166
      vertex 23.1613 -0.279123 1.4325
    endloop
  endfacet
  facet normal -0.270969 -0.654341 -0.705985
    outer loop
      vertex -22.7049 -0.169567 1.05166
      vertex -23.0357 -0.0325794 1.05166
      vertex -22.6021 0.147014 0.718781
    endloop
  endfacet
  facet normal -0.137484 -0.572695 -0.808157
    outer loop
      vertex -22.3048 0.0756426 0.718781
      vertex -22.6021 0.147014 0.718781
      vertex -22.2452 0.451802 0.442079
    endloop
  endfacet
  facet normal -0.0774895 -0.984719 -0.155963
    outer loop
      vertex -22 -0.990751 2.76462
      vertex -22.4679 -0.953931 2.76462
      vertex -22 -0.917109 2.29966
    endloop
  endfacet
  facet normal -0.2221 -0.925114 0.307955
    outer loop
      vertex -22.8565 -0.635984 118.148
      vertex -22.9014 -0.774336 117.7
      vertex -22.4563 -0.881195 117.7
    endloop
  endfacet
  facet normal -0.341119 -0.823505 0.453296
    outer loop
      vertex -22.7904 -0.432727 118.567
      vertex -23.2583 -0.469547 118.148
      vertex -22.8565 -0.635984 118.148
    endloop
  endfacet
  facet normal -0.707213 0 0.707001
    outer loop
      vertex -24.2812 2 118.948
      vertex -23.9483 3 119.281
      vertex -24.2812 3 118.948
    endloop
  endfacet
  facet normal -0.707213 0 0.707001
    outer loop
      vertex -23.9483 3 119.281
      vertex -24.2812 2 118.948
      vertex -23.9483 2 119.281
    endloop
  endfacet
  facet normal -0.578927 -0.677804 0.453238
    outer loop
      vertex -23.8087 0.191277 118.567
      vertex -23.9598 0.0401554 118.148
      vertex -23.5035 -0.0694008 118.567
    endloop
  endfacet
  facet normal -0.497132 -0.81118 0.307973
    outer loop
      vertex -23.6291 -0.242302 118.148
      vertex -23.7146 -0.359991 117.7
      vertex -23.2583 -0.469547 118.148
    endloop
  endfacet
  facet normal -0.271018 -0.654459 0.705856
    outer loop
      vertex -22.6021 0.147014 119.281
      vertex -23.0357 -0.0325794 118.948
      vertex -22.7049 -0.169567 118.948
    endloop
  endfacet
  facet normal -0.809131 0 0.587629
    outer loop
      vertex -24.5579 2 118.567
      vertex -24.2812 3 118.948
      vertex -24.5579 3 118.567
    endloop
  endfacet
  facet normal -0.809131 0 0.587629
    outer loop
      vertex -24.2812 3 118.948
      vertex -24.5579 2 118.567
      vertex -24.2812 2 118.948
    endloop
  endfacet
  facet normal -0.0784495 -0.996918 0
    outer loop
      vertex -22.4679 -0.953931 2.76462
      vertex -22 -0.990751 117.235
      vertex -22.4679 -0.953931 117.235
    endloop
  endfacet
  facet normal -0.0784495 -0.996918 -0
    outer loop
      vertex -22 -0.990751 117.235
      vertex -22.4679 -0.953931 2.76462
      vertex -22 -0.990751 2.76462
    endloop
  endfacet
  facet normal -0.382669 -0.923886 0
    outer loop
      vertex -23.3578 -0.664779 2.76462
      vertex -22.9242 -0.844374 117.235
      vertex -23.3578 -0.664779 117.235
    endloop
  endfacet
  facet normal -0.382669 -0.923886 -0
    outer loop
      vertex -22.9242 -0.844374 117.235
      vertex -23.3578 -0.664779 2.76462
      vertex -22.9242 -0.844374 2.76462
    endloop
  endfacet
  facet normal -0.230587 -0.960465 -0.156003
    outer loop
      vertex -22.4679 -0.953931 2.76462
      vertex -22.9014 -0.774336 2.29966
      vertex -22.4563 -0.881195 2.29966
    endloop
  endfacet
  facet normal -0.0635365 -0.807383 -0.586596
    outer loop
      vertex -22 -0.281218 1.05166
      vertex -22.4001 -0.526428 1.4325
      vertex -22.3569 -0.253132 1.05166
    endloop
  endfacet
  facet normal -0.454029 0 -0.890987
    outer loop
      vertex -23.5675 2 0.442079
      vertex -23.1481 3 0.228361
      vertex -23.1481 2 0.228361
    endloop
  endfacet
  facet normal -0.454029 0 -0.890987
    outer loop
      vertex -23.1481 3 0.228361
      vertex -23.5675 2 0.442079
      vertex -23.5675 3 0.442079
    endloop
  endfacet
  facet normal -0.378001 -0.912564 -0.156017
    outer loop
      vertex -22.9014 -0.774336 2.29966
      vertex -23.3578 -0.664779 2.76462
      vertex -23.3243 -0.599163 2.29966
    endloop
  endfacet
  facet normal -0.751078 -0.641519 -0.155997
    outer loop
      vertex -24.0627 -0.0627079 2.29966
      vertex -24.4196 0.24208 2.76462
      vertex -24.36 0.285365 2.29966
    endloop
  endfacet
  facet normal -0.72337 -0.617853 -0.308211
    outer loop
      vertex -24.0627 -0.0627079 2.29966
      vertex -24.36 0.285365 2.29966
      vertex -23.9598 0.0401554 1.85195
    endloop
  endfacet
  facet normal -0.677769 -0.578954 0.453255
    outer loop
      vertex -24.0694 0.496491 118.567
      vertex -24.2423 0.370872 118.148
      vertex -23.9598 0.0401554 118.148
    endloop
  endfacet
  facet normal -0.960462 -0.230675 -0.155891
    outer loop
      vertex -24.7743 1.09856 2.29966
      vertex -24.9539 1.53214 2.76462
      vertex -24.8812 1.54366 2.29966
    endloop
  endfacet
  facet normal -0.811083 -0.49709 -0.308295
    outer loop
      vertex -24.36 0.285365 2.29966
      vertex -24.5992 0.675659 2.29966
      vertex -24.4695 0.741702 1.85195
    endloop
  endfacet
  facet normal -0.811186 -0.496997 -0.308175
    outer loop
      vertex -24.36 0.285365 2.29966
      vertex -24.4695 0.741702 1.85195
      vertex -24.2423 0.370872 1.85195
    endloop
  endfacet
  facet normal -0.760236 -0.465781 -0.452868
    outer loop
      vertex -24.2423 0.370872 1.85195
      vertex -24.4695 0.741702 1.85195
      vertex -24.0694 0.496491 1.4325
    endloop
  endfacet
  facet normal -0.842184 -0.51615 -0.155935
    outer loop
      vertex -24.36 0.285365 2.29966
      vertex -24.6648 0.642226 2.76462
      vertex -24.5992 0.675659 2.29966
    endloop
  endfacet
  facet normal -0.912633 -0.377871 -0.155932
    outer loop
      vertex -24.6648 0.642226 2.76462
      vertex -24.7743 1.09856 2.29966
      vertex -24.5992 0.675659 2.29966
    endloop
  endfacet
  facet normal -0.688737 0.165219 -0.705935
    outer loop
      vertex -23.9244 3.30479 0.718781
      vertex -24.2531 3.35686 1.05166
      vertex -24.1696 3.70494 1.05166
    endloop
  endfacet
  facet normal -0.984686 0.077662 -0.156081
    outer loop
      vertex -24.9171 3 2.29966
      vertex -24.9908 3 2.76462
      vertex -24.9539 3.46786 2.76462
    endloop
  endfacet
  facet normal -0.603782 -0.370129 -0.706011
    outer loop
      vertex -23.5762 0.854792 0.718781
      vertex -24.0326 0.964348 1.05166
      vertex -23.736 1.11547 0.718781
    endloop
  endfacet
  facet normal -0.0723299 -0.301324 -0.950774
    outer loop
      vertex -22.1796 0.866084 0.228361
      vertex -22.3548 0.908139 0.228361
      vertex -22.1096 1.30829 0.0828896
    endloop
  endfacet
  facet normal -0.161911 -0.264201 -0.95078
    outer loop
      vertex -22.5212 0.977079 0.228361
      vertex -22.6748 1.07121 0.228361
      vertex -22.4116 1.43342 0.0828896
    endloop
  endfacet
  facet normal -0.081982 0.133805 -0.987611
    outer loop
      vertex -22.1384 3.19042 0.00924778
      vertex -22.4116 3.56658 0.0828896
      vertex -22.1069 3.20972 0.00924778
    endloop
  endfacet
  facet normal -0.465882 0.76018 -0.452859
    outer loop
      vertex -23.1613 5.27912 1.4325
      vertex -23.5035 5.0694 1.4325
      vertex -23.2583 5.46955 1.85195
    endloop
  endfacet
  facet normal -0.852652 0.52248 0
    outer loop
      vertex -24.6648 4.35777 2.76462
      vertex -24.4196 4.75792 117.235
      vertex -24.4196 4.75792 2.76462
    endloop
  endfacet
  facet normal -0.852652 0.52248 0
    outer loop
      vertex -24.4196 4.75792 117.235
      vertex -24.6648 4.35777 2.76462
      vertex -24.6648 4.35777 117.235
    endloop
  endfacet
  facet normal -0.948388 0.0745884 -0.308214
    outer loop
      vertex -24.7716 3 1.85195
      vertex -24.9171 3 2.29966
      vertex -24.7375 3.43358 1.85195
    endloop
  endfacet
  facet normal -0.309868 0.748262 -0.586588
    outer loop
      vertex -23.0357 5.03258 1.05166
      vertex -23.1613 5.27912 1.4325
      vertex -22.7049 5.16957 1.05166
    endloop
  endfacet
  facet normal -0.364081 0.878925 -0.308116
    outer loop
      vertex -23.2583 5.46955 1.85195
      vertex -23.3243 5.59916 2.29966
      vertex -22.9014 5.77434 2.29966
    endloop
  endfacet
  facet normal -0.923876 0.382693 0
    outer loop
      vertex -24.8444 3.92419 2.76462
      vertex -24.6648 4.35777 117.235
      vertex -24.6648 4.35777 2.76462
    endloop
  endfacet
  facet normal -0.923876 0.382693 0
    outer loop
      vertex -24.6648 4.35777 117.235
      vertex -24.8444 3.92419 2.76462
      vertex -24.8444 3.92419 117.235
    endloop
  endfacet
  facet normal -0.751083 0.641512 -0.156003
    outer loop
      vertex -24.0627 5.06271 2.29966
      vertex -24.4196 4.75792 2.76462
      vertex -24.1148 5.11478 2.76462
    endloop
  endfacet
  facet normal -0.641459 0.75113 -0.155995
    outer loop
      vertex -24.0627 5.06271 2.29966
      vertex -24.1148 5.11478 2.76462
      vertex -23.7579 5.41957 2.76462
    endloop
  endfacet
  facet normal 0.23059 0.960466 -0.155991
    outer loop
      vertex 22.9014 5.77434 2.29966
      vertex 22.4563 5.8812 2.29966
      vertex 22.4679 5.95393 2.76462
    endloop
  endfacet
  facet normal 0.309868 0.748262 -0.586588
    outer loop
      vertex 23.0357 5.03258 1.05166
      vertex 22.7049 5.16957 1.05166
      vertex 23.1613 5.27912 1.4325
    endloop
  endfacet
  facet normal 0.579058 0.677952 -0.45285
    outer loop
      vertex 23.8087 4.80872 1.4325
      vertex 23.5035 5.0694 1.4325
      vertex 23.9598 4.95984 1.85195
    endloop
  endfacet
  facet normal -0.0746374 0.9484 -0.308168
    outer loop
      vertex -22.4336 5.73751 1.85195
      vertex -22.4563 5.8812 2.29966
      vertex -22 5.91711 2.29966
    endloop
  endfacet
  facet normal -0.0774896 0.984719 -0.155959
    outer loop
      vertex -22 5.91711 2.29966
      vertex -22.4679 5.95393 2.76462
      vertex -22 5.99075 2.76462
    endloop
  endfacet
  facet normal -0.237718 0.388059 -0.89045
    outer loop
      vertex -22.6748 3.92879 0.228361
      vertex -22.9214 4.26813 0.442079
      vertex -22.7116 4.39665 0.442079
    endloop
  endfacet
  facet normal 0.787521 0.188916 -0.586618
    outer loop
      vertex 24.2531 3.35686 1.05166
      vertex 24.1696 3.70494 1.05166
      vertex 24.5264 3.40015 1.4325
    endloop
  endfacet
  facet normal 0.76023 0.465814 -0.452845
    outer loop
      vertex 24.2791 4.16127 1.4325
      vertex 24.0694 4.50351 1.4325
      vertex 24.4695 4.2583 1.85195
    endloop
  endfacet
  facet normal 0.0746374 0.9484 -0.308168
    outer loop
      vertex 22.4336 5.73751 1.85195
      vertex 22 5.91711 2.29966
      vertex 22.4563 5.8812 2.29966
    endloop
  endfacet
  facet normal 0.823726 0.341192 -0.452839
    outer loop
      vertex 24.4327 3.79044 1.4325
      vertex 24.2791 4.16127 1.4325
      vertex 24.4695 4.2583 1.85195
    endloop
  endfacet
  facet normal 0.878899 0.364185 -0.308069
    outer loop
      vertex 24.636 3.85648 1.85195
      vertex 24.4695 4.2583 1.85195
      vertex 24.7743 3.90144 2.29966
    endloop
  endfacet
  facet normal 0.641471 -0.751122 -0.155983
    outer loop
      vertex 23.7579 -0.419569 2.76462
      vertex 23.7146 -0.359991 2.29966
      vertex 24.0627 -0.0627079 2.29966
    endloop
  endfacet
  facet normal 0.233464 -0.972366 0
    outer loop
      vertex 22.4679 -0.953931 2.76462
      vertex 22.9242 -0.844374 117.235
      vertex 22.4679 -0.953931 117.235
    endloop
  endfacet
  facet normal 0.233464 -0.972366 0
    outer loop
      vertex 22.9242 -0.844374 117.235
      vertex 22.4679 -0.953931 2.76462
      vertex 22.9242 -0.844374 2.76462
    endloop
  endfacet
  facet normal 0.0746386 -0.948403 -0.308157
    outer loop
      vertex 22.4336 -0.737514 1.85195
      vertex 22 -0.917109 2.29966
      vertex 22 -0.771638 1.85195
    endloop
  endfacet
  facet normal 0.0699594 -0.888821 -0.452882
    outer loop
      vertex 22.4336 -0.737514 1.85195
      vertex 22 -0.55792 1.4325
      vertex 22.4001 -0.526428 1.4325
    endloop
  endfacet
  facet normal 0.208086 -0.866736 0.453286
    outer loop
      vertex 22.8565 -0.635984 118.148
      vertex 22.4001 -0.526428 118.567
      vertex 22.4336 -0.737514 118.148
    endloop
  endfacet
  facet normal 0.189085 -0.787611 0.586443
    outer loop
      vertex 22.7049 -0.169567 118.948
      vertex 22.4001 -0.526428 118.567
      vertex 22.7904 -0.432727 118.567
    endloop
  endfacet
  facet normal 0.465776 -0.760015 0.453243
    outer loop
      vertex 23.5035 -0.0694008 118.567
      vertex 23.2583 -0.469547 118.148
      vertex 23.6291 -0.242302 118.148
    endloop
  endfacet
  facet normal 0.677794 -0.578941 0.453235
    outer loop
      vertex 24.0694 0.496491 118.567
      vertex 23.8087 0.191277 118.567
      vertex 23.9598 0.0401554 118.148
    endloop
  endfacet
  facet normal 0.174377 -0.420893 0.890192
    outer loop
      vertex 22.5212 0.977079 119.772
      vertex 22.3548 0.908139 119.772
      vertex 22.7116 0.603351 119.558
    endloop
  endfacet
  facet normal 0 -0.454465 0.890765
    outer loop
      vertex -22 0.85195 119.772
      vertex 22 0.432504 119.558
      vertex 22 0.85195 119.772
    endloop
  endfacet
  facet normal 0 -0.454465 0.890765
    outer loop
      vertex 22 0.432504 119.558
      vertex -22 0.85195 119.772
      vertex -22 0.432504 119.558
    endloop
  endfacet
  facet normal 0.878982 -0.363938 0.308124
    outer loop
      vertex 24.7743 1.09856 117.7
      vertex 24.4695 0.741702 118.148
      vertex 24.5992 0.675659 117.7
    endloop
  endfacet
  facet normal 0.516148 -0.842179 0.155967
    outer loop
      vertex 23.7146 -0.359991 117.7
      vertex 23.3578 -0.664779 117.235
      vertex 23.7579 -0.419569 117.235
    endloop
  endfacet
  facet normal 0.617899 -0.723433 0.30797
    outer loop
      vertex 23.9598 0.0401554 118.148
      vertex 23.6291 -0.242302 118.148
      vertex 23.7146 -0.359991 117.7
    endloop
  endfacet
  facet normal 0.0746507 -0.948463 0.30797
    outer loop
      vertex 22.4336 -0.737514 118.148
      vertex 22 -0.917109 117.7
      vertex 22.4563 -0.881195 117.7
    endloop
  endfacet
  facet normal 0.760068 -0.465678 0.453255
    outer loop
      vertex 24.4695 0.741702 118.148
      vertex 24.0694 0.496491 118.567
      vertex 24.2423 0.370872 118.148
    endloop
  endfacet
  facet normal 0.866716 -0.208079 0.453329
    outer loop
      vertex 24.5264 1.59985 118.567
      vertex 24.4327 1.20956 118.567
      vertex 24.636 1.14352 118.148
    endloop
  endfacet
  facet normal 0.497132 -0.81118 0.307973
    outer loop
      vertex 23.6291 -0.242302 118.148
      vertex 23.2583 -0.469547 118.148
      vertex 23.7146 -0.359991 117.7
    endloop
  endfacet
  facet normal 0.912635 -0.377872 0.155919
    outer loop
      vertex 24.7743 1.09856 117.7
      vertex 24.5992 0.675659 117.7
      vertex 24.6648 0.642226 117.235
    endloop
  endfacet
  facet normal -0.0123851 -0.157163 0.987495
    outer loop
      vertex -22 1.76462 119.991
      vertex -22.0368 1.76752 119.991
      vertex -22 1.29966 119.917
    endloop
  endfacet
  facet normal -0.0123851 0.157163 0.987495
    outer loop
      vertex -22 3.70034 119.917
      vertex -22.0368 3.23248 119.991
      vertex -22 3.23538 119.991
    endloop
  endfacet
  facet normal 0.0603511 0.14564 0.987495
    outer loop
      vertex 22.2164 3.66606 119.917
      vertex 22.0727 3.22386 119.991
      vertex 22.3179 3.624 119.917
    endloop
  endfacet
  facet normal 0.118278 0.28543 0.951073
    outer loop
      vertex 22.3548 4.09186 119.772
      vertex 22.2164 3.66606 119.917
      vertex 22.3179 3.624 119.917
    endloop
  endfacet
  facet normal -0.119848 0.102408 0.987496
    outer loop
      vertex -22.4952 3.49521 119.917
      vertex -22.5666 3.41165 119.917
      vertex -22.1664 3.16644 119.991
    endloop
  endfacet
  facet normal -0 0.454462 0.890766
    outer loop
      vertex -22 4.5675 119.558
      vertex 22 4.14805 119.772
      vertex 22 4.5675 119.558
    endloop
  endfacet
  facet normal 0 0.454462 0.890766
    outer loop
      vertex 22 4.14805 119.772
      vertex -22 4.5675 119.558
      vertex -22 4.14805 119.772
    endloop
  endfacet
  facet normal -0.748388 0.309987 0.586364
    outer loop
      vertex -24.2791 4.16127 118.567
      vertex -24.4327 3.79044 118.567
      vertex -24.1696 3.70494 118.948
    endloop
  endfacet
  facet normal -0.106337 -0.442997 0.890194
    outer loop
      vertex -22.1796 0.866084 119.772
      vertex -22.3548 0.908139 119.772
      vertex -22.2452 0.451802 119.558
    endloop
  endfacet
  facet normal -0.271102 -0.654363 0.705913
    outer loop
      vertex -22.8845 0.264012 119.281
      vertex -23.0357 -0.0325794 118.948
      vertex -22.6021 0.147014 119.281
    endloop
  endfacet
  facet normal -0.866716 -0.208079 0.453329
    outer loop
      vertex -24.5264 1.59985 118.567
      vertex -24.636 1.14352 118.148
      vertex -24.4327 1.20956 118.567
    endloop
  endfacet
  facet normal -0.960481 -0.230475 0.156071
    outer loop
      vertex -24.7743 1.09856 117.7
      vertex -24.9539 1.53214 117.235
      vertex -24.8444 1.07581 117.235
    endloop
  endfacet
  facet normal -0.52607 -0.615951 0.586391
    outer loop
      vertex -23.6131 0.386935 118.948
      vertex -23.8087 0.191277 118.567
      vertex -23.3409 0.154455 118.948
    endloop
  endfacet
  facet normal -0.0602424 -0.145706 0.987492
    outer loop
      vertex -22.1069 1.79028 119.991
      vertex -22.3179 1.376 119.917
      vertex -22.0727 1.77614 119.991
    endloop
  endfacet
  facet normal -0.0823804 -0.134431 0.987493
    outer loop
      vertex -22.1069 1.79028 119.991
      vertex -22.4116 1.43342 119.917
      vertex -22.3179 1.376 119.917
    endloop
  endfacet
  facet normal 0.200641 0.234939 0.951077
    outer loop
      vertex 22.6748 3.92879 119.772
      vertex 22.4116 3.56658 119.917
      vertex 22.8118 3.81179 119.772
    endloop
  endfacet
  facet normal 0.454159 0.0357459 0.890203
    outer loop
      vertex 23.5482 3.24521 119.558
      vertex 23.1339 3.17959 119.772
      vertex 23.5675 3 119.558
    endloop
  endfacet
  facet normal 0.45413 -0.0356547 0.890222
    outer loop
      vertex 23.148 2 119.772
      vertex 23.1339 1.82041 119.772
      vertex 23.5675 2 119.558
    endloop
  endfacet
  facet normal 0.502563 -0.307931 0.807842
    outer loop
      vertex 23.3966 1.28837 119.558
      vertex 23.2681 1.07865 119.558
      vertex 23.5762 0.854792 119.281
    endloop
  endfacet
  facet normal 0.157183 -0.01238 0.987492
    outer loop
      vertex 22.2354 2 119.991
      vertex 22.2325 1.96318 119.991
      vertex 22.7003 2 119.917
    endloop
  endfacet
  facet normal 0.0823708 -0.134439 0.987492
    outer loop
      vertex 22.1384 1.80958 119.991
      vertex 22.1069 1.79028 119.991
      vertex 22.4116 1.43342 119.917
    endloop
  endfacet
  facet normal -0.0123751 0.157163 0.987495
    outer loop
      vertex -22 3.70034 119.917
      vertex -22.1096 3.69171 119.917
      vertex -22.0368 3.23248 119.991
    endloop
  endfacet
  facet normal 0.448233 0.382714 0.807848
    outer loop
      vertex 23.3777 4.37769 119.281
      vertex 23.1084 4.10839 119.558
      vertex 23.2681 3.92135 119.558
    endloop
  endfacet
  facet normal 0.603894 0.370187 0.705885
    outer loop
      vertex 23.8455 4.34087 118.948
      vertex 23.5762 4.14521 119.281
      vertex 24.0326 4.03565 118.948
    endloop
  endfacet
  facet normal 0.307943 0.50254 0.807852
    outer loop
      vertex 22.8845 4.73599 119.281
      vertex 22.7116 4.39665 119.558
      vertex 23.1452 4.57624 119.281
    endloop
  endfacet
  facet normal 0.459973 0.538624 0.70591
    outer loop
      vertex 23.3409 4.84554 118.948
      vertex 23.1452 4.57624 119.281
      vertex 23.3777 4.37769 119.281
    endloop
  endfacet
  facet normal 0.106323 0.442993 0.890198
    outer loop
      vertex 22.2452 4.5482 119.558
      vertex 22.1796 4.13391 119.772
      vertex 22.3548 4.09186 119.772
    endloop
  endfacet
  facet normal 0.137573 0.573102 0.807854
    outer loop
      vertex 22.6021 4.85299 119.281
      vertex 22.2452 4.5482 119.558
      vertex 22.4844 4.49078 119.558
    endloop
  endfacet
  facet normal -0 0.588207 0.80871
    outer loop
      vertex -22 4.94834 119.281
      vertex 22 4.5675 119.558
      vertex 22 4.94834 119.281
    endloop
  endfacet
  facet normal 0 0.588207 0.80871
    outer loop
      vertex 22 4.5675 119.558
      vertex -22 4.94834 119.281
      vertex -22 4.5675 119.558
    endloop
  endfacet
  facet normal 0.748357 0.310015 0.586389
    outer loop
      vertex 24.2791 4.16127 118.567
      vertex 24.0326 4.03565 118.948
      vertex 24.1696 3.70494 118.948
    endloop
  endfacet
  facet normal 0.748388 0.309987 0.586364
    outer loop
      vertex 24.2791 4.16127 118.567
      vertex 24.1696 3.70494 118.948
      vertex 24.4327 3.79044 118.567
    endloop
  endfacet
  facet normal 0.573052 0.137634 0.807879
    outer loop
      vertex 23.853 3.60207 119.281
      vertex 23.5482 3.24521 119.558
      vertex 23.9244 3.30479 119.281
    endloop
  endfacet
  facet normal 0.308031 -0.0241842 0.951069
    outer loop
      vertex 23.148 2 119.772
      vertex 22.6917 1.89044 119.917
      vertex 23.1339 1.82041 119.772
    endloop
  endfacet
  facet normal 0.119848 0.102408 0.987496
    outer loop
      vertex 22.4952 3.49521 119.917
      vertex 22.1664 3.16644 119.991
      vertex 22.5666 3.41165 119.917
    endloop
  endfacet
  facet normal 0.30803 0.0241791 0.951069
    outer loop
      vertex 23.148 3 119.772
      vertex 22.6917 3.10956 119.917
      vertex 22.7003 3 119.917
    endloop
  endfacet
  facet normal 0.308031 0.0241842 0.951069
    outer loop
      vertex 23.1339 3.17959 119.772
      vertex 22.6917 3.10956 119.917
      vertex 23.148 3 119.772
    endloop
  endfacet
  facet normal 0.573122 0.137547 0.807844
    outer loop
      vertex 23.853 3.60207 119.281
      vertex 23.4908 3.48438 119.558
      vertex 23.5482 3.24521 119.558
    endloop
  endfacet
  facet normal 0.544477 0.225697 0.80784
    outer loop
      vertex 23.853 3.60207 119.281
      vertex 23.3966 3.71163 119.558
      vertex 23.4908 3.48438 119.558
    endloop
  endfacet
  facet normal 0.866752 0.208029 0.453283
    outer loop
      vertex 24.636 3.85648 118.148
      vertex 24.5264 3.40015 118.567
      vertex 24.7375 3.43358 118.148
    endloop
  endfacet
  facet normal 0.866716 0.208079 0.453329
    outer loop
      vertex 24.636 3.85648 118.148
      vertex 24.4327 3.79044 118.567
      vertex 24.5264 3.40015 118.567
    endloop
  endfacet
  facet normal 0.807494 -0.0635663 0.58644
    outer loop
      vertex 24.5579 2 118.567
      vertex 24.2812 2 118.948
      vertex 24.5264 1.59985 118.567
    endloop
  endfacet
  facet normal 0.888617 -0.0699524 0.453283
    outer loop
      vertex 24.5579 2 118.567
      vertex 24.5264 1.59985 118.567
      vertex 24.7375 1.56642 118.148
    endloop
  endfacet
  facet normal -0.237806 -0.388045 -0.890432
    outer loop
      vertex -22.5212 0.977079 0.228361
      vertex -22.7116 0.603351 0.442079
      vertex -22.6748 1.07121 0.228361
    endloop
  endfacet
  facet normal 0.447915 0.382446 -0.808151
    outer loop
      vertex 23.5762 4.14521 0.718781
      vertex 23.2681 3.92135 0.442079
      vertex 23.3777 4.37769 0.718781
    endloop
  endfacet
  facet normal 0.453943 0 -0.891031
    outer loop
      vertex 23.148 2 0.228361
      vertex 23.5675 3 0.442079
      vertex 23.5675 2 0.442079
    endloop
  endfacet
  facet normal 0.453943 0 -0.891031
    outer loop
      vertex 23.5675 3 0.442079
      vertex 23.148 2 0.228361
      vertex 23.148 3 0.228361
    endloop
  endfacet
  facet normal 0.382548 -0.44782 -0.808155
    outer loop
      vertex 23.3777 0.622313 0.718781
      vertex 22.9214 0.731869 0.442079
      vertex 23.1084 0.891613 0.442079
    endloop
  endfacet
  facet normal 0.133767 -0.0819851 -0.987616
    outer loop
      vertex 22.5666 1.58835 0.0828896
      vertex 22.1904 1.86165 0.00924778
      vertex 22.2097 1.89314 0.00924778
    endloop
  endfacet
  facet normal 0.307718 -0.502192 -0.808154
    outer loop
      vertex 22.8845 0.264012 0.718781
      vertex 22.7116 0.603351 0.442079
      vertex 23.1452 0.423756 0.718781
    endloop
  endfacet
  facet normal -0.0123267 -0.156421 -0.987613
    outer loop
      vertex -22 1.29966 0.0828896
      vertex -22.0368 1.76752 0.00924778
      vertex -22 1.76462 0.00924778
    endloop
  endfacet
  facet normal -0.615783 0.525981 -0.586648
    outer loop
      vertex -23.8455 4.34087 1.05166
      vertex -24.0694 4.50351 1.4325
      vertex -23.8087 4.80872 1.4325
    endloop
  endfacet
  facet normal -0.0723641 0.301305 -0.950778
    outer loop
      vertex -22.2164 3.66606 0.0828896
      vertex -22.3548 4.09186 0.228361
      vertex -22.1096 3.69171 0.0828896
    endloop
  endfacet
  facet normal 0 0.707106 -0.707108
    outer loop
      vertex 22 4.94834 0.718781
      vertex -22 5.28122 1.05166
      vertex 22 5.28122 1.05166
    endloop
  endfacet
  facet normal 0 0.707106 -0.707108
    outer loop
      vertex -22 5.28122 1.05166
      vertex 22 4.94834 0.718781
      vertex -22 4.94834 0.718781
    endloop
  endfacet
  facet normal -0.137482 0.572695 -0.808158
    outer loop
      vertex -22.2452 4.5482 0.442079
      vertex -22.6021 4.85299 0.718781
      vertex -22.3048 4.92436 0.718781
    endloop
  endfacet
  facet normal -0.201231 -0.23563 -0.950781
    outer loop
      vertex -22.6748 1.07121 0.228361
      vertex -22.8118 1.18821 0.228361
      vertex -22.4116 1.43342 0.0828896
    endloop
  endfacet
  facet normal 0.0357198 0.453697 -0.89044
    outer loop
      vertex 22.1796 4.13391 0.228361
      vertex 22 4.14805 0.228361
      vertex 22 4.5675 0.442079
    endloop
  endfacet
  facet normal 0.307726 0.502186 -0.808154
    outer loop
      vertex 23.1452 4.57624 0.718781
      vertex 22.7116 4.39665 0.442079
      vertex 22.8845 4.73599 0.718781
    endloop
  endfacet
  facet normal 0.270974 0.65434 -0.705983
    outer loop
      vertex 23.0357 5.03258 1.05166
      vertex 22.6021 4.85299 0.718781
      vertex 22.7049 5.16957 1.05166
    endloop
  endfacet
  facet normal 0.960462 0.230675 -0.155891
    outer loop
      vertex 24.8812 3.45634 2.29966
      vertex 24.7743 3.90144 2.29966
      vertex 24.9539 3.46786 2.76462
    endloop
  endfacet
  facet normal 0.866943 -0.208074 -0.452897
    outer loop
      vertex 24.636 1.14352 1.85195
      vertex 24.5264 1.59985 1.4325
      vertex 24.7375 1.56642 1.85195
    endloop
  endfacet
  facet normal 0.888844 -0.0699054 -0.452845
    outer loop
      vertex 24.7375 1.56642 1.85195
      vertex 24.5579 2 1.4325
      vertex 24.7716 2 1.85195
    endloop
  endfacet
  facet normal 0.888813 -0.0699678 -0.452897
    outer loop
      vertex 24.7375 1.56642 1.85195
      vertex 24.5264 1.59985 1.4325
      vertex 24.5579 2 1.4325
    endloop
  endfacet
  facet normal 0.984732 -0.0774683 -0.15589
    outer loop
      vertex 24.9539 1.53214 2.76462
      vertex 24.8812 1.54366 2.29966
      vertex 24.9171 2 2.29966
    endloop
  endfacet
  facet normal 0.948388 -0.0745884 -0.308214
    outer loop
      vertex 24.9171 2 2.29966
      vertex 24.7375 1.56642 1.85195
      vertex 24.7716 2 1.85195
    endloop
  endfacet
  facet normal 0.996904 0.0786256 0
    outer loop
      vertex 24.9908 3 117.235
      vertex 24.9539 3.46786 2.76462
      vertex 24.9539 3.46786 117.235
    endloop
  endfacet
  facet normal 0.996904 0.0786256 0
    outer loop
      vertex 24.9539 3.46786 2.76462
      vertex 24.9908 3 117.235
      vertex 24.9908 3 2.76462
    endloop
  endfacet
  facet normal 0.951096 -0 0.308894
    outer loop
      vertex 24.7716 2 118.148
      vertex 24.9171 3 117.7
      vertex 24.7716 3 118.148
    endloop
  endfacet
  facet normal 0.951096 0 0.308894
    outer loop
      vertex 24.9171 3 117.7
      vertex 24.7716 2 118.148
      vertex 24.9171 2 117.7
    endloop
  endfacet
  facet normal 0.603892 -0.370192 0.705884
    outer loop
      vertex 24.0326 0.964348 118.948
      vertex 23.5762 0.854792 119.281
      vertex 23.8455 0.659133 118.948
    endloop
  endfacet
  facet normal 0.842184 -0.51615 -0.155935
    outer loop
      vertex 24.6648 0.642226 2.76462
      vertex 24.36 0.285365 2.29966
      vertex 24.5992 0.675659 2.29966
    endloop
  endfacet
  facet normal 0.960481 -0.230475 0.156071
    outer loop
      vertex 24.9539 1.53214 117.235
      vertex 24.7743 1.09856 117.7
      vertex 24.8444 1.07581 117.235
    endloop
  endfacet
  facet normal 0.925109 -0.222035 0.308017
    outer loop
      vertex 24.7375 1.56642 118.148
      vertex 24.636 1.14352 118.148
      vertex 24.8812 1.54366 117.7
    endloop
  endfacet
  facet normal 0.960464 -0.230675 0.155878
    outer loop
      vertex 24.8812 1.54366 117.7
      vertex 24.7743 1.09856 117.7
      vertex 24.9539 1.53214 117.235
    endloop
  endfacet
  facet normal 0.811083 -0.49709 -0.308295
    outer loop
      vertex 24.5992 0.675659 2.29966
      vertex 24.36 0.285365 2.29966
      vertex 24.4695 0.741702 1.85195
    endloop
  endfacet
  facet normal 0.526003 -0.615842 -0.586566
    outer loop
      vertex 23.5035 -0.0694008 1.4325
      vertex 23.3409 0.154455 1.05166
      vertex 23.8087 0.191277 1.4325
    endloop
  endfacet
  facet normal 0.912555 -0.378 -0.156077
    outer loop
      vertex 24.8444 1.07581 2.76462
      vertex 24.6648 0.642226 2.76462
      vertex 24.7743 1.09856 2.29966
    endloop
  endfacet
  facet normal 0.72337 -0.617853 -0.308211
    outer loop
      vertex 24.0627 -0.0627079 2.29966
      vertex 23.9598 0.0401554 1.85195
      vertex 24.36 0.285365 2.29966
    endloop
  endfacet
  facet normal 0.497101 -0.81113 -0.308153
    outer loop
      vertex 23.7146 -0.359991 2.29966
      vertex 23.2583 -0.469547 1.85195
      vertex 23.6291 -0.242302 1.85195
    endloop
  endfacet
  facet normal 0.706097 -0.0555997 -0.705929
    outer loop
      vertex 24.2531 1.64314 1.05166
      vertex 23.9244 1.69521 0.718781
      vertex 24.2812 2 1.05166
    endloop
  endfacet
  facet normal 0.823728 -0.341191 -0.452836
    outer loop
      vertex 24.4695 0.741702 1.85195
      vertex 24.2791 0.838728 1.4325
      vertex 24.4327 1.20956 1.4325
    endloop
  endfacet
  facet normal 0.925116 0.222186 0.307886
    outer loop
      vertex 24.7743 3.90144 117.7
      vertex 24.636 3.85648 118.148
      vertex 24.8812 3.45634 117.7
    endloop
  endfacet
  facet normal 0.526069 0.61595 0.586393
    outer loop
      vertex 23.8087 4.80872 118.567
      vertex 23.3409 4.84554 118.948
      vertex 23.6131 4.61306 118.948
    endloop
  endfacet
  facet normal 0.52608 0.615926 0.586409
    outer loop
      vertex 23.5035 5.0694 118.567
      vertex 23.3409 4.84554 118.948
      vertex 23.8087 4.80872 118.567
    endloop
  endfacet
  facet normal 0.925052 0.222021 -0.308198
    outer loop
      vertex 24.7375 3.43358 1.85195
      vertex 24.636 3.85648 1.85195
      vertex 24.8812 3.45634 2.29966
    endloop
  endfacet
  facet normal 0.888813 0.0699678 -0.452897
    outer loop
      vertex 24.5579 3 1.4325
      vertex 24.5264 3.40015 1.4325
      vertex 24.7375 3.43358 1.85195
    endloop
  endfacet
  facet normal 0.751084 0.641511 -0.156004
    outer loop
      vertex 24.36 4.71463 2.29966
      vertex 24.0627 5.06271 2.29966
      vertex 24.4196 4.75792 2.76462
    endloop
  endfacet
  facet normal 0.912553 0.378003 -0.156077
    outer loop
      vertex 24.7743 3.90144 2.29966
      vertex 24.6648 4.35777 2.76462
      vertex 24.8444 3.92419 2.76462
    endloop
  endfacet
  facet normal 0.516089 0.842203 0.156031
    outer loop
      vertex 23.3578 5.66478 117.235
      vertex 23.3243 5.59916 117.7
      vertex 23.7146 5.35999 117.7
    endloop
  endfacet
  facet normal 0.222101 0.925109 0.30797
    outer loop
      vertex 22.9014 5.77434 117.7
      vertex 22.4563 5.8812 117.7
      vertex 22.8565 5.63598 118.148
    endloop
  endfacet
  facet normal 0.751084 0.641514 0.155989
    outer loop
      vertex 24.1148 5.11478 117.235
      vertex 24.0627 5.06271 117.7
      vertex 24.4196 4.75792 117.235
    endloop
  endfacet
  facet normal 0.760393 0.649464 0
    outer loop
      vertex 24.4196 4.75792 117.235
      vertex 24.1148 5.11478 2.76462
      vertex 24.1148 5.11478 117.235
    endloop
  endfacet
  facet normal 0.760393 0.649464 0
    outer loop
      vertex 24.1148 5.11478 2.76462
      vertex 24.4196 4.75792 117.235
      vertex 24.4196 4.75792 2.76462
    endloop
  endfacet
  facet normal 0.760068 0.465678 0.453256
    outer loop
      vertex 24.2423 4.62913 118.148
      vertex 24.0694 4.50351 118.567
      vertex 24.4695 4.2583 118.148
    endloop
  endfacet
  facet normal 0.823545 0.341117 0.453226
    outer loop
      vertex 24.4695 4.2583 118.148
      vertex 24.2791 4.16127 118.567
      vertex 24.4327 3.79044 118.567
    endloop
  endfacet
  facet normal 0.23347 0.972364 -0
    outer loop
      vertex 22.9242 5.84437 2.76462
      vertex 22.4679 5.95393 117.235
      vertex 22.9242 5.84437 117.235
    endloop
  endfacet
  facet normal 0.23347 0.972364 0
    outer loop
      vertex 22.4679 5.95393 117.235
      vertex 22.9242 5.84437 2.76462
      vertex 22.4679 5.95393 2.76462
    endloop
  endfacet
  facet normal 0.0774957 0.98472 0.155952
    outer loop
      vertex 22.4679 5.95393 117.235
      vertex 22 5.91711 117.7
      vertex 22.4563 5.8812 117.7
    endloop
  endfacet
  facet normal 0.0774897 0.984721 0.155946
    outer loop
      vertex 22 5.99075 117.235
      vertex 22 5.91711 117.7
      vertex 22.4679 5.95393 117.235
    endloop
  endfacet
  facet normal -0.587623 0.0460782 0.807822
    outer loop
      vertex -23.9244 3.30479 119.281
      vertex -23.9483 3 119.281
      vertex -23.5675 3 119.558
    endloop
  endfacet
  facet normal -0.307894 0.502615 0.807824
    outer loop
      vertex -22.7116 4.39665 119.558
      vertex -23.1452 4.57624 119.281
      vertex -22.9214 4.26813 119.558
    endloop
  endfacet
  facet normal -0.423257 0.690628 0.586419
    outer loop
      vertex -23.1613 5.27912 118.567
      vertex -23.5035 5.0694 118.567
      vertex -23.3409 4.84554 118.948
    endloop
  endfacet
  facet normal -0.465779 0.760012 0.453245
    outer loop
      vertex -23.2583 5.46955 118.148
      vertex -23.5035 5.0694 118.567
      vertex -23.1613 5.27912 118.567
    endloop
  endfacet
  facet normal -0.377977 0.912583 0.15597
    outer loop
      vertex -22.9242 5.84437 117.235
      vertex -23.3578 5.66478 117.235
      vertex -22.9014 5.77434 117.7
    endloop
  endfacet
  facet normal -0.649409 0.760439 0
    outer loop
      vertex -23.7579 5.41957 2.76462
      vertex -24.1148 5.11478 117.235
      vertex -23.7579 5.41957 117.235
    endloop
  endfacet
  facet normal -0.649409 0.760439 0
    outer loop
      vertex -24.1148 5.11478 117.235
      vertex -23.7579 5.41957 2.76462
      vertex -24.1148 5.11478 2.76462
    endloop
  endfacet
  facet normal -0.49714 0.811174 0.307974
    outer loop
      vertex -23.2583 5.46955 118.148
      vertex -23.7146 5.35999 117.7
      vertex -23.6291 5.2423 118.148
    endloop
  endfacet
  facet normal -0.06994 0.888631 0.453258
    outer loop
      vertex -22 5.55792 118.567
      vertex -22.4336 5.73751 118.148
      vertex -22.4001 5.52643 118.567
    endloop
  endfacet
  facet normal -0.222101 0.925109 0.30797
    outer loop
      vertex -22.4563 5.8812 117.7
      vertex -22.9014 5.77434 117.7
      vertex -22.8565 5.63598 118.148
    endloop
  endfacet
  facet normal -0.925116 0.222186 0.307886
    outer loop
      vertex -24.7743 3.90144 117.7
      vertex -24.8812 3.45634 117.7
      vertex -24.636 3.85648 118.148
    endloop
  endfacet
  facet normal -0.984734 0.0774684 0.155877
    outer loop
      vertex -24.8812 3.45634 117.7
      vertex -24.9539 3.46786 117.235
      vertex -24.9171 3 117.7
    endloop
  endfacet
  facet normal -0.787668 0.189102 0.586361
    outer loop
      vertex -24.4327 3.79044 118.567
      vertex -24.5264 3.40015 118.567
      vertex -24.1696 3.70494 118.948
    endloop
  endfacet
  facet normal -0.960464 0.230675 0.155878
    outer loop
      vertex -24.7743 3.90144 117.7
      vertex -24.9539 3.46786 117.235
      vertex -24.8812 3.45634 117.7
    endloop
  endfacet
  facet normal -0.866752 -0.208029 0.453283
    outer loop
      vertex -24.5264 1.59985 118.567
      vertex -24.7375 1.56642 118.148
      vertex -24.636 1.14352 118.148
    endloop
  endfacet
  facet normal -0.145631 -0.0603869 0.987494
    outer loop
      vertex -22.2239 1.92726 119.991
      vertex -22.6661 1.78358 119.917
      vertex -22.624 1.68205 119.917
    endloop
  endfacet
  facet normal -0.137479 -0.572699 -0.808155
    outer loop
      vertex -22.2452 0.451802 0.442079
      vertex -22.6021 0.147014 0.718781
      vertex -22.4844 0.509223 0.442079
    endloop
  endfacet
  facet normal -0.225427 -0.544121 -0.808155
    outer loop
      vertex -22.6021 0.147014 0.718781
      vertex -22.7116 0.603351 0.442079
      vertex -22.4844 0.509223 0.442079
    endloop
  endfacet
  facet normal 0.137479 -0.572699 -0.808155
    outer loop
      vertex 22.6021 0.147014 0.718781
      vertex 22.2452 0.451802 0.442079
      vertex 22.4844 0.509223 0.442079
    endloop
  endfacet
  facet normal 0.370024 -0.6038 -0.706051
    outer loop
      vertex 23.0357 -0.0325794 1.05166
      vertex 22.8845 0.264012 0.718781
      vertex 23.3409 0.154455 1.05166
    endloop
  endfacet
  facet normal 0 -0.45399 -0.891007
    outer loop
      vertex -22 0.432504 0.442079
      vertex 22 0.85195 0.228361
      vertex 22 0.432504 0.442079
    endloop
  endfacet
  facet normal -0 -0.45399 -0.891007
    outer loop
      vertex 22 0.85195 0.228361
      vertex -22 0.432504 0.442079
      vertex -22 0.85195 0.228361
    endloop
  endfacet
  facet normal -0.0462074 -0.587157 -0.808153
    outer loop
      vertex -22 0.0516558 0.718781
      vertex -22.3048 0.0756426 0.718781
      vertex -22 0.432504 0.442079
    endloop
  endfacet
  facet normal -0.0555616 -0.70602 -0.706009
    outer loop
      vertex -22 -0.281218 1.05166
      vertex -22.3048 0.0756426 0.718781
      vertex -22 0.0516558 0.718781
    endloop
  endfacet
  facet normal -0.0635488 -0.807376 -0.586605
    outer loop
      vertex -22 -0.55792 1.4325
      vertex -22.4001 -0.526428 1.4325
      vertex -22 -0.281218 1.05166
    endloop
  endfacet
  facet normal -0.222088 -0.925057 -0.308134
    outer loop
      vertex -22.4563 -0.881195 2.29966
      vertex -22.8565 -0.635984 1.85195
      vertex -22.4336 -0.737514 1.85195
    endloop
  endfacet
  facet normal 0 -0.951115 0.308838
    outer loop
      vertex -22 -0.917109 117.7
      vertex 22 -0.771638 118.148
      vertex -22 -0.771638 118.148
    endloop
  endfacet
  facet normal 0 -0.951115 0.308838
    outer loop
      vertex 22 -0.771638 118.148
      vertex -22 -0.917109 117.7
      vertex 22 -0.917109 117.7
    endloop
  endfacet
  facet normal -0.0746432 -0.948461 0.307977
    outer loop
      vertex -22 -0.771638 118.148
      vertex -22.4336 -0.737514 118.148
      vertex -22 -0.917109 117.7
    endloop
  endfacet
  facet normal -0.364099 -0.87898 0.307939
    outer loop
      vertex -22.8565 -0.635984 118.148
      vertex -23.2583 -0.469547 118.148
      vertex -22.9014 -0.774336 117.7
    endloop
  endfacet
  facet normal -0.760393 -0.649464 0
    outer loop
      vertex -24.1148 -0.11478 2.76462
      vertex -24.4196 0.24208 117.235
      vertex -24.4196 0.24208 2.76462
    endloop
  endfacet
  facet normal -0.760393 -0.649464 0
    outer loop
      vertex -24.4196 0.24208 117.235
      vertex -24.1148 -0.11478 2.76462
      vertex -24.1148 -0.11478 117.235
    endloop
  endfacet
  facet normal -0.649408 -0.76044 0
    outer loop
      vertex -24.1148 -0.11478 2.76462
      vertex -23.7579 -0.419569 117.235
      vertex -24.1148 -0.11478 117.235
    endloop
  endfacet
  facet normal -0.649408 -0.76044 -0
    outer loop
      vertex -23.7579 -0.419569 117.235
      vertex -24.1148 -0.11478 2.76462
      vertex -23.7579 -0.419569 2.76462
    endloop
  endfacet
  facet normal -0.341067 -0.823557 0.453242
    outer loop
      vertex -23.1613 -0.279123 118.567
      vertex -23.2583 -0.469547 118.148
      vertex -22.7904 -0.432727 118.567
    endloop
  endfacet
  facet normal -0.723414 -0.617891 0.30803
    outer loop
      vertex -23.9598 0.0401554 118.148
      vertex -24.36 0.285365 117.7
      vertex -24.0627 -0.0627079 117.7
    endloop
  endfacet
  facet normal -0.069944 -0.888626 0.453269
    outer loop
      vertex -22.4001 -0.526428 118.567
      vertex -22.4336 -0.737514 118.148
      vertex -22 -0.55792 118.567
    endloop
  endfacet
  facet normal -0.0462434 -0.587568 0.807853
    outer loop
      vertex -22.2452 0.451802 119.558
      vertex -22.3048 0.0756426 119.281
      vertex -22 0.432504 119.558
    endloop
  endfacet
  facet normal -0.309922 -0.748353 0.586443
    outer loop
      vertex -22.7049 -0.169567 118.948
      vertex -23.1613 -0.279123 118.567
      vertex -22.7904 -0.432727 118.567
    endloop
  endfacet
  facet normal -0.308006 -0.0243537 0.951073
    outer loop
      vertex -22.6917 1.89044 119.917
      vertex -23.1481 2 119.772
      vertex -23.1339 1.82041 119.772
    endloop
  endfacet
  facet normal -0.370001 -0.603837 -0.706031
    outer loop
      vertex -22.8845 0.264012 0.718781
      vertex -23.3409 0.154455 1.05166
      vertex -23.1452 0.423756 0.718781
    endloop
  endfacet
  facet normal -0.307718 -0.502192 -0.808154
    outer loop
      vertex -22.8845 0.264012 0.718781
      vertex -23.1452 0.423756 0.718781
      vertex -22.7116 0.603351 0.442079
    endloop
  endfacet
  facet normal -0.525994 -0.615862 -0.586553
    outer loop
      vertex -23.3409 0.154455 1.05166
      vertex -23.8087 0.191277 1.4325
      vertex -23.6131 0.386935 1.05166
    endloop
  endfacet
  facet normal -0.465878 -0.760183 -0.452857
    outer loop
      vertex -23.2583 -0.469547 1.85195
      vertex -23.6291 -0.242302 1.85195
      vertex -23.5035 -0.0694008 1.4325
    endloop
  endfacet
  facet normal -0.516092 -0.8422 -0.156037
    outer loop
      vertex -23.3578 -0.664779 2.76462
      vertex -23.7146 -0.359991 2.29966
      vertex -23.3243 -0.599163 2.29966
    endloop
  endfacet
  facet normal -0.516147 -0.842177 -0.15598
    outer loop
      vertex -23.3578 -0.664779 2.76462
      vertex -23.7579 -0.419569 2.76462
      vertex -23.7146 -0.359991 2.29966
    endloop
  endfacet
  facet normal -0.341142 -0.823738 -0.452855
    outer loop
      vertex -22.7904 -0.432727 1.4325
      vertex -23.2583 -0.469547 1.85195
      vertex -23.1613 -0.279123 1.4325
    endloop
  endfacet
  facet normal -0.423201 -0.690529 -0.586575
    outer loop
      vertex -23.1613 -0.279123 1.4325
      vertex -23.5035 -0.0694008 1.4325
      vertex -23.3409 0.154455 1.05166
    endloop
  endfacet
  facet normal -0.925052 -0.222021 -0.308198
    outer loop
      vertex -24.636 1.14352 1.85195
      vertex -24.8812 1.54366 2.29966
      vertex -24.7375 1.56642 1.85195
    endloop
  endfacet
  facet normal -0.878898 -0.364186 -0.308069
    outer loop
      vertex -24.4695 0.741702 1.85195
      vertex -24.7743 1.09856 2.29966
      vertex -24.636 1.14352 1.85195
    endloop
  endfacet
  facet normal -0.723352 -0.617892 -0.308174
    outer loop
      vertex -23.9598 0.0401554 1.85195
      vertex -24.36 0.285365 2.29966
      vertex -24.2423 0.370872 1.85195
    endloop
  endfacet
  facet normal -0.677944 -0.579069 -0.452848
    outer loop
      vertex -23.9598 0.0401554 1.85195
      vertex -24.0694 0.496491 1.4325
      vertex -23.8087 0.191277 1.4325
    endloop
  endfacet
  facet normal -0.984732 0.0774683 -0.15589
    outer loop
      vertex -24.9171 3 2.29966
      vertex -24.9539 3.46786 2.76462
      vertex -24.8812 3.45634 2.29966
    endloop
  endfacet
  facet normal -0.987669 0 -0.156554
    outer loop
      vertex -24.9171 2 2.29966
      vertex -24.9908 3 2.76462
      vertex -24.9171 3 2.29966
    endloop
  endfacet
  facet normal -0.987669 -0 -0.156554
    outer loop
      vertex -24.9908 3 2.76462
      vertex -24.9171 2 2.29966
      vertex -24.9908 2 2.76462
    endloop
  endfacet
  facet normal -0.925052 0.222021 -0.308198
    outer loop
      vertex -24.7375 3.43358 1.85195
      vertex -24.8812 3.45634 2.29966
      vertex -24.636 3.85648 1.85195
    endloop
  endfacet
  facet normal -0.809013 0 -0.58779
    outer loop
      vertex -24.2812 2 1.05166
      vertex -24.5579 3 1.4325
      vertex -24.2812 3 1.05166
    endloop
  endfacet
  facet normal -0.809013 -0 -0.58779
    outer loop
      vertex -24.5579 3 1.4325
      vertex -24.2812 2 1.05166
      vertex -24.5579 2 1.4325
    endloop
  endfacet
  facet normal -0.69052 -0.423104 -0.586656
    outer loop
      vertex -24.0694 0.496491 1.4325
      vertex -24.2791 0.838728 1.4325
      vertex -23.8455 0.659133 1.05166
    endloop
  endfacet
  facet normal -0.888813 -0.0699678 -0.452897
    outer loop
      vertex -24.5264 1.59985 1.4325
      vertex -24.7375 1.56642 1.85195
      vertex -24.5579 2 1.4325
    endloop
  endfacet
  facet normal -0.823634 -0.341287 -0.452935
    outer loop
      vertex -24.4695 0.741702 1.85195
      vertex -24.636 1.14352 1.85195
      vertex -24.4327 1.20956 1.4325
    endloop
  endfacet
  facet normal -0.237715 -0.38806 -0.89045
    outer loop
      vertex -22.7116 0.603351 0.442079
      vertex -22.9214 0.731869 0.442079
      vertex -22.6748 1.07121 0.228361
    endloop
  endfacet
  facet normal 0.0366328 -0.152566 -0.987614
    outer loop
      vertex 22.1096 1.30829 0.0828896
      vertex 22.0368 1.76752 0.00924778
      vertex 22.0727 1.77614 0.00924778
    endloop
  endfacet
  facet normal -0.301337 -0.0722467 -0.950777
    outer loop
      vertex -23.0919 1.64523 0.228361
      vertex -23.1339 1.82041 0.228361
      vertex -22.6917 1.89044 0.0828896
    endloop
  endfacet
  facet normal -0.572649 -0.137538 -0.808181
    outer loop
      vertex -23.853 1.39793 0.718781
      vertex -23.9244 1.69521 0.718781
      vertex -23.5482 1.75479 0.442079
    endloop
  endfacet
  facet normal -0.707084 0 -0.707129
    outer loop
      vertex -23.9483 2 0.718781
      vertex -24.2812 3 1.05166
      vertex -23.9483 3 0.718781
    endloop
  endfacet
  facet normal -0.707084 -0 -0.707129
    outer loop
      vertex -24.2812 3 1.05166
      vertex -23.9483 2 0.718781
      vertex -24.2812 2 1.05166
    endloop
  endfacet
  facet normal -0.538583 -0.459864 -0.706013
    outer loop
      vertex -23.3777 0.622313 0.718781
      vertex -23.8455 0.659133 1.05166
      vertex -23.5762 0.854792 0.718781
    endloop
  endfacet
  facet normal -0.0819915 0.133797 -0.987611
    outer loop
      vertex -22.1069 3.20972 0.00924778
      vertex -22.4116 3.56658 0.0828896
      vertex -22.3179 3.624 0.0828896
    endloop
  endfacet
  facet normal -0.538588 -0.459841 -0.706023
    outer loop
      vertex -23.6131 0.386935 1.05166
      vertex -23.8455 0.659133 1.05166
      vertex -23.3777 0.622313 0.718781
    endloop
  endfacet
  facet normal -0.603782 -0.370125 -0.706013
    outer loop
      vertex -23.8455 0.659133 1.05166
      vertex -24.0326 0.964348 1.05166
      vertex -23.5762 0.854792 0.718781
    endloop
  endfacet
  facet normal -0.617813 0.723428 -0.308153
    outer loop
      vertex -23.6291 5.2423 1.85195
      vertex -24.0627 5.06271 2.29966
      vertex -23.7146 5.35999 2.29966
    endloop
  endfacet
  facet normal -0.641466 0.751125 -0.155987
    outer loop
      vertex -23.7146 5.35999 2.29966
      vertex -24.0627 5.06271 2.29966
      vertex -23.7579 5.41957 2.76462
    endloop
  endfacet
  facet normal -0.960479 0.230474 -0.156084
    outer loop
      vertex -24.7743 3.90144 2.29966
      vertex -24.9539 3.46786 2.76462
      vertex -24.8444 3.92419 2.76462
    endloop
  endfacet
  facet normal -0.823635 0.341285 -0.452935
    outer loop
      vertex -24.4327 3.79044 1.4325
      vertex -24.636 3.85648 1.85195
      vertex -24.4695 4.2583 1.85195
    endloop
  endfacet
  facet normal 0.370001 0.603814 -0.706051
    outer loop
      vertex 23.1452 4.57624 0.718781
      vertex 22.8845 4.73599 0.718781
      vertex 23.0357 5.03258 1.05166
    endloop
  endfacet
  facet normal 0.16535 0.68863 -0.706009
    outer loop
      vertex 22.7049 5.16957 1.05166
      vertex 22.3048 4.92436 0.718781
      vertex 22.3569 5.25313 1.05166
    endloop
  endfacet
  facet normal -0.222087 0.925052 -0.30815
    outer loop
      vertex -22.8565 5.63598 1.85195
      vertex -22.9014 5.77434 2.29966
      vertex -22.4563 5.8812 2.29966
    endloop
  endfacet
  facet normal -0.23059 0.960466 -0.155991
    outer loop
      vertex -22.4563 5.8812 2.29966
      vertex -22.9014 5.77434 2.29966
      vertex -22.4679 5.95393 2.76462
    endloop
  endfacet
  facet normal 0.459934 0.538515 -0.706019
    outer loop
      vertex 23.3777 4.37769 0.718781
      vertex 23.3409 4.84554 1.05166
      vertex 23.6131 4.61306 1.05166
    endloop
  endfacet
  facet normal 0.811187 0.496998 -0.308168
    outer loop
      vertex 24.4695 4.2583 1.85195
      vertex 24.2423 4.62913 1.85195
      vertex 24.36 4.71463 2.29966
    endloop
  endfacet
  facet normal 0.641466 0.751125 -0.155987
    outer loop
      vertex 24.0627 5.06271 2.29966
      vertex 23.7146 5.35999 2.29966
      vertex 23.7579 5.41957 2.76462
    endloop
  endfacet
  facet normal 0.364061 0.878927 -0.308134
    outer loop
      vertex 23.2583 5.46955 1.85195
      vertex 22.8565 5.63598 1.85195
      vertex 22.9014 5.77434 2.29966
    endloop
  endfacet
  facet normal 0.526004 0.615837 -0.58657
    outer loop
      vertex 23.8087 4.80872 1.4325
      vertex 23.3409 4.84554 1.05166
      vertex 23.5035 5.0694 1.4325
    endloop
  endfacet
  facet normal 0.842212 0.516082 -0.156007
    outer loop
      vertex 24.6648 4.35777 2.76462
      vertex 24.36 4.71463 2.29966
      vertex 24.4196 4.75792 2.76462
    endloop
  endfacet
  facet normal 0.690503 0.423279 -0.586549
    outer loop
      vertex 24.0326 4.03565 1.05166
      vertex 23.8455 4.34087 1.05166
      vertex 24.2791 4.16127 1.4325
    endloop
  endfacet
  facet normal 0.787554 0.189074 -0.586523
    outer loop
      vertex 24.5264 3.40015 1.4325
      vertex 24.1696 3.70494 1.05166
      vertex 24.4327 3.79044 1.4325
    endloop
  endfacet
  facet normal 0.572649 0.137538 -0.808181
    outer loop
      vertex 23.9244 3.30479 0.718781
      vertex 23.5482 3.24521 0.442079
      vertex 23.853 3.60207 0.718781
    endloop
  endfacet
  facet normal 0.688737 0.165219 -0.705935
    outer loop
      vertex 24.2531 3.35686 1.05166
      vertex 23.9244 3.30479 0.718781
      vertex 24.1696 3.70494 1.05166
    endloop
  endfacet
  facet normal 0.377984 -0.912575 -0.155998
    outer loop
      vertex 22.9242 -0.844374 2.76462
      vertex 22.9014 -0.774336 2.29966
      vertex 23.3578 -0.664779 2.76462
    endloop
  endfacet
  facet normal 0.516147 -0.842177 -0.15598
    outer loop
      vertex 23.7579 -0.419569 2.76462
      vertex 23.3578 -0.664779 2.76462
      vertex 23.7146 -0.359991 2.29966
    endloop
  endfacet
  facet normal 0.222088 -0.925057 -0.308134
    outer loop
      vertex 22.4563 -0.881195 2.29966
      vertex 22.4336 -0.737514 1.85195
      vertex 22.8565 -0.635984 1.85195
    endloop
  endfacet
  facet normal 0.230587 -0.960465 -0.156003
    outer loop
      vertex 22.4679 -0.953931 2.76462
      vertex 22.4563 -0.881195 2.29966
      vertex 22.9014 -0.774336 2.29966
    endloop
  endfacet
  facet normal 0.208132 -0.866927 -0.452899
    outer loop
      vertex 22.4336 -0.737514 1.85195
      vertex 22.4001 -0.526428 1.4325
      vertex 22.8565 -0.635984 1.85195
    endloop
  endfacet
  facet normal 0.341142 -0.823738 -0.452855
    outer loop
      vertex 23.2583 -0.469547 1.85195
      vertex 22.7904 -0.432727 1.4325
      vertex 23.1613 -0.279123 1.4325
    endloop
  endfacet
  facet normal 0 -0.809011 -0.587793
    outer loop
      vertex -22 -0.281218 1.05166
      vertex 22 -0.55792 1.4325
      vertex -22 -0.55792 1.4325
    endloop
  endfacet
  facet normal 0 -0.809011 -0.587793
    outer loop
      vertex 22 -0.55792 1.4325
      vertex -22 -0.281218 1.05166
      vertex 22 -0.281218 1.05166
    endloop
  endfacet
  facet normal 0.238055 -0.38845 0.890189
    outer loop
      vertex 22.6748 1.07121 119.772
      vertex 22.5212 0.977079 119.772
      vertex 22.7116 0.603351 119.558
    endloop
  endfacet
  facet normal 0.165352 -0.688779 0.705863
    outer loop
      vertex 22.6021 0.147014 119.281
      vertex 22.3048 0.0756426 119.281
      vertex 22.7049 -0.169567 118.948
    endloop
  endfacet
  facet normal 0.230606 -0.960465 0.155972
    outer loop
      vertex 22.9014 -0.774336 117.7
      vertex 22.4679 -0.953931 117.235
      vertex 22.9242 -0.844374 117.235
    endloop
  endfacet
  facet normal 0.230588 -0.960467 0.15599
    outer loop
      vertex 22.9014 -0.774336 117.7
      vertex 22.4563 -0.881195 117.7
      vertex 22.4679 -0.953931 117.235
    endloop
  endfacet
  facet normal 0.53868 -0.459947 0.705884
    outer loop
      vertex 23.5762 0.854792 119.281
      vertex 23.3777 0.622313 119.281
      vertex 23.8455 0.659133 118.948
    endloop
  endfacet
  facet normal 0.225587 -0.544503 0.807853
    outer loop
      vertex 22.7116 0.603351 119.558
      vertex 22.6021 0.147014 119.281
      vertex 22.8845 0.264012 119.281
    endloop
  endfacet
  facet normal 0.526079 -0.61593 0.586404
    outer loop
      vertex 23.8087 0.191277 118.567
      vertex 23.3409 0.154455 118.948
      vertex 23.5035 -0.0694008 118.567
    endloop
  endfacet
  facet normal 0.307935 -0.502545 0.807852
    outer loop
      vertex 23.1452 0.423756 119.281
      vertex 22.7116 0.603351 119.558
      vertex 22.8845 0.264012 119.281
    endloop
  endfacet
  facet normal 0.271018 -0.654459 0.705856
    outer loop
      vertex 23.0357 -0.0325794 118.948
      vertex 22.6021 0.147014 119.281
      vertex 22.7049 -0.169567 118.948
    endloop
  endfacet
  facet normal 0 -0.707241 0.706973
    outer loop
      vertex -22 -0.281218 118.948
      vertex 22 0.0516558 119.281
      vertex -22 0.0516558 119.281
    endloop
  endfacet
  facet normal 0 -0.707241 0.706973
    outer loop
      vertex 22 0.0516558 119.281
      vertex -22 -0.281218 118.948
      vertex 22 -0.281218 118.948
    endloop
  endfacet
  facet normal 0.641472 -0.751124 0.15597
    outer loop
      vertex 24.0627 -0.0627079 117.7
      vertex 23.7146 -0.359991 117.7
      vertex 23.7579 -0.419569 117.235
    endloop
  endfacet
  facet normal 0.748358 -0.310013 0.586389
    outer loop
      vertex 24.1696 1.29506 118.948
      vertex 24.0326 0.964348 118.948
      vertex 24.2791 0.838728 118.567
    endloop
  endfacet
  facet normal 0.573122 -0.137547 0.807844
    outer loop
      vertex 23.5482 1.75479 119.558
      vertex 23.4908 1.51562 119.558
      vertex 23.853 1.39793 119.281
    endloop
  endfacet
  facet normal 0.654385 -0.271084 0.7059
    outer loop
      vertex 24.1696 1.29506 118.948
      vertex 23.853 1.39793 119.281
      vertex 24.0326 0.964348 118.948
    endloop
  endfacet
  facet normal 0.615874 -0.526052 0.586489
    outer loop
      vertex 23.8455 0.659133 118.948
      vertex 23.8087 0.191277 118.567
      vertex 24.0694 0.496491 118.567
    endloop
  endfacet
  facet normal 0.807485 -0.0635833 0.586452
    outer loop
      vertex 24.2812 2 118.948
      vertex 24.2531 1.64314 118.948
      vertex 24.5264 1.59985 118.567
    endloop
  endfacet
  facet normal 0.587528 0.0462432 0.807881
    outer loop
      vertex 23.9244 3.30479 119.281
      vertex 23.5482 3.24521 119.558
      vertex 23.5675 3 119.558
    endloop
  endfacet
  facet normal -0.346408 0.295881 0.8902
    outer loop
      vertex -22.8118 3.81179 119.772
      vertex -23.1084 4.10839 119.558
      vertex -22.9288 3.67481 119.772
    endloop
  endfacet
  facet normal 0.0123851 0.157163 0.987495
    outer loop
      vertex 22 3.70034 119.917
      vertex 22 3.23538 119.991
      vertex 22.0368 3.23248 119.991
    endloop
  endfacet
  facet normal 0.134402 0.082374 0.987497
    outer loop
      vertex 22.5666 3.41165 119.917
      vertex 22.1904 3.13835 119.991
      vertex 22.2097 3.10686 119.991
    endloop
  endfacet
  facet normal -0.346486 0.29584 0.890183
    outer loop
      vertex -23.1084 4.10839 119.558
      vertex -23.2681 3.92135 119.558
      vertex -22.9288 3.67481 119.772
    endloop
  endfacet
  facet normal 0.30803 -0.0241791 0.951069
    outer loop
      vertex 22.7003 2 119.917
      vertex 22.6917 1.89044 119.917
      vertex 23.148 2 119.772
    endloop
  endfacet
  facet normal 0 -0.157175 0.987571
    outer loop
      vertex -22 1.76462 119.991
      vertex 22 1.29966 119.917
      vertex 22 1.76462 119.991
    endloop
  endfacet
  facet normal 0 -0.157175 0.987571
    outer loop
      vertex 22 1.29966 119.917
      vertex -22 1.76462 119.991
      vertex -22 1.29966 119.917
    endloop
  endfacet
  facet normal -0.20061 0.234987 0.951071
    outer loop
      vertex -22.4116 3.56658 119.917
      vertex -22.8118 3.81179 119.772
      vertex -22.4952 3.49521 119.917
    endloop
  endfacet
  facet normal -0.0721105 0.300446 0.951069
    outer loop
      vertex -22.1796 4.13391 119.772
      vertex -22.3548 4.09186 119.772
      vertex -22.1096 3.69171 119.917
    endloop
  endfacet
  facet normal -0.443 0.106211 0.890208
    outer loop
      vertex -23.0919 3.35477 119.772
      vertex -23.5482 3.24521 119.558
      vertex -23.1339 3.17959 119.772
    endloop
  endfacet
  facet normal -0.454212 0.035914 0.89017
    outer loop
      vertex -23.1339 3.17959 119.772
      vertex -23.5675 3 119.558
      vertex -23.1481 3 119.772
    endloop
  endfacet
  facet normal -0.878982 -0.363938 0.308124
    outer loop
      vertex -24.4695 0.741702 118.148
      vertex -24.7743 1.09856 117.7
      vertex -24.5992 0.675659 117.7
    endloop
  endfacet
  facet normal -0.842212 -0.516088 0.155989
    outer loop
      vertex -24.36 0.285365 117.7
      vertex -24.6648 0.642226 117.235
      vertex -24.4196 0.24208 117.235
    endloop
  endfacet
  facet normal -0.890827 0 0.454343
    outer loop
      vertex -24.7716 2 118.148
      vertex -24.5579 3 118.567
      vertex -24.7716 3 118.148
    endloop
  endfacet
  facet normal -0.890827 0 0.454343
    outer loop
      vertex -24.5579 3 118.567
      vertex -24.7716 2 118.148
      vertex -24.5579 2 118.567
    endloop
  endfacet
  facet normal -0.987672 0 0.156541
    outer loop
      vertex -24.9908 2 117.235
      vertex -24.9171 3 117.7
      vertex -24.9908 3 117.235
    endloop
  endfacet
  facet normal -0.987672 0 0.156541
    outer loop
      vertex -24.9171 3 117.7
      vertex -24.9908 2 117.235
      vertex -24.9171 2 117.7
    endloop
  endfacet
  facet normal -0.996904 -0.0786256 0
    outer loop
      vertex -24.9539 1.53214 2.76462
      vertex -24.9908 2 117.235
      vertex -24.9908 2 2.76462
    endloop
  endfacet
  facet normal -0.996904 -0.0786256 0
    outer loop
      vertex -24.9908 2 117.235
      vertex -24.9539 1.53214 2.76462
      vertex -24.9539 1.53214 117.235
    endloop
  endfacet
  facet normal -0.654406 0.271067 0.705887
    outer loop
      vertex -23.736 3.88453 119.281
      vertex -24.0326 4.03565 118.948
      vertex -23.853 3.60207 119.281
    endloop
  endfacet
  facet normal -0.420856 0.174482 0.890189
    outer loop
      vertex -23.0229 3.5212 119.772
      vertex -23.3966 3.71163 119.558
      vertex -23.0919 3.35477 119.772
    endloop
  endfacet
  facet normal -0.024254 -0.308023 0.95107
    outer loop
      vertex -22 1.29966 119.917
      vertex -22.1096 1.30829 119.917
      vertex -22 0.85195 119.772
    endloop
  endfacet
  facet normal 0.024254 -0.308023 0.95107
    outer loop
      vertex 22 1.29966 119.917
      vertex 22 0.85195 119.772
      vertex 22.1096 1.30829 119.917
    endloop
  endfacet
  facet normal -0.0242403 -0.30802 0.951071
    outer loop
      vertex -22.1096 1.30829 119.917
      vertex -22.1796 0.866084 119.772
      vertex -22 0.85195 119.772
    endloop
  endfacet
  facet normal 0.263474 0.161402 0.951068
    outer loop
      vertex 23.0229 3.5212 119.772
      vertex 22.5666 3.41165 119.917
      vertex 22.624 3.31795 119.917
    endloop
  endfacet
  facet normal 0 -0.308114 0.951349
    outer loop
      vertex -22 1.29966 119.917
      vertex 22 0.85195 119.772
      vertex 22 1.29966 119.917
    endloop
  endfacet
  facet normal 0 -0.308114 0.951349
    outer loop
      vertex 22 0.85195 119.772
      vertex -22 1.29966 119.917
      vertex -22 0.85195 119.772
    endloop
  endfacet
  facet normal -0.134402 -0.082374 0.987497
    outer loop
      vertex -22.2097 1.89314 119.991
      vertex -22.5666 1.58835 119.917
      vertex -22.1904 1.86165 119.991
    endloop
  endfacet
  facet normal 0.234889 -0.200707 0.951075
    outer loop
      vertex 22.5666 1.58835 119.917
      vertex 22.4952 1.50479 119.917
      vertex 22.8118 1.18821 119.772
    endloop
  endfacet
  facet normal 0.285418 -0.11835 0.951068
    outer loop
      vertex 22.6661 1.78358 119.917
      vertex 22.624 1.68205 119.917
      vertex 23.0919 1.64523 119.772
    endloop
  endfacet
  facet normal 0.587623 -0.0460782 0.807822
    outer loop
      vertex 23.9483 2 119.281
      vertex 23.5675 2 119.558
      vertex 23.9244 1.69521 119.281
    endloop
  endfacet
  facet normal 0.706128 -0.0553708 0.705916
    outer loop
      vertex 23.9483 2 119.281
      vertex 23.9244 1.69521 119.281
      vertex 24.2812 2 118.948
    endloop
  endfacet
  facet normal 0.30812 0 0.951347
    outer loop
      vertex 22.7003 3 119.917
      vertex 23.148 2 119.772
      vertex 23.148 3 119.772
    endloop
  endfacet
  facet normal 0.30812 0 0.951347
    outer loop
      vertex 23.148 2 119.772
      vertex 22.7003 3 119.917
      vertex 22.7003 2 119.917
    endloop
  endfacet
  facet normal 0.588247 0 0.808681
    outer loop
      vertex 23.5675 3 119.558
      vertex 23.9483 2 119.281
      vertex 23.9483 3 119.281
    endloop
  endfacet
  facet normal 0.588247 0 0.808681
    outer loop
      vertex 23.9483 2 119.281
      vertex 23.5675 3 119.558
      vertex 23.5675 2 119.558
    endloop
  endfacet
  facet normal 0.15718 -0.012338 0.987493
    outer loop
      vertex 22.7003 2 119.917
      vertex 22.2325 1.96318 119.991
      vertex 22.6917 1.89044 119.917
    endloop
  endfacet
  facet normal 0.544468 -0.225529 0.807893
    outer loop
      vertex 23.853 1.39793 119.281
      vertex 23.3966 1.28837 119.558
      vertex 23.736 1.11547 119.281
    endloop
  endfacet
  facet normal -0.134402 0.082374 0.987497
    outer loop
      vertex -22.1904 3.13835 119.991
      vertex -22.5666 3.41165 119.917
      vertex -22.2097 3.10686 119.991
    endloop
  endfacet
  facet normal -0.234942 -0.200673 0.951069
    outer loop
      vertex -22.5666 1.58835 119.917
      vertex -22.9288 1.32519 119.772
      vertex -22.8118 1.18821 119.772
    endloop
  endfacet
  facet normal 0.20061 -0.234987 0.951071
    outer loop
      vertex 22.4952 1.50479 119.917
      vertex 22.4116 1.43342 119.917
      vertex 22.8118 1.18821 119.772
    endloop
  endfacet
  facet normal 0.0602424 0.145706 0.987492
    outer loop
      vertex 22.3179 3.624 119.917
      vertex 22.0727 3.22386 119.991
      vertex 22.1069 3.20972 119.991
    endloop
  endfacet
  facet normal -0.0123751 -0.157163 0.987495
    outer loop
      vertex -22.0368 1.76752 119.991
      vertex -22.1096 1.30829 119.917
      vertex -22 1.29966 119.917
    endloop
  endfacet
  facet normal 0.502562 0.30793 0.807843
    outer loop
      vertex 23.5762 4.14521 119.281
      vertex 23.2681 3.92135 119.558
      vertex 23.3966 3.71163 119.558
    endloop
  endfacet
  facet normal 0.502446 0.308006 0.807886
    outer loop
      vertex 23.5762 4.14521 119.281
      vertex 23.3966 3.71163 119.558
      vertex 23.736 3.88453 119.281
    endloop
  endfacet
  facet normal 0.423248 0.690629 0.586424
    outer loop
      vertex 23.1613 5.27912 118.567
      vertex 23.0357 5.03258 118.948
      vertex 23.3409 4.84554 118.948
    endloop
  endfacet
  facet normal 0.423257 0.690628 0.586419
    outer loop
      vertex 23.5035 5.0694 118.567
      vertex 23.1613 5.27912 118.567
      vertex 23.3409 4.84554 118.948
    endloop
  endfacet
  facet normal 0.271106 0.654362 0.705912
    outer loop
      vertex 23.0357 5.03258 118.948
      vertex 22.6021 4.85299 119.281
      vertex 22.8845 4.73599 119.281
    endloop
  endfacet
  facet normal 0.22559 0.544501 0.807854
    outer loop
      vertex 22.8845 4.73599 119.281
      vertex 22.6021 4.85299 119.281
      vertex 22.7116 4.39665 119.558
    endloop
  endfacet
  facet normal 0.106341 0.442996 0.890195
    outer loop
      vertex 22.4844 4.49078 119.558
      vertex 22.2452 4.5482 119.558
      vertex 22.3548 4.09186 119.772
    endloop
  endfacet
  facet normal 0.174377 0.420891 0.890193
    outer loop
      vertex 22.4844 4.49078 119.558
      vertex 22.3548 4.09186 119.772
      vertex 22.7116 4.39665 119.558
    endloop
  endfacet
  facet normal 0.0462481 0.587566 0.807853
    outer loop
      vertex 22.3048 4.92436 119.281
      vertex 22 4.5675 119.558
      vertex 22.2452 4.5482 119.558
    endloop
  endfacet
  facet normal 0.137578 0.573098 0.807856
    outer loop
      vertex 22.3048 4.92436 119.281
      vertex 22.2452 4.5482 119.558
      vertex 22.6021 4.85299 119.281
    endloop
  endfacet
  facet normal -0.0462274 0.587578 0.807846
    outer loop
      vertex -22 4.94834 119.281
      vertex -22.3048 4.92436 119.281
      vertex -22 4.5675 119.558
    endloop
  endfacet
  facet normal 0.677791 0.578946 0.453233
    outer loop
      vertex 23.9598 4.95984 118.148
      vertex 23.8087 4.80872 118.567
      vertex 24.0694 4.50351 118.567
    endloop
  endfacet
  facet normal 0.615872 0.526057 0.586487
    outer loop
      vertex 24.0694 4.50351 118.567
      vertex 23.8087 4.80872 118.567
      vertex 23.8455 4.34087 118.948
    endloop
  endfacet
  facet normal 0.706128 0.0553708 0.705916
    outer loop
      vertex 24.2812 3 118.948
      vertex 23.9244 3.30479 119.281
      vertex 23.9483 3 119.281
    endloop
  endfacet
  facet normal 0.707213 -0 0.707001
    outer loop
      vertex 23.9483 2 119.281
      vertex 24.2812 3 118.948
      vertex 23.9483 3 119.281
    endloop
  endfacet
  facet normal 0.707213 0 0.707001
    outer loop
      vertex 24.2812 3 118.948
      vertex 23.9483 2 119.281
      vertex 24.2812 2 118.948
    endloop
  endfacet
  facet normal 0.102359 0.119899 0.987495
    outer loop
      vertex 22.4116 3.56658 119.917
      vertex 22.1664 3.16644 119.991
      vertex 22.4952 3.49521 119.917
    endloop
  endfacet
  facet normal 0.161435 0.263428 0.951075
    outer loop
      vertex 22.5212 4.02292 119.772
      vertex 22.4116 3.56658 119.917
      vertex 22.6748 3.92879 119.772
    endloop
  endfacet
  facet normal 0.28542 0.118332 0.951069
    outer loop
      vertex 23.0229 3.5212 119.772
      vertex 22.624 3.31795 119.917
      vertex 23.0919 3.35477 119.772
    endloop
  endfacet
  facet normal 0.145631 -0.0603869 0.987494
    outer loop
      vertex 22.6661 1.78358 119.917
      vertex 22.2239 1.92726 119.991
      vertex 22.624 1.68205 119.917
    endloop
  endfacet
  facet normal 0.346486 0.29584 0.890183
    outer loop
      vertex 23.1084 4.10839 119.558
      vertex 22.9288 3.67481 119.772
      vertex 23.2681 3.92135 119.558
    endloop
  endfacet
  facet normal 0.234942 0.200673 0.951069
    outer loop
      vertex 22.8118 3.81179 119.772
      vertex 22.5666 3.41165 119.917
      vertex 22.9288 3.67481 119.772
    endloop
  endfacet
  facet normal 0.454159 -0.0357459 0.890203
    outer loop
      vertex 23.5675 2 119.558
      vertex 23.1339 1.82041 119.772
      vertex 23.5482 1.75479 119.558
    endloop
  endfacet
  facet normal 0 -0.156433 -0.987689
    outer loop
      vertex -22 1.29966 0.0828896
      vertex 22 1.76462 0.00924778
      vertex 22 1.29966 0.0828896
    endloop
  endfacet
  facet normal -0 -0.156433 -0.987689
    outer loop
      vertex 22 1.76462 0.00924778
      vertex -22 1.29966 0.0828896
      vertex -22 1.76462 0.00924778
    endloop
  endfacet
  facet normal -0.0357049 -0.4537 -0.890439
    outer loop
      vertex -22 0.432504 0.442079
      vertex -22.1796 0.866084 0.228361
      vertex -22 0.85195 0.228361
    endloop
  endfacet
  facet normal 0.447915 -0.382448 -0.80815
    outer loop
      vertex 23.3777 0.622313 0.718781
      vertex 23.1084 0.891613 0.442079
      vertex 23.2681 1.07865 0.442079
    endloop
  endfacet
  facet normal 0.587115 0.0462107 -0.808183
    outer loop
      vertex 23.5675 3 0.442079
      vertex 23.5482 3.24521 0.442079
      vertex 23.9244 3.30479 0.718781
    endloop
  endfacet
  facet normal 0.0243221 0.308928 -0.950774
    outer loop
      vertex 22.1096 3.69171 0.0828896
      vertex 22 4.14805 0.228361
      vertex 22.1796 4.13391 0.228361
    endloop
  endfacet
  facet normal 0.152594 0.0365445 -0.987613
    outer loop
      vertex 22.2325 3.03682 0.00924778
      vertex 22.2239 3.07273 0.00924778
      vertex 22.6917 3.10956 0.0828896
    endloop
  endfacet
  facet normal 0.29558 -0.346012 -0.890454
    outer loop
      vertex 22.9214 0.731869 0.442079
      vertex 22.6748 1.07121 0.228361
      vertex 23.1084 0.891613 0.442079
    endloop
  endfacet
  facet normal 0.106233 -0.442536 -0.890436
    outer loop
      vertex 22.4844 0.509223 0.442079
      vertex 22.2452 0.451802 0.442079
      vertex 22.3548 0.908139 0.228361
    endloop
  endfacet
  facet normal 0.615957 -0.525898 -0.586539
    outer loop
      vertex 23.8087 0.191277 1.4325
      vertex 23.6131 0.386935 1.05166
      vertex 23.8455 0.659133 1.05166
    endloop
  endfacet
  facet normal 0.459899 -0.538518 -0.706039
    outer loop
      vertex 23.3409 0.154455 1.05166
      vertex 23.1452 0.423756 0.718781
      vertex 23.3777 0.622313 0.718781
    endloop
  endfacet
  facet normal 0.0819915 -0.133797 -0.987611
    outer loop
      vertex 22.3179 1.376 0.0828896
      vertex 22.1069 1.79028 0.00924778
      vertex 22.4116 1.43342 0.0828896
    endloop
  endfacet
  facet normal -0.420436 0.17428 -0.890427
    outer loop
      vertex -23.0919 3.35477 0.228361
      vertex -23.4908 3.48438 0.442079
      vertex -23.3966 3.71163 0.442079
    endloop
  endfacet
  facet normal -0.10623 0.442533 -0.890438
    outer loop
      vertex -22.3548 4.09186 0.228361
      vertex -22.4844 4.49078 0.442079
      vertex -22.2452 4.5482 0.442079
    endloop
  endfacet
  facet normal -0.38808 0.237785 -0.890422
    outer loop
      vertex -22.9288 3.67481 0.228361
      vertex -23.3966 3.71163 0.442079
      vertex -23.2681 3.92135 0.442079
    endloop
  endfacet
  facet normal -0.307726 0.502186 -0.808154
    outer loop
      vertex -22.7116 4.39665 0.442079
      vertex -23.1452 4.57624 0.718781
      vertex -22.8845 4.73599 0.718781
    endloop
  endfacet
  facet normal 0.0555453 0.706014 -0.706016
    outer loop
      vertex 22.3048 4.92436 0.718781
      vertex 22 4.94834 0.718781
      vertex 22 5.28122 1.05166
    endloop
  endfacet
  facet normal 0.174195 0.420452 -0.890436
    outer loop
      vertex 22.5212 4.02292 0.228361
      vertex 22.3548 4.09186 0.228361
      vertex 22.7116 4.39665 0.442079
    endloop
  endfacet
  facet normal 0.0723224 0.301329 -0.950773
    outer loop
      vertex 22.3548 4.09186 0.228361
      vertex 22.1096 3.69171 0.0828896
      vertex 22.1796 4.13391 0.228361
    endloop
  endfacet
  facet normal 0.208127 0.866937 -0.452884
    outer loop
      vertex 22.7904 5.43273 1.4325
      vertex 22.4001 5.52643 1.4325
      vertex 22.8565 5.63598 1.85195
    endloop
  endfacet
  facet normal 0 0.156433 -0.987689
    outer loop
      vertex -22 3.23538 0.00924778
      vertex 22 3.70034 0.0828896
      vertex 22 3.23538 0.00924778
    endloop
  endfacet
  facet normal 0 0.156433 -0.987689
    outer loop
      vertex 22 3.70034 0.0828896
      vertex -22 3.23538 0.00924778
      vertex -22 3.70034 0.0828896
    endloop
  endfacet
  facet normal 0 0.453986 -0.891009
    outer loop
      vertex -22 4.14805 0.228361
      vertex 22 4.5675 0.442079
      vertex 22 4.14805 0.228361
    endloop
  endfacet
  facet normal 0 0.453986 -0.891009
    outer loop
      vertex 22 4.5675 0.442079
      vertex -22 4.14805 0.228361
      vertex -22 4.5675 0.442079
    endloop
  endfacet
  facet normal 0.0462156 0.587154 -0.808155
    outer loop
      vertex 22.2452 4.5482 0.442079
      vertex 22 4.5675 0.442079
      vertex 22.3048 4.92436 0.718781
    endloop
  endfacet
  facet normal 0.165319 0.688656 -0.705991
    outer loop
      vertex 22.6021 4.85299 0.718781
      vertex 22.3048 4.92436 0.718781
      vertex 22.7049 5.16957 1.05166
    endloop
  endfacet
  facet normal 0.688597 -0.165386 -0.706032
    outer loop
      vertex 24.1696 1.29506 1.05166
      vertex 23.853 1.39793 0.718781
      vertex 23.9244 1.69521 0.718781
    endloop
  endfacet
  facet normal 0.442537 -0.1061 -0.890451
    outer loop
      vertex 23.5482 1.75479 0.442079
      vertex 23.0919 1.64523 0.228361
      vertex 23.1339 1.82041 0.228361
    endloop
  endfacet
  facet normal 0.891024 0 -0.453956
    outer loop
      vertex 24.7716 2 1.85195
      vertex 24.5579 3 1.4325
      vertex 24.7716 3 1.85195
    endloop
  endfacet
  facet normal 0.891024 0 -0.453956
    outer loop
      vertex 24.5579 3 1.4325
      vertex 24.7716 2 1.85195
      vertex 24.5579 2 1.4325
    endloop
  endfacet
  facet normal 0.925052 -0.222021 -0.308198
    outer loop
      vertex 24.8812 1.54366 2.29966
      vertex 24.636 1.14352 1.85195
      vertex 24.7375 1.56642 1.85195
    endloop
  endfacet
  facet normal 0.948393 -0.0746095 -0.308195
    outer loop
      vertex 24.8812 1.54366 2.29966
      vertex 24.7375 1.56642 1.85195
      vertex 24.9171 2 2.29966
    endloop
  endfacet
  facet normal 0.890827 -0 0.454343
    outer loop
      vertex 24.5579 2 118.567
      vertex 24.7716 3 118.148
      vertex 24.5579 3 118.567
    endloop
  endfacet
  facet normal 0.890827 0 0.454343
    outer loop
      vertex 24.7716 3 118.148
      vertex 24.5579 2 118.567
      vertex 24.7716 2 118.148
    endloop
  endfacet
  facet normal 0.888649 -0.06989 0.453232
    outer loop
      vertex 24.7716 2 118.148
      vertex 24.5579 2 118.567
      vertex 24.7375 1.56642 118.148
    endloop
  endfacet
  facet normal 0.925116 -0.222186 0.307886
    outer loop
      vertex 24.8812 1.54366 117.7
      vertex 24.636 1.14352 118.148
      vertex 24.7743 1.09856 117.7
    endloop
  endfacet
  facet normal 0.751079 -0.641521 0.155984
    outer loop
      vertex 24.36 0.285365 117.7
      vertex 24.0627 -0.0627079 117.7
      vertex 24.4196 0.24208 117.235
    endloop
  endfacet
  facet normal 0.878952 -0.364209 0.307888
    outer loop
      vertex 24.636 1.14352 118.148
      vertex 24.4695 0.741702 118.148
      vertex 24.7743 1.09856 117.7
    endloop
  endfacet
  facet normal 0.842212 -0.516088 0.155989
    outer loop
      vertex 24.6648 0.642226 117.235
      vertex 24.36 0.285365 117.7
      vertex 24.4196 0.24208 117.235
    endloop
  endfacet
  facet normal 0.723352 -0.617892 -0.308174
    outer loop
      vertex 24.36 0.285365 2.29966
      vertex 23.9598 0.0401554 1.85195
      vertex 24.2423 0.370872 1.85195
    endloop
  endfacet
  facet normal 0.748281 -0.309941 -0.586526
    outer loop
      vertex 24.2791 0.838728 1.4325
      vertex 24.1696 1.29506 1.05166
      vertex 24.4327 1.20956 1.4325
    endloop
  endfacet
  facet normal 0.923877 -0.38269 0
    outer loop
      vertex 24.6648 0.642226 117.235
      vertex 24.8444 1.07581 2.76462
      vertex 24.8444 1.07581 117.235
    endloop
  endfacet
  facet normal 0.923877 -0.38269 0
    outer loop
      vertex 24.8444 1.07581 2.76462
      vertex 24.6648 0.642226 117.235
      vertex 24.6648 0.642226 2.76462
    endloop
  endfacet
  facet normal 0.751082 -0.641512 -0.156005
    outer loop
      vertex 24.1148 -0.11478 2.76462
      vertex 24.0627 -0.0627079 2.29966
      vertex 24.4196 0.24208 2.76462
    endloop
  endfacet
  facet normal 0.751084 -0.641513 0.155992
    outer loop
      vertex 24.4196 0.24208 117.235
      vertex 24.0627 -0.0627079 117.7
      vertex 24.1148 -0.11478 117.235
    endloop
  endfacet
  facet normal 0.617807 -0.723413 -0.308202
    outer loop
      vertex 24.0627 -0.0627079 2.29966
      vertex 23.7146 -0.359991 2.29966
      vertex 23.9598 0.0401554 1.85195
    endloop
  endfacet
  facet normal 0.465878 -0.760183 -0.452857
    outer loop
      vertex 23.6291 -0.242302 1.85195
      vertex 23.2583 -0.469547 1.85195
      vertex 23.5035 -0.0694008 1.4325
    endloop
  endfacet
  facet normal 0.751078 -0.641519 -0.155997
    outer loop
      vertex 24.4196 0.24208 2.76462
      vertex 24.0627 -0.0627079 2.29966
      vertex 24.36 0.285365 2.29966
    endloop
  endfacet
  facet normal 0.641458 -0.75113 -0.155998
    outer loop
      vertex 24.1148 -0.11478 2.76462
      vertex 23.7579 -0.419569 2.76462
      vertex 24.0627 -0.0627079 2.29966
    endloop
  endfacet
  facet normal 0.984734 0.0774684 0.155877
    outer loop
      vertex 24.9539 3.46786 117.235
      vertex 24.8812 3.45634 117.7
      vertex 24.9171 3 117.7
    endloop
  endfacet
  facet normal 0.460017 0.538613 0.70589
    outer loop
      vertex 23.6131 4.61306 118.948
      vertex 23.3409 4.84554 118.948
      vertex 23.3777 4.37769 119.281
    endloop
  endfacet
  facet normal 0.538683 0.459936 0.705889
    outer loop
      vertex 23.6131 4.61306 118.948
      vertex 23.3777 4.37769 119.281
      vertex 23.8455 4.34087 118.948
    endloop
  endfacet
  facet normal 0.852652 0.52248 0
    outer loop
      vertex 24.6648 4.35777 117.235
      vertex 24.4196 4.75792 2.76462
      vertex 24.4196 4.75792 117.235
    endloop
  endfacet
  facet normal 0.852652 0.52248 0
    outer loop
      vertex 24.4196 4.75792 2.76462
      vertex 24.6648 4.35777 117.235
      vertex 24.6648 4.35777 2.76462
    endloop
  endfacet
  facet normal 0.811082 0.497094 -0.308292
    outer loop
      vertex 24.4695 4.2583 1.85195
      vertex 24.36 4.71463 2.29966
      vertex 24.5992 4.32434 2.29966
    endloop
  endfacet
  facet normal 0.723387 0.617855 -0.308167
    outer loop
      vertex 24.2423 4.62913 1.85195
      vertex 24.0627 5.06271 2.29966
      vertex 24.36 4.71463 2.29966
    endloop
  endfacet
  facet normal 0.378014 0.91256 0.156012
    outer loop
      vertex 23.3578 5.66478 117.235
      vertex 22.9014 5.77434 117.7
      vertex 23.3243 5.59916 117.7
    endloop
  endfacet
  facet normal 0.377977 0.912583 0.15597
    outer loop
      vertex 22.9242 5.84437 117.235
      vertex 22.9014 5.77434 117.7
      vertex 23.3578 5.66478 117.235
    endloop
  endfacet
  facet normal 0.364104 0.878979 0.307936
    outer loop
      vertex 23.3243 5.59916 117.7
      vertex 22.9014 5.77434 117.7
      vertex 23.2583 5.46955 118.148
    endloop
  endfacet
  facet normal 0.723379 0.617927 0.30804
    outer loop
      vertex 24.0627 5.06271 117.7
      vertex 23.9598 4.95984 118.148
      vertex 24.2423 4.62913 118.148
    endloop
  endfacet
  facet normal -0.526069 0.61595 0.586393
    outer loop
      vertex -23.3409 4.84554 118.948
      vertex -23.8087 4.80872 118.567
      vertex -23.6131 4.61306 118.948
    endloop
  endfacet
  facet normal -0.460017 0.538613 0.70589
    outer loop
      vertex -23.3409 4.84554 118.948
      vertex -23.6131 4.61306 118.948
      vertex -23.3777 4.37769 119.281
    endloop
  endfacet
  facet normal -0.502562 0.30793 0.807843
    outer loop
      vertex -23.2681 3.92135 119.558
      vertex -23.5762 4.14521 119.281
      vertex -23.3966 3.71163 119.558
    endloop
  endfacet
  facet normal -0.263474 0.161402 0.951068
    outer loop
      vertex -22.5666 3.41165 119.917
      vertex -23.0229 3.5212 119.772
      vertex -22.624 3.31795 119.917
    endloop
  endfacet
  facet normal -0.578931 0.677803 0.453236
    outer loop
      vertex -23.5035 5.0694 118.567
      vertex -23.9598 4.95984 118.148
      vertex -23.8087 4.80872 118.567
    endloop
  endfacet
  facet normal -0.52608 0.615926 0.586409
    outer loop
      vertex -23.5035 5.0694 118.567
      vertex -23.8087 4.80872 118.567
      vertex -23.3409 4.84554 118.948
    endloop
  endfacet
  facet normal -0.641461 0.751131 0.155982
    outer loop
      vertex -23.7579 5.41957 117.235
      vertex -24.1148 5.11478 117.235
      vertex -24.0627 5.06271 117.7
    endloop
  endfacet
  facet normal -0.751085 0.641512 0.155991
    outer loop
      vertex -24.0627 5.06271 117.7
      vertex -24.4196 4.75792 117.235
      vertex -24.36 4.71463 117.7
    endloop
  endfacet
  facet normal -0.38266 0.923889 0
    outer loop
      vertex -22.9242 5.84437 2.76462
      vertex -23.3578 5.66478 117.235
      vertex -22.9242 5.84437 117.235
    endloop
  endfacet
  facet normal -0.38266 0.923889 0
    outer loop
      vertex -23.3578 5.66478 117.235
      vertex -22.9242 5.84437 2.76462
      vertex -23.3578 5.66478 2.76462
    endloop
  endfacet
  facet normal -0.522543 0.852613 0
    outer loop
      vertex -23.3578 5.66478 2.76462
      vertex -23.7579 5.41957 117.235
      vertex -23.3578 5.66478 117.235
    endloop
  endfacet
  facet normal -0.522543 0.852613 0
    outer loop
      vertex -23.7579 5.41957 117.235
      vertex -23.3578 5.66478 2.76462
      vertex -23.7579 5.41957 2.76462
    endloop
  endfacet
  facet normal -0.16538 0.688754 0.70588
    outer loop
      vertex -22.3569 5.25313 118.948
      vertex -22.7049 5.16957 118.948
      vertex -22.3048 4.92436 119.281
    endloop
  endfacet
  facet normal -0.271023 0.654459 0.705855
    outer loop
      vertex -22.7049 5.16957 118.948
      vertex -23.0357 5.03258 118.948
      vertex -22.6021 4.85299 119.281
    endloop
  endfacet
  facet normal -0.677791 0.578946 0.453233
    outer loop
      vertex -23.9598 4.95984 118.148
      vertex -24.0694 4.50351 118.567
      vertex -23.8087 4.80872 118.567
    endloop
  endfacet
  facet normal -0.538681 0.459945 0.705885
    outer loop
      vertex -23.3777 4.37769 119.281
      vertex -23.8455 4.34087 118.948
      vertex -23.5762 4.14521 119.281
    endloop
  endfacet
  facet normal -0.603894 0.370187 0.705885
    outer loop
      vertex -23.8455 4.34087 118.948
      vertex -24.0326 4.03565 118.948
      vertex -23.5762 4.14521 119.281
    endloop
  endfacet
  facet normal -0.948447 0.074593 0.308033
    outer loop
      vertex -24.7375 3.43358 118.148
      vertex -24.9171 3 117.7
      vertex -24.7716 3 118.148
    endloop
  endfacet
  facet normal -0.984688 0.0776621 0.156068
    outer loop
      vertex -24.9539 3.46786 117.235
      vertex -24.9908 3 117.235
      vertex -24.9171 3 117.7
    endloop
  endfacet
  facet normal -0.888649 0.06989 0.453232
    outer loop
      vertex -24.7375 3.43358 118.148
      vertex -24.7716 3 118.148
      vertex -24.5579 3 118.567
    endloop
  endfacet
  facet normal -0.807494 -0.0635663 0.58644
    outer loop
      vertex -24.2812 2 118.948
      vertex -24.5579 2 118.567
      vertex -24.5264 1.59985 118.567
    endloop
  endfacet
  facet normal -0.688862 0.165249 0.705806
    outer loop
      vertex -24.1696 3.70494 118.948
      vertex -24.2531 3.35686 118.948
      vertex -23.9244 3.30479 119.281
    endloop
  endfacet
  facet normal -0.948451 0.0746141 0.308015
    outer loop
      vertex -24.8812 3.45634 117.7
      vertex -24.9171 3 117.7
      vertex -24.7375 3.43358 118.148
    endloop
  endfacet
  facet normal 0.225429 -0.544121 -0.808155
    outer loop
      vertex 22.8845 0.264012 0.718781
      vertex 22.6021 0.147014 0.718781
      vertex 22.7116 0.603351 0.442079
    endloop
  endfacet
  facet normal 0.237715 -0.38806 -0.89045
    outer loop
      vertex 22.7116 0.603351 0.442079
      vertex 22.6748 1.07121 0.228361
      vertex 22.9214 0.731869 0.442079
    endloop
  endfacet
  facet normal 0.189058 -0.787498 -0.586604
    outer loop
      vertex 22.7904 -0.432727 1.4325
      vertex 22.4001 -0.526428 1.4325
      vertex 22.7049 -0.169567 1.05166
    endloop
  endfacet
  facet normal 0.165359 -0.688623 -0.706013
    outer loop
      vertex 22.3569 -0.253132 1.05166
      vertex 22.3048 0.0756426 0.718781
      vertex 22.7049 -0.169567 1.05166
    endloop
  endfacet
  facet normal 0.137484 -0.572695 -0.808157
    outer loop
      vertex 22.3048 0.0756426 0.718781
      vertex 22.2452 0.451802 0.442079
      vertex 22.6021 0.147014 0.718781
    endloop
  endfacet
  facet normal 0.0723299 -0.301324 -0.950774
    outer loop
      vertex 22.1796 0.866084 0.228361
      vertex 22.1096 1.30829 0.0828896
      vertex 22.3548 0.908139 0.228361
    endloop
  endfacet
  facet normal -0.0699594 -0.888821 -0.452882
    outer loop
      vertex -22 -0.55792 1.4325
      vertex -22.4336 -0.737514 1.85195
      vertex -22.4001 -0.526428 1.4325
    endloop
  endfacet
  facet normal -0.06995 -0.888826 -0.452874
    outer loop
      vertex -22 -0.771638 1.85195
      vertex -22.4336 -0.737514 1.85195
      vertex -22 -0.55792 1.4325
    endloop
  endfacet
  facet normal -0.165359 -0.688623 -0.706013
    outer loop
      vertex -22.3569 -0.253132 1.05166
      vertex -22.7049 -0.169567 1.05166
      vertex -22.3048 0.0756426 0.718781
    endloop
  endfacet
  facet normal -0.0555597 -0.706019 -0.70601
    outer loop
      vertex -22 -0.281218 1.05166
      vertex -22.3569 -0.253132 1.05166
      vertex -22.3048 0.0756426 0.718781
    endloop
  endfacet
  facet normal -0.522543 -0.852613 0
    outer loop
      vertex -23.7579 -0.419569 2.76462
      vertex -23.3578 -0.664779 117.235
      vertex -23.7579 -0.419569 117.235
    endloop
  endfacet
  facet normal -0.522543 -0.852613 -0
    outer loop
      vertex -23.3578 -0.664779 117.235
      vertex -23.7579 -0.419569 2.76462
      vertex -23.3578 -0.664779 2.76462
    endloop
  endfacet
  facet normal -0.36409 -0.878981 0.307946
    outer loop
      vertex -23.2583 -0.469547 118.148
      vertex -23.3243 -0.599163 117.7
      vertex -22.9014 -0.774336 117.7
    endloop
  endfacet
  facet normal -0.230588 -0.960467 0.15599
    outer loop
      vertex -22.4563 -0.881195 117.7
      vertex -22.9014 -0.774336 117.7
      vertex -22.4679 -0.953931 117.235
    endloop
  endfacet
  facet normal -0.0775041 -0.984717 0.155964
    outer loop
      vertex -22.4563 -0.881195 117.7
      vertex -22.4679 -0.953931 117.235
      vertex -22 -0.917109 117.7
    endloop
  endfacet
  facet normal -0.578927 -0.677805 0.453237
    outer loop
      vertex -23.5035 -0.0694008 118.567
      vertex -23.9598 0.0401554 118.148
      vertex -23.6291 -0.242302 118.148
    endloop
  endfacet
  facet normal -0.465776 -0.760015 0.453243
    outer loop
      vertex -23.5035 -0.0694008 118.567
      vertex -23.6291 -0.242302 118.148
      vertex -23.2583 -0.469547 118.148
    endloop
  endfacet
  facet normal -0.0699345 -0.88863 0.453261
    outer loop
      vertex -22 -0.55792 118.567
      vertex -22.4336 -0.737514 118.148
      vertex -22 -0.771638 118.148
    endloop
  endfacet
  facet normal -0.0555716 -0.706148 0.70588
    outer loop
      vertex -22 0.0516558 119.281
      vertex -22.3048 0.0756426 119.281
      vertex -22 -0.281218 118.948
    endloop
  endfacet
  facet normal -0.063558 -0.807493 0.586443
    outer loop
      vertex -22 -0.281218 118.948
      vertex -22.4001 -0.526428 118.567
      vertex -22 -0.55792 118.567
    endloop
  endfacet
  facet normal -0.309907 -0.748369 0.586431
    outer loop
      vertex -23.0357 -0.0325794 118.948
      vertex -23.1613 -0.279123 118.567
      vertex -22.7049 -0.169567 118.948
    endloop
  endfacet
  facet normal -0.748281 -0.309941 -0.586526
    outer loop
      vertex -24.2791 0.838728 1.4325
      vertex -24.4327 1.20956 1.4325
      vertex -24.1696 1.29506 1.05166
    endloop
  endfacet
  facet normal -0.891024 0 -0.453956
    outer loop
      vertex -24.5579 2 1.4325
      vertex -24.7716 3 1.85195
      vertex -24.5579 3 1.4325
    endloop
  endfacet
  facet normal -0.891024 -0 -0.453956
    outer loop
      vertex -24.7716 3 1.85195
      vertex -24.5579 2 1.4325
      vertex -24.7716 2 1.85195
    endloop
  endfacet
  facet normal -0.264249 0.161877 -0.950773
    outer loop
      vertex -22.624 3.31795 0.0828896
      vertex -23.0229 3.5212 0.228361
      vertex -22.5666 3.41165 0.0828896
    endloop
  endfacet
  facet normal -0.382512 -0.447901 -0.808127
    outer loop
      vertex -23.1452 0.423756 0.718781
      vertex -23.3777 0.622313 0.718781
      vertex -22.9214 0.731869 0.442079
    endloop
  endfacet
  facet normal -0.677919 -0.579082 -0.452869
    outer loop
      vertex -23.9598 0.0401554 1.85195
      vertex -24.2423 0.370872 1.85195
      vertex -24.0694 0.496491 1.4325
    endloop
  endfacet
  facet normal -0.641471 -0.751122 -0.155983
    outer loop
      vertex -23.7579 -0.419569 2.76462
      vertex -24.0627 -0.0627079 2.29966
      vertex -23.7146 -0.359991 2.29966
    endloop
  endfacet
  facet normal -0.497072 -0.811162 -0.308115
    outer loop
      vertex -23.3243 -0.599163 2.29966
      vertex -23.7146 -0.359991 2.29966
      vertex -23.2583 -0.469547 1.85195
    endloop
  endfacet
  facet normal -0.364068 -0.878927 -0.308127
    outer loop
      vertex -22.9014 -0.774336 2.29966
      vertex -23.3243 -0.599163 2.29966
      vertex -23.2583 -0.469547 1.85195
    endloop
  endfacet
  facet normal -0.189058 -0.787498 -0.586604
    outer loop
      vertex -22.4001 -0.526428 1.4325
      vertex -22.7904 -0.432727 1.4325
      vertex -22.7049 -0.169567 1.05166
    endloop
  endfacet
  facet normal -0.341194 -0.823686 -0.45291
    outer loop
      vertex -22.8565 -0.635984 1.85195
      vertex -23.2583 -0.469547 1.85195
      vertex -22.7904 -0.432727 1.4325
    endloop
  endfacet
  facet normal -0.878928 -0.363916 -0.308304
    outer loop
      vertex -24.5992 0.675659 2.29966
      vertex -24.7743 1.09856 2.29966
      vertex -24.4695 0.741702 1.85195
    endloop
  endfacet
  facet normal -0.948393 -0.0746095 -0.308195
    outer loop
      vertex -24.8812 1.54366 2.29966
      vertex -24.9171 2 2.29966
      vertex -24.7375 1.56642 1.85195
    endloop
  endfacet
  facet normal -0.984732 -0.0774683 -0.15589
    outer loop
      vertex -24.8812 1.54366 2.29966
      vertex -24.9539 1.53214 2.76462
      vertex -24.9171 2 2.29966
    endloop
  endfacet
  facet normal -0.579055 -0.677954 -0.452852
    outer loop
      vertex -23.5035 -0.0694008 1.4325
      vertex -23.9598 0.0401554 1.85195
      vertex -23.8087 0.191277 1.4325
    endloop
  endfacet
  facet normal -0.526003 -0.615842 -0.586566
    outer loop
      vertex -23.5035 -0.0694008 1.4325
      vertex -23.8087 0.191277 1.4325
      vertex -23.3409 0.154455 1.05166
    endloop
  endfacet
  facet normal -0.888844 -0.0699054 -0.452845
    outer loop
      vertex -24.7375 1.56642 1.85195
      vertex -24.7716 2 1.85195
      vertex -24.5579 2 1.4325
    endloop
  endfacet
  facet normal -0.951038 0 -0.309075
    outer loop
      vertex -24.7716 2 1.85195
      vertex -24.9171 3 2.29966
      vertex -24.7716 3 1.85195
    endloop
  endfacet
  facet normal -0.951038 -0 -0.309075
    outer loop
      vertex -24.9171 3 2.29966
      vertex -24.7716 2 1.85195
      vertex -24.9171 2 2.29966
    endloop
  endfacet
  facet normal -0.787521 -0.188916 -0.586618
    outer loop
      vertex -24.1696 1.29506 1.05166
      vertex -24.5264 1.59985 1.4325
      vertex -24.2531 1.64314 1.05166
    endloop
  endfacet
  facet normal -0.866943 -0.208074 -0.452897
    outer loop
      vertex -24.636 1.14352 1.85195
      vertex -24.7375 1.56642 1.85195
      vertex -24.5264 1.59985 1.4325
    endloop
  endfacet
  facet normal -0.912555 -0.378 -0.156077
    outer loop
      vertex -24.6648 0.642226 2.76462
      vertex -24.8444 1.07581 2.76462
      vertex -24.7743 1.09856 2.29966
    endloop
  endfacet
  facet normal -0.960479 -0.230474 -0.156084
    outer loop
      vertex -24.8444 1.07581 2.76462
      vertex -24.9539 1.53214 2.76462
      vertex -24.7743 1.09856 2.29966
    endloop
  endfacet
  facet normal -0.29558 -0.346012 -0.890454
    outer loop
      vertex -22.9214 0.731869 0.442079
      vertex -23.1084 0.891613 0.442079
      vertex -22.6748 1.07121 0.228361
    endloop
  endfacet
  facet normal -0.654266 -0.271035 -0.706028
    outer loop
      vertex -24.0326 0.964348 1.05166
      vertex -24.1696 1.29506 1.05166
      vertex -23.853 1.39793 0.718781
    endloop
  endfacet
  facet normal 0 -0.30902 -0.951056
    outer loop
      vertex -22 0.85195 0.228361
      vertex 22 1.29966 0.0828896
      vertex 22 0.85195 0.228361
    endloop
  endfacet
  facet normal -0 -0.30902 -0.951056
    outer loop
      vertex 22 1.29966 0.0828896
      vertex -22 0.85195 0.228361
      vertex -22 1.29966 0.0828896
    endloop
  endfacet
  facet normal -0.0366328 -0.152566 -0.987614
    outer loop
      vertex -22.0368 1.76752 0.00924778
      vertex -22.1096 1.30829 0.0828896
      vertex -22.0727 1.77614 0.00924778
    endloop
  endfacet
  facet normal -0.144837 -0.0602779 -0.987618
    outer loop
      vertex -22.2097 1.89314 0.00924778
      vertex -22.624 1.68205 0.0828896
      vertex -22.2239 1.92726 0.00924778
    endloop
  endfacet
  facet normal -0.174195 -0.420454 -0.890435
    outer loop
      vertex -22.3548 0.908139 0.228361
      vertex -22.7116 0.603351 0.442079
      vertex -22.5212 0.977079 0.228361
    endloop
  endfacet
  facet normal -0.453684 -0.0357086 -0.890447
    outer loop
      vertex -23.5482 1.75479 0.442079
      vertex -23.5675 2 0.442079
      vertex -23.1339 1.82041 0.228361
    endloop
  endfacet
  facet normal 0.119283 -0.101924 -0.987615
    outer loop
      vertex 22.4952 1.50479 0.0828896
      vertex 22.1664 1.83356 0.00924778
      vertex 22.5666 1.58835 0.0828896
    endloop
  endfacet
  facet normal -0.760235 0.465781 -0.452869
    outer loop
      vertex -24.0694 4.50351 1.4325
      vertex -24.4695 4.2583 1.85195
      vertex -24.2423 4.62913 1.85195
    endloop
  endfacet
  facet normal -0.502093 0.307789 -0.808188
    outer loop
      vertex -23.3966 3.71163 0.442079
      vertex -23.736 3.88453 0.718781
      vertex -23.5762 4.14521 0.718781
    endloop
  endfacet
  facet normal -0.677941 0.579074 -0.452847
    outer loop
      vertex -23.8087 4.80872 1.4325
      vertex -24.0694 4.50351 1.4325
      vertex -23.9598 4.95984 1.85195
    endloop
  endfacet
  facet normal -0.706 0.0553607 -0.706045
    outer loop
      vertex -23.9483 3 0.718781
      vertex -24.2812 3 1.05166
      vertex -23.9244 3.30479 0.718781
    endloop
  endfacet
  facet normal -0.811187 0.496998 -0.308168
    outer loop
      vertex -24.2423 4.62913 1.85195
      vertex -24.4695 4.2583 1.85195
      vertex -24.36 4.71463 2.29966
    endloop
  endfacet
  facet normal -0.617851 0.723371 -0.308213
    outer loop
      vertex -23.9598 4.95984 1.85195
      vertex -24.0627 5.06271 2.29966
      vertex -23.6291 5.2423 1.85195
    endloop
  endfacet
  facet normal 0.222087 0.925052 -0.30815
    outer loop
      vertex 22.8565 5.63598 1.85195
      vertex 22.4563 5.8812 2.29966
      vertex 22.9014 5.77434 2.29966
    endloop
  endfacet
  facet normal 0.0635451 0.807378 -0.586602
    outer loop
      vertex 22.3569 5.25313 1.05166
      vertex 22 5.28122 1.05166
      vertex 22.4001 5.52643 1.4325
    endloop
  endfacet
  facet normal 0.465886 0.760179 -0.452855
    outer loop
      vertex 23.5035 5.0694 1.4325
      vertex 23.2583 5.46955 1.85195
      vertex 23.6291 5.2423 1.85195
    endloop
  endfacet
  facet normal 0.341151 0.823729 -0.452865
    outer loop
      vertex 23.1613 5.27912 1.4325
      vertex 22.7904 5.43273 1.4325
      vertex 23.2583 5.46955 1.85195
    endloop
  endfacet
  facet normal 0.174195 0.420452 -0.890436
    outer loop
      vertex 22.7116 4.39665 0.442079
      vertex 22.3548 4.09186 0.228361
      vertex 22.4844 4.49078 0.442079
    endloop
  endfacet
  facet normal 0.544094 0.225539 -0.808142
    outer loop
      vertex 23.4908 3.48438 0.442079
      vertex 23.3966 3.71163 0.442079
      vertex 23.853 3.60207 0.718781
    endloop
  endfacet
  facet normal 0.370042 0.603811 -0.706032
    outer loop
      vertex 23.1452 4.57624 0.718781
      vertex 23.0357 5.03258 1.05166
      vertex 23.3409 4.84554 1.05166
    endloop
  endfacet
  facet normal 0.45989 0.538526 -0.706039
    outer loop
      vertex 23.3777 4.37769 0.718781
      vertex 23.1452 4.57624 0.718781
      vertex 23.3409 4.84554 1.05166
    endloop
  endfacet
  facet normal 0.751083 0.641512 -0.156003
    outer loop
      vertex 24.4196 4.75792 2.76462
      vertex 24.0627 5.06271 2.29966
      vertex 24.1148 5.11478 2.76462
    endloop
  endfacet
  facet normal 0.641459 0.75113 -0.155995
    outer loop
      vertex 24.0627 5.06271 2.29966
      vertex 23.7579 5.41957 2.76462
      vertex 24.1148 5.11478 2.76462
    endloop
  endfacet
  facet normal 0.341184 0.823696 -0.452899
    outer loop
      vertex 23.2583 5.46955 1.85195
      vertex 22.7904 5.43273 1.4325
      vertex 22.8565 5.63598 1.85195
    endloop
  endfacet
  facet normal 0.516146 0.842177 -0.155983
    outer loop
      vertex 23.7146 5.35999 2.29966
      vertex 23.3578 5.66478 2.76462
      vertex 23.7579 5.41957 2.76462
    endloop
  endfacet
  facet normal 0.617813 0.723428 -0.308153
    outer loop
      vertex 24.0627 5.06271 2.29966
      vertex 23.6291 5.2423 1.85195
      vertex 23.7146 5.35999 2.29966
    endloop
  endfacet
  facet normal 0.617851 0.723371 -0.308213
    outer loop
      vertex 23.9598 4.95984 1.85195
      vertex 23.6291 5.2423 1.85195
      vertex 24.0627 5.06271 2.29966
    endloop
  endfacet
  facet normal 0.615783 0.525981 -0.586648
    outer loop
      vertex 23.8455 4.34087 1.05166
      vertex 23.8087 4.80872 1.4325
      vertex 24.0694 4.50351 1.4325
    endloop
  endfacet
  facet normal 0.677941 0.579074 -0.452847
    outer loop
      vertex 24.0694 4.50351 1.4325
      vertex 23.8087 4.80872 1.4325
      vertex 23.9598 4.95984 1.85195
    endloop
  endfacet
  facet normal 0.603784 0.370127 -0.70601
    outer loop
      vertex 23.736 3.88453 0.718781
      vertex 23.5762 4.14521 0.718781
      vertex 24.0326 4.03565 1.05166
    endloop
  endfacet
  facet normal 0.603785 0.37012 -0.706013
    outer loop
      vertex 24.0326 4.03565 1.05166
      vertex 23.5762 4.14521 0.718781
      vertex 23.8455 4.34087 1.05166
    endloop
  endfacet
  facet normal 0.866943 0.208074 -0.452897
    outer loop
      vertex 24.7375 3.43358 1.85195
      vertex 24.5264 3.40015 1.4325
      vertex 24.636 3.85648 1.85195
    endloop
  endfacet
  facet normal 0.866907 0.208125 -0.452942
    outer loop
      vertex 24.5264 3.40015 1.4325
      vertex 24.4327 3.79044 1.4325
      vertex 24.636 3.85648 1.85195
    endloop
  endfacet
  facet normal 0.382669 -0.923886 0
    outer loop
      vertex 22.9242 -0.844374 2.76462
      vertex 23.3578 -0.664779 117.235
      vertex 22.9242 -0.844374 117.235
    endloop
  endfacet
  facet normal 0.382669 -0.923886 0
    outer loop
      vertex 23.3578 -0.664779 117.235
      vertex 22.9242 -0.844374 2.76462
      vertex 23.3578 -0.664779 2.76462
    endloop
  endfacet
  facet normal 0.208128 -0.866931 -0.452895
    outer loop
      vertex 22.8565 -0.635984 1.85195
      vertex 22.4001 -0.526428 1.4325
      vertex 22.7904 -0.432727 1.4325
    endloop
  endfacet
  facet normal 0.341194 -0.823686 -0.45291
    outer loop
      vertex 22.8565 -0.635984 1.85195
      vertex 22.7904 -0.432727 1.4325
      vertex 23.2583 -0.469547 1.85195
    endloop
  endfacet
  facet normal 0.378001 -0.912564 -0.156017
    outer loop
      vertex 23.3578 -0.664779 2.76462
      vertex 22.9014 -0.774336 2.29966
      vertex 23.3243 -0.599163 2.29966
    endloop
  endfacet
  facet normal 0.364068 -0.878927 -0.308127
    outer loop
      vertex 23.3243 -0.599163 2.29966
      vertex 22.9014 -0.774336 2.29966
      vertex 23.2583 -0.469547 1.85195
    endloop
  endfacet
  facet normal 0.165322 -0.688654 -0.705992
    outer loop
      vertex 22.7049 -0.169567 1.05166
      vertex 22.3048 0.0756426 0.718781
      vertex 22.6021 0.147014 0.718781
    endloop
  endfacet
  facet normal 0.0555597 -0.706019 -0.70601
    outer loop
      vertex 22.3569 -0.253132 1.05166
      vertex 22 -0.281218 1.05166
      vertex 22.3048 0.0756426 0.718781
    endloop
  endfacet
  facet normal 0.516093 -0.842202 0.156024
    outer loop
      vertex 23.7146 -0.359991 117.7
      vertex 23.3243 -0.599163 117.7
      vertex 23.3578 -0.664779 117.235
    endloop
  endfacet
  facet normal 0.497103 -0.811212 0.307935
    outer loop
      vertex 23.7146 -0.359991 117.7
      vertex 23.2583 -0.469547 118.148
      vertex 23.3243 -0.599163 117.7
    endloop
  endfacet
  facet normal 0.578927 -0.677805 0.453237
    outer loop
      vertex 23.9598 0.0401554 118.148
      vertex 23.5035 -0.0694008 118.567
      vertex 23.6291 -0.242302 118.148
    endloop
  endfacet
  facet normal 0.578927 -0.677804 0.453238
    outer loop
      vertex 23.8087 0.191277 118.567
      vertex 23.5035 -0.0694008 118.567
      vertex 23.9598 0.0401554 118.148
    endloop
  endfacet
  facet normal 0.341119 -0.823505 0.453296
    outer loop
      vertex 23.2583 -0.469547 118.148
      vertex 22.7904 -0.432727 118.567
      vertex 22.8565 -0.635984 118.148
    endloop
  endfacet
  facet normal 0.208082 -0.86674 0.453282
    outer loop
      vertex 22.7904 -0.432727 118.567
      vertex 22.4001 -0.526428 118.567
      vertex 22.8565 -0.635984 118.148
    endloop
  endfacet
  facet normal 0.271102 -0.654363 0.705913
    outer loop
      vertex 22.8845 0.264012 119.281
      vertex 22.6021 0.147014 119.281
      vertex 23.0357 -0.0325794 118.948
    endloop
  endfacet
  facet normal 0.370091 -0.603909 0.705922
    outer loop
      vertex 23.3409 0.154455 118.948
      vertex 22.8845 0.264012 119.281
      vertex 23.0357 -0.0325794 118.948
    endloop
  endfacet
  facet normal 0.538686 -0.459925 0.705894
    outer loop
      vertex 23.8455 0.659133 118.948
      vertex 23.3777 0.622313 119.281
      vertex 23.6131 0.386935 118.948
    endloop
  endfacet
  facet normal 0.460013 -0.538608 0.705896
    outer loop
      vertex 23.3777 0.622313 119.281
      vertex 23.3409 0.154455 118.948
      vertex 23.6131 0.386935 118.948
    endloop
  endfacet
  facet normal 0.189131 -0.787621 0.586415
    outer loop
      vertex 22.7049 -0.169567 118.948
      vertex 22.3569 -0.253132 118.948
      vertex 22.4001 -0.526428 118.567
    endloop
  endfacet
  facet normal 0.165389 -0.688748 0.705885
    outer loop
      vertex 22.7049 -0.169567 118.948
      vertex 22.3048 0.0756426 119.281
      vertex 22.3569 -0.253132 118.948
    endloop
  endfacet
  facet normal 0.382781 -0.448216 0.807825
    outer loop
      vertex 23.3777 0.622313 119.281
      vertex 22.9214 0.731869 119.558
      vertex 23.1452 0.423756 119.281
    endloop
  endfacet
  facet normal 0.0721518 -0.300422 0.951074
    outer loop
      vertex 22.2164 1.33394 119.917
      vertex 22.1096 1.30829 119.917
      vertex 22.3548 0.908139 119.772
    endloop
  endfacet
  facet normal 0.0462399 -0.58757 0.807851
    outer loop
      vertex 22 0.432504 119.558
      vertex 22 0.0516558 119.281
      vertex 22.3048 0.0756426 119.281
    endloop
  endfacet
  facet normal 0.137576 -0.573102 0.807853
    outer loop
      vertex 22.4844 0.509223 119.558
      vertex 22.2452 0.451802 119.558
      vertex 22.6021 0.147014 119.281
    endloop
  endfacet
  facet normal 0.677769 -0.578954 0.453255
    outer loop
      vertex 24.0694 0.496491 118.567
      vertex 23.9598 0.0401554 118.148
      vertex 24.2423 0.370872 118.148
    endloop
  endfacet
  facet normal 0.811235 -0.497027 0.307995
    outer loop
      vertex 24.4695 0.741702 118.148
      vertex 24.2423 0.370872 118.148
      vertex 24.36 0.285365 117.7
    endloop
  endfacet
  facet normal 0.823547 -0.341116 0.453223
    outer loop
      vertex 24.4327 1.20956 118.567
      vertex 24.2791 0.838728 118.567
      vertex 24.4695 0.741702 118.148
    endloop
  endfacet
  facet normal 0.544477 -0.225697 0.80784
    outer loop
      vertex 23.4908 1.51562 119.558
      vertex 23.3966 1.28837 119.558
      vertex 23.853 1.39793 119.281
    endloop
  endfacet
  facet normal 0.688862 -0.165249 0.705806
    outer loop
      vertex 24.2531 1.64314 118.948
      vertex 23.9244 1.69521 119.281
      vertex 24.1696 1.29506 118.948
    endloop
  endfacet
  facet normal 0.760062 -0.465715 0.453227
    outer loop
      vertex 24.2791 0.838728 118.567
      vertex 24.0694 0.496491 118.567
      vertex 24.4695 0.741702 118.148
    endloop
  endfacet
  facet normal -0.161435 0.263428 0.951075
    outer loop
      vertex -22.5212 4.02292 119.772
      vertex -22.6748 3.92879 119.772
      vertex -22.4116 3.56658 119.917
    endloop
  endfacet
  facet normal 0.145531 0.0605492 0.987499
    outer loop
      vertex 22.624 3.31795 119.917
      vertex 22.2097 3.10686 119.991
      vertex 22.2239 3.07273 119.991
    endloop
  endfacet
  facet normal -0.28542 0.118332 0.951069
    outer loop
      vertex -23.0229 3.5212 119.772
      vertex -23.0919 3.35477 119.772
      vertex -22.624 3.31795 119.917
    endloop
  endfacet
  facet normal 0.0368066 0.15329 0.987496
    outer loop
      vertex 22.1096 3.69171 119.917
      vertex 22.0368 3.23248 119.991
      vertex 22.0727 3.22386 119.991
    endloop
  endfacet
  facet normal -0 0.308114 0.951349
    outer loop
      vertex -22 4.14805 119.772
      vertex 22 3.70034 119.917
      vertex 22 4.14805 119.772
    endloop
  endfacet
  facet normal 0 0.308114 0.951349
    outer loop
      vertex 22 3.70034 119.917
      vertex -22 4.14805 119.772
      vertex -22 3.70034 119.917
    endloop
  endfacet
  facet normal 0.0123751 0.157163 0.987495
    outer loop
      vertex 22.1096 3.69171 119.917
      vertex 22 3.70034 119.917
      vertex 22.0368 3.23248 119.991
    endloop
  endfacet
  facet normal 0.024254 0.308023 0.95107
    outer loop
      vertex 22 4.14805 119.772
      vertex 22 3.70034 119.917
      vertex 22.1096 3.69171 119.917
    endloop
  endfacet
  facet normal -0.174377 0.420891 0.890193
    outer loop
      vertex -22.4844 4.49078 119.558
      vertex -22.7116 4.39665 119.558
      vertex -22.3548 4.09186 119.772
    endloop
  endfacet
  facet normal -0.106341 0.442996 0.890195
    outer loop
      vertex -22.2452 4.5482 119.558
      vertex -22.4844 4.49078 119.558
      vertex -22.3548 4.09186 119.772
    endloop
  endfacet
  facet normal -0.300483 0.0719854 0.951067
    outer loop
      vertex -22.6661 3.21642 119.917
      vertex -23.0919 3.35477 119.772
      vertex -22.6917 3.10956 119.917
    endloop
  endfacet
  facet normal -0.300454 0.0720349 0.951072
    outer loop
      vertex -23.0919 3.35477 119.772
      vertex -23.1339 3.17959 119.772
      vertex -22.6917 3.10956 119.917
    endloop
  endfacet
  facet normal -0.573052 0.137634 0.807879
    outer loop
      vertex -23.853 3.60207 119.281
      vertex -23.9244 3.30479 119.281
      vertex -23.5482 3.24521 119.558
    endloop
  endfacet
  facet normal -0.454159 0.0357459 0.890203
    outer loop
      vertex -23.5482 3.24521 119.558
      vertex -23.5675 3 119.558
      vertex -23.1339 3.17959 119.772
    endloop
  endfacet
  facet normal -0.617845 -0.723458 0.308021
    outer loop
      vertex -23.9598 0.0401554 118.148
      vertex -24.0627 -0.0627079 117.7
      vertex -23.7146 -0.359991 117.7
    endloop
  endfacet
  facet normal -0.617899 -0.723433 0.30797
    outer loop
      vertex -23.6291 -0.242302 118.148
      vertex -23.9598 0.0401554 118.148
      vertex -23.7146 -0.359991 117.7
    endloop
  endfacet
  facet normal -0.925116 -0.222186 0.307886
    outer loop
      vertex -24.636 1.14352 118.148
      vertex -24.8812 1.54366 117.7
      vertex -24.7743 1.09856 117.7
    endloop
  endfacet
  facet normal -0.811133 -0.49712 0.308114
    outer loop
      vertex -24.4695 0.741702 118.148
      vertex -24.5992 0.675659 117.7
      vertex -24.36 0.285365 117.7
    endloop
  endfacet
  facet normal -0.888649 -0.06989 0.453232
    outer loop
      vertex -24.5579 2 118.567
      vertex -24.7716 2 118.148
      vertex -24.7375 1.56642 118.148
    endloop
  endfacet
  facet normal -0.960464 -0.230675 0.155878
    outer loop
      vertex -24.8812 1.54366 117.7
      vertex -24.9539 1.53214 117.235
      vertex -24.7743 1.09856 117.7
    endloop
  endfacet
  facet normal -0.878952 -0.364209 0.307888
    outer loop
      vertex -24.636 1.14352 118.148
      vertex -24.7743 1.09856 117.7
      vertex -24.4695 0.741702 118.148
    endloop
  endfacet
  facet normal -0 0.157175 0.987571
    outer loop
      vertex -22 3.70034 119.917
      vertex 22 3.23538 119.991
      vertex 22 3.70034 119.917
    endloop
  endfacet
  facet normal 0 0.157175 0.987571
    outer loop
      vertex 22 3.23538 119.991
      vertex -22 3.70034 119.917
      vertex -22 3.23538 119.991
    endloop
  endfacet
  facet normal -0.102572 -0.119767 0.987489
    outer loop
      vertex -22.1664 1.83356 119.991
      vertex -22.4116 1.43342 119.917
      vertex -22.1384 1.80958 119.991
    endloop
  endfacet
  facet normal -0.423262 -0.690629 0.586414
    outer loop
      vertex -23.3409 0.154455 118.948
      vertex -23.5035 -0.0694008 118.567
      vertex -23.1613 -0.279123 118.567
    endloop
  endfacet
  facet normal -0.0823708 -0.134439 0.987492
    outer loop
      vertex -22.1384 1.80958 119.991
      vertex -22.4116 1.43342 119.917
      vertex -22.1069 1.79028 119.991
    endloop
  endfacet
  facet normal -0.0368066 -0.15329 0.987496
    outer loop
      vertex -22.0727 1.77614 119.991
      vertex -22.1096 1.30829 119.917
      vertex -22.0368 1.76752 119.991
    endloop
  endfacet
  facet normal -0.0368152 -0.153289 0.987495
    outer loop
      vertex -22.0727 1.77614 119.991
      vertex -22.2164 1.33394 119.917
      vertex -22.1096 1.30829 119.917
    endloop
  endfacet
  facet normal 0.119852 0.102401 0.987497
    outer loop
      vertex 22.5666 3.41165 119.917
      vertex 22.1664 3.16644 119.991
      vertex 22.1904 3.13835 119.991
    endloop
  endfacet
  facet normal 0.0368152 -0.153289 0.987495
    outer loop
      vertex 22.2164 1.33394 119.917
      vertex 22.0727 1.77614 119.991
      vertex 22.1096 1.30829 119.917
    endloop
  endfacet
  facet normal 0.573052 -0.137634 0.807879
    outer loop
      vertex 23.9244 1.69521 119.281
      vertex 23.5482 1.75479 119.558
      vertex 23.853 1.39793 119.281
    endloop
  endfacet
  facet normal 0.748389 -0.309985 0.586364
    outer loop
      vertex 24.4327 1.20956 118.567
      vertex 24.1696 1.29506 118.948
      vertex 24.2791 0.838728 118.567
    endloop
  endfacet
  facet normal 0.420876 -0.174462 0.890184
    outer loop
      vertex 23.4908 1.51562 119.558
      vertex 23.0919 1.64523 119.772
      vertex 23.3966 1.28837 119.558
    endloop
  endfacet
  facet normal 0.388494 -0.237988 0.890188
    outer loop
      vertex 23.0229 1.4788 119.772
      vertex 22.9288 1.32519 119.772
      vertex 23.3966 1.28837 119.558
    endloop
  endfacet
  facet normal 0.119848 -0.102408 0.987496
    outer loop
      vertex 22.5666 1.58835 119.917
      vertex 22.1664 1.83356 119.991
      vertex 22.4952 1.50479 119.917
    endloop
  endfacet
  facet normal 0.119852 -0.102401 0.987497
    outer loop
      vertex 22.1904 1.86165 119.991
      vertex 22.1664 1.83356 119.991
      vertex 22.5666 1.58835 119.917
    endloop
  endfacet
  facet normal 0.134424 -0.0823475 0.987496
    outer loop
      vertex 22.624 1.68205 119.917
      vertex 22.2097 1.89314 119.991
      vertex 22.5666 1.58835 119.917
    endloop
  endfacet
  facet normal 0.364084 0.878981 0.307954
    outer loop
      vertex 22.9014 5.77434 117.7
      vertex 22.8565 5.63598 118.148
      vertex 23.2583 5.46955 118.148
    endloop
  endfacet
  facet normal 0.309932 0.748349 0.586443
    outer loop
      vertex 22.7904 5.43273 118.567
      vertex 22.7049 5.16957 118.948
      vertex 23.1613 5.27912 118.567
    endloop
  endfacet
  facet normal 0.189119 0.787619 0.586421
    outer loop
      vertex 22.4001 5.52643 118.567
      vertex 22.3569 5.25313 118.948
      vertex 22.7049 5.16957 118.948
    endloop
  endfacet
  facet normal 0.165349 0.688781 0.705862
    outer loop
      vertex 22.7049 5.16957 118.948
      vertex 22.3048 4.92436 119.281
      vertex 22.6021 4.85299 119.281
    endloop
  endfacet
  facet normal -0.0555554 0.706142 0.705887
    outer loop
      vertex -22 5.28122 118.948
      vertex -22.3048 4.92436 119.281
      vertex -22 4.94834 119.281
    endloop
  endfacet
  facet normal -0.309932 0.748349 0.586443
    outer loop
      vertex -22.7904 5.43273 118.567
      vertex -23.1613 5.27912 118.567
      vertex -22.7049 5.16957 118.948
    endloop
  endfacet
  facet normal 0.688862 0.165249 0.705806
    outer loop
      vertex 24.1696 3.70494 118.948
      vertex 23.9244 3.30479 119.281
      vertex 24.2531 3.35686 118.948
    endloop
  endfacet
  facet normal 0.706225 0.0556098 0.705801
    outer loop
      vertex 24.2531 3.35686 118.948
      vertex 23.9244 3.30479 119.281
      vertex 24.2812 3 118.948
    endloop
  endfacet
  facet normal 0.234889 0.200707 0.951075
    outer loop
      vertex 22.8118 3.81179 119.772
      vertex 22.4952 3.49521 119.917
      vertex 22.5666 3.41165 119.917
    endloop
  endfacet
  facet normal 0.20061 0.234987 0.951071
    outer loop
      vertex 22.8118 3.81179 119.772
      vertex 22.4116 3.56658 119.917
      vertex 22.4952 3.49521 119.917
    endloop
  endfacet
  facet normal 0.443 0.106211 0.890208
    outer loop
      vertex 23.5482 3.24521 119.558
      vertex 23.0919 3.35477 119.772
      vertex 23.1339 3.17959 119.772
    endloop
  endfacet
  facet normal 0.454419 0 0.890788
    outer loop
      vertex 23.148 3 119.772
      vertex 23.5675 2 119.558
      vertex 23.5675 3 119.558
    endloop
  endfacet
  facet normal 0.454419 0 0.890788
    outer loop
      vertex 23.5675 2 119.558
      vertex 23.148 3 119.772
      vertex 23.148 2 119.772
    endloop
  endfacet
  facet normal -0.0368152 0.153289 0.987495
    outer loop
      vertex -22.1096 3.69171 119.917
      vertex -22.2164 3.66606 119.917
      vertex -22.0727 3.22386 119.991
    endloop
  endfacet
  facet normal 0.420856 0.174482 0.890189
    outer loop
      vertex 23.3966 3.71163 119.558
      vertex 23.0229 3.5212 119.772
      vertex 23.0919 3.35477 119.772
    endloop
  endfacet
  facet normal 0.388494 0.237988 0.890188
    outer loop
      vertex 23.3966 3.71163 119.558
      vertex 22.9288 3.67481 119.772
      vertex 23.0229 3.5212 119.772
    endloop
  endfacet
  facet normal 0.447918 0.382445 -0.80815
    outer loop
      vertex 23.2681 3.92135 0.442079
      vertex 23.1084 4.10839 0.442079
      vertex 23.3777 4.37769 0.718781
    endloop
  endfacet
  facet normal 0.420436 0.17428 -0.890427
    outer loop
      vertex 23.4908 3.48438 0.442079
      vertex 23.0919 3.35477 0.228361
      vertex 23.3966 3.71163 0.442079
    endloop
  endfacet
  facet normal 0.152593 0.0365562 -0.987613
    outer loop
      vertex 22.6917 3.10956 0.0828896
      vertex 22.2239 3.07273 0.00924778
      vertex 22.6661 3.21642 0.0828896
    endloop
  endfacet
  facet normal 0.453655 0.0356175 -0.890465
    outer loop
      vertex 23.148 3 0.228361
      vertex 23.1339 3.17959 0.228361
      vertex 23.5675 3 0.442079
    endloop
  endfacet
  facet normal 0.502093 0.307789 -0.808188
    outer loop
      vertex 23.736 3.88453 0.718781
      vertex 23.3966 3.71163 0.442079
      vertex 23.5762 4.14521 0.718781
    endloop
  endfacet
  facet normal 0.544086 0.22537 -0.808195
    outer loop
      vertex 23.853 3.60207 0.718781
      vertex 23.3966 3.71163 0.442079
      vertex 23.736 3.88453 0.718781
    endloop
  endfacet
  facet normal 0.0357049 -0.4537 -0.890439
    outer loop
      vertex 22.1796 0.866084 0.228361
      vertex 22 0.432504 0.442079
      vertex 22 0.85195 0.228361
    endloop
  endfacet
  facet normal 0.161905 -0.264203 -0.950781
    outer loop
      vertex 22.5212 0.977079 0.228361
      vertex 22.3179 1.376 0.0828896
      vertex 22.4116 1.43342 0.0828896
    endloop
  endfacet
  facet normal 0.502092 -0.307791 -0.808188
    outer loop
      vertex 23.5762 0.854792 0.718781
      vertex 23.3966 1.28837 0.442079
      vertex 23.736 1.11547 0.718781
    endloop
  endfacet
  facet normal 0.235632 -0.201263 -0.950774
    outer loop
      vertex 22.8118 1.18821 0.228361
      vertex 22.5666 1.58835 0.0828896
      vertex 22.9288 1.32519 0.228361
    endloop
  endfacet
  facet normal 0.307673 -0.502262 -0.808128
    outer loop
      vertex 23.1452 0.423756 0.718781
      vertex 22.7116 0.603351 0.442079
      vertex 22.9214 0.731869 0.442079
    endloop
  endfacet
  facet normal 0.225427 -0.544121 -0.808155
    outer loop
      vertex 22.6021 0.147014 0.718781
      vertex 22.4844 0.509223 0.442079
      vertex 22.7116 0.603351 0.442079
    endloop
  endfacet
  facet normal 0.264249 -0.161876 -0.950773
    outer loop
      vertex 22.9288 1.32519 0.228361
      vertex 22.5666 1.58835 0.0828896
      vertex 23.0229 1.4788 0.228361
    endloop
  endfacet
  facet normal 0.201231 -0.23563 -0.950781
    outer loop
      vertex 22.6748 1.07121 0.228361
      vertex 22.4116 1.43342 0.0828896
      vertex 22.8118 1.18821 0.228361
    endloop
  endfacet
  facet normal -0.442554 0.106211 -0.89043
    outer loop
      vertex -23.0919 3.35477 0.228361
      vertex -23.5482 3.24521 0.442079
      vertex -23.4908 3.48438 0.442079
    endloop
  endfacet
  facet normal 0.0600662 0.144953 -0.987614
    outer loop
      vertex 22.3179 3.624 0.0828896
      vertex 22.0727 3.22386 0.00924778
      vertex 22.2164 3.66606 0.0828896
    endloop
  endfacet
  facet normal -0.16191 0.264202 -0.95078
    outer loop
      vertex -22.4116 3.56658 0.0828896
      vertex -22.6748 3.92879 0.228361
      vertex -22.5212 4.02292 0.228361
    endloop
  endfacet
  facet normal -0.420416 0.1743 -0.890432
    outer loop
      vertex -23.0919 3.35477 0.228361
      vertex -23.3966 3.71163 0.442079
      vertex -23.0229 3.5212 0.228361
    endloop
  endfacet
  facet normal -0.137477 0.572699 -0.808156
    outer loop
      vertex -22.4844 4.49078 0.442079
      vertex -22.6021 4.85299 0.718781
      vertex -22.2452 4.5482 0.442079
    endloop
  endfacet
  facet normal -0.307677 0.502262 -0.808126
    outer loop
      vertex -22.9214 4.26813 0.442079
      vertex -23.1452 4.57624 0.718781
      vertex -22.7116 4.39665 0.442079
    endloop
  endfacet
  facet normal -0.222087 0.925052 -0.30815
    outer loop
      vertex -22.4336 5.73751 1.85195
      vertex -22.8565 5.63598 1.85195
      vertex -22.4563 5.8812 2.29966
    endloop
  endfacet
  facet normal -0.0699554 0.888827 -0.452872
    outer loop
      vertex -22.4001 5.52643 1.4325
      vertex -22.4336 5.73751 1.85195
      vertex -22 5.55792 1.4325
    endloop
  endfacet
  facet normal -0.370001 0.603814 -0.706051
    outer loop
      vertex -22.8845 4.73599 0.718781
      vertex -23.1452 4.57624 0.718781
      vertex -23.0357 5.03258 1.05166
    endloop
  endfacet
  facet normal -0.878899 0.364185 -0.308069
    outer loop
      vertex -24.636 3.85648 1.85195
      vertex -24.7743 3.90144 2.29966
      vertex -24.4695 4.2583 1.85195
    endloop
  endfacet
  facet normal -0.459934 0.538515 -0.706019
    outer loop
      vertex -23.3777 4.37769 0.718781
      vertex -23.6131 4.61306 1.05166
      vertex -23.3409 4.84554 1.05166
    endloop
  endfacet
  facet normal -0.341151 0.823729 -0.452865
    outer loop
      vertex -23.1613 5.27912 1.4325
      vertex -23.2583 5.46955 1.85195
      vertex -22.7904 5.43273 1.4325
    endloop
  endfacet
  facet normal -0.16535 0.68863 -0.706009
    outer loop
      vertex -22.3048 4.92436 0.718781
      vertex -22.7049 5.16957 1.05166
      vertex -22.3569 5.25313 1.05166
    endloop
  endfacet
  facet normal -0.0555679 0.706023 -0.706005
    outer loop
      vertex -22.3048 4.92436 0.718781
      vertex -22.3569 5.25313 1.05166
      vertex -22 5.28122 1.05166
    endloop
  endfacet
  facet normal -0.189092 0.787506 -0.586582
    outer loop
      vertex -22.3569 5.25313 1.05166
      vertex -22.7049 5.16957 1.05166
      vertex -22.4001 5.52643 1.4325
    endloop
  endfacet
  facet normal 0.0555679 0.706023 -0.706005
    outer loop
      vertex 22.3048 4.92436 0.718781
      vertex 22 5.28122 1.05166
      vertex 22.3569 5.25313 1.05166
    endloop
  endfacet
  facet normal 0.308937 0.0242553 -0.950773
    outer loop
      vertex 23.148 3 0.228361
      vertex 22.6917 3.10956 0.0828896
      vertex 23.1339 3.17959 0.228361
    endloop
  endfacet
  facet normal 0.156453 0 -0.987685
    outer loop
      vertex 22.2354 2 0.00924778
      vertex 22.7003 3 0.0828896
      vertex 22.7003 2 0.0828896
    endloop
  endfacet
  facet normal 0.156453 0 -0.987685
    outer loop
      vertex 22.7003 3 0.0828896
      vertex 22.2354 2 0.00924778
      vertex 22.2354 3 0.00924778
    endloop
  endfacet
  facet normal 0.823634 -0.341287 -0.452935
    outer loop
      vertex 24.4695 0.741702 1.85195
      vertex 24.4327 1.20956 1.4325
      vertex 24.636 1.14352 1.85195
    endloop
  endfacet
  facet normal 0.807378 0.0635572 -0.586602
    outer loop
      vertex 24.5579 3 1.4325
      vertex 24.2812 3 1.05166
      vertex 24.5264 3.40015 1.4325
    endloop
  endfacet
  facet normal 0.74825 -0.309968 -0.58655
    outer loop
      vertex 24.2791 0.838728 1.4325
      vertex 24.0326 0.964348 1.05166
      vertex 24.1696 1.29506 1.05166
    endloop
  endfacet
  facet normal 0.346122 -0.295534 -0.890426
    outer loop
      vertex 23.1084 0.891613 0.442079
      vertex 22.9288 1.32519 0.228361
      vertex 23.2681 1.07865 0.442079
    endloop
  endfacet
  facet normal 0.6905 -0.423284 -0.586549
    outer loop
      vertex 24.2791 0.838728 1.4325
      vertex 23.8455 0.659133 1.05166
      vertex 24.0326 0.964348 1.05166
    endloop
  endfacet
  facet normal 0.538583 -0.459864 -0.706013
    outer loop
      vertex 23.8455 0.659133 1.05166
      vertex 23.3777 0.622313 0.718781
      vertex 23.5762 0.854792 0.718781
    endloop
  endfacet
  facet normal 0.960462 -0.230675 -0.155891
    outer loop
      vertex 24.9539 1.53214 2.76462
      vertex 24.7743 1.09856 2.29966
      vertex 24.8812 1.54366 2.29966
    endloop
  endfacet
  facet normal 0.925059 -0.222172 -0.308067
    outer loop
      vertex 24.7743 1.09856 2.29966
      vertex 24.636 1.14352 1.85195
      vertex 24.8812 1.54366 2.29966
    endloop
  endfacet
  facet normal 0.723397 -0.61793 0.307994
    outer loop
      vertex 24.2423 0.370872 118.148
      vertex 23.9598 0.0401554 118.148
      vertex 24.36 0.285365 117.7
    endloop
  endfacet
  facet normal 0.723414 -0.617891 0.30803
    outer loop
      vertex 24.36 0.285365 117.7
      vertex 23.9598 0.0401554 118.148
      vertex 24.0627 -0.0627079 117.7
    endloop
  endfacet
  facet normal 0.84221 -0.516087 -0.156002
    outer loop
      vertex 24.4196 0.24208 2.76462
      vertex 24.36 0.285365 2.29966
      vertex 24.6648 0.642226 2.76462
    endloop
  endfacet
  facet normal 0.615785 -0.525976 -0.58665
    outer loop
      vertex 24.0694 0.496491 1.4325
      vertex 23.8087 0.191277 1.4325
      vertex 23.8455 0.659133 1.05166
    endloop
  endfacet
  facet normal 0.677944 -0.579069 -0.452848
    outer loop
      vertex 23.9598 0.0401554 1.85195
      vertex 23.8087 0.191277 1.4325
      vertex 24.0694 0.496491 1.4325
    endloop
  endfacet
  facet normal 0.912635 0.377873 0.155916
    outer loop
      vertex 24.6648 4.35777 117.235
      vertex 24.5992 4.32434 117.7
      vertex 24.7743 3.90144 117.7
    endloop
  endfacet
  facet normal 0.878982 0.363939 0.308122
    outer loop
      vertex 24.5992 4.32434 117.7
      vertex 24.4695 4.2583 118.148
      vertex 24.7743 3.90144 117.7
    endloop
  endfacet
  facet normal 0.972397 0.233334 0
    outer loop
      vertex 24.9539 3.46786 117.235
      vertex 24.8444 3.92419 2.76462
      vertex 24.8444 3.92419 117.235
    endloop
  endfacet
  facet normal 0.972397 0.233334 0
    outer loop
      vertex 24.8444 3.92419 2.76462
      vertex 24.9539 3.46786 117.235
      vertex 24.9539 3.46786 2.76462
    endloop
  endfacet
  facet normal 0.811132 0.497124 0.308111
    outer loop
      vertex 24.5992 4.32434 117.7
      vertex 24.36 4.71463 117.7
      vertex 24.4695 4.2583 118.148
    endloop
  endfacet
  facet normal 0.878953 0.364207 0.307888
    outer loop
      vertex 24.7743 3.90144 117.7
      vertex 24.4695 4.2583 118.148
      vertex 24.636 3.85648 118.148
    endloop
  endfacet
  facet normal 0.760235 0.465781 -0.452869
    outer loop
      vertex 24.4695 4.2583 1.85195
      vertex 24.0694 4.50351 1.4325
      vertex 24.2423 4.62913 1.85195
    endloop
  endfacet
  facet normal 0.677913 0.579088 -0.45287
    outer loop
      vertex 24.0694 4.50351 1.4325
      vertex 23.9598 4.95984 1.85195
      vertex 24.2423 4.62913 1.85195
    endloop
  endfacet
  facet normal 0.49714 0.811174 0.307974
    outer loop
      vertex 23.7146 5.35999 117.7
      vertex 23.2583 5.46955 118.148
      vertex 23.6291 5.2423 118.148
    endloop
  endfacet
  facet normal 0.465784 0.760011 0.453242
    outer loop
      vertex 23.6291 5.2423 118.148
      vertex 23.2583 5.46955 118.148
      vertex 23.5035 5.0694 118.567
    endloop
  endfacet
  facet normal -0.0774897 0.984721 0.155946
    outer loop
      vertex -22 5.99075 117.235
      vertex -22.4679 5.95393 117.235
      vertex -22 5.91711 117.7
    endloop
  endfacet
  facet normal 0 0.951115 0.308836
    outer loop
      vertex 22 5.91711 117.7
      vertex -22 5.77164 118.148
      vertex 22 5.77164 118.148
    endloop
  endfacet
  facet normal 0 0.951115 0.308836
    outer loop
      vertex -22 5.77164 118.148
      vertex 22 5.91711 117.7
      vertex -22 5.91711 117.7
    endloop
  endfacet
  facet normal 0 0.89081 0.454377
    outer loop
      vertex 22 5.77164 118.148
      vertex -22 5.55792 118.567
      vertex 22 5.55792 118.567
    endloop
  endfacet
  facet normal 0 0.89081 0.454377
    outer loop
      vertex -22 5.55792 118.567
      vertex 22 5.77164 118.148
      vertex -22 5.77164 118.148
    endloop
  endfacet
  facet normal -0.616037 0.525982 0.586379
    outer loop
      vertex -23.8087 4.80872 118.567
      vertex -23.8455 4.34087 118.948
      vertex -23.6131 4.61306 118.948
    endloop
  endfacet
  facet normal -0.615872 0.526057 0.586487
    outer loop
      vertex -23.8087 4.80872 118.567
      vertex -24.0694 4.50351 118.567
      vertex -23.8455 4.34087 118.948
    endloop
  endfacet
  facet normal -0.307943 0.50254 0.807852
    outer loop
      vertex -22.8845 4.73599 119.281
      vertex -23.1452 4.57624 119.281
      vertex -22.7116 4.39665 119.558
    endloop
  endfacet
  facet normal -0.370109 0.60392 0.705904
    outer loop
      vertex -23.0357 5.03258 118.948
      vertex -23.3409 4.84554 118.948
      vertex -23.1452 4.57624 119.281
    endloop
  endfacet
  facet normal -0.617889 0.723415 0.308032
    outer loop
      vertex -23.6291 5.2423 118.148
      vertex -24.0627 5.06271 117.7
      vertex -23.9598 4.95984 118.148
    endloop
  endfacet
  facet normal -0.57893 0.677803 0.453236
    outer loop
      vertex -23.6291 5.2423 118.148
      vertex -23.9598 4.95984 118.148
      vertex -23.5035 5.0694 118.567
    endloop
  endfacet
  facet normal -0.751084 0.641514 0.155989
    outer loop
      vertex -24.1148 5.11478 117.235
      vertex -24.4196 4.75792 117.235
      vertex -24.0627 5.06271 117.7
    endloop
  endfacet
  facet normal -0.208081 0.866746 0.45327
    outer loop
      vertex -22.4001 5.52643 118.567
      vertex -22.8565 5.63598 118.148
      vertex -22.7904 5.43273 118.567
    endloop
  endfacet
  facet normal -0.423248 0.690629 0.586424
    outer loop
      vertex -23.1613 5.27912 118.567
      vertex -23.3409 4.84554 118.948
      vertex -23.0357 5.03258 118.948
    endloop
  endfacet
  facet normal -0.370068 0.603924 0.705922
    outer loop
      vertex -23.0357 5.03258 118.948
      vertex -23.1452 4.57624 119.281
      vertex -22.8845 4.73599 119.281
    endloop
  endfacet
  facet normal -0.0635543 0.807495 0.586441
    outer loop
      vertex -22 5.28122 118.948
      vertex -22.4001 5.52643 118.567
      vertex -22.3569 5.25313 118.948
    endloop
  endfacet
  facet normal -0.723379 0.617927 0.30804
    outer loop
      vertex -24.0627 5.06271 117.7
      vertex -24.2423 4.62913 118.148
      vertex -23.9598 4.95984 118.148
    endloop
  endfacet
  facet normal -0.723431 0.617893 0.307986
    outer loop
      vertex -24.0627 5.06271 117.7
      vertex -24.36 4.71463 117.7
      vertex -24.2423 4.62913 118.148
    endloop
  endfacet
  facet normal -0.823453 0.34121 0.453321
    outer loop
      vertex -24.4695 4.2583 118.148
      vertex -24.636 3.85648 118.148
      vertex -24.4327 3.79044 118.567
    endloop
  endfacet
  facet normal -0.866716 0.208079 0.453329
    outer loop
      vertex -24.4327 3.79044 118.567
      vertex -24.636 3.85648 118.148
      vertex -24.5264 3.40015 118.567
    endloop
  endfacet
  facet normal -0.208128 -0.866931 -0.452895
    outer loop
      vertex -22.4001 -0.526428 1.4325
      vertex -22.8565 -0.635984 1.85195
      vertex -22.7904 -0.432727 1.4325
    endloop
  endfacet
  facet normal -0.208132 -0.866927 -0.452899
    outer loop
      vertex -22.4336 -0.737514 1.85195
      vertex -22.8565 -0.635984 1.85195
      vertex -22.4001 -0.526428 1.4325
    endloop
  endfacet
  facet normal -0.377985 -0.912577 0.155985
    outer loop
      vertex -22.9014 -0.774336 117.7
      vertex -23.3578 -0.664779 117.235
      vertex -22.9242 -0.844374 117.235
    endloop
  endfacet
  facet normal -0.378002 -0.912566 0.156004
    outer loop
      vertex -23.3243 -0.599163 117.7
      vertex -23.3578 -0.664779 117.235
      vertex -22.9014 -0.774336 117.7
    endloop
  endfacet
  facet normal -0.208086 -0.866736 0.453286
    outer loop
      vertex -22.4001 -0.526428 118.567
      vertex -22.8565 -0.635984 118.148
      vertex -22.4336 -0.737514 118.148
    endloop
  endfacet
  facet normal -0.222102 -0.925114 0.307953
    outer loop
      vertex -22.4336 -0.737514 118.148
      vertex -22.8565 -0.635984 118.148
      vertex -22.4563 -0.881195 117.7
    endloop
  endfacet
  facet normal -0.189085 -0.787611 0.586443
    outer loop
      vertex -22.7049 -0.169567 118.948
      vertex -22.7904 -0.432727 118.567
      vertex -22.4001 -0.526428 118.567
    endloop
  endfacet
  facet normal -0.448229 -0.382717 0.807848
    outer loop
      vertex -23.2681 1.07865 119.558
      vertex -23.3777 0.622313 119.281
      vertex -23.1084 0.891613 119.558
    endloop
  endfacet
  facet normal -0.165389 -0.688748 0.705885
    outer loop
      vertex -22.3048 0.0756426 119.281
      vertex -22.7049 -0.169567 118.948
      vertex -22.3569 -0.253132 118.948
    endloop
  endfacet
  facet normal -0.189131 -0.787621 0.586415
    outer loop
      vertex -22.3569 -0.253132 118.948
      vertex -22.7049 -0.169567 118.948
      vertex -22.4001 -0.526428 118.567
    endloop
  endfacet
  facet normal -0.497101 -0.81113 -0.308153
    outer loop
      vertex -23.2583 -0.469547 1.85195
      vertex -23.7146 -0.359991 2.29966
      vertex -23.6291 -0.242302 1.85195
    endloop
  endfacet
  facet normal -0.617807 -0.723413 -0.308202
    outer loop
      vertex -23.7146 -0.359991 2.29966
      vertex -24.0627 -0.0627079 2.29966
      vertex -23.9598 0.0401554 1.85195
    endloop
  endfacet
  facet normal -0.807378 -0.0635572 -0.586602
    outer loop
      vertex -24.5264 1.59985 1.4325
      vertex -24.5579 2 1.4325
      vertex -24.2812 2 1.05166
    endloop
  endfacet
  facet normal -0.587833 0 -0.808982
    outer loop
      vertex -23.9483 2 0.718781
      vertex -23.5675 3 0.442079
      vertex -23.5675 2 0.442079
    endloop
  endfacet
  facet normal -0.587833 0 -0.808982
    outer loop
      vertex -23.5675 3 0.442079
      vertex -23.9483 2 0.718781
      vertex -23.9483 3 0.718781
    endloop
  endfacet
  facet normal -0.807368 -0.0635741 -0.586613
    outer loop
      vertex -24.2531 1.64314 1.05166
      vertex -24.5264 1.59985 1.4325
      vertex -24.2812 2 1.05166
    endloop
  endfacet
  facet normal -0.0123267 0.156421 -0.987613
    outer loop
      vertex -22 3.23538 0.00924778
      vertex -22.0368 3.23248 0.00924778
      vertex -22 3.70034 0.0828896
    endloop
  endfacet
  facet normal -0.654286 -0.271017 -0.706016
    outer loop
      vertex -23.736 1.11547 0.718781
      vertex -24.0326 0.964348 1.05166
      vertex -23.853 1.39793 0.718781
    endloop
  endfacet
  facet normal -0.459899 -0.538518 -0.706039
    outer loop
      vertex -23.3409 0.154455 1.05166
      vertex -23.3777 0.622313 0.718781
      vertex -23.1452 0.423756 0.718781
    endloop
  endfacet
  facet normal -0.45993 -0.53851 -0.706025
    outer loop
      vertex -23.3409 0.154455 1.05166
      vertex -23.6131 0.386935 1.05166
      vertex -23.3777 0.622313 0.718781
    endloop
  endfacet
  facet normal -0.6905 -0.423284 -0.586549
    outer loop
      vertex -23.8455 0.659133 1.05166
      vertex -24.2791 0.838728 1.4325
      vertex -24.0326 0.964348 1.05166
    endloop
  endfacet
  facet normal -0.74825 -0.309968 -0.58655
    outer loop
      vertex -24.0326 0.964348 1.05166
      vertex -24.2791 0.838728 1.4325
      vertex -24.1696 1.29506 1.05166
    endloop
  endfacet
  facet normal -0.0243253 -0.308929 -0.950774
    outer loop
      vertex -22 0.85195 0.228361
      vertex -22.1096 1.30829 0.0828896
      vertex -22 1.29966 0.0828896
    endloop
  endfacet
  facet normal -0.0243116 -0.308926 -0.950775
    outer loop
      vertex -22 0.85195 0.228361
      vertex -22.1796 0.866084 0.228361
      vertex -22.1096 1.30829 0.0828896
    endloop
  endfacet
  facet normal -0.161905 -0.264203 -0.950781
    outer loop
      vertex -22.3179 1.376 0.0828896
      vertex -22.5212 0.977079 0.228361
      vertex -22.4116 1.43342 0.0828896
    endloop
  endfacet
  facet normal -0.152593 0.0365562 -0.987613
    outer loop
      vertex -22.2239 3.07273 0.00924778
      vertex -22.6917 3.10956 0.0828896
      vertex -22.6661 3.21642 0.0828896
    endloop
  endfacet
  facet normal -0.235632 -0.201263 -0.950774
    outer loop
      vertex -22.8118 1.18821 0.228361
      vertex -22.9288 1.32519 0.228361
      vertex -22.5666 1.58835 0.0828896
    endloop
  endfacet
  facet normal -0.442554 -0.106211 -0.89043
    outer loop
      vertex -23.4908 1.51562 0.442079
      vertex -23.5482 1.75479 0.442079
      vertex -23.0919 1.64523 0.228361
    endloop
  endfacet
  facet normal -0.654287 0.271017 -0.706015
    outer loop
      vertex -23.853 3.60207 0.718781
      vertex -24.0326 4.03565 1.05166
      vertex -23.736 3.88453 0.718781
    endloop
  endfacet
  facet normal -0.13379 0.0819587 -0.987615
    outer loop
      vertex -22.2097 3.10686 0.00924778
      vertex -22.624 3.31795 0.0828896
      vertex -22.5666 3.41165 0.0828896
    endloop
  endfacet
  facet normal -0.706097 0.0555997 -0.705929
    outer loop
      vertex -23.9244 3.30479 0.718781
      vertex -24.2812 3 1.05166
      vertex -24.2531 3.35686 1.05166
    endloop
  endfacet
  facet normal -0.603784 0.370127 -0.70601
    outer loop
      vertex -23.736 3.88453 0.718781
      vertex -24.0326 4.03565 1.05166
      vertex -23.5762 4.14521 0.718781
    endloop
  endfacet
  facet normal -0.346046 0.295572 -0.890443
    outer loop
      vertex -22.9288 3.67481 0.228361
      vertex -23.1084 4.10839 0.442079
      vertex -22.8118 3.81179 0.228361
    endloop
  endfacet
  facet normal -0.823726 0.341192 -0.452839
    outer loop
      vertex -24.4327 3.79044 1.4325
      vertex -24.4695 4.2583 1.85195
      vertex -24.2791 4.16127 1.4325
    endloop
  endfacet
  facet normal -0.948393 0.0746095 -0.308195
    outer loop
      vertex -24.7375 3.43358 1.85195
      vertex -24.9171 3 2.29966
      vertex -24.8812 3.45634 2.29966
    endloop
  endfacet
  facet normal -0.615948 0.525906 -0.586541
    outer loop
      vertex -23.6131 4.61306 1.05166
      vertex -23.8455 4.34087 1.05166
      vertex -23.8087 4.80872 1.4325
    endloop
  endfacet
  facet normal -0.677913 0.579088 -0.45287
    outer loop
      vertex -24.0694 4.50351 1.4325
      vertex -24.2423 4.62913 1.85195
      vertex -23.9598 4.95984 1.85195
    endloop
  endfacet
  facet normal 0.465882 0.76018 -0.452859
    outer loop
      vertex 23.5035 5.0694 1.4325
      vertex 23.1613 5.27912 1.4325
      vertex 23.2583 5.46955 1.85195
    endloop
  endfacet
  facet normal 0.063545 0.807378 -0.586602
    outer loop
      vertex 22.4001 5.52643 1.4325
      vertex 22 5.28122 1.05166
      vertex 22 5.55792 1.4325
    endloop
  endfacet
  facet normal 0.189056 0.787498 -0.586604
    outer loop
      vertex 22.7049 5.16957 1.05166
      vertex 22.4001 5.52643 1.4325
      vertex 22.7904 5.43273 1.4325
    endloop
  endfacet
  facet normal 0.189092 0.787506 -0.586582
    outer loop
      vertex 22.7049 5.16957 1.05166
      vertex 22.3569 5.25313 1.05166
      vertex 22.4001 5.52643 1.4325
    endloop
  endfacet
  facet normal 0.497109 0.811125 -0.308155
    outer loop
      vertex 23.6291 5.2423 1.85195
      vertex 23.2583 5.46955 1.85195
      vertex 23.7146 5.35999 2.29966
    endloop
  endfacet
  facet normal 0.579058 0.677952 -0.452849
    outer loop
      vertex 23.9598 4.95984 1.85195
      vertex 23.5035 5.0694 1.4325
      vertex 23.6291 5.2423 1.85195
    endloop
  endfacet
  facet normal 0.748249 0.30997 -0.586551
    outer loop
      vertex 24.1696 3.70494 1.05166
      vertex 24.0326 4.03565 1.05166
      vertex 24.2791 4.16127 1.4325
    endloop
  endfacet
  facet normal 0.74828 0.309942 -0.586526
    outer loop
      vertex 24.4327 3.79044 1.4325
      vertex 24.1696 3.70494 1.05166
      vertex 24.2791 4.16127 1.4325
    endloop
  endfacet
  facet normal 0.948388 0.0745884 -0.308214
    outer loop
      vertex 24.7716 3 1.85195
      vertex 24.7375 3.43358 1.85195
      vertex 24.9171 3 2.29966
    endloop
  endfacet
  facet normal 0.888844 0.0699054 -0.452845
    outer loop
      vertex 24.7716 3 1.85195
      vertex 24.5579 3 1.4325
      vertex 24.7375 3.43358 1.85195
    endloop
  endfacet
  facet normal 0.364076 -0.878926 -0.30812
    outer loop
      vertex 22.9014 -0.774336 2.29966
      vertex 22.8565 -0.635984 1.85195
      vertex 23.2583 -0.469547 1.85195
    endloop
  endfacet
  facet normal 0.222086 -0.925057 -0.308135
    outer loop
      vertex 22.9014 -0.774336 2.29966
      vertex 22.4563 -0.881195 2.29966
      vertex 22.8565 -0.635984 1.85195
    endloop
  endfacet
  facet normal 0.516092 -0.8422 -0.156037
    outer loop
      vertex 23.3578 -0.664779 2.76462
      vertex 23.3243 -0.599163 2.29966
      vertex 23.7146 -0.359991 2.29966
    endloop
  endfacet
  facet normal 0.497072 -0.811162 -0.308115
    outer loop
      vertex 23.3243 -0.599163 2.29966
      vertex 23.2583 -0.469547 1.85195
      vertex 23.7146 -0.359991 2.29966
    endloop
  endfacet
  facet normal 0.189104 -0.787507 -0.586577
    outer loop
      vertex 22.4001 -0.526428 1.4325
      vertex 22.3569 -0.253132 1.05166
      vertex 22.7049 -0.169567 1.05166
    endloop
  endfacet
  facet normal 0.0635365 -0.807383 -0.586596
    outer loop
      vertex 22.4001 -0.526428 1.4325
      vertex 22 -0.281218 1.05166
      vertex 22.3569 -0.253132 1.05166
    endloop
  endfacet
  facet normal 0.423262 -0.690629 0.586414
    outer loop
      vertex 23.3409 0.154455 118.948
      vertex 23.1613 -0.279123 118.567
      vertex 23.5035 -0.0694008 118.567
    endloop
  endfacet
  facet normal 0.423237 -0.690632 0.586429
    outer loop
      vertex 23.3409 0.154455 118.948
      vertex 23.0357 -0.0325794 118.948
      vertex 23.1613 -0.279123 118.567
    endloop
  endfacet
  facet normal 0.378002 -0.912566 0.156004
    outer loop
      vertex 23.3243 -0.599163 117.7
      vertex 22.9014 -0.774336 117.7
      vertex 23.3578 -0.664779 117.235
    endloop
  endfacet
  facet normal 0.36409 -0.878981 0.307946
    outer loop
      vertex 23.2583 -0.469547 118.148
      vertex 22.9014 -0.774336 117.7
      vertex 23.3243 -0.599163 117.7
    endloop
  endfacet
  facet normal 0.234942 -0.200673 0.951069
    outer loop
      vertex 22.9288 1.32519 119.772
      vertex 22.5666 1.58835 119.917
      vertex 22.8118 1.18821 119.772
    endloop
  endfacet
  facet normal 0.161436 -0.263427 0.951075
    outer loop
      vertex 22.6748 1.07121 119.772
      vertex 22.4116 1.43342 119.917
      vertex 22.5212 0.977079 119.772
    endloop
  endfacet
  facet normal 0.118255 -0.285432 0.951075
    outer loop
      vertex 22.5212 0.977079 119.772
      vertex 22.3179 1.376 119.917
      vertex 22.3548 0.908139 119.772
    endloop
  endfacet
  facet normal 0.200641 -0.234939 0.951077
    outer loop
      vertex 22.8118 1.18821 119.772
      vertex 22.4116 1.43342 119.917
      vertex 22.6748 1.07121 119.772
    endloop
  endfacet
  facet normal 0.0555698 -0.706147 0.705881
    outer loop
      vertex 22.3048 0.0756426 119.281
      vertex 22 -0.281218 118.948
      vertex 22.3569 -0.253132 118.948
    endloop
  endfacet
  facet normal 0.0635457 -0.8075 0.586435
    outer loop
      vertex 22.3569 -0.253132 118.948
      vertex 22 -0.281218 118.948
      vertex 22.4001 -0.526428 118.567
    endloop
  endfacet
  facet normal 0.688722 -0.165416 0.705903
    outer loop
      vertex 23.9244 1.69521 119.281
      vertex 23.853 1.39793 119.281
      vertex 24.1696 1.29506 118.948
    endloop
  endfacet
  facet normal 0.654405 -0.271066 0.705888
    outer loop
      vertex 23.853 1.39793 119.281
      vertex 23.736 1.11547 119.281
      vertex 24.0326 0.964348 118.948
    endloop
  endfacet
  facet normal -0.44823 0.382715 0.807849
    outer loop
      vertex -23.3777 4.37769 119.281
      vertex -23.5762 4.14521 119.281
      vertex -23.2681 3.92135 119.558
    endloop
  endfacet
  facet normal -0.295885 0.346378 0.89021
    outer loop
      vertex -22.9214 4.26813 119.558
      vertex -23.1084 4.10839 119.558
      vertex -22.6748 3.92879 119.772
    endloop
  endfacet
  facet normal 0.153318 -0.0367298 0.987494
    outer loop
      vertex 22.6917 1.89044 119.917
      vertex 22.2239 1.92726 119.991
      vertex 22.6661 1.78358 119.917
    endloop
  endfacet
  facet normal -0.161431 0.263429 0.951076
    outer loop
      vertex -22.3179 3.624 119.917
      vertex -22.5212 4.02292 119.772
      vertex -22.4116 3.56658 119.917
    endloop
  endfacet
  facet normal -0.285418 0.11835 0.951068
    outer loop
      vertex -22.624 3.31795 119.917
      vertex -23.0919 3.35477 119.772
      vertex -22.6661 3.21642 119.917
    endloop
  endfacet
  facet normal -0.15718 0.012338 0.987493
    outer loop
      vertex -22.6917 3.10956 119.917
      vertex -22.7003 3 119.917
      vertex -22.2325 3.03682 119.991
    endloop
  endfacet
  facet normal -0.263474 0.161402 0.951068
    outer loop
      vertex -22.9288 3.67481 119.772
      vertex -23.0229 3.5212 119.772
      vertex -22.5666 3.41165 119.917
    endloop
  endfacet
  facet normal -0.420876 0.174462 0.890184
    outer loop
      vertex -23.3966 3.71163 119.558
      vertex -23.4908 3.48438 119.558
      vertex -23.0919 3.35477 119.772
    endloop
  endfacet
  facet normal -0.0242508 0.308023 0.95107
    outer loop
      vertex -22 4.14805 119.772
      vertex -22.1796 4.13391 119.772
      vertex -22.1096 3.69171 119.917
    endloop
  endfacet
  facet normal -0.106323 0.442993 0.890198
    outer loop
      vertex -22.2452 4.5482 119.558
      vertex -22.3548 4.09186 119.772
      vertex -22.1796 4.13391 119.772
    endloop
  endfacet
  facet normal -0.153318 -0.0367298 0.987494
    outer loop
      vertex -22.2239 1.92726 119.991
      vertex -22.6917 1.89044 119.917
      vertex -22.6661 1.78358 119.917
    endloop
  endfacet
  facet normal -0.388494 0.237988 0.890188
    outer loop
      vertex -22.9288 3.67481 119.772
      vertex -23.3966 3.71163 119.558
      vertex -23.0229 3.5212 119.772
    endloop
  endfacet
  facet normal -0.388486 0.238034 0.890179
    outer loop
      vertex -23.2681 3.92135 119.558
      vertex -23.3966 3.71163 119.558
      vertex -22.9288 3.67481 119.772
    endloop
  endfacet
  facet normal -0.723397 -0.61793 0.307994
    outer loop
      vertex -24.2423 0.370872 118.148
      vertex -24.36 0.285365 117.7
      vertex -23.9598 0.0401554 118.148
    endloop
  endfacet
  facet normal -0.760068 -0.465678 0.453255
    outer loop
      vertex -24.0694 0.496491 118.567
      vertex -24.4695 0.741702 118.148
      vertex -24.2423 0.370872 118.148
    endloop
  endfacet
  facet normal -0.145524 -0.0605638 0.987499
    outer loop
      vertex -22.2239 1.92726 119.991
      vertex -22.624 1.68205 119.917
      vertex -22.2097 1.89314 119.991
    endloop
  endfacet
  facet normal -0.823547 -0.341116 0.453223
    outer loop
      vertex -24.4327 1.20956 118.567
      vertex -24.4695 0.741702 118.148
      vertex -24.2791 0.838728 118.567
    endloop
  endfacet
  facet normal -0.823453 -0.341211 0.453321
    outer loop
      vertex -24.4327 1.20956 118.567
      vertex -24.636 1.14352 118.148
      vertex -24.4695 0.741702 118.148
    endloop
  endfacet
  facet normal -0.912635 -0.377872 0.155919
    outer loop
      vertex -24.5992 0.675659 117.7
      vertex -24.7743 1.09856 117.7
      vertex -24.6648 0.642226 117.235
    endloop
  endfacet
  facet normal -0.842185 -0.516151 0.155922
    outer loop
      vertex -24.5992 0.675659 117.7
      vertex -24.6648 0.642226 117.235
      vertex -24.36 0.285365 117.7
    endloop
  endfacet
  facet normal -0.807494 0.0635663 0.58644
    outer loop
      vertex -24.5264 3.40015 118.567
      vertex -24.5579 3 118.567
      vertex -24.2812 3 118.948
    endloop
  endfacet
  facet normal -0.888617 -0.0699524 0.453283
    outer loop
      vertex -24.5579 2 118.567
      vertex -24.7375 1.56642 118.148
      vertex -24.5264 1.59985 118.567
    endloop
  endfacet
  facet normal -0.603892 -0.370192 0.705884
    outer loop
      vertex -23.5762 0.854792 119.281
      vertex -24.0326 0.964348 118.948
      vertex -23.8455 0.659133 118.948
    endloop
  endfacet
  facet normal -0.748389 -0.309985 0.586364
    outer loop
      vertex -24.1696 1.29506 118.948
      vertex -24.4327 1.20956 118.567
      vertex -24.2791 0.838728 118.567
    endloop
  endfacet
  facet normal -0.948447 -0.074593 0.308033
    outer loop
      vertex -24.7716 2 118.148
      vertex -24.9171 2 117.7
      vertex -24.7375 1.56642 118.148
    endloop
  endfacet
  facet normal 0.0123851 -0.157163 0.987495
    outer loop
      vertex 22 1.76462 119.991
      vertex 22 1.29966 119.917
      vertex 22.0368 1.76752 119.991
    endloop
  endfacet
  facet normal -0.225587 -0.544503 0.807853
    outer loop
      vertex -22.7116 0.603351 119.558
      vertex -22.8845 0.264012 119.281
      vertex -22.6021 0.147014 119.281
    endloop
  endfacet
  facet normal -0.28542 -0.118332 0.951069
    outer loop
      vertex -22.624 1.68205 119.917
      vertex -23.0919 1.64523 119.772
      vertex -23.0229 1.4788 119.772
    endloop
  endfacet
  facet normal -0.423237 -0.690632 0.586429
    outer loop
      vertex -23.0357 -0.0325794 118.948
      vertex -23.3409 0.154455 118.948
      vertex -23.1613 -0.279123 118.567
    endloop
  endfacet
  facet normal 0.443 -0.106211 0.890208
    outer loop
      vertex 23.1339 1.82041 119.772
      vertex 23.0919 1.64523 119.772
      vertex 23.5482 1.75479 119.558
    endloop
  endfacet
  facet normal 0.443017 -0.106323 0.890186
    outer loop
      vertex 23.5482 1.75479 119.558
      vertex 23.0919 1.64523 119.772
      vertex 23.4908 1.51562 119.558
    endloop
  endfacet
  facet normal 0.102572 -0.119767 0.987489
    outer loop
      vertex 22.1664 1.83356 119.991
      vertex 22.1384 1.80958 119.991
      vertex 22.4116 1.43342 119.917
    endloop
  endfacet
  facet normal -0.102572 0.119767 0.987489
    outer loop
      vertex -22.1384 3.19042 119.991
      vertex -22.4116 3.56658 119.917
      vertex -22.1664 3.16644 119.991
    endloop
  endfacet
  facet normal 0.145524 -0.0605638 0.987499
    outer loop
      vertex 22.2239 1.92726 119.991
      vertex 22.2097 1.89314 119.991
      vertex 22.624 1.68205 119.917
    endloop
  endfacet
  facet normal -0.14563 0.0603864 0.987494
    outer loop
      vertex -22.624 3.31795 119.917
      vertex -22.6661 3.21642 119.917
      vertex -22.2239 3.07273 119.991
    endloop
  endfacet
  facet normal 0.57893 0.677803 0.453236
    outer loop
      vertex 23.6291 5.2423 118.148
      vertex 23.5035 5.0694 118.567
      vertex 23.9598 4.95984 118.148
    endloop
  endfacet
  facet normal 0.617889 0.723415 0.308032
    outer loop
      vertex 24.0627 5.06271 117.7
      vertex 23.6291 5.2423 118.148
      vertex 23.9598 4.95984 118.148
    endloop
  endfacet
  facet normal 0.0635542 0.807495 0.586441
    outer loop
      vertex 22 5.55792 118.567
      vertex 22 5.28122 118.948
      vertex 22.4001 5.52643 118.567
    endloop
  endfacet
  facet normal 0.16538 0.688754 0.70588
    outer loop
      vertex 22.3569 5.25313 118.948
      vertex 22.3048 4.92436 119.281
      vertex 22.7049 5.16957 118.948
    endloop
  endfacet
  facet normal -0.271106 0.654362 0.705912
    outer loop
      vertex -22.6021 4.85299 119.281
      vertex -23.0357 5.03258 118.948
      vertex -22.8845 4.73599 119.281
    endloop
  endfacet
  facet normal -0.0462481 0.587566 0.807853
    outer loop
      vertex -22 4.5675 119.558
      vertex -22.3048 4.92436 119.281
      vertex -22.2452 4.5482 119.558
    endloop
  endfacet
  facet normal 0.346408 0.295881 0.8902
    outer loop
      vertex 23.1084 4.10839 119.558
      vertex 22.8118 3.81179 119.772
      vertex 22.9288 3.67481 119.772
    endloop
  endfacet
  facet normal 0.295857 0.346431 0.890199
    outer loop
      vertex 23.1084 4.10839 119.558
      vertex 22.6748 3.92879 119.772
      vertex 22.8118 3.81179 119.772
    endloop
  endfacet
  facet normal 0.300483 -0.0719854 0.951067
    outer loop
      vertex 22.6917 1.89044 119.917
      vertex 22.6661 1.78358 119.917
      vertex 23.0919 1.64523 119.772
    endloop
  endfacet
  facet normal 0.300454 -0.0720349 0.951072
    outer loop
      vertex 23.1339 1.82041 119.772
      vertex 22.6917 1.89044 119.917
      vertex 23.0919 1.64523 119.772
    endloop
  endfacet
  facet normal 0.300454 0.0720349 0.951072
    outer loop
      vertex 23.0919 3.35477 119.772
      vertex 22.6917 3.10956 119.917
      vertex 23.1339 3.17959 119.772
    endloop
  endfacet
  facet normal 0.45413 0.0356547 0.890222
    outer loop
      vertex 23.5675 3 119.558
      vertex 23.1339 3.17959 119.772
      vertex 23.148 3 119.772
    endloop
  endfacet
  facet normal 0.15332 -0.036708 0.987495
    outer loop
      vertex 22.2325 1.96318 119.991
      vertex 22.2239 1.92726 119.991
      vertex 22.6917 1.89044 119.917
    endloop
  endfacet
  facet normal 0.134424 0.0823475 0.987496
    outer loop
      vertex 22.5666 3.41165 119.917
      vertex 22.2097 3.10686 119.991
      vertex 22.624 3.31795 119.917
    endloop
  endfacet
  facet normal 0.118603 0.286271 -0.95078
    outer loop
      vertex 22.5212 4.02292 0.228361
      vertex 22.3179 3.624 0.0828896
      vertex 22.3548 4.09186 0.228361
    endloop
  endfacet
  facet normal 0.654287 0.271017 -0.706015
    outer loop
      vertex 23.853 3.60207 0.718781
      vertex 23.736 3.88453 0.718781
      vertex 24.0326 4.03565 1.05166
    endloop
  endfacet
  facet normal 0.442537 0.1061 -0.890451
    outer loop
      vertex 23.1339 3.17959 0.228361
      vertex 23.0919 3.35477 0.228361
      vertex 23.5482 3.24521 0.442079
    endloop
  endfacet
  facet normal 0.453684 0.0357086 -0.890447
    outer loop
      vertex 23.5675 3 0.442079
      vertex 23.1339 3.17959 0.228361
      vertex 23.5482 3.24521 0.442079
    endloop
  endfacet
  facet normal -0.0366414 -0.152565 -0.987614
    outer loop
      vertex -22.1096 1.30829 0.0828896
      vertex -22.2164 1.33394 0.0828896
      vertex -22.0727 1.77614 0.00924778
    endloop
  endfacet
  facet normal -0.0819915 -0.133797 -0.987611
    outer loop
      vertex -22.3179 1.376 0.0828896
      vertex -22.4116 1.43342 0.0828896
      vertex -22.1069 1.79028 0.00924778
    endloop
  endfacet
  facet normal 0 0.30902 -0.951056
    outer loop
      vertex -22 3.70034 0.0828896
      vertex 22 4.14805 0.228361
      vertex 22 3.70034 0.0828896
    endloop
  endfacet
  facet normal 0 0.30902 -0.951056
    outer loop
      vertex 22 4.14805 0.228361
      vertex -22 3.70034 0.0828896
      vertex -22 4.14805 0.228361
    endloop
  endfacet
  facet normal 0.118603 -0.286271 -0.95078
    outer loop
      vertex 22.3548 0.908139 0.228361
      vertex 22.3179 1.376 0.0828896
      vertex 22.5212 0.977079 0.228361
    endloop
  endfacet
  facet normal 0.161911 -0.264201 -0.95078
    outer loop
      vertex 22.5212 0.977079 0.228361
      vertex 22.4116 1.43342 0.0828896
      vertex 22.6748 1.07121 0.228361
    endloop
  endfacet
  facet normal 0.0123167 -0.156421 -0.987614
    outer loop
      vertex 22.1096 1.30829 0.0828896
      vertex 22 1.29966 0.0828896
      vertex 22.0368 1.76752 0.00924778
    endloop
  endfacet
  facet normal 0.106226 -0.442535 -0.890438
    outer loop
      vertex 22.2452 0.451802 0.442079
      vertex 22.1796 0.866084 0.228361
      vertex 22.3548 0.908139 0.228361
    endloop
  endfacet
  facet normal 0.58721 -0.0460459 -0.808124
    outer loop
      vertex 23.9244 1.69521 0.718781
      vertex 23.5675 2 0.442079
      vertex 23.9483 2 0.718781
    endloop
  endfacet
  facet normal 0.587115 -0.0462107 -0.808183
    outer loop
      vertex 23.9244 1.69521 0.718781
      vertex 23.5482 1.75479 0.442079
      vertex 23.5675 2 0.442079
    endloop
  endfacet
  facet normal 0.174195 -0.420454 -0.890435
    outer loop
      vertex 22.7116 0.603351 0.442079
      vertex 22.3548 0.908139 0.228361
      vertex 22.5212 0.977079 0.228361
    endloop
  endfacet
  facet normal 0.237806 -0.388045 -0.890432
    outer loop
      vertex 22.7116 0.603351 0.442079
      vertex 22.5212 0.977079 0.228361
      vertex 22.6748 1.07121 0.228361
    endloop
  endfacet
  facet normal 0.0243253 -0.308929 -0.950774
    outer loop
      vertex 22.1096 1.30829 0.0828896
      vertex 22 0.85195 0.228361
      vertex 22 1.29966 0.0828896
    endloop
  endfacet
  facet normal 0.059958 -0.145019 -0.987611
    outer loop
      vertex 22.3179 1.376 0.0828896
      vertex 22.0727 1.77614 0.00924778
      vertex 22.1069 1.79028 0.00924778
    endloop
  endfacet
  facet normal -0.133767 -0.0819851 -0.987616
    outer loop
      vertex -22.1904 1.86165 0.00924778
      vertex -22.5666 1.58835 0.0828896
      vertex -22.2097 1.89314 0.00924778
    endloop
  endfacet
  facet normal 0.081982 -0.133805 -0.987611
    outer loop
      vertex 22.4116 1.43342 0.0828896
      vertex 22.1069 1.79028 0.00924778
      vertex 22.1384 1.80958 0.00924778
    endloop
  endfacet
  facet normal 0.388088 -0.237739 -0.890431
    outer loop
      vertex 23.3966 1.28837 0.442079
      vertex 22.9288 1.32519 0.228361
      vertex 23.0229 1.4788 0.228361
    endloop
  endfacet
  facet normal 0.101875 -0.119333 -0.987614
    outer loop
      vertex 22.4116 1.43342 0.0828896
      vertex 22.1664 1.83356 0.00924778
      vertex 22.4952 1.50479 0.0828896
    endloop
  endfacet
  facet normal -0.059958 -0.145019 -0.987611
    outer loop
      vertex -22.0727 1.77614 0.00924778
      vertex -22.3179 1.376 0.0828896
      vertex -22.1069 1.79028 0.00924778
    endloop
  endfacet
  facet normal -0.174195 0.420452 -0.890436
    outer loop
      vertex -22.5212 4.02292 0.228361
      vertex -22.7116 4.39665 0.442079
      vertex -22.3548 4.09186 0.228361
    endloop
  endfacet
  facet normal -0.423196 0.690528 -0.58658
    outer loop
      vertex -23.3409 4.84554 1.05166
      vertex -23.5035 5.0694 1.4325
      vertex -23.1613 5.27912 1.4325
    endloop
  endfacet
  facet normal -0.189056 0.787498 -0.586604
    outer loop
      vertex -22.7049 5.16957 1.05166
      vertex -22.7904 5.43273 1.4325
      vertex -22.4001 5.52643 1.4325
    endloop
  endfacet
  facet normal 0 0.809013 -0.58779
    outer loop
      vertex 22 5.28122 1.05166
      vertex -22 5.55792 1.4325
      vertex 22 5.55792 1.4325
    endloop
  endfacet
  facet normal 0 0.809013 -0.58779
    outer loop
      vertex -22 5.55792 1.4325
      vertex 22 5.28122 1.05166
      vertex -22 5.28122 1.05166
    endloop
  endfacet
  facet normal -0.309888 0.748241 -0.586605
    outer loop
      vertex -22.7049 5.16957 1.05166
      vertex -23.1613 5.27912 1.4325
      vertex -22.7904 5.43273 1.4325
    endloop
  endfacet
  facet normal -0.174195 0.420452 -0.890436
    outer loop
      vertex -22.3548 4.09186 0.228361
      vertex -22.7116 4.39665 0.442079
      vertex -22.4844 4.49078 0.442079
    endloop
  endfacet
  facet normal -0.237803 0.388044 -0.890433
    outer loop
      vertex -22.6748 3.92879 0.228361
      vertex -22.7116 4.39665 0.442079
      vertex -22.5212 4.02292 0.228361
    endloop
  endfacet
  facet normal -0.538583 0.459862 -0.706013
    outer loop
      vertex -23.5762 4.14521 0.718781
      vertex -23.8455 4.34087 1.05166
      vertex -23.3777 4.37769 0.718781
    endloop
  endfacet
  facet normal -0.370042 0.603811 -0.706032
    outer loop
      vertex -23.1452 4.57624 0.718781
      vertex -23.3409 4.84554 1.05166
      vertex -23.0357 5.03258 1.05166
    endloop
  endfacet
  facet normal -0.538586 0.459853 -0.706018
    outer loop
      vertex -23.3777 4.37769 0.718781
      vertex -23.8455 4.34087 1.05166
      vertex -23.6131 4.61306 1.05166
    endloop
  endfacet
  facet normal -0.603785 0.37012 -0.706013
    outer loop
      vertex -23.5762 4.14521 0.718781
      vertex -24.0326 4.03565 1.05166
      vertex -23.8455 4.34087 1.05166
    endloop
  endfacet
  facet normal 0.225432 0.544119 -0.808156
    outer loop
      vertex 22.7116 4.39665 0.442079
      vertex 22.6021 4.85299 0.718781
      vertex 22.8845 4.73599 0.718781
    endloop
  endfacet
  facet normal 0.225431 0.544118 -0.808156
    outer loop
      vertex 22.7116 4.39665 0.442079
      vertex 22.4844 4.49078 0.442079
      vertex 22.6021 4.85299 0.718781
    endloop
  endfacet
  facet normal 0.137482 0.572695 -0.808158
    outer loop
      vertex 22.6021 4.85299 0.718781
      vertex 22.2452 4.5482 0.442079
      vertex 22.3048 4.92436 0.718781
    endloop
  endfacet
  facet normal 0.137477 0.572699 -0.808156
    outer loop
      vertex 22.4844 4.49078 0.442079
      vertex 22.2452 4.5482 0.442079
      vertex 22.6021 4.85299 0.718781
    endloop
  endfacet
  facet normal 0.046195 0.587165 -0.808148
    outer loop
      vertex 22.3048 4.92436 0.718781
      vertex 22 4.5675 0.442079
      vertex 22 4.94834 0.718781
    endloop
  endfacet
  facet normal 0 0.587793 -0.809011
    outer loop
      vertex -22 4.5675 0.442079
      vertex 22 4.94834 0.718781
      vertex 22 4.5675 0.442079
    endloop
  endfacet
  facet normal 0 0.587793 -0.809011
    outer loop
      vertex 22 4.94834 0.718781
      vertex -22 4.5675 0.442079
      vertex -22 4.94834 0.718781
    endloop
  endfacet
  facet normal 0.706 0.0553607 -0.706045
    outer loop
      vertex 23.9483 3 0.718781
      vertex 23.9244 3.30479 0.718781
      vertex 24.2812 3 1.05166
    endloop
  endfacet
  facet normal 0.809013 0 -0.58779
    outer loop
      vertex 24.5579 2 1.4325
      vertex 24.2812 3 1.05166
      vertex 24.5579 3 1.4325
    endloop
  endfacet
  facet normal 0.809013 0 -0.58779
    outer loop
      vertex 24.2812 3 1.05166
      vertex 24.5579 2 1.4325
      vertex 24.2812 2 1.05166
    endloop
  endfacet
  facet normal 0.787521 -0.188916 -0.586618
    outer loop
      vertex 24.5264 1.59985 1.4325
      vertex 24.1696 1.29506 1.05166
      vertex 24.2531 1.64314 1.05166
    endloop
  endfacet
  facet normal 0.688737 -0.165219 -0.705935
    outer loop
      vertex 24.1696 1.29506 1.05166
      vertex 23.9244 1.69521 0.718781
      vertex 24.2531 1.64314 1.05166
    endloop
  endfacet
  facet normal 0.787554 -0.189074 -0.586523
    outer loop
      vertex 24.4327 1.20956 1.4325
      vertex 24.1696 1.29506 1.05166
      vertex 24.5264 1.59985 1.4325
    endloop
  endfacet
  facet normal 0.866907 -0.208125 -0.452942
    outer loop
      vertex 24.636 1.14352 1.85195
      vertex 24.4327 1.20956 1.4325
      vertex 24.5264 1.59985 1.4325
    endloop
  endfacet
  facet normal 0.603782 -0.370125 -0.706013
    outer loop
      vertex 23.8455 0.659133 1.05166
      vertex 23.5762 0.854792 0.718781
      vertex 24.0326 0.964348 1.05166
    endloop
  endfacet
  facet normal 0.544086 -0.22537 -0.808195
    outer loop
      vertex 23.736 1.11547 0.718781
      vertex 23.3966 1.28837 0.442079
      vertex 23.853 1.39793 0.718781
    endloop
  endfacet
  facet normal 0.420416 -0.1743 -0.890432
    outer loop
      vertex 23.3966 1.28837 0.442079
      vertex 23.0229 1.4788 0.228361
      vertex 23.0919 1.64523 0.228361
    endloop
  endfacet
  facet normal 0.447915 -0.382448 -0.80815
    outer loop
      vertex 23.3777 0.622313 0.718781
      vertex 23.2681 1.07865 0.442079
      vertex 23.5762 0.854792 0.718781
    endloop
  endfacet
  facet normal 0.811133 -0.49712 0.308114
    outer loop
      vertex 24.4695 0.741702 118.148
      vertex 24.36 0.285365 117.7
      vertex 24.5992 0.675659 117.7
    endloop
  endfacet
  facet normal 0.842185 -0.516151 0.155922
    outer loop
      vertex 24.5992 0.675659 117.7
      vertex 24.36 0.285365 117.7
      vertex 24.6648 0.642226 117.235
    endloop
  endfacet
  facet normal 0.760236 -0.465781 -0.452868
    outer loop
      vertex 24.2423 0.370872 1.85195
      vertex 24.0694 0.496491 1.4325
      vertex 24.4695 0.741702 1.85195
    endloop
  endfacet
  facet normal 0.677919 -0.579082 -0.452869
    outer loop
      vertex 24.2423 0.370872 1.85195
      vertex 23.9598 0.0401554 1.85195
      vertex 24.0694 0.496491 1.4325
    endloop
  endfacet
  facet normal 0.525994 -0.615862 -0.586553
    outer loop
      vertex 23.8087 0.191277 1.4325
      vertex 23.3409 0.154455 1.05166
      vertex 23.6131 0.386935 1.05166
    endloop
  endfacet
  facet normal 0.45993 -0.53851 -0.706025
    outer loop
      vertex 23.6131 0.386935 1.05166
      vertex 23.3409 0.154455 1.05166
      vertex 23.3777 0.622313 0.718781
    endloop
  endfacet
  facet normal 0.842214 0.516083 0.155994
    outer loop
      vertex 24.4196 4.75792 117.235
      vertex 24.36 4.71463 117.7
      vertex 24.6648 4.35777 117.235
    endloop
  endfacet
  facet normal 0.751085 0.641512 0.155991
    outer loop
      vertex 24.4196 4.75792 117.235
      vertex 24.0627 5.06271 117.7
      vertex 24.36 4.71463 117.7
    endloop
  endfacet
  facet normal 0.960464 0.230675 0.155878
    outer loop
      vertex 24.9539 3.46786 117.235
      vertex 24.7743 3.90144 117.7
      vertex 24.8812 3.45634 117.7
    endloop
  endfacet
  facet normal 0.960481 0.230475 0.156071
    outer loop
      vertex 24.8444 3.92419 117.235
      vertex 24.7743 3.90144 117.7
      vertex 24.9539 3.46786 117.235
    endloop
  endfacet
  facet normal -0.364084 0.878981 0.307954
    outer loop
      vertex -22.9014 5.77434 117.7
      vertex -23.2583 5.46955 118.148
      vertex -22.8565 5.63598 118.148
    endloop
  endfacet
  facet normal -0.23059 0.960468 0.155978
    outer loop
      vertex -22.4679 5.95393 117.235
      vertex -22.9014 5.77434 117.7
      vertex -22.4563 5.8812 117.7
    endloop
  endfacet
  facet normal 0.074642 0.948458 0.307987
    outer loop
      vertex 22.4563 5.8812 117.7
      vertex 22 5.91711 117.7
      vertex 22.4336 5.73751 118.148
    endloop
  endfacet
  facet normal -0.677763 0.578961 0.453256
    outer loop
      vertex -23.9598 4.95984 118.148
      vertex -24.2423 4.62913 118.148
      vertex -24.0694 4.50351 118.567
    endloop
  endfacet
  facet normal -0.760068 0.465678 0.453256
    outer loop
      vertex -24.2423 4.62913 118.148
      vertex -24.4695 4.2583 118.148
      vertex -24.0694 4.50351 118.567
    endloop
  endfacet
  facet normal -0.382774 0.448224 0.807824
    outer loop
      vertex -23.1452 4.57624 119.281
      vertex -23.3777 4.37769 119.281
      vertex -22.9214 4.26813 119.558
    endloop
  endfacet
  facet normal -0.459973 0.538624 0.70591
    outer loop
      vertex -23.3409 4.84554 118.948
      vertex -23.3777 4.37769 119.281
      vertex -23.1452 4.57624 119.281
    endloop
  endfacet
  facet normal -0.516148 0.842179 0.15597
    outer loop
      vertex -23.3578 5.66478 117.235
      vertex -23.7579 5.41957 117.235
      vertex -23.7146 5.35999 117.7
    endloop
  endfacet
  facet normal -0.641468 0.751127 0.155974
    outer loop
      vertex -23.7579 5.41957 117.235
      vertex -24.0627 5.06271 117.7
      vertex -23.7146 5.35999 117.7
    endloop
  endfacet
  facet normal -0.866752 0.208029 0.453283
    outer loop
      vertex -24.636 3.85648 118.148
      vertex -24.7375 3.43358 118.148
      vertex -24.5264 3.40015 118.567
    endloop
  endfacet
  facet normal -0.925109 0.222035 0.308017
    outer loop
      vertex -24.636 3.85648 118.148
      vertex -24.8812 3.45634 117.7
      vertex -24.7375 3.43358 118.148
    endloop
  endfacet
  facet normal -0.787635 0.188944 0.586457
    outer loop
      vertex -24.1696 3.70494 118.948
      vertex -24.5264 3.40015 118.567
      vertex -24.2531 3.35686 118.948
    endloop
  endfacet
  facet normal -0.823545 0.341117 0.453226
    outer loop
      vertex -24.2791 4.16127 118.567
      vertex -24.4695 4.2583 118.148
      vertex -24.4327 3.79044 118.567
    endloop
  endfacet
  facet normal -0.0635457 -0.8075 0.586435
    outer loop
      vertex -22.3569 -0.253132 118.948
      vertex -22.4001 -0.526428 118.567
      vertex -22 -0.281218 118.948
    endloop
  endfacet
  facet normal -0.0555698 -0.706147 0.705881
    outer loop
      vertex -22.3048 0.0756426 119.281
      vertex -22.3569 -0.253132 118.948
      vertex -22 -0.281218 118.948
    endloop
  endfacet
  facet normal -0.617861 -0.723389 -0.30815
    outer loop
      vertex -23.7146 -0.359991 2.29966
      vertex -23.9598 0.0401554 1.85195
      vertex -23.6291 -0.242302 1.85195
    endloop
  endfacet
  facet normal -0.579054 -0.677954 -0.452851
    outer loop
      vertex -23.6291 -0.242302 1.85195
      vertex -23.9598 0.0401554 1.85195
      vertex -23.5035 -0.0694008 1.4325
    endloop
  endfacet
  facet normal -0.706097 -0.0555997 -0.705929
    outer loop
      vertex -24.2531 1.64314 1.05166
      vertex -24.2812 2 1.05166
      vertex -23.9244 1.69521 0.718781
    endloop
  endfacet
  facet normal -0.688737 -0.165219 -0.705935
    outer loop
      vertex -24.1696 1.29506 1.05166
      vertex -24.2531 1.64314 1.05166
      vertex -23.9244 1.69521 0.718781
    endloop
  endfacet
  facet normal -0.308964 0 -0.951074
    outer loop
      vertex -23.1481 2 0.228361
      vertex -22.7003 3 0.0828896
      vertex -22.7003 2 0.0828896
    endloop
  endfacet
  facet normal -0.308964 0 -0.951074
    outer loop
      vertex -22.7003 3 0.0828896
      vertex -23.1481 2 0.228361
      vertex -23.1481 3 0.228361
    endloop
  endfacet
  facet normal -0.572719 -0.137451 -0.808146
    outer loop
      vertex -23.4908 1.51562 0.442079
      vertex -23.853 1.39793 0.718781
      vertex -23.5482 1.75479 0.442079
    endloop
  endfacet
  facet normal -0.118625 -0.286268 -0.950778
    outer loop
      vertex -22.2164 1.33394 0.0828896
      vertex -22.3548 0.908139 0.228361
      vertex -22.3179 1.376 0.0828896
    endloop
  endfacet
  facet normal -0.118603 -0.286271 -0.95078
    outer loop
      vertex -22.3548 0.908139 0.228361
      vertex -22.5212 0.977079 0.228361
      vertex -22.3179 1.376 0.0828896
    endloop
  endfacet
  facet normal 0.156441 0.0123215 -0.98761
    outer loop
      vertex 22.2354 3 0.00924778
      vertex 22.2325 3.03682 0.00924778
      vertex 22.7003 3 0.0828896
    endloop
  endfacet
  facet normal 0.161906 0.264203 -0.95078
    outer loop
      vertex 22.4116 3.56658 0.0828896
      vertex 22.3179 3.624 0.0828896
      vertex 22.5212 4.02292 0.228361
    endloop
  endfacet
  facet normal -0.50221 -0.307715 -0.808144
    outer loop
      vertex -23.2681 1.07865 0.442079
      vertex -23.5762 0.854792 0.718781
      vertex -23.3966 1.28837 0.442079
    endloop
  endfacet
  facet normal -0.286257 -0.118698 -0.950772
    outer loop
      vertex -22.624 1.68205 0.0828896
      vertex -23.0919 1.64523 0.228361
      vertex -22.6661 1.78358 0.0828896
    endloop
  endfacet
  facet normal 0.264249 -0.161877 -0.950773
    outer loop
      vertex 23.0229 1.4788 0.228361
      vertex 22.5666 1.58835 0.0828896
      vertex 22.624 1.68205 0.0828896
    endloop
  endfacet
  facet normal -0.295548 0.346069 -0.890442
    outer loop
      vertex -22.8118 3.81179 0.228361
      vertex -23.1084 4.10839 0.442079
      vertex -22.6748 3.92879 0.228361
    endloop
  endfacet
  facet normal -0.235632 0.201263 -0.950774
    outer loop
      vertex -22.5666 3.41165 0.0828896
      vertex -22.9288 3.67481 0.228361
      vertex -22.8118 3.81179 0.228361
    endloop
  endfacet
  facet normal -0.442537 -0.1061 -0.890451
    outer loop
      vertex -23.0919 1.64523 0.228361
      vertex -23.5482 1.75479 0.442079
      vertex -23.1339 1.82041 0.228361
    endloop
  endfacet
  facet normal -0.156438 0.0122797 -0.987611
    outer loop
      vertex -22.2325 3.03682 0.00924778
      vertex -22.7003 3 0.0828896
      vertex -22.6917 3.10956 0.0828896
    endloop
  endfacet
  facet normal -0.58721 -0.0460459 -0.808124
    outer loop
      vertex -23.9244 1.69521 0.718781
      vertex -23.9483 2 0.718781
      vertex -23.5675 2 0.442079
    endloop
  endfacet
  facet normal -0.706 -0.0553607 -0.706045
    outer loop
      vertex -23.9244 1.69521 0.718781
      vertex -24.2812 2 1.05166
      vertex -23.9483 2 0.718781
    endloop
  endfacet
  facet normal -0.688597 0.165386 -0.706032
    outer loop
      vertex -23.9244 3.30479 0.718781
      vertex -24.1696 3.70494 1.05166
      vertex -23.853 3.60207 0.718781
    endloop
  endfacet
  facet normal -0.654266 0.271036 -0.706028
    outer loop
      vertex -23.853 3.60207 0.718781
      vertex -24.1696 3.70494 1.05166
      vertex -24.0326 4.03565 1.05166
    endloop
  endfacet
  facet normal -0.787521 0.188916 -0.586618
    outer loop
      vertex -24.2531 3.35686 1.05166
      vertex -24.5264 3.40015 1.4325
      vertex -24.1696 3.70494 1.05166
    endloop
  endfacet
  facet normal -0.888844 0.0699054 -0.452845
    outer loop
      vertex -24.5579 3 1.4325
      vertex -24.7716 3 1.85195
      vertex -24.7375 3.43358 1.85195
    endloop
  endfacet
  facet normal -0.912553 0.378003 -0.156077
    outer loop
      vertex -24.7743 3.90144 2.29966
      vertex -24.8444 3.92419 2.76462
      vertex -24.6648 4.35777 2.76462
    endloop
  endfacet
  facet normal -0.76023 0.465814 -0.452845
    outer loop
      vertex -24.2791 4.16127 1.4325
      vertex -24.4695 4.2583 1.85195
      vertex -24.0694 4.50351 1.4325
    endloop
  endfacet
  facet normal -0.690522 0.423102 -0.586654
    outer loop
      vertex -23.8455 4.34087 1.05166
      vertex -24.2791 4.16127 1.4325
      vertex -24.0694 4.50351 1.4325
    endloop
  endfacet
  facet normal -0.690503 0.423279 -0.586549
    outer loop
      vertex -24.0326 4.03565 1.05166
      vertex -24.2791 4.16127 1.4325
      vertex -23.8455 4.34087 1.05166
    endloop
  endfacet
  facet normal -0.465886 0.760179 -0.452855
    outer loop
      vertex -23.5035 5.0694 1.4325
      vertex -23.6291 5.2423 1.85195
      vertex -23.2583 5.46955 1.85195
    endloop
  endfacet
  facet normal -0.525993 0.615861 -0.586555
    outer loop
      vertex -23.6131 4.61306 1.05166
      vertex -23.8087 4.80872 1.4325
      vertex -23.3409 4.84554 1.05166
    endloop
  endfacet
  facet normal 0.378013 0.912558 -0.156025
    outer loop
      vertex 23.3243 5.59916 2.29966
      vertex 22.9014 5.77434 2.29966
      vertex 23.3578 5.66478 2.76462
    endloop
  endfacet
  facet normal 0.516088 0.842201 -0.156044
    outer loop
      vertex 23.7146 5.35999 2.29966
      vertex 23.3243 5.59916 2.29966
      vertex 23.3578 5.66478 2.76462
    endloop
  endfacet
  facet normal 0.423196 0.690528 -0.58658
    outer loop
      vertex 23.3409 4.84554 1.05166
      vertex 23.1613 5.27912 1.4325
      vertex 23.5035 5.0694 1.4325
    endloop
  endfacet
  facet normal 0.423187 0.690529 -0.586586
    outer loop
      vertex 23.3409 4.84554 1.05166
      vertex 23.0357 5.03258 1.05166
      vertex 23.1613 5.27912 1.4325
    endloop
  endfacet
  facet normal 0.654266 0.271036 -0.706028
    outer loop
      vertex 24.1696 3.70494 1.05166
      vertex 23.853 3.60207 0.718781
      vertex 24.0326 4.03565 1.05166
    endloop
  endfacet
  facet normal 0.688597 0.165386 -0.706032
    outer loop
      vertex 23.9244 3.30479 0.718781
      vertex 23.853 3.60207 0.718781
      vertex 24.1696 3.70494 1.05166
    endloop
  endfacet
  facet normal 0.309922 -0.748353 0.586443
    outer loop
      vertex 23.1613 -0.279123 118.567
      vertex 22.7049 -0.169567 118.948
      vertex 22.7904 -0.432727 118.567
    endloop
  endfacet
  facet normal 0.341067 -0.823557 0.453242
    outer loop
      vertex 23.1613 -0.279123 118.567
      vertex 22.7904 -0.432727 118.567
      vertex 23.2583 -0.469547 118.148
    endloop
  endfacet
  facet normal 0.28542 -0.118332 0.951069
    outer loop
      vertex 23.0919 1.64523 119.772
      vertex 22.624 1.68205 119.917
      vertex 23.0229 1.4788 119.772
    endloop
  endfacet
  facet normal 0.263474 -0.161402 0.951068
    outer loop
      vertex 22.624 1.68205 119.917
      vertex 22.5666 1.58835 119.917
      vertex 23.0229 1.4788 119.772
    endloop
  endfacet
  facet normal 0.459982 -0.538615 0.705911
    outer loop
      vertex 23.3777 0.622313 119.281
      vertex 23.1452 0.423756 119.281
      vertex 23.3409 0.154455 118.948
    endloop
  endfacet
  facet normal 0.346409 -0.295882 0.890199
    outer loop
      vertex 22.9288 1.32519 119.772
      vertex 22.8118 1.18821 119.772
      vertex 23.1084 0.891613 119.558
    endloop
  endfacet
  facet normal 0.0823804 -0.134431 0.987493
    outer loop
      vertex 22.4116 1.43342 119.917
      vertex 22.1069 1.79028 119.991
      vertex 22.3179 1.376 119.917
    endloop
  endfacet
  facet normal 0.161431 -0.263428 0.951076
    outer loop
      vertex 22.4116 1.43342 119.917
      vertex 22.3179 1.376 119.917
      vertex 22.5212 0.977079 119.772
    endloop
  endfacet
  facet normal 0.0357422 -0.454175 0.890195
    outer loop
      vertex 22 0.85195 119.772
      vertex 22 0.432504 119.558
      vertex 22.1796 0.866084 119.772
    endloop
  endfacet
  facet normal 0.307889 -0.502615 0.807826
    outer loop
      vertex 22.9214 0.731869 119.558
      vertex 22.7116 0.603351 119.558
      vertex 23.1452 0.423756 119.281
    endloop
  endfacet
  facet normal 0.6906 -0.423345 0.586387
    outer loop
      vertex 24.0326 0.964348 118.948
      vertex 23.8455 0.659133 118.948
      vertex 24.2791 0.838728 118.567
    endloop
  endfacet
  facet normal 0.69062 -0.423166 0.586494
    outer loop
      vertex 24.2791 0.838728 118.567
      vertex 23.8455 0.659133 118.948
      vertex 24.0694 0.496491 118.567
    endloop
  endfacet
  facet normal 0.787668 -0.189102 0.586361
    outer loop
      vertex 24.5264 1.59985 118.567
      vertex 24.1696 1.29506 118.948
      vertex 24.4327 1.20956 118.567
    endloop
  endfacet
  facet normal 0.787635 -0.188944 0.586457
    outer loop
      vertex 24.2531 1.64314 118.948
      vertex 24.1696 1.29506 118.948
      vertex 24.5264 1.59985 118.567
    endloop
  endfacet
  facet normal -0.382812 0.44814 0.807853
    outer loop
      vertex -22.9214 4.26813 119.558
      vertex -23.3777 4.37769 119.281
      vertex -23.1084 4.10839 119.558
    endloop
  endfacet
  facet normal -0.448233 0.382714 0.807848
    outer loop
      vertex -23.1084 4.10839 119.558
      vertex -23.3777 4.37769 119.281
      vertex -23.2681 3.92135 119.558
    endloop
  endfacet
  facet normal -0.118255 0.285432 0.951075
    outer loop
      vertex -22.3548 4.09186 119.772
      vertex -22.5212 4.02292 119.772
      vertex -22.3179 3.624 119.917
    endloop
  endfacet
  facet normal -0.295857 0.346431 0.890199
    outer loop
      vertex -22.6748 3.92879 119.772
      vertex -23.1084 4.10839 119.558
      vertex -22.8118 3.81179 119.772
    endloop
  endfacet
  facet normal -0.308058 0 0.951368
    outer loop
      vertex -23.1481 3 119.772
      vertex -22.7003 2 119.917
      vertex -22.7003 3 119.917
    endloop
  endfacet
  facet normal -0.308058 0 0.951368
    outer loop
      vertex -22.7003 2 119.917
      vertex -23.1481 3 119.772
      vertex -23.1481 2 119.772
    endloop
  endfacet
  facet normal -0.0357571 0.454171 0.890197
    outer loop
      vertex -22 4.5675 119.558
      vertex -22.1796 4.13391 119.772
      vertex -22 4.14805 119.772
    endloop
  endfacet
  facet normal -0.174377 0.420892 0.890193
    outer loop
      vertex -22.3548 4.09186 119.772
      vertex -22.7116 4.39665 119.558
      vertex -22.5212 4.02292 119.772
    endloop
  endfacet
  facet normal -0.238052 0.38845 0.89019
    outer loop
      vertex -22.5212 4.02292 119.772
      vertex -22.7116 4.39665 119.558
      vertex -22.6748 3.92879 119.772
    endloop
  endfacet
  facet normal -0.153318 0.0367178 0.987494
    outer loop
      vertex -22.2239 3.07273 119.991
      vertex -22.6917 3.10956 119.917
      vertex -22.2325 3.03682 119.991
    endloop
  endfacet
  facet normal -0.024254 0.308023 0.95107
    outer loop
      vertex -22 4.14805 119.772
      vertex -22.1096 3.69171 119.917
      vertex -22 3.70034 119.917
    endloop
  endfacet
  facet normal -0.0603511 0.14564 0.987495
    outer loop
      vertex -22.2164 3.66606 119.917
      vertex -22.3179 3.624 119.917
      vertex -22.0727 3.22386 119.991
    endloop
  endfacet
  facet normal -0.102359 0.119899 0.987495
    outer loop
      vertex -22.4116 3.56658 119.917
      vertex -22.4952 3.49521 119.917
      vertex -22.1664 3.16644 119.991
    endloop
  endfacet
  facet normal -0.0823708 0.134439 0.987492
    outer loop
      vertex -22.1069 3.20972 119.991
      vertex -22.4116 3.56658 119.917
      vertex -22.1384 3.19042 119.991
    endloop
  endfacet
  facet normal -0.748357 0.310015 0.586389
    outer loop
      vertex -24.0326 4.03565 118.948
      vertex -24.2791 4.16127 118.567
      vertex -24.1696 3.70494 118.948
    endloop
  endfacet
  facet normal -0.587528 0.0462432 0.807881
    outer loop
      vertex -23.5482 3.24521 119.558
      vertex -23.9244 3.30479 119.281
      vertex -23.5675 3 119.558
    endloop
  endfacet
  facet normal -0.677794 -0.578941 0.453235
    outer loop
      vertex -23.8087 0.191277 118.567
      vertex -24.0694 0.496491 118.567
      vertex -23.9598 0.0401554 118.148
    endloop
  endfacet
  facet normal -0.811235 -0.497027 0.307995
    outer loop
      vertex -24.2423 0.370872 118.148
      vertex -24.4695 0.741702 118.148
      vertex -24.36 0.285365 117.7
    endloop
  endfacet
  facet normal -0.225585 -0.544503 0.807854
    outer loop
      vertex -22.4844 0.509223 119.558
      vertex -22.7116 0.603351 119.558
      vertex -22.6021 0.147014 119.281
    endloop
  endfacet
  facet normal -0.118277 -0.285429 0.951073
    outer loop
      vertex -22.3179 1.376 119.917
      vertex -22.3548 0.908139 119.772
      vertex -22.2164 1.33394 119.917
    endloop
  endfacet
  facet normal -0.984734 -0.0774684 0.155877
    outer loop
      vertex -24.9171 2 117.7
      vertex -24.9539 1.53214 117.235
      vertex -24.8812 1.54366 117.7
    endloop
  endfacet
  facet normal -0.948451 -0.0746141 0.308015
    outer loop
      vertex -24.7375 1.56642 118.148
      vertex -24.9171 2 117.7
      vertex -24.8812 1.54366 117.7
    endloop
  endfacet
  facet normal -0.161431 -0.263428 0.951076
    outer loop
      vertex -22.4116 1.43342 119.917
      vertex -22.5212 0.977079 119.772
      vertex -22.3179 1.376 119.917
    endloop
  endfacet
  facet normal -0.538686 -0.459925 0.705894
    outer loop
      vertex -23.3777 0.622313 119.281
      vertex -23.8455 0.659133 118.948
      vertex -23.6131 0.386935 118.948
    endloop
  endfacet
  facet normal 0.153318 0.0367178 0.987494
    outer loop
      vertex 22.6917 3.10956 119.917
      vertex 22.2239 3.07273 119.991
      vertex 22.2325 3.03682 119.991
    endloop
  endfacet
  facet normal -0.307968 -0.0241742 0.95109
    outer loop
      vertex -22.7003 2 119.917
      vertex -23.1481 2 119.772
      vertex -22.6917 1.89044 119.917
    endloop
  endfacet
  facet normal -0.174375 -0.420895 0.890191
    outer loop
      vertex -22.3548 0.908139 119.772
      vertex -22.7116 0.603351 119.558
      vertex -22.4844 0.509223 119.558
    endloop
  endfacet
  facet normal -0.454159 -0.0357459 0.890203
    outer loop
      vertex -23.1339 1.82041 119.772
      vertex -23.5675 2 119.558
      vertex -23.5482 1.75479 119.558
    endloop
  endfacet
  facet normal -0.102359 -0.119899 0.987495
    outer loop
      vertex -22.1664 1.83356 119.991
      vertex -22.4952 1.50479 119.917
      vertex -22.4116 1.43342 119.917
    endloop
  endfacet
  facet normal 0.134402 -0.082374 0.987497
    outer loop
      vertex 22.2097 1.89314 119.991
      vertex 22.1904 1.86165 119.991
      vertex 22.5666 1.58835 119.917
    endloop
  endfacet
  facet normal -0.454505 0 0.890744
    outer loop
      vertex -23.5675 3 119.558
      vertex -23.1481 2 119.772
      vertex -23.1481 3 119.772
    endloop
  endfacet
  facet normal -0.454505 0 0.890744
    outer loop
      vertex -23.1481 2 119.772
      vertex -23.5675 3 119.558
      vertex -23.5675 2 119.558
    endloop
  endfacet
  facet normal -0.787635 -0.188944 0.586457
    outer loop
      vertex -24.2531 1.64314 118.948
      vertex -24.5264 1.59985 118.567
      vertex -24.1696 1.29506 118.948
    endloop
  endfacet
  facet normal -0.0602424 0.145706 0.987492
    outer loop
      vertex -22.0727 3.22386 119.991
      vertex -22.3179 3.624 119.917
      vertex -22.1069 3.20972 119.991
    endloop
  endfacet
  facet normal 0.157195 0 0.987568
    outer loop
      vertex 22.2354 3 119.991
      vertex 22.7003 2 119.917
      vertex 22.7003 3 119.917
    endloop
  endfacet
  facet normal 0.157195 0 0.987568
    outer loop
      vertex 22.7003 2 119.917
      vertex 22.2354 3 119.991
      vertex 22.2354 2 119.991
    endloop
  endfacet
  facet normal -0.119852 -0.102401 0.987497
    outer loop
      vertex -22.1904 1.86165 119.991
      vertex -22.5666 1.58835 119.917
      vertex -22.1664 1.83356 119.991
    endloop
  endfacet
  facet normal -0.157183 0.01238 0.987492
    outer loop
      vertex -22.2325 3.03682 119.991
      vertex -22.7003 3 119.917
      vertex -22.2354 3 119.991
    endloop
  endfacet
  facet normal 0.271023 0.654459 0.705855
    outer loop
      vertex 22.7049 5.16957 118.948
      vertex 22.6021 4.85299 119.281
      vertex 23.0357 5.03258 118.948
    endloop
  endfacet
  facet normal 0.309913 0.74837 0.586426
    outer loop
      vertex 23.1613 5.27912 118.567
      vertex 22.7049 5.16957 118.948
      vertex 23.0357 5.03258 118.948
    endloop
  endfacet
  facet normal -0.137578 0.573098 0.807856
    outer loop
      vertex -22.3048 4.92436 119.281
      vertex -22.6021 4.85299 119.281
      vertex -22.2452 4.5482 119.558
    endloop
  endfacet
  facet normal -0.055578 0.706151 0.705877
    outer loop
      vertex -22 5.28122 118.948
      vertex -22.3569 5.25313 118.948
      vertex -22.3048 4.92436 119.281
    endloop
  endfacet
  facet normal -0.119852 0.102401 0.987497
    outer loop
      vertex -22.1664 3.16644 119.991
      vertex -22.5666 3.41165 119.917
      vertex -22.1904 3.13835 119.991
    endloop
  endfacet
  facet normal 0.15718 0.012338 0.987493
    outer loop
      vertex 22.6917 3.10956 119.917
      vertex 22.2325 3.03682 119.991
      vertex 22.7003 3 119.917
    endloop
  endfacet
  facet normal -0.0823804 0.134431 0.987493
    outer loop
      vertex -22.3179 3.624 119.917
      vertex -22.4116 3.56658 119.917
      vertex -22.1069 3.20972 119.991
    endloop
  endfacet
  facet normal 0.308935 -0.0242501 -0.950774
    outer loop
      vertex 23.148 2 0.228361
      vertex 22.6917 1.89044 0.0828896
      vertex 22.7003 2 0.0828896
    endloop
  endfacet
  facet normal 0.420416 0.1743 -0.890432
    outer loop
      vertex 23.0919 3.35477 0.228361
      vertex 23.0229 3.5212 0.228361
      vertex 23.3966 3.71163 0.442079
    endloop
  endfacet
  facet normal 0.237718 0.388059 -0.89045
    outer loop
      vertex 22.9214 4.26813 0.442079
      vertex 22.6748 3.92879 0.228361
      vertex 22.7116 4.39665 0.442079
    endloop
  endfacet
  facet normal 0.442554 0.106211 -0.89043
    outer loop
      vertex 23.5482 3.24521 0.442079
      vertex 23.0919 3.35477 0.228361
      vertex 23.4908 3.48438 0.442079
    endloop
  endfacet
  facet normal 0.295548 0.346069 -0.890442
    outer loop
      vertex 22.8118 3.81179 0.228361
      vertex 22.6748 3.92879 0.228361
      vertex 23.1084 4.10839 0.442079
    endloop
  endfacet
  facet normal 0.346046 0.295572 -0.890443
    outer loop
      vertex 22.9288 3.67481 0.228361
      vertex 22.8118 3.81179 0.228361
      vertex 23.1084 4.10839 0.442079
    endloop
  endfacet
  facet normal 0.346124 0.295531 -0.890427
    outer loop
      vertex 23.2681 3.92135 0.442079
      vertex 22.9288 3.67481 0.228361
      vertex 23.1084 4.10839 0.442079
    endloop
  endfacet
  facet normal 0.264249 0.161876 -0.950773
    outer loop
      vertex 23.0229 3.5212 0.228361
      vertex 22.5666 3.41165 0.0828896
      vertex 22.9288 3.67481 0.228361
    endloop
  endfacet
  facet normal 0.156441 -0.0123215 -0.98761
    outer loop
      vertex 22.7003 2 0.0828896
      vertex 22.2325 1.96318 0.00924778
      vertex 22.2354 2 0.00924778
    endloop
  endfacet
  facet normal 0.156438 0.0122797 -0.987611
    outer loop
      vertex 22.7003 3 0.0828896
      vertex 22.2325 3.03682 0.00924778
      vertex 22.6917 3.10956 0.0828896
    endloop
  endfacet
  facet normal 0.38808 -0.237785 -0.890422
    outer loop
      vertex 23.2681 1.07865 0.442079
      vertex 22.9288 1.32519 0.228361
      vertex 23.3966 1.28837 0.442079
    endloop
  endfacet
  facet normal 0.50221 -0.307715 -0.808144
    outer loop
      vertex 23.5762 0.854792 0.718781
      vertex 23.2681 1.07865 0.442079
      vertex 23.3966 1.28837 0.442079
    endloop
  endfacet
  facet normal -0.308911 0.0244253 -0.950777
    outer loop
      vertex -22.6917 3.10956 0.0828896
      vertex -23.1481 3 0.228361
      vertex -23.1339 3.17959 0.228361
    endloop
  endfacet
  facet normal 0.144837 -0.0602779 -0.987618
    outer loop
      vertex 22.624 1.68205 0.0828896
      vertex 22.2097 1.89314 0.00924778
      vertex 22.2239 1.92726 0.00924778
    endloop
  endfacet
  facet normal -0.0600662 -0.144953 -0.987614
    outer loop
      vertex -22.2164 1.33394 0.0828896
      vertex -22.3179 1.376 0.0828896
      vertex -22.0727 1.77614 0.00924778
    endloop
  endfacet
  facet normal 0.144943 0.0601013 -0.987613
    outer loop
      vertex 22.6661 3.21642 0.0828896
      vertex 22.2239 3.07273 0.00924778
      vertex 22.624 3.31795 0.0828896
    endloop
  endfacet
  facet normal -0.0366414 0.152565 -0.987614
    outer loop
      vertex -22.0727 3.22386 0.00924778
      vertex -22.2164 3.66606 0.0828896
      vertex -22.1096 3.69171 0.0828896
    endloop
  endfacet
  facet normal 0.0243253 0.308929 -0.950774
    outer loop
      vertex 22.1096 3.69171 0.0828896
      vertex 22 3.70034 0.0828896
      vertex 22 4.14805 0.228361
    endloop
  endfacet
  facet normal 0.0366414 -0.152565 -0.987614
    outer loop
      vertex 22.1096 1.30829 0.0828896
      vertex 22.0727 1.77614 0.00924778
      vertex 22.2164 1.33394 0.0828896
    endloop
  endfacet
  facet normal 0.0723639 -0.301305 -0.950778
    outer loop
      vertex 22.3548 0.908139 0.228361
      vertex 22.1096 1.30829 0.0828896
      vertex 22.2164 1.33394 0.0828896
    endloop
  endfacet
  facet normal 0.587833 0 -0.808982
    outer loop
      vertex 23.5675 2 0.442079
      vertex 23.9483 3 0.718781
      vertex 23.9483 2 0.718781
    endloop
  endfacet
  facet normal 0.587833 0 -0.808982
    outer loop
      vertex 23.9483 3 0.718781
      vertex 23.5675 2 0.442079
      vertex 23.5675 3 0.442079
    endloop
  endfacet
  facet normal 0.118625 -0.286268 -0.950778
    outer loop
      vertex 22.3548 0.908139 0.228361
      vertex 22.2164 1.33394 0.0828896
      vertex 22.3179 1.376 0.0828896
    endloop
  endfacet
  facet normal 0.0600662 -0.144953 -0.987614
    outer loop
      vertex 22.2164 1.33394 0.0828896
      vertex 22.0727 1.77614 0.00924778
      vertex 22.3179 1.376 0.0828896
    endloop
  endfacet
  facet normal 0.13379 0.0819587 -0.987615
    outer loop
      vertex 22.624 3.31795 0.0828896
      vertex 22.2097 3.10686 0.00924778
      vertex 22.5666 3.41165 0.0828896
    endloop
  endfacet
  facet normal 0.102088 -0.119202 -0.987608
    outer loop
      vertex 22.4116 1.43342 0.0828896
      vertex 22.1384 1.80958 0.00924778
      vertex 22.1664 1.83356 0.00924778
    endloop
  endfacet
  facet normal 0.346047 -0.295573 -0.890443
    outer loop
      vertex 23.1084 0.891613 0.442079
      vertex 22.8118 1.18821 0.228361
      vertex 22.9288 1.32519 0.228361
    endloop
  endfacet
  facet normal 0.295549 -0.34607 -0.890441
    outer loop
      vertex 23.1084 0.891613 0.442079
      vertex 22.6748 1.07121 0.228361
      vertex 22.8118 1.18821 0.228361
    endloop
  endfacet
  facet normal 0.13379 -0.0819587 -0.987615
    outer loop
      vertex 22.5666 1.58835 0.0828896
      vertex 22.2097 1.89314 0.00924778
      vertex 22.624 1.68205 0.0828896
    endloop
  endfacet
  facet normal -0.106212 0.44253 -0.890441
    outer loop
      vertex -22.1796 4.13391 0.228361
      vertex -22.3548 4.09186 0.228361
      vertex -22.2452 4.5482 0.442079
    endloop
  endfacet
  facet normal -0.0357108 0.453694 -0.890442
    outer loop
      vertex -22.1796 4.13391 0.228361
      vertex -22.2452 4.5482 0.442079
      vertex -22 4.5675 0.442079
    endloop
  endfacet
  facet normal -0.341184 0.823696 -0.452899
    outer loop
      vertex -22.7904 5.43273 1.4325
      vertex -23.2583 5.46955 1.85195
      vertex -22.8565 5.63598 1.85195
    endloop
  endfacet
  facet normal -0.364061 0.878927 -0.308134
    outer loop
      vertex -22.8565 5.63598 1.85195
      vertex -23.2583 5.46955 1.85195
      vertex -22.9014 5.77434 2.29966
    endloop
  endfacet
  facet normal -0.270974 0.65434 -0.705983
    outer loop
      vertex -22.6021 4.85299 0.718781
      vertex -23.0357 5.03258 1.05166
      vertex -22.7049 5.16957 1.05166
    endloop
  endfacet
  facet normal -0.0462156 0.587154 -0.808155
    outer loop
      vertex -22.2452 4.5482 0.442079
      vertex -22.3048 4.92436 0.718781
      vertex -22 4.5675 0.442079
    endloop
  endfacet
  facet normal -0.063545 0.807378 -0.586602
    outer loop
      vertex -22 5.28122 1.05166
      vertex -22.4001 5.52643 1.4325
      vertex -22 5.55792 1.4325
    endloop
  endfacet
  facet normal -0.118603 0.286271 -0.95078
    outer loop
      vertex -22.3179 3.624 0.0828896
      vertex -22.5212 4.02292 0.228361
      vertex -22.3548 4.09186 0.228361
    endloop
  endfacet
  facet normal -0.0243253 0.308929 -0.950774
    outer loop
      vertex -22 3.70034 0.0828896
      vertex -22.1096 3.69171 0.0828896
      vertex -22 4.14805 0.228361
    endloop
  endfacet
  facet normal -0.45989 0.538526 -0.706039
    outer loop
      vertex -23.1452 4.57624 0.718781
      vertex -23.3777 4.37769 0.718781
      vertex -23.3409 4.84554 1.05166
    endloop
  endfacet
  facet normal -0.382505 0.447909 -0.808126
    outer loop
      vertex -22.9214 4.26813 0.442079
      vertex -23.3777 4.37769 0.718781
      vertex -23.1452 4.57624 0.718781
    endloop
  endfacet
  facet normal -0.579058 0.677952 -0.452849
    outer loop
      vertex -23.5035 5.0694 1.4325
      vertex -23.9598 4.95984 1.85195
      vertex -23.6291 5.2423 1.85195
    endloop
  endfacet
  facet normal -0.423187 0.690529 -0.586586
    outer loop
      vertex -23.0357 5.03258 1.05166
      vertex -23.3409 4.84554 1.05166
      vertex -23.1613 5.27912 1.4325
    endloop
  endfacet
  facet normal 0.58721 0.0460459 -0.808124
    outer loop
      vertex 23.9483 3 0.718781
      vertex 23.5675 3 0.442079
      vertex 23.9244 3.30479 0.718781
    endloop
  endfacet
  facet normal 0.572719 -0.137451 -0.808146
    outer loop
      vertex 23.853 1.39793 0.718781
      vertex 23.4908 1.51562 0.442079
      vertex 23.5482 1.75479 0.442079
    endloop
  endfacet
  facet normal 0.654266 -0.271035 -0.706028
    outer loop
      vertex 24.0326 0.964348 1.05166
      vertex 23.853 1.39793 0.718781
      vertex 24.1696 1.29506 1.05166
    endloop
  endfacet
  facet normal 0.617861 -0.723389 -0.30815
    outer loop
      vertex 23.7146 -0.359991 2.29966
      vertex 23.6291 -0.242302 1.85195
      vertex 23.9598 0.0401554 1.85195
    endloop
  endfacet
  facet normal 0.579054 -0.677954 -0.452851
    outer loop
      vertex 23.6291 -0.242302 1.85195
      vertex 23.5035 -0.0694008 1.4325
      vertex 23.9598 0.0401554 1.85195
    endloop
  endfacet
  facet normal 0.69052 -0.423104 -0.586656
    outer loop
      vertex 24.0694 0.496491 1.4325
      vertex 23.8455 0.659133 1.05166
      vertex 24.2791 0.838728 1.4325
    endloop
  endfacet
  facet normal 0.760229 -0.465818 -0.452841
    outer loop
      vertex 24.4695 0.741702 1.85195
      vertex 24.0694 0.496491 1.4325
      vertex 24.2791 0.838728 1.4325
    endloop
  endfacet
  facet normal -0.074642 0.948458 0.307987
    outer loop
      vertex -22 5.91711 117.7
      vertex -22.4563 5.8812 117.7
      vertex -22.4336 5.73751 118.148
    endloop
  endfacet
  facet normal -0.2221 0.925109 0.30797
    outer loop
      vertex -22.4563 5.8812 117.7
      vertex -22.8565 5.63598 118.148
      vertex -22.4336 5.73751 118.148
    endloop
  endfacet
  facet normal 0.0746563 0.948461 0.307975
    outer loop
      vertex 22 5.91711 117.7
      vertex 22 5.77164 118.148
      vertex 22.4336 5.73751 118.148
    endloop
  endfacet
  facet normal 0.0699466 0.888628 0.453264
    outer loop
      vertex 22 5.77164 118.148
      vertex 22 5.55792 118.567
      vertex 22.4336 5.73751 118.148
    endloop
  endfacet
  facet normal -0.690622 0.423164 0.586493
    outer loop
      vertex -24.0694 4.50351 118.567
      vertex -24.2791 4.16127 118.567
      vertex -23.8455 4.34087 118.948
    endloop
  endfacet
  facet normal -0.690603 0.42334 0.586388
    outer loop
      vertex -23.8455 4.34087 118.948
      vertex -24.2791 4.16127 118.567
      vertex -24.0326 4.03565 118.948
    endloop
  endfacet
  facet normal -0.364104 0.878979 0.307936
    outer loop
      vertex -22.9014 5.77434 117.7
      vertex -23.3243 5.59916 117.7
      vertex -23.2583 5.46955 118.148
    endloop
  endfacet
  facet normal -0.378014 0.91256 0.156012
    outer loop
      vertex -22.9014 5.77434 117.7
      vertex -23.3578 5.66478 117.235
      vertex -23.3243 5.59916 117.7
    endloop
  endfacet
  facet normal -0.286259 -0.11868 -0.950774
    outer loop
      vertex -23.0229 1.4788 0.228361
      vertex -23.0919 1.64523 0.228361
      vertex -22.624 1.68205 0.0828896
    endloop
  endfacet
  facet normal -0.295549 -0.34607 -0.890441
    outer loop
      vertex -22.6748 1.07121 0.228361
      vertex -23.1084 0.891613 0.442079
      vertex -22.8118 1.18821 0.228361
    endloop
  endfacet
  facet normal -0.133767 0.0819851 -0.987616
    outer loop
      vertex -22.2097 3.10686 0.00924778
      vertex -22.5666 3.41165 0.0828896
      vertex -22.1904 3.13835 0.00924778
    endloop
  endfacet
  facet normal 0.0366328 0.152566 -0.987614
    outer loop
      vertex 22.0727 3.22386 0.00924778
      vertex 22.0368 3.23248 0.00924778
      vertex 22.1096 3.69171 0.0828896
    endloop
  endfacet
  facet normal -0.301366 -0.072197 -0.950771
    outer loop
      vertex -22.6661 1.78358 0.0828896
      vertex -23.0919 1.64523 0.228361
      vertex -22.6917 1.89044 0.0828896
    endloop
  endfacet
  facet normal -0.264249 -0.161877 -0.950773
    outer loop
      vertex -22.5666 1.58835 0.0828896
      vertex -23.0229 1.4788 0.228361
      vertex -22.624 1.68205 0.0828896
    endloop
  endfacet
  facet normal -0.23558 -0.201297 -0.950779
    outer loop
      vertex -22.4952 1.50479 0.0828896
      vertex -22.8118 1.18821 0.228361
      vertex -22.5666 1.58835 0.0828896
    endloop
  endfacet
  facet normal 0.059958 0.145019 -0.987611
    outer loop
      vertex 22.1069 3.20972 0.00924778
      vertex 22.0727 3.22386 0.00924778
      vertex 22.3179 3.624 0.0828896
    endloop
  endfacet
  facet normal 0.0123267 0.156421 -0.987613
    outer loop
      vertex 22.0368 3.23248 0.00924778
      vertex 22 3.23538 0.00924778
      vertex 22 3.70034 0.0828896
    endloop
  endfacet
  facet normal -0.264249 0.161876 -0.950773
    outer loop
      vertex -22.5666 3.41165 0.0828896
      vertex -23.0229 3.5212 0.228361
      vertex -22.9288 3.67481 0.228361
    endloop
  endfacet
  facet normal -0.23558 0.201297 -0.950779
    outer loop
      vertex -22.5666 3.41165 0.0828896
      vertex -22.8118 3.81179 0.228361
      vertex -22.4952 3.49521 0.0828896
    endloop
  endfacet
  facet normal 0.081982 0.133805 -0.987611
    outer loop
      vertex 22.1384 3.19042 0.00924778
      vertex 22.1069 3.20972 0.00924778
      vertex 22.4116 3.56658 0.0828896
    endloop
  endfacet
  facet normal -0.502209 0.307714 -0.808145
    outer loop
      vertex -23.3966 3.71163 0.442079
      vertex -23.5762 4.14521 0.718781
      vertex -23.2681 3.92135 0.442079
    endloop
  endfacet
  facet normal -0.447918 0.382445 -0.80815
    outer loop
      vertex -23.2681 3.92135 0.442079
      vertex -23.3777 4.37769 0.718781
      vertex -23.1084 4.10839 0.442079
    endloop
  endfacet
  facet normal -0.388088 0.237739 -0.890431
    outer loop
      vertex -23.0229 3.5212 0.228361
      vertex -23.3966 3.71163 0.442079
      vertex -22.9288 3.67481 0.228361
    endloop
  endfacet
  facet normal -0.144943 0.0601013 -0.987613
    outer loop
      vertex -22.2239 3.07273 0.00924778
      vertex -22.6661 3.21642 0.0828896
      vertex -22.624 3.31795 0.0828896
    endloop
  endfacet
  facet normal -0.156453 0 -0.987685
    outer loop
      vertex -22.7003 2 0.0828896
      vertex -22.2354 3 0.00924778
      vertex -22.2354 2 0.00924778
    endloop
  endfacet
  facet normal -0.156453 0 -0.987685
    outer loop
      vertex -22.2354 3 0.00924778
      vertex -22.7003 2 0.0828896
      vertex -22.7003 3 0.0828896
    endloop
  endfacet
  facet normal -0.152594 0.0365445 -0.987613
    outer loop
      vertex -22.2325 3.03682 0.00924778
      vertex -22.6917 3.10956 0.0828896
      vertex -22.2239 3.07273 0.00924778
    endloop
  endfacet
  facet normal -0.308873 0.0242452 -0.950794
    outer loop
      vertex -22.7003 3 0.0828896
      vertex -23.1481 3 0.228361
      vertex -22.6917 3.10956 0.0828896
    endloop
  endfacet
  facet normal -0.156441 0.0123215 -0.98761
    outer loop
      vertex -22.2354 3 0.00924778
      vertex -22.7003 3 0.0828896
      vertex -22.2325 3.03682 0.00924778
    endloop
  endfacet
  facet normal -0.308873 -0.0242452 -0.950794
    outer loop
      vertex -22.6917 1.89044 0.0828896
      vertex -23.1481 2 0.228361
      vertex -22.7003 2 0.0828896
    endloop
  endfacet
  facet normal -0.58721 0.0460459 -0.808124
    outer loop
      vertex -23.5675 3 0.442079
      vertex -23.9483 3 0.718781
      vertex -23.9244 3.30479 0.718781
    endloop
  endfacet
  facet normal -0.453684 0.0357086 -0.890447
    outer loop
      vertex -23.1339 3.17959 0.228361
      vertex -23.5675 3 0.442079
      vertex -23.5482 3.24521 0.442079
    endloop
  endfacet
  facet normal -0.807368 0.0635741 -0.586613
    outer loop
      vertex -24.2812 3 1.05166
      vertex -24.5264 3.40015 1.4325
      vertex -24.2531 3.35686 1.05166
    endloop
  endfacet
  facet normal -0.748249 0.30997 -0.586551
    outer loop
      vertex -24.1696 3.70494 1.05166
      vertex -24.2791 4.16127 1.4325
      vertex -24.0326 4.03565 1.05166
    endloop
  endfacet
  facet normal -0.811082 0.497094 -0.308292
    outer loop
      vertex -24.4695 4.2583 1.85195
      vertex -24.5992 4.32434 2.29966
      vertex -24.36 4.71463 2.29966
    endloop
  endfacet
  facet normal -0.842182 0.516154 -0.155932
    outer loop
      vertex -24.5992 4.32434 2.29966
      vertex -24.6648 4.35777 2.76462
      vertex -24.36 4.71463 2.29966
    endloop
  endfacet
  facet normal 0.364081 0.878925 -0.308116
    outer loop
      vertex 23.2583 5.46955 1.85195
      vertex 22.9014 5.77434 2.29966
      vertex 23.3243 5.59916 2.29966
    endloop
  endfacet
  facet normal 0.497071 0.811167 -0.308106
    outer loop
      vertex 23.7146 5.35999 2.29966
      vertex 23.2583 5.46955 1.85195
      vertex 23.3243 5.59916 2.29966
    endloop
  endfacet
  facet normal 0.382817 -0.448135 0.807853
    outer loop
      vertex 23.1084 0.891613 119.558
      vertex 22.9214 0.731869 119.558
      vertex 23.3777 0.622313 119.281
    endloop
  endfacet
  facet normal 0.448229 -0.382717 0.807848
    outer loop
      vertex 23.2681 1.07865 119.558
      vertex 23.1084 0.891613 119.558
      vertex 23.3777 0.622313 119.281
    endloop
  endfacet
  facet normal 0.295889 -0.346374 0.890211
    outer loop
      vertex 23.1084 0.891613 119.558
      vertex 22.6748 1.07121 119.772
      vertex 22.9214 0.731869 119.558
    endloop
  endfacet
  facet normal 0.295858 -0.346432 0.890198
    outer loop
      vertex 22.8118 1.18821 119.772
      vertex 22.6748 1.07121 119.772
      vertex 23.1084 0.891613 119.558
    endloop
  endfacet
  facet normal 0.237964 -0.388466 0.890207
    outer loop
      vertex 22.9214 0.731869 119.558
      vertex 22.6748 1.07121 119.772
      vertex 22.7116 0.603351 119.558
    endloop
  endfacet
  facet normal 0.370068 -0.603946 0.705903
    outer loop
      vertex 23.1452 0.423756 119.281
      vertex 22.8845 0.264012 119.281
      vertex 23.3409 0.154455 118.948
    endloop
  endfacet
  facet normal 0.106337 -0.442997 0.890194
    outer loop
      vertex 22.3548 0.908139 119.772
      vertex 22.1796 0.866084 119.772
      vertex 22.2452 0.451802 119.558
    endloop
  endfacet
  facet normal 0.035745 -0.454176 0.890195
    outer loop
      vertex 22.1796 0.866084 119.772
      vertex 22 0.432504 119.558
      vertex 22.2452 0.451802 119.558
    endloop
  endfacet
  facet normal 0.0602424 -0.145706 0.987492
    outer loop
      vertex 22.1069 1.79028 119.991
      vertex 22.0727 1.77614 119.991
      vertex 22.3179 1.376 119.917
    endloop
  endfacet
  facet normal 0.0242403 -0.30802 0.951071
    outer loop
      vertex 22.1096 1.30829 119.917
      vertex 22 0.85195 119.772
      vertex 22.1796 0.866084 119.772
    endloop
  endfacet
  facet normal 0.106344 -0.442998 0.890193
    outer loop
      vertex 22.3548 0.908139 119.772
      vertex 22.2452 0.451802 119.558
      vertex 22.4844 0.509223 119.558
    endloop
  endfacet
  facet normal 0.0721179 -0.300441 0.95107
    outer loop
      vertex 22.3548 0.908139 119.772
      vertex 22.1096 1.30829 119.917
      vertex 22.1796 0.866084 119.772
    endloop
  endfacet
  facet normal -0.234942 0.200673 0.951069
    outer loop
      vertex -22.8118 3.81179 119.772
      vertex -22.9288 3.67481 119.772
      vertex -22.5666 3.41165 119.917
    endloop
  endfacet
  facet normal -0.234889 0.200707 0.951075
    outer loop
      vertex -22.4952 3.49521 119.917
      vertex -22.8118 3.81179 119.772
      vertex -22.5666 3.41165 119.917
    endloop
  endfacet
  facet normal -0.072152 0.300422 0.951073
    outer loop
      vertex -22.1096 3.69171 119.917
      vertex -22.3548 4.09186 119.772
      vertex -22.2164 3.66606 119.917
    endloop
  endfacet
  facet normal -0.118278 0.28543 0.951073
    outer loop
      vertex -22.2164 3.66606 119.917
      vertex -22.3548 4.09186 119.772
      vertex -22.3179 3.624 119.917
    endloop
  endfacet
  facet normal -0.15332 -0.036708 0.987495
    outer loop
      vertex -22.2325 1.96318 119.991
      vertex -22.6917 1.89044 119.917
      vertex -22.2239 1.92726 119.991
    endloop
  endfacet
  facet normal -0.15718 -0.012338 0.987493
    outer loop
      vertex -22.2325 1.96318 119.991
      vertex -22.7003 2 119.917
      vertex -22.6917 1.89044 119.917
    endloop
  endfacet
  facet normal -0.706225 0.0556098 0.705801
    outer loop
      vertex -24.2531 3.35686 118.948
      vertex -24.2812 3 118.948
      vertex -23.9244 3.30479 119.281
    endloop
  endfacet
  facet normal -0.706128 0.0553708 0.705916
    outer loop
      vertex -23.9244 3.30479 119.281
      vertex -24.2812 3 118.948
      vertex -23.9483 3 119.281
    endloop
  endfacet
  facet normal -0.544477 0.225697 0.80784
    outer loop
      vertex -23.3966 3.71163 119.558
      vertex -23.853 3.60207 119.281
      vertex -23.4908 3.48438 119.558
    endloop
  endfacet
  facet normal -0.573122 0.137547 0.807844
    outer loop
      vertex -23.4908 3.48438 119.558
      vertex -23.853 3.60207 119.281
      vertex -23.5482 3.24521 119.558
    endloop
  endfacet
  facet normal -0.502446 0.308006 0.807886
    outer loop
      vertex -23.5762 4.14521 119.281
      vertex -23.736 3.88453 119.281
      vertex -23.3966 3.71163 119.558
    endloop
  endfacet
  facet normal -0.603894 0.370194 0.705882
    outer loop
      vertex -23.5762 4.14521 119.281
      vertex -24.0326 4.03565 118.948
      vertex -23.736 3.88453 119.281
    endloop
  endfacet
  facet normal -0.688722 0.165416 0.705903
    outer loop
      vertex -23.853 3.60207 119.281
      vertex -24.1696 3.70494 118.948
      vertex -23.9244 3.30479 119.281
    endloop
  endfacet
  facet normal -0.654384 0.271085 0.7059
    outer loop
      vertex -24.0326 4.03565 118.948
      vertex -24.1696 3.70494 118.948
      vertex -23.853 3.60207 119.281
    endloop
  endfacet
  facet normal -0.300454 -0.0720349 0.951072
    outer loop
      vertex -22.6917 1.89044 119.917
      vertex -23.1339 1.82041 119.772
      vertex -23.0919 1.64523 119.772
    endloop
  endfacet
  facet normal -0.760062 -0.465715 0.453227
    outer loop
      vertex -24.2791 0.838728 118.567
      vertex -24.4695 0.741702 118.148
      vertex -24.0694 0.496491 118.567
    endloop
  endfacet
  facet normal -0.137576 -0.573102 0.807853
    outer loop
      vertex -22.4844 0.509223 119.558
      vertex -22.6021 0.147014 119.281
      vertex -22.2452 0.451802 119.558
    endloop
  endfacet
  facet normal -0.106344 -0.442998 0.890193
    outer loop
      vertex -22.3548 0.908139 119.772
      vertex -22.4844 0.509223 119.558
      vertex -22.2452 0.451802 119.558
    endloop
  endfacet
  facet normal -0.174377 -0.420893 0.890192
    outer loop
      vertex -22.5212 0.977079 119.772
      vertex -22.7116 0.603351 119.558
      vertex -22.3548 0.908139 119.772
    endloop
  endfacet
  facet normal -0.118255 -0.285432 0.951075
    outer loop
      vertex -22.3179 1.376 119.917
      vertex -22.5212 0.977079 119.772
      vertex -22.3548 0.908139 119.772
    endloop
  endfacet
  facet normal -0.157183 -0.01238 0.987492
    outer loop
      vertex -22.2354 2 119.991
      vertex -22.7003 2 119.917
      vertex -22.2325 1.96318 119.991
    endloop
  endfacet
  facet normal 0.157183 0.01238 0.987492
    outer loop
      vertex 22.7003 3 119.917
      vertex 22.2325 3.03682 119.991
      vertex 22.2354 3 119.991
    endloop
  endfacet
  facet normal -0.346409 -0.295882 0.890199
    outer loop
      vertex -22.9288 1.32519 119.772
      vertex -23.1084 0.891613 119.558
      vertex -22.8118 1.18821 119.772
    endloop
  endfacet
  facet normal -0.6906 -0.423345 0.586387
    outer loop
      vertex -24.0326 0.964348 118.948
      vertex -24.2791 0.838728 118.567
      vertex -23.8455 0.659133 118.948
    endloop
  endfacet
  facet normal 0 0 1
    outer loop
      vertex 22 3.23538 119.991
      vertex 22.2354 3 119.991
      vertex 22.2325 3.03682 119.991
    endloop
  endfacet
  facet normal 0 0 1
    outer loop
      vertex 22.2354 3 119.991
      vertex 22 3.23538 119.991
      vertex 22.2354 2 119.991
    endloop
  endfacet
  facet normal 0 0 1
    outer loop
      vertex 22 3.23538 119.991
      vertex 22.2325 3.03682 119.991
      vertex 22.2239 3.07273 119.991
    endloop
  endfacet
  facet normal 0 0 1
    outer loop
      vertex 22 1.76462 119.991
      vertex 22.2354 2 119.991
      vertex 22 3.23538 119.991
    endloop
  endfacet
  facet normal 0 0 1
    outer loop
      vertex 22 3.23538 119.991
      vertex 22.2239 3.07273 119.991
      vertex 22.2097 3.10686 119.991
    endloop
  endfacet
  facet normal 0 0 1
    outer loop
      vertex 22.2354 2 119.991
      vertex 22 1.76462 119.991
      vertex 22.2325 1.96318 119.991
    endloop
  endfacet
  facet normal 0 0 1
    outer loop
      vertex 22 3.23538 119.991
      vertex 22.2097 3.10686 119.991
      vertex 22.1904 3.13835 119.991
    endloop
  endfacet
  facet normal 0 0 1
    outer loop
      vertex 22.2325 1.96318 119.991
      vertex 22 1.76462 119.991
      vertex 22.2239 1.92726 119.991
    endloop
  endfacet
  facet normal 0 0 1
    outer loop
      vertex 22 3.23538 119.991
      vertex 22.1904 3.13835 119.991
      vertex 22.1664 3.16644 119.991
    endloop
  endfacet
  facet normal 0 0 1
    outer loop
      vertex 22.2239 1.92726 119.991
      vertex 22 1.76462 119.991
      vertex 22.2097 1.89314 119.991
    endloop
  endfacet
  facet normal 0 0 1
    outer loop
      vertex 22 3.23538 119.991
      vertex 22.1664 3.16644 119.991
      vertex 22.1384 3.19042 119.991
    endloop
  endfacet
  facet normal 0 0 1
    outer loop
      vertex 22.2097 1.89314 119.991
      vertex 22 1.76462 119.991
      vertex 22.1904 1.86165 119.991
    endloop
  endfacet
  facet normal 0 0 1
    outer loop
      vertex 22 3.23538 119.991
      vertex 22.1384 3.19042 119.991
      vertex 22.1069 3.20972 119.991
    endloop
  endfacet
  facet normal 0 0 1
    outer loop
      vertex 22.1904 1.86165 119.991
      vertex 22 1.76462 119.991
      vertex 22.1664 1.83356 119.991
    endloop
  endfacet
  facet normal 0 0 1
    outer loop
      vertex 22 3.23538 119.991
      vertex 22.1069 3.20972 119.991
      vertex 22.0727 3.22386 119.991
    endloop
  endfacet
  facet normal 0 0 1
    outer loop
      vertex 22.1664 1.83356 119.991
      vertex 22 1.76462 119.991
      vertex 22.1384 1.80958 119.991
    endloop
  endfacet
  facet normal 0 0 1
    outer loop
      vertex 22 3.23538 119.991
      vertex 22.0727 3.22386 119.991
      vertex 22.0368 3.23248 119.991
    endloop
  endfacet
  facet normal 0 0 1
    outer loop
      vertex 22.1384 1.80958 119.991
      vertex 22 1.76462 119.991
      vertex 22.1069 1.79028 119.991
    endloop
  endfacet
  facet normal 0 0 1
    outer loop
      vertex 22.1069 1.79028 119.991
      vertex 22 1.76462 119.991
      vertex 22.0727 1.77614 119.991
    endloop
  endfacet
  facet normal 0 0 1
    outer loop
      vertex 22.0727 1.77614 119.991
      vertex 22 1.76462 119.991
      vertex 22.0368 1.76752 119.991
    endloop
  endfacet
  facet normal -0 0 1
    outer loop
      vertex -22 3.23538 119.991
      vertex 22 1.76462 119.991
      vertex 22 3.23538 119.991
    endloop
  endfacet
  facet normal 0 0 1
    outer loop
      vertex -22 3.23538 119.991
      vertex -22 1.76462 119.991
      vertex 22 1.76462 119.991
    endloop
  endfacet
  facet normal 0 0 1
    outer loop
      vertex -22.2354 3 119.991
      vertex -22 3.23538 119.991
      vertex -22.0368 3.23248 119.991
    endloop
  endfacet
  facet normal 0 0 1
    outer loop
      vertex -22 3.23538 119.991
      vertex -22.2354 3 119.991
      vertex -22 1.76462 119.991
    endloop
  endfacet
  facet normal 0 0 1
    outer loop
      vertex -22.2354 3 119.991
      vertex -22.0368 3.23248 119.991
      vertex -22.0727 3.22386 119.991
    endloop
  endfacet
  facet normal -0 0 1
    outer loop
      vertex -22.2354 2 119.991
      vertex -22 1.76462 119.991
      vertex -22.2354 3 119.991
    endloop
  endfacet
  facet normal 0 0 1
    outer loop
      vertex -22.2354 3 119.991
      vertex -22.0727 3.22386 119.991
      vertex -22.1069 3.20972 119.991
    endloop
  endfacet
  facet normal 0 0 1
    outer loop
      vertex -22 1.76462 119.991
      vertex -22.2354 2 119.991
      vertex -22.0368 1.76752 119.991
    endloop
  endfacet
  facet normal 0 0 1
    outer loop
      vertex -22.2354 3 119.991
      vertex -22.1069 3.20972 119.991
      vertex -22.1384 3.19042 119.991
    endloop
  endfacet
  facet normal 0 0 1
    outer loop
      vertex -22.0368 1.76752 119.991
      vertex -22.2354 2 119.991
      vertex -22.0727 1.77614 119.991
    endloop
  endfacet
  facet normal 0 0 1
    outer loop
      vertex -22.2354 3 119.991
      vertex -22.1384 3.19042 119.991
      vertex -22.1664 3.16644 119.991
    endloop
  endfacet
  facet normal 0 0 1
    outer loop
      vertex -22.0727 1.77614 119.991
      vertex -22.2354 2 119.991
      vertex -22.1069 1.79028 119.991
    endloop
  endfacet
  facet normal 0 0 1
    outer loop
      vertex -22.2354 3 119.991
      vertex -22.1664 3.16644 119.991
      vertex -22.1904 3.13835 119.991
    endloop
  endfacet
  facet normal 0 0 1
    outer loop
      vertex -22.1069 1.79028 119.991
      vertex -22.2354 2 119.991
      vertex -22.1384 1.80958 119.991
    endloop
  endfacet
  facet normal 0 0 1
    outer loop
      vertex -22.2354 3 119.991
      vertex -22.1904 3.13835 119.991
      vertex -22.2097 3.10686 119.991
    endloop
  endfacet
  facet normal 0 0 1
    outer loop
      vertex -22.1384 1.80958 119.991
      vertex -22.2354 2 119.991
      vertex -22.1664 1.83356 119.991
    endloop
  endfacet
  facet normal 0 0 1
    outer loop
      vertex -22.2354 3 119.991
      vertex -22.2097 3.10686 119.991
      vertex -22.2239 3.07273 119.991
    endloop
  endfacet
  facet normal 0 0 1
    outer loop
      vertex -22.1664 1.83356 119.991
      vertex -22.2354 2 119.991
      vertex -22.1904 1.86165 119.991
    endloop
  endfacet
  facet normal 0 0 1
    outer loop
      vertex -22.2354 3 119.991
      vertex -22.2239 3.07273 119.991
      vertex -22.2325 3.03682 119.991
    endloop
  endfacet
  facet normal 0 0 1
    outer loop
      vertex -22.1904 1.86165 119.991
      vertex -22.2354 2 119.991
      vertex -22.2097 1.89314 119.991
    endloop
  endfacet
  facet normal 0 0 1
    outer loop
      vertex -22.2097 1.89314 119.991
      vertex -22.2354 2 119.991
      vertex -22.2239 1.92726 119.991
    endloop
  endfacet
  facet normal 0 0 1
    outer loop
      vertex -22.2239 1.92726 119.991
      vertex -22.2354 2 119.991
      vertex -22.2325 1.96318 119.991
    endloop
  endfacet
  facet normal -0.0368066 0.15329 0.987496
    outer loop
      vertex -22.0368 3.23248 119.991
      vertex -22.1096 3.69171 119.917
      vertex -22.0727 3.22386 119.991
    endloop
  endfacet
  facet normal -0.157195 0 0.987568
    outer loop
      vertex -22.7003 3 119.917
      vertex -22.2354 2 119.991
      vertex -22.2354 3 119.991
    endloop
  endfacet
  facet normal -0.157195 0 0.987568
    outer loop
      vertex -22.2354 2 119.991
      vertex -22.7003 3 119.917
      vertex -22.7003 2 119.917
    endloop
  endfacet
  facet normal -0.588247 0 0.808681
    outer loop
      vertex -23.9483 3 119.281
      vertex -23.5675 2 119.558
      vertex -23.5675 3 119.558
    endloop
  endfacet
  facet normal -0.588247 0 0.808681
    outer loop
      vertex -23.5675 2 119.558
      vertex -23.9483 3 119.281
      vertex -23.9483 2 119.281
    endloop
  endfacet
  facet normal 0.0635543 0.807495 0.586441
    outer loop
      vertex 22.4001 5.52643 118.567
      vertex 22 5.28122 118.948
      vertex 22.3569 5.25313 118.948
    endloop
  endfacet
  facet normal 0.055578 0.706151 0.705877
    outer loop
      vertex 22.3569 5.25313 118.948
      vertex 22 5.28122 118.948
      vertex 22.3048 4.92436 119.281
    endloop
  endfacet
  facet normal -0.189119 0.787619 0.586421
    outer loop
      vertex -22.4001 5.52643 118.567
      vertex -22.7049 5.16957 118.948
      vertex -22.3569 5.25313 118.948
    endloop
  endfacet
  facet normal -0.189083 0.787612 0.586443
    outer loop
      vertex -22.4001 5.52643 118.567
      vertex -22.7904 5.43273 118.567
      vertex -22.7049 5.16957 118.948
    endloop
  endfacet
  facet normal -0.153317 0.0367296 0.987494
    outer loop
      vertex -22.6661 3.21642 119.917
      vertex -22.6917 3.10956 119.917
      vertex -22.2239 3.07273 119.991
    endloop
  endfacet
  facet normal 0.301337 0.0722467 -0.950777
    outer loop
      vertex 23.1339 3.17959 0.228361
      vertex 22.6917 3.10956 0.0828896
      vertex 23.0919 3.35477 0.228361
    endloop
  endfacet
  facet normal 0.301366 0.072197 -0.950771
    outer loop
      vertex 22.6917 3.10956 0.0828896
      vertex 22.6661 3.21642 0.0828896
      vertex 23.0919 3.35477 0.228361
    endloop
  endfacet
  facet normal 0.308935 0.0242501 -0.950774
    outer loop
      vertex 22.7003 3 0.0828896
      vertex 22.6917 3.10956 0.0828896
      vertex 23.148 3 0.228361
    endloop
  endfacet
  facet normal 0.106212 0.44253 -0.890441
    outer loop
      vertex 22.3548 4.09186 0.228361
      vertex 22.1796 4.13391 0.228361
      vertex 22.2452 4.5482 0.442079
    endloop
  endfacet
  facet normal 0.10623 0.442533 -0.890438
    outer loop
      vertex 22.3548 4.09186 0.228361
      vertex 22.2452 4.5482 0.442079
      vertex 22.4844 4.49078 0.442079
    endloop
  endfacet
  facet normal 0.38808 0.237785 -0.890422
    outer loop
      vertex 23.3966 3.71163 0.442079
      vertex 22.9288 3.67481 0.228361
      vertex 23.2681 3.92135 0.442079
    endloop
  endfacet
  facet normal 0.502209 0.307714 -0.808145
    outer loop
      vertex 23.3966 3.71163 0.442079
      vertex 23.2681 3.92135 0.442079
      vertex 23.5762 4.14521 0.718781
    endloop
  endfacet
  facet normal 0.295575 0.346016 -0.890454
    outer loop
      vertex 23.1084 4.10839 0.442079
      vertex 22.6748 3.92879 0.228361
      vertex 22.9214 4.26813 0.442079
    endloop
  endfacet
  facet normal 0.382543 0.447825 -0.808155
    outer loop
      vertex 23.1084 4.10839 0.442079
      vertex 22.9214 4.26813 0.442079
      vertex 23.3777 4.37769 0.718781
    endloop
  endfacet
  facet normal 0.309026 0 -0.951053
    outer loop
      vertex 22.7003 2 0.0828896
      vertex 23.148 3 0.228361
      vertex 23.148 2 0.228361
    endloop
  endfacet
  facet normal 0.309026 0 -0.951053
    outer loop
      vertex 23.148 3 0.228361
      vertex 22.7003 2 0.0828896
      vertex 22.7003 3 0.0828896
    endloop
  endfacet
  facet normal 0.301337 -0.0722467 -0.950777
    outer loop
      vertex 23.0919 1.64523 0.228361
      vertex 22.6917 1.89044 0.0828896
      vertex 23.1339 1.82041 0.228361
    endloop
  endfacet
  facet normal 0.308937 -0.0242553 -0.950773
    outer loop
      vertex 23.1339 1.82041 0.228361
      vertex 22.6917 1.89044 0.0828896
      vertex 23.148 2 0.228361
    endloop
  endfacet
  facet normal -0.0123167 0.156421 -0.987614
    outer loop
      vertex -22.0368 3.23248 0.00924778
      vertex -22.1096 3.69171 0.0828896
      vertex -22 3.70034 0.0828896
    endloop
  endfacet
  facet normal -0.2012 -0.235678 -0.950776
    outer loop
      vertex -22.4116 1.43342 0.0828896
      vertex -22.8118 1.18821 0.228361
      vertex -22.4952 1.50479 0.0828896
    endloop
  endfacet
  facet normal 0.23558 -0.201297 -0.950779
    outer loop
      vertex 22.8118 1.18821 0.228361
      vertex 22.4952 1.50479 0.0828896
      vertex 22.5666 1.58835 0.0828896
    endloop
  endfacet
  facet normal 0.2012 -0.235678 -0.950776
    outer loop
      vertex 22.8118 1.18821 0.228361
      vertex 22.4116 1.43342 0.0828896
      vertex 22.4952 1.50479 0.0828896
    endloop
  endfacet
  facet normal 0.301366 -0.072197 -0.950771
    outer loop
      vertex 23.0919 1.64523 0.228361
      vertex 22.6661 1.78358 0.0828896
      vertex 22.6917 1.89044 0.0828896
    endloop
  endfacet
  facet normal -0.208133 0.866932 -0.45289
    outer loop
      vertex -22.4001 5.52643 1.4325
      vertex -22.8565 5.63598 1.85195
      vertex -22.4336 5.73751 1.85195
    endloop
  endfacet
  facet normal -0.208127 0.866937 -0.452884
    outer loop
      vertex -22.7904 5.43273 1.4325
      vertex -22.8565 5.63598 1.85195
      vertex -22.4001 5.52643 1.4325
    endloop
  endfacet
  facet normal -0.225432 0.544119 -0.808156
    outer loop
      vertex -22.7116 4.39665 0.442079
      vertex -22.8845 4.73599 0.718781
      vertex -22.6021 4.85299 0.718781
    endloop
  endfacet
  facet normal -0.271057 0.654244 -0.70604
    outer loop
      vertex -22.8845 4.73599 0.718781
      vertex -23.0357 5.03258 1.05166
      vertex -22.6021 4.85299 0.718781
    endloop
  endfacet
  facet normal -0.526004 0.615837 -0.58657
    outer loop
      vertex -23.3409 4.84554 1.05166
      vertex -23.8087 4.80872 1.4325
      vertex -23.5035 5.0694 1.4325
    endloop
  endfacet
  facet normal -0.579058 0.677952 -0.45285
    outer loop
      vertex -23.8087 4.80872 1.4325
      vertex -23.9598 4.95984 1.85195
      vertex -23.5035 5.0694 1.4325
    endloop
  endfacet
  facet normal 0.707084 0 -0.707129
    outer loop
      vertex 24.2812 2 1.05166
      vertex 23.9483 3 0.718781
      vertex 24.2812 3 1.05166
    endloop
  endfacet
  facet normal 0.707084 0 -0.707129
    outer loop
      vertex 23.9483 3 0.718781
      vertex 24.2812 2 1.05166
      vertex 23.9483 2 0.718781
    endloop
  endfacet
  facet normal 0.706 -0.0553607 -0.706045
    outer loop
      vertex 24.2812 2 1.05166
      vertex 23.9244 1.69521 0.718781
      vertex 23.9483 2 0.718781
    endloop
  endfacet
  facet normal 0.544094 -0.225539 -0.808142
    outer loop
      vertex 23.853 1.39793 0.718781
      vertex 23.3966 1.28837 0.442079
      vertex 23.4908 1.51562 0.442079
    endloop
  endfacet
  facet normal 0.572649 -0.137538 -0.808181
    outer loop
      vertex 23.853 1.39793 0.718781
      vertex 23.5482 1.75479 0.442079
      vertex 23.9244 1.69521 0.718781
    endloop
  endfacet
  facet normal 0.420436 -0.17428 -0.890427
    outer loop
      vertex 23.3966 1.28837 0.442079
      vertex 23.0919 1.64523 0.228361
      vertex 23.4908 1.51562 0.442079
    endloop
  endfacet
  facet normal 0.442554 -0.106211 -0.89043
    outer loop
      vertex 23.4908 1.51562 0.442079
      vertex 23.0919 1.64523 0.228361
      vertex 23.5482 1.75479 0.442079
    endloop
  endfacet
  facet normal -0.0699466 0.888628 0.453264
    outer loop
      vertex -22 5.77164 118.148
      vertex -22.4336 5.73751 118.148
      vertex -22 5.55792 118.567
    endloop
  endfacet
  facet normal -0.0746563 0.948461 0.307975
    outer loop
      vertex -22 5.91711 117.7
      vertex -22.4336 5.73751 118.148
      vertex -22 5.77164 118.148
    endloop
  endfacet
  facet normal -0.544086 -0.22537 -0.808195
    outer loop
      vertex -23.736 1.11547 0.718781
      vertex -23.853 1.39793 0.718781
      vertex -23.3966 1.28837 0.442079
    endloop
  endfacet
  facet normal -0.502092 -0.307791 -0.808188
    outer loop
      vertex -23.5762 0.854792 0.718781
      vertex -23.736 1.11547 0.718781
      vertex -23.3966 1.28837 0.442079
    endloop
  endfacet
  facet normal -0.420436 -0.17428 -0.890427
    outer loop
      vertex -23.3966 1.28837 0.442079
      vertex -23.4908 1.51562 0.442079
      vertex -23.0919 1.64523 0.228361
    endloop
  endfacet
  facet normal -0.544094 -0.225539 -0.808142
    outer loop
      vertex -23.3966 1.28837 0.442079
      vertex -23.853 1.39793 0.718781
      vertex -23.4908 1.51562 0.442079
    endloop
  endfacet
  facet normal -0.156438 -0.0122797 -0.987611
    outer loop
      vertex -22.6917 1.89044 0.0828896
      vertex -22.7003 2 0.0828896
      vertex -22.2325 1.96318 0.00924778
    endloop
  endfacet
  facet normal -0.156441 -0.0123215 -0.98761
    outer loop
      vertex -22.2325 1.96318 0.00924778
      vertex -22.7003 2 0.0828896
      vertex -22.2354 2 0.00924778
    endloop
  endfacet
  facet normal -0.0600662 0.144953 -0.987614
    outer loop
      vertex -22.0727 3.22386 0.00924778
      vertex -22.3179 3.624 0.0828896
      vertex -22.2164 3.66606 0.0828896
    endloop
  endfacet
  facet normal -0.144944 -0.0601018 -0.987613
    outer loop
      vertex -22.624 1.68205 0.0828896
      vertex -22.6661 1.78358 0.0828896
      vertex -22.2239 1.92726 0.00924778
    endloop
  endfacet
  facet normal -0.144844 0.0602633 -0.987618
    outer loop
      vertex -22.2239 3.07273 0.00924778
      vertex -22.624 3.31795 0.0828896
      vertex -22.2097 3.10686 0.00924778
    endloop
  endfacet
  facet normal 0.0123167 0.156421 -0.987614
    outer loop
      vertex 22.0368 3.23248 0.00924778
      vertex 22 3.70034 0.0828896
      vertex 22.1096 3.69171 0.0828896
    endloop
  endfacet
  facet normal -0.13379 -0.0819587 -0.987615
    outer loop
      vertex -22.5666 1.58835 0.0828896
      vertex -22.624 1.68205 0.0828896
      vertex -22.2097 1.89314 0.00924778
    endloop
  endfacet
  facet normal -0.38808 -0.237785 -0.890422
    outer loop
      vertex -23.2681 1.07865 0.442079
      vertex -23.3966 1.28837 0.442079
      vertex -22.9288 1.32519 0.228361
    endloop
  endfacet
  facet normal -0.382548 -0.44782 -0.808155
    outer loop
      vertex -22.9214 0.731869 0.442079
      vertex -23.3777 0.622313 0.718781
      vertex -23.1084 0.891613 0.442079
    endloop
  endfacet
  facet normal -0.346047 -0.295573 -0.890443
    outer loop
      vertex -22.8118 1.18821 0.228361
      vertex -23.1084 0.891613 0.442079
      vertex -22.9288 1.32519 0.228361
    endloop
  endfacet
  facet normal -0.346122 -0.295534 -0.890426
    outer loop
      vertex -23.1084 0.891613 0.442079
      vertex -23.2681 1.07865 0.442079
      vertex -22.9288 1.32519 0.228361
    endloop
  endfacet
  facet normal -0.420416 -0.1743 -0.890432
    outer loop
      vertex -23.0229 1.4788 0.228361
      vertex -23.3966 1.28837 0.442079
      vertex -23.0919 1.64523 0.228361
    endloop
  endfacet
  facet normal 0.119283 0.101924 -0.987615
    outer loop
      vertex 22.5666 3.41165 0.0828896
      vertex 22.1664 3.16644 0.00924778
      vertex 22.4952 3.49521 0.0828896
    endloop
  endfacet
  facet normal 0.119287 0.101918 -0.987615
    outer loop
      vertex 22.1904 3.13835 0.00924778
      vertex 22.1664 3.16644 0.00924778
      vertex 22.5666 3.41165 0.0828896
    endloop
  endfacet
  facet normal -0.286257 0.118698 -0.950772
    outer loop
      vertex -22.6661 3.21642 0.0828896
      vertex -23.0919 3.35477 0.228361
      vertex -22.624 3.31795 0.0828896
    endloop
  endfacet
  facet normal -0.286259 0.11868 -0.950774
    outer loop
      vertex -22.624 3.31795 0.0828896
      vertex -23.0919 3.35477 0.228361
      vertex -23.0229 3.5212 0.228361
    endloop
  endfacet
  facet normal 0.156438 -0.0122797 -0.987611
    outer loop
      vertex 22.6917 1.89044 0.0828896
      vertex 22.2325 1.96318 0.00924778
      vertex 22.7003 2 0.0828896
    endloop
  endfacet
  facet normal -0.161906 0.264203 -0.95078
    outer loop
      vertex -22.4116 3.56658 0.0828896
      vertex -22.5212 4.02292 0.228361
      vertex -22.3179 3.624 0.0828896
    endloop
  endfacet
  facet normal 0.0819915 0.133797 -0.987611
    outer loop
      vertex 22.4116 3.56658 0.0828896
      vertex 22.1069 3.20972 0.00924778
      vertex 22.3179 3.624 0.0828896
    endloop
  endfacet
  facet normal -0.102088 -0.119202 -0.987608
    outer loop
      vertex -22.1384 1.80958 0.00924778
      vertex -22.4116 1.43342 0.0828896
      vertex -22.1664 1.83356 0.00924778
    endloop
  endfacet
  facet normal -0.447915 0.382446 -0.808151
    outer loop
      vertex -23.2681 3.92135 0.442079
      vertex -23.5762 4.14521 0.718781
      vertex -23.3777 4.37769 0.718781
    endloop
  endfacet
  facet normal -0.346124 0.295531 -0.890427
    outer loop
      vertex -22.9288 3.67481 0.228361
      vertex -23.2681 3.92135 0.442079
      vertex -23.1084 4.10839 0.442079
    endloop
  endfacet
  facet normal -0.453737 0.0358765 -0.890413
    outer loop
      vertex -23.1481 3 0.228361
      vertex -23.5675 3 0.442079
      vertex -23.1339 3.17959 0.228361
    endloop
  endfacet
  facet normal -0.442537 0.1061 -0.890451
    outer loop
      vertex -23.1339 3.17959 0.228361
      vertex -23.5482 3.24521 0.442079
      vertex -23.0919 3.35477 0.228361
    endloop
  endfacet
  facet normal -0.453737 -0.0358765 -0.890413
    outer loop
      vertex -23.1339 1.82041 0.228361
      vertex -23.5675 2 0.442079
      vertex -23.1481 2 0.228361
    endloop
  endfacet
  facet normal -0.308911 -0.0244253 -0.950777
    outer loop
      vertex -23.1339 1.82041 0.228361
      vertex -23.1481 2 0.228361
      vertex -22.6917 1.89044 0.0828896
    endloop
  endfacet
  facet normal -0.544086 0.22537 -0.808195
    outer loop
      vertex -23.3966 3.71163 0.442079
      vertex -23.853 3.60207 0.718781
      vertex -23.736 3.88453 0.718781
    endloop
  endfacet
  facet normal -0.544094 0.225539 -0.808142
    outer loop
      vertex -23.4908 3.48438 0.442079
      vertex -23.853 3.60207 0.718781
      vertex -23.3966 3.71163 0.442079
    endloop
  endfacet
  facet normal -0.888813 0.0699678 -0.452897
    outer loop
      vertex -24.5579 3 1.4325
      vertex -24.7375 3.43358 1.85195
      vertex -24.5264 3.40015 1.4325
    endloop
  endfacet
  facet normal -0.866943 0.208074 -0.452897
    outer loop
      vertex -24.5264 3.40015 1.4325
      vertex -24.7375 3.43358 1.85195
      vertex -24.636 3.85648 1.85195
    endloop
  endfacet
  facet normal -0.878928 0.363917 -0.308302
    outer loop
      vertex -24.4695 4.2583 1.85195
      vertex -24.7743 3.90144 2.29966
      vertex -24.5992 4.32434 2.29966
    endloop
  endfacet
  facet normal -0.842212 0.516082 -0.156007
    outer loop
      vertex -24.36 4.71463 2.29966
      vertex -24.6648 4.35777 2.76462
      vertex -24.4196 4.75792 2.76462
    endloop
  endfacet
  facet normal -0.751084 0.641511 -0.156004
    outer loop
      vertex -24.36 4.71463 2.29966
      vertex -24.4196 4.75792 2.76462
      vertex -24.0627 5.06271 2.29966
    endloop
  endfacet
  facet normal -0.723387 0.617855 -0.308167
    outer loop
      vertex -24.2423 4.62913 1.85195
      vertex -24.36 4.71463 2.29966
      vertex -24.0627 5.06271 2.29966
    endloop
  endfacet
  facet normal 0.174375 -0.420895 0.890191
    outer loop
      vertex 22.7116 0.603351 119.558
      vertex 22.3548 0.908139 119.772
      vertex 22.4844 0.509223 119.558
    endloop
  endfacet
  facet normal 0.225585 -0.544503 0.807854
    outer loop
      vertex 22.7116 0.603351 119.558
      vertex 22.4844 0.509223 119.558
      vertex 22.6021 0.147014 119.281
    endloop
  endfacet
  facet normal 0.0368066 -0.15329 0.987496
    outer loop
      vertex 22.0727 1.77614 119.991
      vertex 22.0368 1.76752 119.991
      vertex 22.1096 1.30829 119.917
    endloop
  endfacet
  facet normal 0.0123751 -0.157163 0.987495
    outer loop
      vertex 22.0368 1.76752 119.991
      vertex 22 1.29966 119.917
      vertex 22.1096 1.30829 119.917
    endloop
  endfacet
  facet normal 0.0462434 -0.587568 0.807853
    outer loop
      vertex 22.2452 0.451802 119.558
      vertex 22 0.432504 119.558
      vertex 22.3048 0.0756426 119.281
    endloop
  endfacet
  facet normal 0.137581 -0.573098 0.807855
    outer loop
      vertex 22.6021 0.147014 119.281
      vertex 22.2452 0.451802 119.558
      vertex 22.3048 0.0756426 119.281
    endloop
  endfacet
  facet normal 0.153317 0.0367296 0.987494
    outer loop
      vertex 22.6661 3.21642 119.917
      vertex 22.2239 3.07273 119.991
      vertex 22.6917 3.10956 119.917
    endloop
  endfacet
  facet normal 0.14563 0.0603864 0.987494
    outer loop
      vertex 22.624 3.31795 119.917
      vertex 22.2239 3.07273 119.991
      vertex 22.6661 3.21642 119.917
    endloop
  endfacet
  facet normal -0.459982 -0.538615 0.705911
    outer loop
      vertex -23.1452 0.423756 119.281
      vertex -23.3777 0.622313 119.281
      vertex -23.3409 0.154455 118.948
    endloop
  endfacet
  facet normal -0.526079 -0.61593 0.586404
    outer loop
      vertex -23.3409 0.154455 118.948
      vertex -23.8087 0.191277 118.567
      vertex -23.5035 -0.0694008 118.567
    endloop
  endfacet
  facet normal -0.0721179 -0.300441 0.95107
    outer loop
      vertex -22.1096 1.30829 119.917
      vertex -22.3548 0.908139 119.772
      vertex -22.1796 0.866084 119.772
    endloop
  endfacet
  facet normal -0.0721518 -0.300422 0.951074
    outer loop
      vertex -22.2164 1.33394 119.917
      vertex -22.3548 0.908139 119.772
      vertex -22.1096 1.30829 119.917
    endloop
  endfacet
  facet normal -0.587623 -0.0460782 0.807822
    outer loop
      vertex -23.5675 2 119.558
      vertex -23.9483 2 119.281
      vertex -23.9244 1.69521 119.281
    endloop
  endfacet
  facet normal -0.443 -0.106211 0.890208
    outer loop
      vertex -23.1339 1.82041 119.772
      vertex -23.5482 1.75479 119.558
      vertex -23.0919 1.64523 119.772
    endloop
  endfacet
  facet normal -0.688862 -0.165249 0.705806
    outer loop
      vertex -23.9244 1.69521 119.281
      vertex -24.2531 1.64314 118.948
      vertex -24.1696 1.29506 118.948
    endloop
  endfacet
  facet normal -0.787668 -0.189102 0.586361
    outer loop
      vertex -24.1696 1.29506 118.948
      vertex -24.5264 1.59985 118.567
      vertex -24.4327 1.20956 118.567
    endloop
  endfacet
  facet normal -0.544477 -0.225697 0.80784
    outer loop
      vertex -23.4908 1.51562 119.558
      vertex -23.853 1.39793 119.281
      vertex -23.3966 1.28837 119.558
    endloop
  endfacet
  facet normal -0.200641 -0.234939 0.951077
    outer loop
      vertex -22.4116 1.43342 119.917
      vertex -22.8118 1.18821 119.772
      vertex -22.6748 1.07121 119.772
    endloop
  endfacet
  facet normal -0.225589 0.544501 0.807854
    outer loop
      vertex -22.6021 4.85299 119.281
      vertex -22.7116 4.39665 119.558
      vertex -22.4844 4.49078 119.558
    endloop
  endfacet
  facet normal -0.137573 0.573102 0.807854
    outer loop
      vertex -22.2452 4.5482 119.558
      vertex -22.6021 4.85299 119.281
      vertex -22.4844 4.49078 119.558
    endloop
  endfacet
  facet normal 0.286259 0.11868 -0.950774
    outer loop
      vertex 23.0919 3.35477 0.228361
      vertex 22.624 3.31795 0.0828896
      vertex 23.0229 3.5212 0.228361
    endloop
  endfacet
  facet normal 0.237803 0.388044 -0.890433
    outer loop
      vertex 22.6748 3.92879 0.228361
      vertex 22.5212 4.02292 0.228361
      vertex 22.7116 4.39665 0.442079
    endloop
  endfacet
  facet normal 0.2012 0.235678 -0.950776
    outer loop
      vertex 22.4952 3.49521 0.0828896
      vertex 22.4116 3.56658 0.0828896
      vertex 22.8118 3.81179 0.228361
    endloop
  endfacet
  facet normal 0.0723641 0.301305 -0.950778
    outer loop
      vertex 22.2164 3.66606 0.0828896
      vertex 22.1096 3.69171 0.0828896
      vertex 22.3548 4.09186 0.228361
    endloop
  endfacet
  facet normal 0.118625 0.286269 -0.950778
    outer loop
      vertex 22.3179 3.624 0.0828896
      vertex 22.2164 3.66606 0.0828896
      vertex 22.3548 4.09186 0.228361
    endloop
  endfacet
  facet normal 0.264249 0.161877 -0.950773
    outer loop
      vertex 22.624 3.31795 0.0828896
      vertex 22.5666 3.41165 0.0828896
      vertex 23.0229 3.5212 0.228361
    endloop
  endfacet
  facet normal 0.16191 0.264202 -0.95078
    outer loop
      vertex 22.6748 3.92879 0.228361
      vertex 22.4116 3.56658 0.0828896
      vertex 22.5212 4.02292 0.228361
    endloop
  endfacet
  facet normal 0.152596 -0.0365347 -0.987613
    outer loop
      vertex 22.6917 1.89044 0.0828896
      vertex 22.2239 1.92726 0.00924778
      vertex 22.2325 1.96318 0.00924778
    endloop
  endfacet
  facet normal -0.119287 -0.101918 -0.987615
    outer loop
      vertex -22.1664 1.83356 0.00924778
      vertex -22.5666 1.58835 0.0828896
      vertex -22.1904 1.86165 0.00924778
    endloop
  endfacet
  facet normal 0.201231 0.23563 -0.950781
    outer loop
      vertex 22.8118 3.81179 0.228361
      vertex 22.4116 3.56658 0.0828896
      vertex 22.6748 3.92879 0.228361
    endloop
  endfacet
  facet normal -0.081982 -0.133805 -0.987611
    outer loop
      vertex -22.1069 1.79028 0.00924778
      vertex -22.4116 1.43342 0.0828896
      vertex -22.1384 1.80958 0.00924778
    endloop
  endfacet
  facet normal 0.286257 -0.118698 -0.950772
    outer loop
      vertex 23.0919 1.64523 0.228361
      vertex 22.624 1.68205 0.0828896
      vertex 22.6661 1.78358 0.0828896
    endloop
  endfacet
  facet normal 0.286259 -0.11868 -0.950774
    outer loop
      vertex 23.0229 1.4788 0.228361
      vertex 22.624 1.68205 0.0828896
      vertex 23.0919 1.64523 0.228361
    endloop
  endfacet
  facet normal -0.0635451 0.807378 -0.586602
    outer loop
      vertex -22.3569 5.25313 1.05166
      vertex -22.4001 5.52643 1.4325
      vertex -22 5.28122 1.05166
    endloop
  endfacet
  facet normal -0.165319 0.688656 -0.705991
    outer loop
      vertex -22.6021 4.85299 0.718781
      vertex -22.7049 5.16957 1.05166
      vertex -22.3048 4.92436 0.718781
    endloop
  endfacet
  facet normal 0.654286 -0.271017 -0.706016
    outer loop
      vertex 24.0326 0.964348 1.05166
      vertex 23.736 1.11547 0.718781
      vertex 23.853 1.39793 0.718781
    endloop
  endfacet
  facet normal 0.603782 -0.370129 -0.706011
    outer loop
      vertex 24.0326 0.964348 1.05166
      vertex 23.5762 0.854792 0.718781
      vertex 23.736 1.11547 0.718781
    endloop
  endfacet
  facet normal 0.0366414 0.152565 -0.987614
    outer loop
      vertex 22.2164 3.66606 0.0828896
      vertex 22.0727 3.22386 0.00924778
      vertex 22.1096 3.69171 0.0828896
    endloop
  endfacet
  facet normal -0.152594 -0.0365564 -0.987613
    outer loop
      vertex -22.6661 1.78358 0.0828896
      vertex -22.6917 1.89044 0.0828896
      vertex -22.2239 1.92726 0.00924778
    endloop
  endfacet
  facet normal -0.152596 -0.0365347 -0.987613
    outer loop
      vertex -22.2239 1.92726 0.00924778
      vertex -22.6917 1.89044 0.0828896
      vertex -22.2325 1.96318 0.00924778
    endloop
  endfacet
  facet normal -0.119283 -0.101924 -0.987615
    outer loop
      vertex -22.4952 1.50479 0.0828896
      vertex -22.5666 1.58835 0.0828896
      vertex -22.1664 1.83356 0.00924778
    endloop
  endfacet
  facet normal -0.101875 -0.119333 -0.987614
    outer loop
      vertex -22.4116 1.43342 0.0828896
      vertex -22.4952 1.50479 0.0828896
      vertex -22.1664 1.83356 0.00924778
    endloop
  endfacet
  facet normal -0.101875 0.119333 -0.987614
    outer loop
      vertex -22.1664 3.16644 0.00924778
      vertex -22.4952 3.49521 0.0828896
      vertex -22.4116 3.56658 0.0828896
    endloop
  endfacet
  facet normal -0.102088 0.119202 -0.987608
    outer loop
      vertex -22.1664 3.16644 0.00924778
      vertex -22.4116 3.56658 0.0828896
      vertex -22.1384 3.19042 0.00924778
    endloop
  endfacet
  facet normal -0.119287 0.101918 -0.987615
    outer loop
      vertex -22.1904 3.13835 0.00924778
      vertex -22.5666 3.41165 0.0828896
      vertex -22.1664 3.16644 0.00924778
    endloop
  endfacet
  facet normal -0.447915 -0.382448 -0.80815
    outer loop
      vertex -23.1084 0.891613 0.442079
      vertex -23.3777 0.622313 0.718781
      vertex -23.2681 1.07865 0.442079
    endloop
  endfacet
  facet normal -0.447915 -0.382448 -0.80815
    outer loop
      vertex -23.3777 0.622313 0.718781
      vertex -23.5762 0.854792 0.718781
      vertex -23.2681 1.07865 0.442079
    endloop
  endfacet
  facet normal 0.152594 -0.0365564 -0.987613
    outer loop
      vertex 22.6661 1.78358 0.0828896
      vertex 22.2239 1.92726 0.00924778
      vertex 22.6917 1.89044 0.0828896
    endloop
  endfacet
  facet normal 0.144944 -0.0601018 -0.987613
    outer loop
      vertex 22.624 1.68205 0.0828896
      vertex 22.2239 1.92726 0.00924778
      vertex 22.6661 1.78358 0.0828896
    endloop
  endfacet
  facet normal -0.2012 0.235678 -0.950776
    outer loop
      vertex -22.4952 3.49521 0.0828896
      vertex -22.8118 3.81179 0.228361
      vertex -22.4116 3.56658 0.0828896
    endloop
  endfacet
  facet normal -0.201231 0.23563 -0.950781
    outer loop
      vertex -22.4116 3.56658 0.0828896
      vertex -22.8118 3.81179 0.228361
      vertex -22.6748 3.92879 0.228361
    endloop
  endfacet
  facet normal -0.0723224 0.301329 -0.950773
    outer loop
      vertex -22.1096 3.69171 0.0828896
      vertex -22.3548 4.09186 0.228361
      vertex -22.1796 4.13391 0.228361
    endloop
  endfacet
  facet normal -0.0243221 0.308928 -0.950774
    outer loop
      vertex -22.1096 3.69171 0.0828896
      vertex -22.1796 4.13391 0.228361
      vertex -22 4.14805 0.228361
    endloop
  endfacet
  facet normal -0.382543 0.447825 -0.808155
    outer loop
      vertex -23.1084 4.10839 0.442079
      vertex -23.3777 4.37769 0.718781
      vertex -22.9214 4.26813 0.442079
    endloop
  endfacet
  facet normal -0.295575 0.346016 -0.890454
    outer loop
      vertex -22.6748 3.92879 0.228361
      vertex -23.1084 4.10839 0.442079
      vertex -22.9214 4.26813 0.442079
    endloop
  endfacet
  facet normal -0.572649 0.137538 -0.808181
    outer loop
      vertex -23.5482 3.24521 0.442079
      vertex -23.9244 3.30479 0.718781
      vertex -23.853 3.60207 0.718781
    endloop
  endfacet
  facet normal -0.572719 0.137451 -0.808146
    outer loop
      vertex -23.5482 3.24521 0.442079
      vertex -23.853 3.60207 0.718781
      vertex -23.4908 3.48438 0.442079
    endloop
  endfacet
  facet normal -0.301337 0.0722467 -0.950777
    outer loop
      vertex -22.6917 3.10956 0.0828896
      vertex -23.1339 3.17959 0.228361
      vertex -23.0919 3.35477 0.228361
    endloop
  endfacet
  facet normal -0.301366 0.072197 -0.950771
    outer loop
      vertex -22.6917 3.10956 0.0828896
      vertex -23.0919 3.35477 0.228361
      vertex -22.6661 3.21642 0.0828896
    endloop
  endfacet
  facet normal -0.787554 0.189074 -0.586523
    outer loop
      vertex -24.1696 3.70494 1.05166
      vertex -24.5264 3.40015 1.4325
      vertex -24.4327 3.79044 1.4325
    endloop
  endfacet
  facet normal -0.866907 0.208125 -0.452942
    outer loop
      vertex -24.5264 3.40015 1.4325
      vertex -24.636 3.85648 1.85195
      vertex -24.4327 3.79044 1.4325
    endloop
  endfacet
  facet normal 0.118277 -0.285429 0.951073
    outer loop
      vertex 22.3179 1.376 119.917
      vertex 22.2164 1.33394 119.917
      vertex 22.3548 0.908139 119.772
    endloop
  endfacet
  facet normal 0.0603511 -0.14564 0.987495
    outer loop
      vertex 22.3179 1.376 119.917
      vertex 22.0727 1.77614 119.991
      vertex 22.2164 1.33394 119.917
    endloop
  endfacet
  facet normal -0.382781 -0.448216 0.807825
    outer loop
      vertex -22.9214 0.731869 119.558
      vertex -23.3777 0.622313 119.281
      vertex -23.1452 0.423756 119.281
    endloop
  endfacet
  facet normal -0.370091 -0.603909 0.705922
    outer loop
      vertex -22.8845 0.264012 119.281
      vertex -23.3409 0.154455 118.948
      vertex -23.0357 -0.0325794 118.948
    endloop
  endfacet
  facet normal -0.035745 -0.454176 0.890195
    outer loop
      vertex -22.1796 0.866084 119.772
      vertex -22.2452 0.451802 119.558
      vertex -22 0.432504 119.558
    endloop
  endfacet
  facet normal -0.0357422 -0.454175 0.890195
    outer loop
      vertex -22 0.85195 119.772
      vertex -22.1796 0.866084 119.772
      vertex -22 0.432504 119.558
    endloop
  endfacet
  facet normal -0.706128 -0.0553708 0.705916
    outer loop
      vertex -23.9483 2 119.281
      vertex -24.2812 2 118.948
      vertex -23.9244 1.69521 119.281
    endloop
  endfacet
  facet normal -0.69062 -0.423166 0.586494
    outer loop
      vertex -23.8455 0.659133 118.948
      vertex -24.2791 0.838728 118.567
      vertex -24.0694 0.496491 118.567
    endloop
  endfacet
  facet normal -0.615874 -0.526052 0.586489
    outer loop
      vertex -23.8455 0.659133 118.948
      vertex -24.0694 0.496491 118.567
      vertex -23.8087 0.191277 118.567
    endloop
  endfacet
  facet normal -0.370068 -0.603946 0.705903
    outer loop
      vertex -23.1452 0.423756 119.281
      vertex -23.3409 0.154455 118.948
      vertex -22.8845 0.264012 119.281
    endloop
  endfacet
  facet normal -0.263474 -0.161402 0.951068
    outer loop
      vertex -22.5666 1.58835 119.917
      vertex -23.0229 1.4788 119.772
      vertex -22.9288 1.32519 119.772
    endloop
  endfacet
  facet normal -0.238055 -0.38845 0.890189
    outer loop
      vertex -22.6748 1.07121 119.772
      vertex -22.7116 0.603351 119.558
      vertex -22.5212 0.977079 119.772
    endloop
  endfacet
  facet normal -0.161436 -0.263427 0.951075
    outer loop
      vertex -22.4116 1.43342 119.917
      vertex -22.6748 1.07121 119.772
      vertex -22.5212 0.977079 119.772
    endloop
  endfacet
  facet normal 0.133767 0.0819851 -0.987616
    outer loop
      vertex 22.2097 3.10686 0.00924778
      vertex 22.1904 3.13835 0.00924778
      vertex 22.5666 3.41165 0.0828896
    endloop
  endfacet
  facet normal 0.101875 0.119333 -0.987614
    outer loop
      vertex 22.4952 3.49521 0.0828896
      vertex 22.1664 3.16644 0.00924778
      vertex 22.4116 3.56658 0.0828896
    endloop
  endfacet
  facet normal 0.102088 0.119202 -0.987608
    outer loop
      vertex 22.1664 3.16644 0.00924778
      vertex 22.1384 3.19042 0.00924778
      vertex 22.4116 3.56658 0.0828896
    endloop
  endfacet
  facet normal -0.0366328 0.152566 -0.987614
    outer loop
      vertex -22.0727 3.22386 0.00924778
      vertex -22.1096 3.69171 0.0828896
      vertex -22.0368 3.23248 0.00924778
    endloop
  endfacet
  facet normal 0 0 -1
    outer loop
      vertex 22 1.76462 0.00924778
      vertex 22.2354 2 0.00924778
      vertex 22.2325 1.96318 0.00924778
    endloop
  endfacet
  facet normal -0 0 -1
    outer loop
      vertex 22.2354 2 0.00924778
      vertex 22 1.76462 0.00924778
      vertex 22.2354 3 0.00924778
    endloop
  endfacet
  facet normal 0 0 -1
    outer loop
      vertex 22 1.76462 0.00924778
      vertex 22.2325 1.96318 0.00924778
      vertex 22.2239 1.92726 0.00924778
    endloop
  endfacet
  facet normal 0 0 -1
    outer loop
      vertex 22 3.23538 0.00924778
      vertex 22.2354 3 0.00924778
      vertex 22 1.76462 0.00924778
    endloop
  endfacet
  facet normal 0 0 -1
    outer loop
      vertex 22 1.76462 0.00924778
      vertex 22.2239 1.92726 0.00924778
      vertex 22.2097 1.89314 0.00924778
    endloop
  endfacet
  facet normal 0 0 -1
    outer loop
      vertex 22.2354 3 0.00924778
      vertex 22 3.23538 0.00924778
      vertex 22.2325 3.03682 0.00924778
    endloop
  endfacet
  facet normal 0 0 -1
    outer loop
      vertex 22 1.76462 0.00924778
      vertex 22.2097 1.89314 0.00924778
      vertex 22.1904 1.86165 0.00924778
    endloop
  endfacet
  facet normal 0 0 -1
    outer loop
      vertex 22.2325 3.03682 0.00924778
      vertex 22 3.23538 0.00924778
      vertex 22.2239 3.07273 0.00924778
    endloop
  endfacet
  facet normal 0 0 -1
    outer loop
      vertex 22 1.76462 0.00924778
      vertex 22.1904 1.86165 0.00924778
      vertex 22.1664 1.83356 0.00924778
    endloop
  endfacet
  facet normal 0 0 -1
    outer loop
      vertex 22.2239 3.07273 0.00924778
      vertex 22 3.23538 0.00924778
      vertex 22.2097 3.10686 0.00924778
    endloop
  endfacet
  facet normal 0 0 -1
    outer loop
      vertex 22 1.76462 0.00924778
      vertex 22.1664 1.83356 0.00924778
      vertex 22.1384 1.80958 0.00924778
    endloop
  endfacet
  facet normal 0 0 -1
    outer loop
      vertex 22.2097 3.10686 0.00924778
      vertex 22 3.23538 0.00924778
      vertex 22.1904 3.13835 0.00924778
    endloop
  endfacet
  facet normal 0 0 -1
    outer loop
      vertex 22 1.76462 0.00924778
      vertex 22.1384 1.80958 0.00924778
      vertex 22.1069 1.79028 0.00924778
    endloop
  endfacet
  facet normal 0 0 -1
    outer loop
      vertex 22.1904 3.13835 0.00924778
      vertex 22 3.23538 0.00924778
      vertex 22.1664 3.16644 0.00924778
    endloop
  endfacet
  facet normal 0 0 -1
    outer loop
      vertex 22 1.76462 0.00924778
      vertex 22.1069 1.79028 0.00924778
      vertex 22.0727 1.77614 0.00924778
    endloop
  endfacet
  facet normal 0 0 -1
    outer loop
      vertex 22.1664 3.16644 0.00924778
      vertex 22 3.23538 0.00924778
      vertex 22.1384 3.19042 0.00924778
    endloop
  endfacet
  facet normal 0 0 -1
    outer loop
      vertex 22 1.76462 0.00924778
      vertex 22.0727 1.77614 0.00924778
      vertex 22.0368 1.76752 0.00924778
    endloop
  endfacet
  facet normal 0 0 -1
    outer loop
      vertex 22.1384 3.19042 0.00924778
      vertex 22 3.23538 0.00924778
      vertex 22.1069 3.20972 0.00924778
    endloop
  endfacet
  facet normal 0 0 -1
    outer loop
      vertex 22.1069 3.20972 0.00924778
      vertex 22 3.23538 0.00924778
      vertex 22.0727 3.22386 0.00924778
    endloop
  endfacet
  facet normal 0 0 -1
    outer loop
      vertex 22.0727 3.22386 0.00924778
      vertex 22 3.23538 0.00924778
      vertex 22.0368 3.23248 0.00924778
    endloop
  endfacet
  facet normal 0 0 -1
    outer loop
      vertex -22 1.76462 0.00924778
      vertex 22 3.23538 0.00924778
      vertex 22 1.76462 0.00924778
    endloop
  endfacet
  facet normal 0 0 -1
    outer loop
      vertex -22 1.76462 0.00924778
      vertex -22 3.23538 0.00924778
      vertex 22 3.23538 0.00924778
    endloop
  endfacet
  facet normal 0 0 -1
    outer loop
      vertex -22.2354 2 0.00924778
      vertex -22 1.76462 0.00924778
      vertex -22.0368 1.76752 0.00924778
    endloop
  endfacet
  facet normal 0 0 -1
    outer loop
      vertex -22 1.76462 0.00924778
      vertex -22.2354 2 0.00924778
      vertex -22 3.23538 0.00924778
    endloop
  endfacet
  facet normal 0 0 -1
    outer loop
      vertex -22.2354 2 0.00924778
      vertex -22.0368 1.76752 0.00924778
      vertex -22.0727 1.77614 0.00924778
    endloop
  endfacet
  facet normal 0 0 -1
    outer loop
      vertex -22.2354 3 0.00924778
      vertex -22 3.23538 0.00924778
      vertex -22.2354 2 0.00924778
    endloop
  endfacet
  facet normal 0 0 -1
    outer loop
      vertex -22.2354 2 0.00924778
      vertex -22.0727 1.77614 0.00924778
      vertex -22.1069 1.79028 0.00924778
    endloop
  endfacet
  facet normal 0 0 -1
    outer loop
      vertex -22 3.23538 0.00924778
      vertex -22.2354 3 0.00924778
      vertex -22.0368 3.23248 0.00924778
    endloop
  endfacet
  facet normal 0 0 -1
    outer loop
      vertex -22.2354 2 0.00924778
      vertex -22.1069 1.79028 0.00924778
      vertex -22.1384 1.80958 0.00924778
    endloop
  endfacet
  facet normal 0 0 -1
    outer loop
      vertex -22.0368 3.23248 0.00924778
      vertex -22.2354 3 0.00924778
      vertex -22.0727 3.22386 0.00924778
    endloop
  endfacet
  facet normal 0 0 -1
    outer loop
      vertex -22.2354 2 0.00924778
      vertex -22.1384 1.80958 0.00924778
      vertex -22.1664 1.83356 0.00924778
    endloop
  endfacet
  facet normal 0 0 -1
    outer loop
      vertex -22.0727 3.22386 0.00924778
      vertex -22.2354 3 0.00924778
      vertex -22.1069 3.20972 0.00924778
    endloop
  endfacet
  facet normal 0 0 -1
    outer loop
      vertex -22.2354 2 0.00924778
      vertex -22.1664 1.83356 0.00924778
      vertex -22.1904 1.86165 0.00924778
    endloop
  endfacet
  facet normal 0 0 -1
    outer loop
      vertex -22.1069 3.20972 0.00924778
      vertex -22.2354 3 0.00924778
      vertex -22.1384 3.19042 0.00924778
    endloop
  endfacet
  facet normal 0 0 -1
    outer loop
      vertex -22.2354 2 0.00924778
      vertex -22.1904 1.86165 0.00924778
      vertex -22.2097 1.89314 0.00924778
    endloop
  endfacet
  facet normal 0 0 -1
    outer loop
      vertex -22.1384 3.19042 0.00924778
      vertex -22.2354 3 0.00924778
      vertex -22.1664 3.16644 0.00924778
    endloop
  endfacet
  facet normal 0 0 -1
    outer loop
      vertex -22.2354 2 0.00924778
      vertex -22.2097 1.89314 0.00924778
      vertex -22.2239 1.92726 0.00924778
    endloop
  endfacet
  facet normal 0 0 -1
    outer loop
      vertex -22.1664 3.16644 0.00924778
      vertex -22.2354 3 0.00924778
      vertex -22.1904 3.13835 0.00924778
    endloop
  endfacet
  facet normal 0 0 -1
    outer loop
      vertex -22.2354 2 0.00924778
      vertex -22.2239 1.92726 0.00924778
      vertex -22.2325 1.96318 0.00924778
    endloop
  endfacet
  facet normal 0 0 -1
    outer loop
      vertex -22.1904 3.13835 0.00924778
      vertex -22.2354 3 0.00924778
      vertex -22.2097 3.10686 0.00924778
    endloop
  endfacet
  facet normal 0 0 -1
    outer loop
      vertex -22.2097 3.10686 0.00924778
      vertex -22.2354 3 0.00924778
      vertex -22.2239 3.07273 0.00924778
    endloop
  endfacet
  facet normal 0 0 -1
    outer loop
      vertex -22.2239 3.07273 0.00924778
      vertex -22.2354 3 0.00924778
      vertex -22.2325 3.03682 0.00924778
    endloop
  endfacet
  facet normal 0.23558 0.201297 -0.950779
    outer loop
      vertex 22.5666 3.41165 0.0828896
      vertex 22.4952 3.49521 0.0828896
      vertex 22.8118 3.81179 0.228361
    endloop
  endfacet
  facet normal 0.235632 0.201263 -0.950774
    outer loop
      vertex 22.9288 3.67481 0.228361
      vertex 22.5666 3.41165 0.0828896
      vertex 22.8118 3.81179 0.228361
    endloop
  endfacet
  facet normal -0.0555453 0.706014 -0.706016
    outer loop
      vertex -22 4.94834 0.718781
      vertex -22.3048 4.92436 0.718781
      vertex -22 5.28122 1.05166
    endloop
  endfacet
  facet normal -0.046195 0.587165 -0.808148
    outer loop
      vertex -22 4.5675 0.442079
      vertex -22.3048 4.92436 0.718781
      vertex -22 4.94834 0.718781
    endloop
  endfacet
  facet normal -0.388088 -0.237739 -0.890431
    outer loop
      vertex -22.9288 1.32519 0.228361
      vertex -23.3966 1.28837 0.442079
      vertex -23.0229 1.4788 0.228361
    endloop
  endfacet
  facet normal -0.264249 -0.161876 -0.950773
    outer loop
      vertex -22.9288 1.32519 0.228361
      vertex -23.0229 1.4788 0.228361
      vertex -22.5666 1.58835 0.0828896
    endloop
  endfacet
  facet normal -0.118625 0.286269 -0.950778
    outer loop
      vertex -22.3179 3.624 0.0828896
      vertex -22.3548 4.09186 0.228361
      vertex -22.2164 3.66606 0.0828896
    endloop
  endfacet
  facet normal -0.706225 -0.0556098 0.705801
    outer loop
      vertex -23.9244 1.69521 119.281
      vertex -24.2812 2 118.948
      vertex -24.2531 1.64314 118.948
    endloop
  endfacet
  facet normal -0.807485 -0.0635833 0.586452
    outer loop
      vertex -24.2812 2 118.948
      vertex -24.5264 1.59985 118.567
      vertex -24.2531 1.64314 118.948
    endloop
  endfacet
  facet normal -0.460013 -0.538608 0.705896
    outer loop
      vertex -23.3777 0.622313 119.281
      vertex -23.6131 0.386935 118.948
      vertex -23.3409 0.154455 118.948
    endloop
  endfacet
  facet normal -0.616046 -0.525974 0.586377
    outer loop
      vertex -23.6131 0.386935 118.948
      vertex -23.8455 0.659133 118.948
      vertex -23.8087 0.191277 118.567
    endloop
  endfacet
  facet normal -0.285418 -0.11835 0.951068
    outer loop
      vertex -22.6661 1.78358 119.917
      vertex -23.0919 1.64523 119.772
      vertex -22.624 1.68205 119.917
    endloop
  endfacet
  facet normal -0.300483 -0.0719854 0.951067
    outer loop
      vertex -22.6917 1.89044 119.917
      vertex -23.0919 1.64523 119.772
      vertex -22.6661 1.78358 119.917
    endloop
  endfacet
  facet normal -0.603891 -0.370196 0.705883
    outer loop
      vertex -23.736 1.11547 119.281
      vertex -24.0326 0.964348 118.948
      vertex -23.5762 0.854792 119.281
    endloop
  endfacet
  facet normal -0.748358 -0.310013 0.586389
    outer loop
      vertex -24.1696 1.29506 118.948
      vertex -24.2791 0.838728 118.567
      vertex -24.0326 0.964348 118.948
    endloop
  endfacet
  facet normal -0.20061 -0.234987 0.951071
    outer loop
      vertex -22.4952 1.50479 119.917
      vertex -22.8118 1.18821 119.772
      vertex -22.4116 1.43342 119.917
    endloop
  endfacet
  facet normal -0.234889 -0.200707 0.951075
    outer loop
      vertex -22.5666 1.58835 119.917
      vertex -22.8118 1.18821 119.772
      vertex -22.4952 1.50479 119.917
    endloop
  endfacet
  facet normal -0.307889 -0.502615 0.807826
    outer loop
      vertex -22.9214 0.731869 119.558
      vertex -23.1452 0.423756 119.281
      vertex -22.7116 0.603351 119.558
    endloop
  endfacet
  facet normal -0.53868 -0.459947 0.705884
    outer loop
      vertex -23.5762 0.854792 119.281
      vertex -23.8455 0.659133 118.948
      vertex -23.3777 0.622313 119.281
    endloop
  endfacet
  facet normal -0.454212 -0.035914 0.89017
    outer loop
      vertex -23.1481 2 119.772
      vertex -23.5675 2 119.558
      vertex -23.1339 1.82041 119.772
    endloop
  endfacet
  facet normal -0.587528 -0.0462432 0.807881
    outer loop
      vertex -23.5675 2 119.558
      vertex -23.9244 1.69521 119.281
      vertex -23.5482 1.75479 119.558
    endloop
  endfacet
  facet normal -0.420876 -0.174462 0.890184
    outer loop
      vertex -23.0919 1.64523 119.772
      vertex -23.4908 1.51562 119.558
      vertex -23.3966 1.28837 119.558
    endloop
  endfacet
  facet normal -0.502445 -0.308007 0.807886
    outer loop
      vertex -23.3966 1.28837 119.558
      vertex -23.736 1.11547 119.281
      vertex -23.5762 0.854792 119.281
    endloop
  endfacet
  facet normal -0.544468 -0.225529 0.807893
    outer loop
      vertex -23.3966 1.28837 119.558
      vertex -23.853 1.39793 119.281
      vertex -23.736 1.11547 119.281
    endloop
  endfacet
  facet normal -0.573052 -0.137634 0.807879
    outer loop
      vertex -23.5482 1.75479 119.558
      vertex -23.9244 1.69521 119.281
      vertex -23.853 1.39793 119.281
    endloop
  endfacet
  facet normal -0.307935 -0.502545 0.807852
    outer loop
      vertex -22.7116 0.603351 119.558
      vertex -23.1452 0.423756 119.281
      vertex -22.8845 0.264012 119.281
    endloop
  endfacet
  facet normal -0.346484 -0.295843 0.890183
    outer loop
      vertex -22.9288 1.32519 119.772
      vertex -23.2681 1.07865 119.558
      vertex -23.1084 0.891613 119.558
    endloop
  endfacet
  facet normal -0.237964 -0.388466 0.890207
    outer loop
      vertex -22.6748 1.07121 119.772
      vertex -22.9214 0.731869 119.558
      vertex -22.7116 0.603351 119.558
    endloop
  endfacet
  facet normal -0.295858 -0.346432 0.890198
    outer loop
      vertex -22.8118 1.18821 119.772
      vertex -23.1084 0.891613 119.558
      vertex -22.6748 1.07121 119.772
    endloop
  endfacet
  facet normal -0.573122 -0.137547 0.807844
    outer loop
      vertex -23.5482 1.75479 119.558
      vertex -23.853 1.39793 119.281
      vertex -23.4908 1.51562 119.558
    endloop
  endfacet
  facet normal -0.443017 -0.106323 0.890186
    outer loop
      vertex -23.0919 1.64523 119.772
      vertex -23.5482 1.75479 119.558
      vertex -23.4908 1.51562 119.558
    endloop
  endfacet
  facet normal -0.688722 -0.165416 0.705903
    outer loop
      vertex -23.9244 1.69521 119.281
      vertex -24.1696 1.29506 118.948
      vertex -23.853 1.39793 119.281
    endloop
  endfacet
  facet normal -0.654385 -0.271084 0.7059
    outer loop
      vertex -23.853 1.39793 119.281
      vertex -24.1696 1.29506 118.948
      vertex -24.0326 0.964348 118.948
    endloop
  endfacet
  facet normal -0.388486 -0.238034 0.890179
    outer loop
      vertex -22.9288 1.32519 119.772
      vertex -23.3966 1.28837 119.558
      vertex -23.2681 1.07865 119.558
    endloop
  endfacet
  facet normal -0.44823 -0.382717 0.807848
    outer loop
      vertex -23.2681 1.07865 119.558
      vertex -23.5762 0.854792 119.281
      vertex -23.3777 0.622313 119.281
    endloop
  endfacet
  facet normal -0.295889 -0.346374 0.890211
    outer loop
      vertex -22.6748 1.07121 119.772
      vertex -23.1084 0.891613 119.558
      vertex -22.9214 0.731869 119.558
    endloop
  endfacet
  facet normal -0.382817 -0.448135 0.807853
    outer loop
      vertex -23.1084 0.891613 119.558
      vertex -23.3777 0.622313 119.281
      vertex -22.9214 0.731869 119.558
    endloop
  endfacet
  facet normal -0.502563 -0.307931 0.807842
    outer loop
      vertex -23.3966 1.28837 119.558
      vertex -23.5762 0.854792 119.281
      vertex -23.2681 1.07865 119.558
    endloop
  endfacet
  facet normal -0.654405 -0.271066 0.705888
    outer loop
      vertex -23.853 1.39793 119.281
      vertex -24.0326 0.964348 118.948
      vertex -23.736 1.11547 119.281
    endloop
  endfacet
  facet normal -0.388494 -0.237988 0.890188
    outer loop
      vertex -23.0229 1.4788 119.772
      vertex -23.3966 1.28837 119.558
      vertex -22.9288 1.32519 119.772
    endloop
  endfacet
  facet normal -0.420856 -0.174482 0.890189
    outer loop
      vertex -23.0919 1.64523 119.772
      vertex -23.3966 1.28837 119.558
      vertex -23.0229 1.4788 119.772
    endloop
  endfacet
  facet normal -1 0 0
    outer loop
      vertex -6 127.173 80.6156
      vertex -6 150 96.2439
      vertex -6 150 50.1898
    endloop
  endfacet
  facet normal -1 0 0
    outer loop
      vertex -6 147.914 47.3326
      vertex -6 150 50.1898
      vertex -6 149.419 48.4157
    endloop
  endfacet
  facet normal -1 0 -0
    outer loop
      vertex -6 128.182 83.5883
      vertex -6 150 96.2439
      vertex -6 127.173 80.6156
    endloop
  endfacet
  facet normal -1 0 0
    outer loop
      vertex -6 121.971 72.8294
      vertex -6 150 50.1898
      vertex -6 147.914 47.3326
    endloop
  endfacet
  facet normal -1 0 -0
    outer loop
      vertex -6 128.795 86.6674
      vertex -6 150 96.2439
      vertex -6 128.182 83.5883
    endloop
  endfacet
  facet normal -1 0 0
    outer loop
      vertex -6 149.427 98.0072
      vertex -6 146.337 99.1697
      vertex -6 147.927 99.0971
    endloop
  endfacet
  facet normal -1 -0 0
    outer loop
      vertex -6 150 96.2439
      vertex -6 129 89.8
      vertex -6 146.337 99.1697
    endloop
  endfacet
  facet normal -1 0 0
    outer loop
      vertex -6 150 96.2439
      vertex -6 146.337 99.1697
      vertex -6 149.427 98.0072
    endloop
  endfacet
  facet normal -1 0 -0
    outer loop
      vertex -6 129 89.8
      vertex -6 150 96.2439
      vertex -6 128.795 86.6674
    endloop
  endfacet
  facet normal -1 0 0
    outer loop
      vertex -6 150 50.1898
      vertex -6 125.785 77.8
      vertex -6 127.173 80.6156
    endloop
  endfacet
  facet normal -1 0 0
    outer loop
      vertex -6 150 50.1898
      vertex -6 124.04 75.1897
      vertex -6 125.785 77.8
    endloop
  endfacet
  facet normal -1 0 0
    outer loop
      vertex -6 150 50.1898
      vertex -6 121.971 72.8294
      vertex -6 124.04 75.1897
    endloop
  endfacet
  facet normal -1 0 0
    outer loop
      vertex -6 147.914 47.3326
      vertex -6 119.61 70.7595
      vertex -6 121.971 72.8294
    endloop
  endfacet
  facet normal -1 0 0
    outer loop
      vertex -6 147.914 47.3326
      vertex -6 117 69.0154
      vertex -6 119.61 70.7595
    endloop
  endfacet
  facet normal -1 0 0
    outer loop
      vertex -6 147.914 47.3326
      vertex -6 114.184 67.6269
      vertex -6 117 69.0154
    endloop
  endfacet
  facet normal -1 0 0
    outer loop
      vertex -6 147.914 47.3326
      vertex -6 111.212 66.6178
      vertex -6 114.184 67.6269
    endloop
  endfacet
  facet normal -1 0 0
    outer loop
      vertex -6 147.914 47.3326
      vertex -6 108.133 66.0053
      vertex -6 111.212 66.6178
    endloop
  endfacet
  facet normal -1 0 0
    outer loop
      vertex -6 147.914 47.3326
      vertex -6 105 65.8
      vertex -6 108.133 66.0053
    endloop
  endfacet
  facet normal -1 0 0
    outer loop
      vertex -6 147.914 47.3326
      vertex -6 101.867 66.0053
      vertex -6 105 65.8
    endloop
  endfacet
  facet normal -1 0 0
    outer loop
      vertex -6 52 54.282
      vertex -6 101.867 66.0053
      vertex -6 147.914 47.3326
    endloop
  endfacet
  facet normal -1 0 -0
    outer loop
      vertex -6 54.6103 56.0262
      vertex -6 101.867 66.0053
      vertex -6 52 54.282
    endloop
  endfacet
  facet normal -1 -0 0
    outer loop
      vertex -6 82.8269 80.6156
      vertex -6 63.7947 78.1993
      vertex -6 81.8178 83.5883
    endloop
  endfacet
  facet normal -1 0 0
    outer loop
      vertex -6 63.7947 78.1993
      vertex -6 82.8269 80.6156
      vertex -6 64 75.0667
    endloop
  endfacet
  facet normal -1 -0 0
    outer loop
      vertex -6 84.2154 77.8
      vertex -6 64 75.0667
      vertex -6 82.8269 80.6156
    endloop
  endfacet
  facet normal -1 0 0
    outer loop
      vertex -6 63.7947 71.934
      vertex -6 84.2154 77.8
      vertex -6 85.9595 75.1897
    endloop
  endfacet
  facet normal -1 0 0
    outer loop
      vertex -6 63.1822 68.855
      vertex -6 85.9595 75.1897
      vertex -6 88.0294 72.8294
    endloop
  endfacet
  facet normal -1 0 0
    outer loop
      vertex -6 62.1731 65.8823
      vertex -6 88.0294 72.8294
      vertex -6 90.3897 70.7595
    endloop
  endfacet
  facet normal -1 0 0
    outer loop
      vertex -6 60.7846 63.0667
      vertex -6 90.3897 70.7595
      vertex -6 93 69.0154
    endloop
  endfacet
  facet normal -1 0 0
    outer loop
      vertex -6 59.0405 60.4564
      vertex -6 93 69.0154
      vertex -6 95.8156 67.6269
    endloop
  endfacet
  facet normal -1 -0 0
    outer loop
      vertex -6 101.867 66.0053
      vertex -6 54.6103 56.0262
      vertex -6 98.7883 66.6178
    endloop
  endfacet
  facet normal -1 0 0
    outer loop
      vertex -6 84.2154 77.8
      vertex -6 63.7947 71.934
      vertex -6 64 75.0667
    endloop
  endfacet
  facet normal -1 0 0
    outer loop
      vertex -6 85.9595 75.1897
      vertex -6 63.1822 68.855
      vertex -6 63.7947 71.934
    endloop
  endfacet
  facet normal -1 0 0
    outer loop
      vertex -6 88.0294 72.8294
      vertex -6 62.1731 65.8823
      vertex -6 63.1822 68.855
    endloop
  endfacet
  facet normal -1 0 0
    outer loop
      vertex -6 90.3897 70.7595
      vertex -6 60.7846 63.0667
      vertex -6 62.1731 65.8823
    endloop
  endfacet
  facet normal -1 0 0
    outer loop
      vertex -6 93 69.0154
      vertex -6 59.0405 60.4564
      vertex -6 60.7846 63.0667
    endloop
  endfacet
  facet normal -1 0 0
    outer loop
      vertex -6 95.8156 67.6269
      vertex -6 56.9706 58.0961
      vertex -6 59.0405 60.4564
    endloop
  endfacet
  facet normal -1 -0 0
    outer loop
      vertex -6 98.7883 66.6178
      vertex -6 56.9706 58.0961
      vertex -6 95.8156 67.6269
    endloop
  endfacet
  facet normal -1 0 -0
    outer loop
      vertex -6 56.9706 58.0961
      vertex -6 98.7883 66.6178
      vertex -6 54.6103 56.0262
    endloop
  endfacet
  facet normal -1 0 0
    outer loop
      vertex -6 5.77164 1.85195
      vertex -6 52 54.282
      vertex -6 147.914 47.3326
    endloop
  endfacet
  facet normal -1 0 0
    outer loop
      vertex -6 52 54.282
      vertex -6 5.77164 1.85195
      vertex -6 49.1844 52.8936
    endloop
  endfacet
  facet normal -1 0 -0
    outer loop
      vertex -6 5.91711 2.29966
      vertex -6 49.1844 52.8936
      vertex -6 5.77164 1.85195
    endloop
  endfacet
  facet normal -1 0 -0
    outer loop
      vertex -6 5.99075 2.76462
      vertex -6 46.2117 51.8844
      vertex -6 5.91711 2.29966
    endloop
  endfacet
  facet normal -1 0 0
    outer loop
      vertex -6 17.8269 65.8823
      vertex -6 5.99075 67.3579
      vertex -6 16.8178 68.855
    endloop
  endfacet
  facet normal -1 0 0
    outer loop
      vertex -6 19.2154 63.0667
      vertex -6 5.99075 67.3579
      vertex -6 17.8269 65.8823
    endloop
  endfacet
  facet normal -1 0 0
    outer loop
      vertex -6 20.9595 60.4564
      vertex -6 5.99075 67.3579
      vertex -6 19.2154 63.0667
    endloop
  endfacet
  facet normal -1 0 0
    outer loop
      vertex -6 23.0294 58.0961
      vertex -6 5.99075 67.3579
      vertex -6 20.9595 60.4564
    endloop
  endfacet
  facet normal -1 0 0
    outer loop
      vertex -6 5.99075 67.3579
      vertex -6 23.0294 58.0961
      vertex -6 5.99075 2.76462
    endloop
  endfacet
  facet normal -1 -0 0
    outer loop
      vertex -6 25.3897 56.0262
      vertex -6 5.99075 2.76462
      vertex -6 23.0294 58.0961
    endloop
  endfacet
  facet normal -1 -0 0
    outer loop
      vertex -6 28 54.282
      vertex -6 5.99075 2.76462
      vertex -6 25.3897 56.0262
    endloop
  endfacet
  facet normal -1 -0 0
    outer loop
      vertex -6 30.8156 52.8936
      vertex -6 5.99075 2.76462
      vertex -6 28 54.282
    endloop
  endfacet
  facet normal -1 -0 0
    outer loop
      vertex -6 33.7883 51.8844
      vertex -6 5.99075 2.76462
      vertex -6 30.8156 52.8936
    endloop
  endfacet
  facet normal -1 -0 0
    outer loop
      vertex -6 36.8674 51.272
      vertex -6 5.99075 2.76462
      vertex -6 33.7883 51.8844
    endloop
  endfacet
  facet normal -1 -0 0
    outer loop
      vertex -6 40 51.0667
      vertex -6 5.99075 2.76462
      vertex -6 36.8674 51.272
    endloop
  endfacet
  facet normal -1 0 0
    outer loop
      vertex -6 46.2117 51.8844
      vertex -6 5.99075 2.76462
      vertex -6 43.1326 51.272
    endloop
  endfacet
  facet normal -1 0 0
    outer loop
      vertex -6 43.1326 51.272
      vertex -6 5.99075 2.76462
      vertex -6 40 51.0667
    endloop
  endfacet
  facet normal -1 0 0
    outer loop
      vertex -6 49.1844 52.8936
      vertex -6 5.91711 2.29966
      vertex -6 46.2117 51.8844
    endloop
  endfacet
  facet normal -1 0 -0
    outer loop
      vertex -6 5.77164 1.85195
      vertex -6 147.914 47.3326
      vertex -6 5.76858 1.84594
    endloop
  endfacet
  facet normal -1 0 0
    outer loop
      vertex -6 128.795 92.9326
      vertex -6 146.337 99.1697
      vertex -6 129 89.8
    endloop
  endfacet
  facet normal -1 0 0
    outer loop
      vertex -6 146.337 99.1697
      vertex -6 128.795 92.9326
      vertex -6 128.364 95.0959
    endloop
  endfacet
  facet normal -1 0 0
    outer loop
      vertex -6 63.3643 80.3626
      vertex -6 81.8178 83.5883
      vertex -6 63.7947 78.1993
    endloop
  endfacet
  facet normal -1 -0 0
    outer loop
      vertex -6 81.8178 83.5883
      vertex -6 63.3643 80.3626
      vertex -6 81.6356 84.5041
    endloop
  endfacet
  facet normal -1 -0 0
    outer loop
      vertex -6 16.8178 68.855
      vertex -6 5.99075 67.3579
      vertex -6 16.6356 69.7707
    endloop
  endfacet
  facet normal 1 0 0
    outer loop
      vertex 6 82.8269 80.6156
      vertex 6 63.7947 78.1993
      vertex 6 64 75.0667
    endloop
  endfacet
  facet normal 1 0 0
    outer loop
      vertex 6 81.8178 83.5883
      vertex 6 63.3643 80.3626
      vertex 6 63.7947 78.1993
    endloop
  endfacet
  facet normal 1 0 0
    outer loop
      vertex 6 146.337 99.1697
      vertex 6 128.795 92.9326
      vertex 6 129 89.8
    endloop
  endfacet
  facet normal 1 0 -0
    outer loop
      vertex 6 128.795 92.9326
      vertex 6 146.337 99.1697
      vertex 6 128.364 95.0959
    endloop
  endfacet
  facet normal 1 0 0
    outer loop
      vertex 6 146.337 99.1697
      vertex 6 150 96.2439
      vertex 6 149.427 98.0072
    endloop
  endfacet
  facet normal 1 0 0
    outer loop
      vertex 6 150 96.2439
      vertex 6 127.173 80.6156
      vertex 6 150 50.1898
    endloop
  endfacet
  facet normal 1 0 0
    outer loop
      vertex 6 146.337 99.1697
      vertex 6 149.427 98.0072
      vertex 6 147.927 99.0971
    endloop
  endfacet
  facet normal 1 -0 0
    outer loop
      vertex 6 125.785 77.8
      vertex 6 150 50.1898
      vertex 6 127.173 80.6156
    endloop
  endfacet
  facet normal 1 0 0
    outer loop
      vertex 6 129 89.8
      vertex 6 150 96.2439
      vertex 6 146.337 99.1697
    endloop
  endfacet
  facet normal 1 0 0
    outer loop
      vertex 6 150 96.2439
      vertex 6 129 89.8
      vertex 6 128.795 86.6674
    endloop
  endfacet
  facet normal 1 0 0
    outer loop
      vertex 6 150 96.2439
      vertex 6 128.795 86.6674
      vertex 6 128.182 83.5883
    endloop
  endfacet
  facet normal 1 0 0
    outer loop
      vertex 6 150 96.2439
      vertex 6 128.182 83.5883
      vertex 6 127.173 80.6156
    endloop
  endfacet
  facet normal 1 -0 0
    outer loop
      vertex 6 124.04 75.1897
      vertex 6 150 50.1898
      vertex 6 125.785 77.8
    endloop
  endfacet
  facet normal 1 -0 0
    outer loop
      vertex 6 121.971 72.8294
      vertex 6 150 50.1898
      vertex 6 124.04 75.1897
    endloop
  endfacet
  facet normal 1 0 0
    outer loop
      vertex 6 150 50.1898
      vertex 6 147.914 47.3326
      vertex 6 149.419 48.4157
    endloop
  endfacet
  facet normal 1 0 0
    outer loop
      vertex 6 150 50.1898
      vertex 6 121.971 72.8294
      vertex 6 147.914 47.3326
    endloop
  endfacet
  facet normal 1 -0 0
    outer loop
      vertex 6 119.61 70.7595
      vertex 6 147.914 47.3326
      vertex 6 121.971 72.8294
    endloop
  endfacet
  facet normal 1 -0 0
    outer loop
      vertex 6 117 69.0154
      vertex 6 147.914 47.3326
      vertex 6 119.61 70.7595
    endloop
  endfacet
  facet normal 1 -0 0
    outer loop
      vertex 6 114.184 67.6269
      vertex 6 147.914 47.3326
      vertex 6 117 69.0154
    endloop
  endfacet
  facet normal 1 -0 0
    outer loop
      vertex 6 111.212 66.6178
      vertex 6 147.914 47.3326
      vertex 6 114.184 67.6269
    endloop
  endfacet
  facet normal 1 -0 0
    outer loop
      vertex 6 108.133 66.0053
      vertex 6 147.914 47.3326
      vertex 6 111.212 66.6178
    endloop
  endfacet
  facet normal 1 -0 0
    outer loop
      vertex 6 105 65.8
      vertex 6 147.914 47.3326
      vertex 6 108.133 66.0053
    endloop
  endfacet
  facet normal 1 0 0
    outer loop
      vertex 6 101.867 66.0053
      vertex 6 147.914 47.3326
      vertex 6 105 65.8
    endloop
  endfacet
  facet normal 1 0 0
    outer loop
      vertex 6 54.6103 56.0262
      vertex 6 101.867 66.0053
      vertex 6 98.7883 66.6178
    endloop
  endfacet
  facet normal 1 0 0
    outer loop
      vertex 6 56.9706 58.0961
      vertex 6 98.7883 66.6178
      vertex 6 95.8156 67.6269
    endloop
  endfacet
  facet normal 1 0 0
    outer loop
      vertex 6 63.3643 80.3626
      vertex 6 81.8178 83.5883
      vertex 6 81.6356 84.5041
    endloop
  endfacet
  facet normal 1 0 0
    outer loop
      vertex 6 63.7947 78.1993
      vertex 6 82.8269 80.6156
      vertex 6 81.8178 83.5883
    endloop
  endfacet
  facet normal 1 0 0
    outer loop
      vertex 6 64 75.0667
      vertex 6 84.2154 77.8
      vertex 6 82.8269 80.6156
    endloop
  endfacet
  facet normal 1 0 0
    outer loop
      vertex 6 63.7947 71.934
      vertex 6 84.2154 77.8
      vertex 6 64 75.0667
    endloop
  endfacet
  facet normal 1 0 0
    outer loop
      vertex 6 84.2154 77.8
      vertex 6 63.7947 71.934
      vertex 6 85.9595 75.1897
    endloop
  endfacet
  facet normal 1 0 0
    outer loop
      vertex 6 63.1822 68.855
      vertex 6 85.9595 75.1897
      vertex 6 63.7947 71.934
    endloop
  endfacet
  facet normal 1 0 0
    outer loop
      vertex 6 85.9595 75.1897
      vertex 6 63.1822 68.855
      vertex 6 88.0294 72.8294
    endloop
  endfacet
  facet normal 1 0 0
    outer loop
      vertex 6 62.1731 65.8823
      vertex 6 88.0294 72.8294
      vertex 6 63.1822 68.855
    endloop
  endfacet
  facet normal 1 0 0
    outer loop
      vertex 6 88.0294 72.8294
      vertex 6 62.1731 65.8823
      vertex 6 90.3897 70.7595
    endloop
  endfacet
  facet normal 1 0 0
    outer loop
      vertex 6 60.7846 63.0667
      vertex 6 90.3897 70.7595
      vertex 6 62.1731 65.8823
    endloop
  endfacet
  facet normal 1 0 0
    outer loop
      vertex 6 90.3897 70.7595
      vertex 6 60.7846 63.0667
      vertex 6 93 69.0154
    endloop
  endfacet
  facet normal 1 0 0
    outer loop
      vertex 6 59.0405 60.4564
      vertex 6 93 69.0154
      vertex 6 60.7846 63.0667
    endloop
  endfacet
  facet normal 1 0 0
    outer loop
      vertex 6 93 69.0154
      vertex 6 59.0405 60.4564
      vertex 6 95.8156 67.6269
    endloop
  endfacet
  facet normal 1 0 0
    outer loop
      vertex 6 56.9706 58.0961
      vertex 6 95.8156 67.6269
      vertex 6 59.0405 60.4564
    endloop
  endfacet
  facet normal 1 0 0
    outer loop
      vertex 6 98.7883 66.6178
      vertex 6 56.9706 58.0961
      vertex 6 54.6103 56.0262
    endloop
  endfacet
  facet normal 1 0 0
    outer loop
      vertex 6 101.867 66.0053
      vertex 6 54.6103 56.0262
      vertex 6 52 54.282
    endloop
  endfacet
  facet normal 1 0 0
    outer loop
      vertex 6 101.867 66.0053
      vertex 6 52 54.282
      vertex 6 147.914 47.3326
    endloop
  endfacet
  facet normal 1 0 0
    outer loop
      vertex 6 5.77164 1.85195
      vertex 6 52 54.282
      vertex 6 49.1844 52.8936
    endloop
  endfacet
  facet normal 1 0 0
    outer loop
      vertex 6 5.91711 2.29966
      vertex 6 49.1844 52.8936
      vertex 6 46.2117 51.8844
    endloop
  endfacet
  facet normal 1 0 0
    outer loop
      vertex 6 5.99075 2.76462
      vertex 6 46.2117 51.8844
      vertex 6 43.1326 51.272
    endloop
  endfacet
  facet normal 1 0 0
    outer loop
      vertex 6 5.99075 2.76462
      vertex 6 43.1326 51.272
      vertex 6 40 51.0667
    endloop
  endfacet
  facet normal 1 0 0
    outer loop
      vertex 6 5.99075 67.3579
      vertex 6 16.8178 68.855
      vertex 6 16.6356 69.7707
    endloop
  endfacet
  facet normal 1 -0 0
    outer loop
      vertex 6 5.99075 67.3579
      vertex 6 17.8269 65.8823
      vertex 6 16.8178 68.855
    endloop
  endfacet
  facet normal 1 0 0
    outer loop
      vertex 6 5.99075 67.3579
      vertex 6 19.2154 63.0667
      vertex 6 17.8269 65.8823
    endloop
  endfacet
  facet normal 1 0 0
    outer loop
      vertex 6 5.99075 67.3579
      vertex 6 20.9595 60.4564
      vertex 6 19.2154 63.0667
    endloop
  endfacet
  facet normal 1 0 0
    outer loop
      vertex 6 5.99075 67.3579
      vertex 6 23.0294 58.0961
      vertex 6 20.9595 60.4564
    endloop
  endfacet
  facet normal 1 0 0
    outer loop
      vertex 6 5.99075 2.76462
      vertex 6 23.0294 58.0961
      vertex 6 5.99075 67.3579
    endloop
  endfacet
  facet normal 1 0 0
    outer loop
      vertex 6 23.0294 58.0961
      vertex 6 5.99075 2.76462
      vertex 6 25.3897 56.0262
    endloop
  endfacet
  facet normal 1 0 0
    outer loop
      vertex 6 25.3897 56.0262
      vertex 6 5.99075 2.76462
      vertex 6 28 54.282
    endloop
  endfacet
  facet normal 1 0 0
    outer loop
      vertex 6 5.99075 2.76462
      vertex 6 30.8156 52.8936
      vertex 6 28 54.282
    endloop
  endfacet
  facet normal 1 0 0
    outer loop
      vertex 6 5.99075 2.76462
      vertex 6 33.7883 51.8844
      vertex 6 30.8156 52.8936
    endloop
  endfacet
  facet normal 1 0 0
    outer loop
      vertex 6 5.99075 2.76462
      vertex 6 36.8674 51.272
      vertex 6 33.7883 51.8844
    endloop
  endfacet
  facet normal 1 0 0
    outer loop
      vertex 6 5.99075 2.76462
      vertex 6 40 51.0667
      vertex 6 36.8674 51.272
    endloop
  endfacet
  facet normal 1 0 0
    outer loop
      vertex 6 46.2117 51.8844
      vertex 6 5.99075 2.76462
      vertex 6 5.91711 2.29966
    endloop
  endfacet
  facet normal 1 0 0
    outer loop
      vertex 6 49.1844 52.8936
      vertex 6 5.91711 2.29966
      vertex 6 5.77164 1.85195
    endloop
  endfacet
  facet normal 1 0 0
    outer loop
      vertex 6 52 54.282
      vertex 6 5.77164 1.85195
      vertex 6 147.914 47.3326
    endloop
  endfacet
  facet normal 1 0 0
    outer loop
      vertex 6 147.914 47.3326
      vertex 6 5.77164 1.85195
      vertex 6 5.76858 1.84594
    endloop
  endfacet
  facet normal 0 0.584127 -0.811662
    outer loop
      vertex -6 147.914 47.3326
      vertex 6 149.419 48.4157
      vertex 6 147.914 47.3326
    endloop
  endfacet
  facet normal 0 0.584127 -0.811662
    outer loop
      vertex 6 149.419 48.4157
      vertex -6 147.914 47.3326
      vertex -6 149.419 48.4157
    endloop
  endfacet
  facet normal 0 0.950336 -0.311226
    outer loop
      vertex 6 149.419 48.4157
      vertex -6 150 50.1898
      vertex 6 150 50.1898
    endloop
  endfacet
  facet normal 0 0.950336 -0.311226
    outer loop
      vertex -6 150 50.1898
      vertex 6 149.419 48.4157
      vertex -6 149.419 48.4157
    endloop
  endfacet
  facet normal 0 1 -0
    outer loop
      vertex 6 150 50.1898
      vertex -6 150 96.2439
      vertex 6 150 96.2439
    endloop
  endfacet
  facet normal 0 1 0
    outer loop
      vertex -6 150 96.2439
      vertex 6 150 50.1898
      vertex -6 150 50.1898
    endloop
  endfacet
  facet normal 0 0.951046 0.309051
    outer loop
      vertex 6 150 96.2439
      vertex -6 149.427 98.0072
      vertex 6 149.427 98.0072
    endloop
  endfacet
  facet normal 0 0.951046 0.309051
    outer loop
      vertex -6 149.427 98.0072
      vertex 6 150 96.2439
      vertex -6 150 96.2439
    endloop
  endfacet
  facet normal -0 0.587816 0.808995
    outer loop
      vertex -6 149.427 98.0072
      vertex 6 147.927 99.0971
      vertex 6 149.427 98.0072
    endloop
  endfacet
  facet normal 0 0.587816 0.808995
    outer loop
      vertex 6 147.927 99.0971
      vertex -6 149.427 98.0072
      vertex -6 147.927 99.0971
    endloop
  endfacet
  facet normal -0 0.0456129 0.998959
    outer loop
      vertex -6 147.927 99.0971
      vertex 6 146.337 99.1697
      vertex 6 147.927 99.0971
    endloop
  endfacet
  facet normal 0 0.0456129 0.998959
    outer loop
      vertex 6 146.337 99.1697
      vertex -6 147.927 99.0971
      vertex -6 146.337 99.1697
    endloop
  endfacet
  facet normal 0 -0.221055 0.975261
    outer loop
      vertex -6 146.337 99.1697
      vertex 6 128.364 95.0959
      vertex 6 146.337 99.1697
    endloop
  endfacet
  facet normal 0 -0.221055 0.975261
    outer loop
      vertex 6 128.364 95.0959
      vertex -6 146.337 99.1697
      vertex -6 128.364 95.0959
    endloop
  endfacet
  facet normal 0 -0.980725 -0.195392
    outer loop
      vertex -6 128.795 92.9326
      vertex 6 128.364 95.0959
      vertex -6 128.364 95.0959
    endloop
  endfacet
  facet normal 0 -0.980725 -0.195392
    outer loop
      vertex 6 128.364 95.0959
      vertex -6 128.795 92.9326
      vertex 6 128.795 92.9326
    endloop
  endfacet
  facet normal 0 -0.997866 -0.0653012
    outer loop
      vertex -6 129 89.8
      vertex 6 128.795 92.9326
      vertex -6 128.795 92.9326
    endloop
  endfacet
  facet normal 0 -0.997866 -0.0653012
    outer loop
      vertex 6 128.795 92.9326
      vertex -6 129 89.8
      vertex 6 129 89.8
    endloop
  endfacet
  facet normal 0 -0.997866 0.0653012
    outer loop
      vertex -6 128.795 86.6674
      vertex 6 129 89.8
      vertex -6 129 89.8
    endloop
  endfacet
  facet normal 0 -0.997866 0.0653012
    outer loop
      vertex 6 129 89.8
      vertex -6 128.795 86.6674
      vertex 6 128.795 86.6674
    endloop
  endfacet
  facet normal 0 -0.980753 0.195252
    outer loop
      vertex -6 128.182 83.5883
      vertex 6 128.795 86.6674
      vertex -6 128.795 86.6674
    endloop
  endfacet
  facet normal 0 -0.980753 0.195252
    outer loop
      vertex 6 128.795 86.6674
      vertex -6 128.182 83.5883
      vertex 6 128.182 83.5883
    endloop
  endfacet
  facet normal 0 -0.946939 0.321412
    outer loop
      vertex -6 127.173 80.6156
      vertex 6 128.182 83.5883
      vertex -6 128.182 83.5883
    endloop
  endfacet
  facet normal 0 -0.946939 0.321412
    outer loop
      vertex 6 128.182 83.5883
      vertex -6 127.173 80.6156
      vertex 6 127.173 80.6156
    endloop
  endfacet
  facet normal 0 -0.896936 0.44216
    outer loop
      vertex -6 125.785 77.8
      vertex 6 127.173 80.6156
      vertex -6 127.173 80.6156
    endloop
  endfacet
  facet normal 0 -0.896936 0.44216
    outer loop
      vertex 6 127.173 80.6156
      vertex -6 125.785 77.8
      vertex 6 125.785 77.8
    endloop
  endfacet
  facet normal 0 -0.831344 0.555758
    outer loop
      vertex -6 124.04 75.1897
      vertex 6 125.785 77.8
      vertex -6 125.785 77.8
    endloop
  endfacet
  facet normal 0 -0.831344 0.555758
    outer loop
      vertex 6 125.785 77.8
      vertex -6 124.04 75.1897
      vertex 6 124.04 75.1897
    endloop
  endfacet
  facet normal 0 -0.751986 0.659179
    outer loop
      vertex -6 121.971 72.8294
      vertex 6 124.04 75.1897
      vertex -6 124.04 75.1897
    endloop
  endfacet
  facet normal 0 -0.751986 0.659179
    outer loop
      vertex 6 124.04 75.1897
      vertex -6 121.971 72.8294
      vertex 6 121.971 72.8294
    endloop
  endfacet
  facet normal 0 -0.65923 0.751941
    outer loop
      vertex -6 121.971 72.8294
      vertex 6 119.61 70.7595
      vertex 6 121.971 72.8294
    endloop
  endfacet
  facet normal 0 -0.65923 0.751941
    outer loop
      vertex 6 119.61 70.7595
      vertex -6 121.971 72.8294
      vertex -6 119.61 70.7595
    endloop
  endfacet
  facet normal 0 -0.555604 0.831447
    outer loop
      vertex -6 119.61 70.7595
      vertex 6 117 69.0154
      vertex 6 119.61 70.7595
    endloop
  endfacet
  facet normal 0 -0.555604 0.831447
    outer loop
      vertex 6 117 69.0154
      vertex -6 119.61 70.7595
      vertex -6 117 69.0154
    endloop
  endfacet
  facet normal 0 -0.442238 0.896898
    outer loop
      vertex -6 117 69.0154
      vertex 6 114.184 67.6269
      vertex 6 117 69.0154
    endloop
  endfacet
  facet normal 0 -0.442238 0.896898
    outer loop
      vertex 6 114.184 67.6269
      vertex -6 117 69.0154
      vertex -6 114.184 67.6269
    endloop
  endfacet
  facet normal 0 -0.321509 0.946907
    outer loop
      vertex -6 114.184 67.6269
      vertex 6 111.212 66.6178
      vertex 6 114.184 67.6269
    endloop
  endfacet
  facet normal 0 -0.321509 0.946907
    outer loop
      vertex 6 111.212 66.6178
      vertex -6 114.184 67.6269
      vertex -6 111.212 66.6178
    endloop
  endfacet
  facet normal 0 -0.195105 0.980782
    outer loop
      vertex -6 111.212 66.6178
      vertex 6 108.133 66.0053
      vertex 6 111.212 66.6178
    endloop
  endfacet
  facet normal 0 -0.195105 0.980782
    outer loop
      vertex 6 108.133 66.0053
      vertex -6 111.212 66.6178
      vertex -6 108.133 66.0053
    endloop
  endfacet
  facet normal 0 -0.065388 0.99786
    outer loop
      vertex -6 108.133 66.0053
      vertex 6 105 65.8
      vertex 6 108.133 66.0053
    endloop
  endfacet
  facet normal 0 -0.065388 0.99786
    outer loop
      vertex 6 105 65.8
      vertex -6 108.133 66.0053
      vertex -6 105 65.8
    endloop
  endfacet
  facet normal -0 0.065388 0.99786
    outer loop
      vertex -6 105 65.8
      vertex 6 101.867 66.0053
      vertex 6 105 65.8
    endloop
  endfacet
  facet normal 0 0.065388 0.99786
    outer loop
      vertex 6 101.867 66.0053
      vertex -6 105 65.8
      vertex -6 101.867 66.0053
    endloop
  endfacet
  facet normal -0 0.195124 0.980779
    outer loop
      vertex -6 101.867 66.0053
      vertex 6 98.7883 66.6178
      vertex 6 101.867 66.0053
    endloop
  endfacet
  facet normal 0 0.195124 0.980779
    outer loop
      vertex 6 98.7883 66.6178
      vertex -6 101.867 66.0053
      vertex -6 98.7883 66.6178
    endloop
  endfacet
  facet normal -0 0.321441 0.94693
    outer loop
      vertex -6 98.7883 66.6178
      vertex 6 95.8156 67.6269
      vertex 6 98.7883 66.6178
    endloop
  endfacet
  facet normal 0 0.321441 0.94693
    outer loop
      vertex 6 95.8156 67.6269
      vertex -6 98.7883 66.6178
      vertex -6 95.8156 67.6269
    endloop
  endfacet
  facet normal -0 0.442289 0.896873
    outer loop
      vertex -6 95.8156 67.6269
      vertex 6 93 69.0154
      vertex 6 95.8156 67.6269
    endloop
  endfacet
  facet normal 0 0.442289 0.896873
    outer loop
      vertex 6 93 69.0154
      vertex -6 95.8156 67.6269
      vertex -6 93 69.0154
    endloop
  endfacet
  facet normal -0 0.55556 0.831476
    outer loop
      vertex -6 93 69.0154
      vertex 6 90.3897 70.7595
      vertex 6 93 69.0154
    endloop
  endfacet
  facet normal 0 0.55556 0.831476
    outer loop
      vertex 6 90.3897 70.7595
      vertex -6 93 69.0154
      vertex -6 90.3897 70.7595
    endloop
  endfacet
  facet normal -0 0.659341 0.751844
    outer loop
      vertex -6 90.3897 70.7595
      vertex 6 88.0294 72.8294
      vertex 6 90.3897 70.7595
    endloop
  endfacet
  facet normal 0 0.659341 0.751844
    outer loop
      vertex 6 88.0294 72.8294
      vertex -6 90.3897 70.7595
      vertex -6 88.0294 72.8294
    endloop
  endfacet
  facet normal 0 0.751844 0.659341
    outer loop
      vertex 6 88.0294 72.8294
      vertex -6 85.9595 75.1897
      vertex 6 85.9595 75.1897
    endloop
  endfacet
  facet normal 0 0.751844 0.659341
    outer loop
      vertex -6 85.9595 75.1897
      vertex 6 88.0294 72.8294
      vertex -6 88.0294 72.8294
    endloop
  endfacet
  facet normal 0 0.831476 0.55556
    outer loop
      vertex 6 85.9595 75.1897
      vertex -6 84.2154 77.8
      vertex 6 84.2154 77.8
    endloop
  endfacet
  facet normal 0 0.831476 0.55556
    outer loop
      vertex -6 84.2154 77.8
      vertex 6 85.9595 75.1897
      vertex -6 85.9595 75.1897
    endloop
  endfacet
  facet normal 0 0.896873 0.442289
    outer loop
      vertex 6 84.2154 77.8
      vertex -6 82.8269 80.6156
      vertex 6 82.8269 80.6156
    endloop
  endfacet
  facet normal 0 0.896873 0.442289
    outer loop
      vertex -6 82.8269 80.6156
      vertex 6 84.2154 77.8
      vertex -6 84.2154 77.8
    endloop
  endfacet
  facet normal 0 0.94693 0.321441
    outer loop
      vertex 6 82.8269 80.6156
      vertex -6 81.8178 83.5883
      vertex 6 81.8178 83.5883
    endloop
  endfacet
  facet normal 0 0.94693 0.321441
    outer loop
      vertex -6 81.8178 83.5883
      vertex 6 82.8269 80.6156
      vertex -6 82.8269 80.6156
    endloop
  endfacet
  facet normal 0 0.980778 0.195127
    outer loop
      vertex 6 81.8178 83.5883
      vertex -6 81.6356 84.5041
      vertex 6 81.6356 84.5041
    endloop
  endfacet
  facet normal 0 0.980778 0.195127
    outer loop
      vertex -6 81.6356 84.5041
      vertex 6 81.8178 83.5883
      vertex -6 81.8178 83.5883
    endloop
  endfacet
  facet normal 0 -0.221059 0.97526
    outer loop
      vertex -6 81.6356 84.5041
      vertex 6 63.3643 80.3626
      vertex 6 81.6356 84.5041
    endloop
  endfacet
  facet normal 0 -0.221059 0.97526
    outer loop
      vertex 6 63.3643 80.3626
      vertex -6 81.6356 84.5041
      vertex -6 63.3643 80.3626
    endloop
  endfacet
  facet normal 0 -0.980777 -0.195131
    outer loop
      vertex -6 63.7947 78.1993
      vertex 6 63.3643 80.3626
      vertex -6 63.3643 80.3626
    endloop
  endfacet
  facet normal 0 -0.980777 -0.195131
    outer loop
      vertex 6 63.3643 80.3626
      vertex -6 63.7947 78.1993
      vertex 6 63.7947 78.1993
    endloop
  endfacet
  facet normal 0 -0.997859 -0.0653963
    outer loop
      vertex -6 64 75.0667
      vertex 6 63.7947 78.1993
      vertex -6 63.7947 78.1993
    endloop
  endfacet
  facet normal 0 -0.997859 -0.0653963
    outer loop
      vertex 6 63.7947 78.1993
      vertex -6 64 75.0667
      vertex 6 64 75.0667
    endloop
  endfacet
  facet normal 0 -0.99786 0.0653942
    outer loop
      vertex -6 63.7947 71.934
      vertex 6 64 75.0667
      vertex -6 64 75.0667
    endloop
  endfacet
  facet normal 0 -0.99786 0.0653942
    outer loop
      vertex 6 64 75.0667
      vertex -6 63.7947 71.934
      vertex 6 63.7947 71.934
    endloop
  endfacet
  facet normal 0 -0.980782 0.195105
    outer loop
      vertex -6 63.1822 68.855
      vertex 6 63.7947 71.934
      vertex -6 63.7947 71.934
    endloop
  endfacet
  facet normal 0 -0.980782 0.195105
    outer loop
      vertex 6 63.7947 71.934
      vertex -6 63.1822 68.855
      vertex 6 63.1822 68.855
    endloop
  endfacet
  facet normal 0 -0.94693 0.321441
    outer loop
      vertex -6 62.1731 65.8823
      vertex 6 63.1822 68.855
      vertex -6 63.1822 68.855
    endloop
  endfacet
  facet normal 0 -0.94693 0.321441
    outer loop
      vertex 6 63.1822 68.855
      vertex -6 62.1731 65.8823
      vertex 6 62.1731 65.8823
    endloop
  endfacet
  facet normal 0 -0.896873 0.442289
    outer loop
      vertex -6 60.7846 63.0667
      vertex 6 62.1731 65.8823
      vertex -6 62.1731 65.8823
    endloop
  endfacet
  facet normal 0 -0.896873 0.442289
    outer loop
      vertex 6 62.1731 65.8823
      vertex -6 60.7846 63.0667
      vertex 6 60.7846 63.0667
    endloop
  endfacet
  facet normal 0 -0.831476 0.55556
    outer loop
      vertex -6 59.0405 60.4564
      vertex 6 60.7846 63.0667
      vertex -6 60.7846 63.0667
    endloop
  endfacet
  facet normal 0 -0.831476 0.55556
    outer loop
      vertex 6 60.7846 63.0667
      vertex -6 59.0405 60.4564
      vertex 6 59.0405 60.4564
    endloop
  endfacet
  facet normal 0 -0.751844 0.659341
    outer loop
      vertex -6 56.9706 58.0961
      vertex 6 59.0405 60.4564
      vertex -6 59.0405 60.4564
    endloop
  endfacet
  facet normal 0 -0.751844 0.659341
    outer loop
      vertex 6 59.0405 60.4564
      vertex -6 56.9706 58.0961
      vertex 6 56.9706 58.0961
    endloop
  endfacet
  facet normal 0 -0.659341 0.751844
    outer loop
      vertex -6 56.9706 58.0961
      vertex 6 54.6103 56.0262
      vertex 6 56.9706 58.0961
    endloop
  endfacet
  facet normal 0 -0.659341 0.751844
    outer loop
      vertex 6 54.6103 56.0262
      vertex -6 56.9706 58.0961
      vertex -6 54.6103 56.0262
    endloop
  endfacet
  facet normal 0 -0.555582 0.831462
    outer loop
      vertex -6 54.6103 56.0262
      vertex 6 52 54.282
      vertex 6 54.6103 56.0262
    endloop
  endfacet
  facet normal 0 -0.555582 0.831462
    outer loop
      vertex 6 52 54.282
      vertex -6 54.6103 56.0262
      vertex -6 52 54.282
    endloop
  endfacet
  facet normal 0 -0.442263 0.896885
    outer loop
      vertex -6 52 54.282
      vertex 6 49.1844 52.8936
      vertex 6 52 54.282
    endloop
  endfacet
  facet normal 0 -0.442263 0.896885
    outer loop
      vertex 6 49.1844 52.8936
      vertex -6 52 54.282
      vertex -6 49.1844 52.8936
    endloop
  endfacet
  facet normal 0 -0.321469 0.94692
    outer loop
      vertex -6 49.1844 52.8936
      vertex 6 46.2117 51.8844
      vertex 6 49.1844 52.8936
    endloop
  endfacet
  facet normal 0 -0.321469 0.94692
    outer loop
      vertex 6 46.2117 51.8844
      vertex -6 49.1844 52.8936
      vertex -6 46.2117 51.8844
    endloop
  endfacet
  facet normal 0 -0.195069 0.98079
    outer loop
      vertex -6 46.2117 51.8844
      vertex 6 43.1326 51.272
      vertex 6 46.2117 51.8844
    endloop
  endfacet
  facet normal 0 -0.195069 0.98079
    outer loop
      vertex 6 43.1326 51.272
      vertex -6 46.2117 51.8844
      vertex -6 43.1326 51.272
    endloop
  endfacet
  facet normal 0 -0.0653963 0.997859
    outer loop
      vertex -6 43.1326 51.272
      vertex 6 40 51.0667
      vertex 6 43.1326 51.272
    endloop
  endfacet
  facet normal 0 -0.0653963 0.997859
    outer loop
      vertex 6 40 51.0667
      vertex -6 43.1326 51.272
      vertex -6 40 51.0667
    endloop
  endfacet
  facet normal -0 0.0653963 0.997859
    outer loop
      vertex -6 40 51.0667
      vertex 6 36.8674 51.272
      vertex 6 40 51.0667
    endloop
  endfacet
  facet normal 0 0.0653963 0.997859
    outer loop
      vertex 6 36.8674 51.272
      vertex -6 40 51.0667
      vertex -6 36.8674 51.272
    endloop
  endfacet
  facet normal -0 0.195069 0.98079
    outer loop
      vertex -6 36.8674 51.272
      vertex 6 33.7883 51.8844
      vertex 6 36.8674 51.272
    endloop
  endfacet
  facet normal 0 0.195069 0.98079
    outer loop
      vertex 6 33.7883 51.8844
      vertex -6 36.8674 51.272
      vertex -6 33.7883 51.8844
    endloop
  endfacet
  facet normal -0 0.321469 0.94692
    outer loop
      vertex -6 33.7883 51.8844
      vertex 6 30.8156 52.8936
      vertex 6 33.7883 51.8844
    endloop
  endfacet
  facet normal 0 0.321469 0.94692
    outer loop
      vertex 6 30.8156 52.8936
      vertex -6 33.7883 51.8844
      vertex -6 30.8156 52.8936
    endloop
  endfacet
  facet normal -0 0.442263 0.896885
    outer loop
      vertex -6 30.8156 52.8936
      vertex 6 28 54.282
      vertex 6 30.8156 52.8936
    endloop
  endfacet
  facet normal 0 0.442263 0.896885
    outer loop
      vertex 6 28 54.282
      vertex -6 30.8156 52.8936
      vertex -6 28 54.282
    endloop
  endfacet
  facet normal -0 0.555582 0.831462
    outer loop
      vertex -6 28 54.282
      vertex 6 25.3897 56.0262
      vertex 6 28 54.282
    endloop
  endfacet
  facet normal 0 0.555582 0.831462
    outer loop
      vertex 6 25.3897 56.0262
      vertex -6 28 54.282
      vertex -6 25.3897 56.0262
    endloop
  endfacet
  facet normal -0 0.659341 0.751844
    outer loop
      vertex -6 25.3897 56.0262
      vertex 6 23.0294 58.0961
      vertex 6 25.3897 56.0262
    endloop
  endfacet
  facet normal 0 0.659341 0.751844
    outer loop
      vertex 6 23.0294 58.0961
      vertex -6 25.3897 56.0262
      vertex -6 23.0294 58.0961
    endloop
  endfacet
  facet normal 0 0.751844 0.659341
    outer loop
      vertex 6 23.0294 58.0961
      vertex -6 20.9595 60.4564
      vertex 6 20.9595 60.4564
    endloop
  endfacet
  facet normal 0 0.751844 0.659341
    outer loop
      vertex -6 20.9595 60.4564
      vertex 6 23.0294 58.0961
      vertex -6 23.0294 58.0961
    endloop
  endfacet
  facet normal 0 0.831476 0.55556
    outer loop
      vertex 6 20.9595 60.4564
      vertex -6 19.2154 63.0667
      vertex 6 19.2154 63.0667
    endloop
  endfacet
  facet normal 0 0.831476 0.55556
    outer loop
      vertex -6 19.2154 63.0667
      vertex 6 20.9595 60.4564
      vertex -6 20.9595 60.4564
    endloop
  endfacet
  facet normal 0 0.896873 0.442289
    outer loop
      vertex 6 19.2154 63.0667
      vertex -6 17.8269 65.8823
      vertex 6 17.8269 65.8823
    endloop
  endfacet
  facet normal 0 0.896873 0.442289
    outer loop
      vertex -6 17.8269 65.8823
      vertex 6 19.2154 63.0667
      vertex -6 19.2154 63.0667
    endloop
  endfacet
  facet normal 0 0.94693 0.321441
    outer loop
      vertex 6 17.8269 65.8823
      vertex -6 16.8178 68.855
      vertex 6 16.8178 68.855
    endloop
  endfacet
  facet normal 0 0.94693 0.321441
    outer loop
      vertex -6 16.8178 68.855
      vertex 6 17.8269 65.8823
      vertex -6 17.8269 65.8823
    endloop
  endfacet
  facet normal 0 0.980774 0.195148
    outer loop
      vertex 6 16.8178 68.855
      vertex -6 16.6356 69.7707
      vertex 6 16.6356 69.7707
    endloop
  endfacet
  facet normal 0 0.980774 0.195148
    outer loop
      vertex -6 16.6356 69.7707
      vertex 6 16.8178 68.855
      vertex -6 16.8178 68.855
    endloop
  endfacet
  facet normal 0 -0.221056 0.975261
    outer loop
      vertex -6 16.6356 69.7707
      vertex 6 5.99075 67.3579
      vertex 6 16.6356 69.7707
    endloop
  endfacet
  facet normal 0 -0.221056 0.975261
    outer loop
      vertex 6 5.99075 67.3579
      vertex -6 16.6356 69.7707
      vertex -6 5.99075 67.3579
    endloop
  endfacet
  facet normal 0 0.304776 -0.952424
    outer loop
      vertex -6 5.76858 1.84594
      vertex 6 147.914 47.3326
      vertex 6 5.76858 1.84594
    endloop
  endfacet
  facet normal 0 0.304776 -0.952424
    outer loop
      vertex 6 147.914 47.3326
      vertex -6 5.76858 1.84594
      vertex -6 147.914 47.3326
    endloop
  endfacet
endsolid OpenSCAD_Model
