solid OpenSCAD_Model
  facet normal 0.645226 -0.372314 0.667133
    outer loop
      vertex 40.4496 39.528 2.69177
      vertex 40.5851 39.4309 2.50653
      vertex 40.5335 39.6734 2.69177
    endloop
  endfacet
  facet normal 0.642015 -0.377328 0.667413
    outer loop
      vertex 40.5851 39.4309 2.50653
      vertex 40.4496 39.528 2.69177
      vertex 40.5842 39.4302 2.507
    endloop
  endfacet
  facet normal 0.1801 0.848287 0.497968
    outer loop
      vertex 40.1388 41.0426 2.28808
      vertex 39.9146 41.0902 2.28808
      vertex 40.1 40.9233 2.50534
    endloop
  endfacet
  facet normal 0.404455 0.908605 0.104177
    outer loop
      vertex 40.1708 41.1413 1.8
      vertex 40.1627 41.1163 2.04949
      vertex 40.3869 41.0165 2.04949
    endloop
  endfacet
  facet normal 0.122706 0.576858 0.807575
    outer loop
      vertex 40.0481 40.7637 2.69177
      vertex 39.8627 40.5967 2.83923
      vertex 39.9854 40.5706 2.83923
    endloop
  endfacet
  facet normal 0 1 -0
    outer loop
      vertex 32.2572 41.1934 0
      vertex 30.0746 41.1934 1.8
      vertex 32.2572 41.1934 1.8
    endloop
  endfacet
  facet normal 0 1 0
    outer loop
      vertex 30.0746 41.1934 1.8
      vertex 32.2572 41.1934 0
      vertex 30.0746 41.1934 0
    endloop
  endfacet
  facet normal 0 1 -0
    outer loop
      vertex 39.9254 41.1934 0
      vertex 37.7428 41.1934 1.8
      vertex 39.9254 41.1934 1.8
    endloop
  endfacet
  facet normal 0 1 0
    outer loop
      vertex 37.7428 41.1934 1.8
      vertex 39.9254 41.1934 0
      vertex 37.7428 41.1934 0
    endloop
  endfacet
  facet normal 0.865854 0.500298 0
    outer loop
      vertex 40.8963 40.4881 1.8
      vertex 40.7708 40.7053 0
      vertex 40.7708 40.7053 1.8
    endloop
  endfacet
  facet normal 0.865854 0.500298 0
    outer loop
      vertex 40.7708 40.7053 0
      vertex 40.8963 40.4881 1.8
      vertex 40.8963 40.4881 0
    endloop
  endfacet
  facet normal 0.406915 0.913466 -0
    outer loop
      vertex 40.4 41.0392 0
      vertex 40.1708 41.1413 1.8
      vertex 40.4 41.0392 1.8
    endloop
  endfacet
  facet normal 0.406915 0.913466 0
    outer loop
      vertex 40.1708 41.1413 1.8
      vertex 40.4 41.0392 0
      vertex 40.1708 41.1413 0
    endloop
  endfacet
  facet normal -0.154927 -0.728912 0.666847
    outer loop
      vertex 30.0035 39.1653 2.62615
      vertex 30.1161 39.2014 2.69177
      vertex 29.9519 39.2363 2.69177
    endloop
  endfacet
  facet normal -0.155183 -0.728609 0.667119
    outer loop
      vertex 30.1161 39.2014 2.69177
      vertex 30.0035 39.1653 2.62615
      vertex 30.1106 39.1491 2.63337
    endloop
  endfacet
  facet normal 0.824818 0.26782 0.497943
    outer loop
      vertex 40.8015 40.4459 2.28808
      vertex 40.6869 40.3949 2.50534
      vertex 40.7496 40.2018 2.50534
    endloop
  endfacet
  facet normal 0.30366 0.273359 0.912724
    outer loop
      vertex 40.2015 40.4459 2.83923
      vertex 40.0481 40.2756 2.94127
      vertex 40.2854 40.3527 2.83923
    endloop
  endfacet
  facet normal -0.989068 -0.104671 0.103866
    outer loop
      vertex 29.0262 40 2.04949
      vertex 29 40 1.8
      vertex 29.0331 39.9348 2.04949
    endloop
  endfacet
  facet normal 0.155266 0.139901 0.977916
    outer loop
      vertex 40.0481 40.2756 2.94127
      vertex 39.9015 40.0737 2.99343
      vertex 40.1 40.218 2.94127
    endloop
  endfacet
  facet normal 0.207678 0.978197 -0
    outer loop
      vertex 40.1708 41.1413 0
      vertex 39.9254 41.1934 1.8
      vertex 40.1708 41.1413 1.8
    endloop
  endfacet
  facet normal 0.207678 0.978197 0
    outer loop
      vertex 39.9254 41.1934 1.8
      vertex 40.1708 41.1413 0
      vertex 39.9254 41.1934 0
    endloop
  endfacet
  facet normal 0 -0.589802 0.807548
    outer loop
      vertex 37.9325 39.4033 2.83923
      vertex 39.8839 39.2014 2.69177
      vertex 39.8627 39.4033 2.83923
    endloop
  endfacet
  facet normal 0 -0.589802 0.807548
    outer loop
      vertex 39.8839 39.2014 2.69177
      vertex 37.9325 39.4033 2.83923
      vertex 37.884 39.2014 2.69177
    endloop
  endfacet
  facet normal 0 -0.589802 0.807548
    outer loop
      vertex 30.1161 39.2014 2.69177
      vertex 32.0675 39.4033 2.83923
      vertex 30.1373 39.4033 2.83923
    endloop
  endfacet
  facet normal 0 -0.589802 0.807548
    outer loop
      vertex 32.0675 39.4033 2.83923
      vertex 30.1161 39.2014 2.69177
      vertex 32.116 39.2014 2.69177
    endloop
  endfacet
  facet normal 0.303586 0.273544 0.912693
    outer loop
      vertex 40.2854 40.3527 2.83923
      vertex 40.0481 40.2756 2.94127
      vertex 40.1 40.218 2.94127
    endloop
  endfacet
  facet normal 0.743393 0.668855 0
    outer loop
      vertex 40.7708 40.7053 1.8
      vertex 40.603 40.8918 0
      vertex 40.603 40.8918 1.8
    endloop
  endfacet
  facet normal 0.743393 0.668855 0
    outer loop
      vertex 40.603 40.8918 0
      vertex 40.7708 40.7053 1.8
      vertex 40.7708 40.7053 0
    endloop
  endfacet
  facet normal 0.404712 0.908521 0.103913
    outer loop
      vertex 40.4 41.0392 1.8
      vertex 40.1708 41.1413 1.8
      vertex 40.3869 41.0165 2.04949
    endloop
  endfacet
  facet normal 0.352793 0.79227 0.49784
    outer loop
      vertex 40.3481 40.9494 2.28808
      vertex 40.1388 41.0426 2.28808
      vertex 40.2854 40.8408 2.50534
    endloop
  endfacet
  facet normal 0.122622 0.576922 0.807542
    outer loop
      vertex 39.8839 40.7986 2.69177
      vertex 39.8627 40.5967 2.83923
      vertex 40.0481 40.7637 2.69177
    endloop
  endfacet
  facet normal 0.122824 -0.169082 0.977919
    outer loop
      vertex 39.8839 39.9068 2.99343
      vertex 39.8627 39.8914 2.99343
      vertex 40.0481 39.7244 2.94127
    endloop
  endfacet
  facet normal 0.438345 -0.394757 0.807478
    outer loop
      vertex 40.4496 39.528 2.69177
      vertex 40.2854 39.6473 2.83923
      vertex 40.3373 39.4033 2.69177
    endloop
  endfacet
  facet normal 0.905057 0.29393 0.307371
    outer loop
      vertex 40.8723 40.4774 2.04949
      vertex 40.8723 40.2279 2.28808
      vertex 40.9481 40.244 2.04949
    endloop
  endfacet
  facet normal -0.865854 0.500298 0
    outer loop
      vertex 29.1037 40.4881 0
      vertex 29.2292 40.7053 1.8
      vertex 29.2292 40.7053 0
    endloop
  endfacet
  facet normal -0.865854 0.500298 0
    outer loop
      vertex 29.2292 40.7053 1.8
      vertex 29.1037 40.4881 0
      vertex 29.1037 40.4881 1.8
    endloop
  endfacet
  facet normal 0.509771 0.70163 0.497844
    outer loop
      vertex 40.5335 40.8147 2.28808
      vertex 40.2854 40.8408 2.50534
      vertex 40.4496 40.7215 2.50534
    endloop
  endfacet
  facet normal 0.561062 0.182336 0.807442
    outer loop
      vertex 40.5335 40.3266 2.69177
      vertex 40.3869 40.1247 2.83923
      vertex 40.5854 40.1669 2.69177
    endloop
  endfacet
  facet normal -0.750953 0.433548 0.498102
    outer loop
      vertex 29.3131 40.6444 2.28808
      vertex 29.1985 40.4459 2.28808
      vertex 29.4146 40.5706 2.50534
    endloop
  endfacet
  facet normal -0.0849174 0.399797 0.912662
    outer loop
      vertex 30.1612 40.3688 2.94127
      vertex 30.0146 40.5706 2.83923
      vertex 30.0854 40.3527 2.94127
    endloop
  endfacet
  facet normal 0.739192 0.665435 0.103886
    outer loop
      vertex 40.7708 40.7053 1.8
      vertex 40.5854 40.8723 2.04949
      vertex 40.7496 40.6899 2.04949
    endloop
  endfacet
  facet normal 0.122754 -0.169158 0.977915
    outer loop
      vertex 40.0481 39.7244 2.94127
      vertex 39.8627 39.8914 2.99343
      vertex 39.9854 39.6789 2.94127
    endloop
  endfacet
  facet normal -0.303004 0.680538 0.667126
    outer loop
      vertex 29.9519 40.7637 2.69177
      vertex 29.7146 40.8408 2.50534
      vertex 29.7985 40.6954 2.69177
    endloop
  endfacet
  facet normal 0.510952 0.294726 0.807506
    outer loop
      vertex 40.5335 40.3266 2.69177
      vertex 40.2854 40.3527 2.83923
      vertex 40.3481 40.244 2.83923
    endloop
  endfacet
  facet normal 0.387087 0.869284 0.307423
    outer loop
      vertex 40.3869 41.0165 2.04949
      vertex 40.1388 41.0426 2.28808
      vertex 40.3481 40.9494 2.28808
    endloop
  endfacet
  facet normal 0.437985 0.602617 0.6671
    outer loop
      vertex 40.2854 40.8408 2.50534
      vertex 40.2015 40.6954 2.69177
      vertex 40.3373 40.5967 2.69177
    endloop
  endfacet
  facet normal 0.239911 0.538834 0.807527
    outer loop
      vertex 40.2015 40.6954 2.69177
      vertex 40.0481 40.7637 2.69177
      vertex 40.1 40.5196 2.83923
    endloop
  endfacet
  facet normal 0.587555 0.809184 -0
    outer loop
      vertex 40.603 40.8918 0
      vertex 40.4 41.0392 1.8
      vertex 40.603 40.8918 1.8
    endloop
  endfacet
  facet normal 0.587555 0.809184 0
    outer loop
      vertex 40.4 41.0392 1.8
      vertex 40.603 40.8918 0
      vertex 40.4 41.0392 0
    endloop
  endfacet
  facet normal 0.73935 0.665217 0.10415
    outer loop
      vertex 40.603 40.8918 1.8
      vertex 40.5854 40.8723 2.04949
      vertex 40.7708 40.7053 1.8
    endloop
  endfacet
  facet normal 0.509766 0.701638 0.497838
    outer loop
      vertex 40.3481 40.9494 2.28808
      vertex 40.2854 40.8408 2.50534
      vertex 40.5335 40.8147 2.28808
    endloop
  endfacet
  facet normal -0.207857 0.0218371 0.977915
    outer loop
      vertex 29.8373 40.0771 2.94127
      vertex 29.8292 40 2.94127
      vertex 30.0746 40 2.99343
    endloop
  endfacet
  facet normal 0.946485 -0.0996738 0.30697
    outer loop
      vertex 40.8829 39.7698 2.25465
      vertex 40.8963 40 2.28808
      vertex 40.8723 39.7721 2.28808
    endloop
  endfacet
  facet normal 0.946313 -0.0997379 0.307481
    outer loop
      vertex 40.8963 40 2.28808
      vertex 40.8829 39.7698 2.25465
      vertex 40.9268 39.8563 2.1476
    endloop
  endfacet
  facet normal -0.945908 0.307242 0.104211
    outer loop
      vertex 29.1037 40.4881 1.8
      vertex 29.0262 40.2495 1.8
      vertex 29.0519 40.244 2.04949
    endloop
  endfacet
  facet normal 0.862353 0.090594 0.498137
    outer loop
      vertex 40.8963 40 2.28808
      vertex 40.7496 40.2018 2.50534
      vertex 40.7708 40 2.50534
    endloop
  endfacet
  facet normal 0.239955 0.330663 0.912734
    outer loop
      vertex 40.1 40.5196 2.83923
      vertex 39.9854 40.3211 2.94127
      vertex 40.0481 40.2756 2.94127
    endloop
  endfacet
  facet normal -1.01912e-06 0.408649 0.912692
    outer loop
      vertex 37.9631 40.4693 2.89627
      vertex 39.8388 40.3688 2.94127
      vertex 39.8627 40.5967 2.83923
    endloop
  endfacet
  facet normal 0 0.408665 0.912685
    outer loop
      vertex 39.8388 40.3688 2.94127
      vertex 37.9631 40.4693 2.89627
      vertex 37.971 40.3688 2.94127
    endloop
  endfacet
  facet normal 0 0.408636 0.912697
    outer loop
      vertex 37.9631 40.4693 2.89627
      vertex 39.8627 40.5967 2.83923
      vertex 37.9325 40.5967 2.83923
    endloop
  endfacet
  facet normal 0 0.408665 0.912685
    outer loop
      vertex 32.0369 40.4693 2.89627
      vertex 30.1612 40.3688 2.94127
      vertex 32.029 40.3688 2.94127
    endloop
  endfacet
  facet normal -0 0.408636 0.912697
    outer loop
      vertex 30.1373 40.5967 2.83923
      vertex 32.0369 40.4693 2.89627
      vertex 32.0675 40.5967 2.83923
    endloop
  endfacet
  facet normal 1.01912e-06 0.408649 0.912692
    outer loop
      vertex 32.0369 40.4693 2.89627
      vertex 30.1373 40.5967 2.83923
      vertex 30.1612 40.3688 2.94127
    endloop
  endfacet
  facet normal 0.155266 -0.139901 0.977916
    outer loop
      vertex 40.1 39.782 2.94127
      vertex 39.9015 39.9263 2.99343
      vertex 40.0481 39.7244 2.94127
    endloop
  endfacet
  facet normal 0 0.867293 0.497797
    outer loop
      vertex 39.9146 41.0902 2.28808
      vertex 37.8372 40.9655 2.50534
      vertex 39.9015 40.9655 2.50534
    endloop
  endfacet
  facet normal 0 0.867293 0.497797
    outer loop
      vertex 37.8372 40.9655 2.50534
      vertex 39.9146 41.0902 2.28808
      vertex 37.7856 41.0902 2.28808
    endloop
  endfacet
  facet normal -0 0.867293 0.497797
    outer loop
      vertex 30.0854 41.0902 2.28808
      vertex 32.1628 40.9655 2.50534
      vertex 32.2144 41.0902 2.28808
    endloop
  endfacet
  facet normal 0 0.867293 0.497797
    outer loop
      vertex 32.1628 40.9655 2.50534
      vertex 30.0854 41.0902 2.28808
      vertex 30.0985 40.9655 2.50534
    endloop
  endfacet
  facet normal 0.19763 0.930853 0.307336
    outer loop
      vertex 40.1627 41.1163 2.04949
      vertex 39.9146 41.0902 2.28808
      vertex 40.1388 41.0426 2.28808
    endloop
  endfacet
  facet normal 0.386989 0.869367 0.307311
    outer loop
      vertex 40.1627 41.1163 2.04949
      vertex 40.1388 41.0426 2.28808
      vertex 40.3869 41.0165 2.04949
    endloop
  endfacet
  facet normal 0.206731 0.972853 0.104011
    outer loop
      vertex 39.9254 41.1934 1.8
      vertex 39.9227 41.1673 2.04949
      vertex 40.1627 41.1163 2.04949
    endloop
  endfacet
  facet normal -0.15493 0.72876 0.667012
    outer loop
      vertex 30.0985 40.9655 2.50534
      vertex 29.9 40.9233 2.50534
      vertex 29.9519 40.7637 2.69177
    endloop
  endfacet
  facet normal 0.559311 0.769831 0.30746
    outer loop
      vertex 40.3869 41.0165 2.04949
      vertex 40.3481 40.9494 2.28808
      vertex 40.5335 40.8147 2.28808
    endloop
  endfacet
  facet normal -0.154496 -0.728802 0.667067
    outer loop
      vertex 29.9519 39.2363 2.69177
      vertex 29.9323 39.176 2.62135
      vertex 30.0035 39.1653 2.62615
    endloop
  endfacet
  facet normal 0.406343 0.0426898 0.912723
    outer loop
      vertex 40.3869 40.1247 2.83923
      vertex 40.1627 40.0771 2.94127
      vertex 40.1708 40 2.94127
    endloop
  endfacet
  facet normal 0.0850276 0.399728 0.912682
    outer loop
      vertex 39.8627 40.5967 2.83923
      vertex 39.8388 40.3688 2.94127
      vertex 39.9854 40.5706 2.83923
    endloop
  endfacet
  facet normal 0.166121 0.373284 0.912723
    outer loop
      vertex 39.9854 40.5706 2.83923
      vertex 39.9854 40.3211 2.94127
      vertex 40.1 40.5196 2.83923
    endloop
  endfacet
  facet normal 0.584361 0.804785 0.104125
    outer loop
      vertex 40.603 40.8918 1.8
      vertex 40.4 41.0392 1.8
      vertex 40.5854 40.8723 2.04949
    endloop
  endfacet
  facet normal 0.584554 0.804674 0.103907
    outer loop
      vertex 40.4 41.0392 1.8
      vertex 40.3869 41.0165 2.04949
      vertex 40.5854 40.8723 2.04949
    endloop
  endfacet
  facet normal 0.862423 0.0908212 0.497974
    outer loop
      vertex 40.8723 40.2279 2.28808
      vertex 40.7496 40.2018 2.50534
      vertex 40.8963 40 2.28808
    endloop
  endfacet
  facet normal 0.750953 0.433548 0.498102
    outer loop
      vertex 40.6869 40.6444 2.28808
      vertex 40.5854 40.5706 2.50534
      vertex 40.8015 40.4459 2.28808
    endloop
  endfacet
  facet normal 0.707256 0.636685 0.307281
    outer loop
      vertex 40.7496 40.6899 2.04949
      vertex 40.5854 40.8723 2.04949
      vertex 40.6869 40.6444 2.28808
    endloop
  endfacet
  facet normal 0.438345 0.394757 0.807478
    outer loop
      vertex 40.3373 40.5967 2.69177
      vertex 40.2854 40.3527 2.83923
      vertex 40.4496 40.472 2.69177
    endloop
  endfacet
  facet normal -0.743393 0.668855 0
    outer loop
      vertex 29.2292 40.7053 0
      vertex 29.397 40.8918 1.8
      vertex 29.397 40.8918 0
    endloop
  endfacet
  facet normal -0.743393 0.668855 0
    outer loop
      vertex 29.397 40.8918 1.8
      vertex 29.2292 40.7053 0
      vertex 29.2292 40.7053 1.8
    endloop
  endfacet
  facet normal 0.0434137 0.204395 0.977925
    outer loop
      vertex 39.8388 40.3688 2.94127
      vertex 39.8131 40.1247 2.99343
      vertex 39.9146 40.3527 2.94127
    endloop
  endfacet
  facet normal 0.180998 0.104505 0.977915
    outer loop
      vertex 40.1 40.218 2.94127
      vertex 39.9015 40.0737 2.99343
      vertex 40.1388 40.1508 2.94127
    endloop
  endfacet
  facet normal 0.346779 -0.477129 0.807523
    outer loop
      vertex 40.3373 39.4033 2.69177
      vertex 40.1 39.4804 2.83923
      vertex 40.2015 39.3046 2.69177
    endloop
  endfacet
  facet normal 0.0854208 0.1908 0.977905
    outer loop
      vertex 39.9146 40.3527 2.94127
      vertex 39.8388 40.1193 2.99343
      vertex 39.8627 40.1086 2.99343
    endloop
  endfacet
  facet normal 0.0854208 -0.1908 0.977905
    outer loop
      vertex 39.8627 39.8914 2.99343
      vertex 39.8388 39.8807 2.99343
      vertex 39.9146 39.6473 2.94127
    endloop
  endfacet
  facet normal 0.0851828 0.190853 0.977916
    outer loop
      vertex 39.9146 40.3527 2.94127
      vertex 39.8627 40.1086 2.99343
      vertex 39.9854 40.3211 2.94127
    endloop
  endfacet
  facet normal 0.122754 0.169158 0.977915
    outer loop
      vertex 39.9854 40.3211 2.94127
      vertex 39.8627 40.1086 2.99343
      vertex 40.0481 40.2756 2.94127
    endloop
  endfacet
  facet normal -0.154893 0.728751 0.667031
    outer loop
      vertex 30.0985 40.9655 2.50534
      vertex 29.9519 40.7637 2.69177
      vertex 30.1161 40.7986 2.69177
    endloop
  endfacet
  facet normal -0.644663 0.580154 0.497826
    outer loop
      vertex 29.4665 40.8147 2.28808
      vertex 29.4146 40.5706 2.50534
      vertex 29.5504 40.7215 2.50534
    endloop
  endfacet
  facet normal -0.509766 0.701638 0.497838
    outer loop
      vertex 29.6519 40.9494 2.28808
      vertex 29.4665 40.8147 2.28808
      vertex 29.7146 40.8408 2.50534
    endloop
  endfacet
  facet normal 0 0.745054 0.667004
    outer loop
      vertex 39.9015 40.9655 2.50534
      vertex 37.884 40.7986 2.69177
      vertex 39.8839 40.7986 2.69177
    endloop
  endfacet
  facet normal 1.96158e-05 0.744949 0.667122
    outer loop
      vertex 37.884 40.7986 2.69177
      vertex 39.9015 40.9655 2.50534
      vertex 37.8532 40.9271 2.54828
    endloop
  endfacet
  facet normal 0 0.745414 0.666602
    outer loop
      vertex 37.8532 40.9271 2.54828
      vertex 39.9015 40.9655 2.50534
      vertex 37.8372 40.9655 2.50534
    endloop
  endfacet
  facet normal -1.96158e-05 0.744949 0.667122
    outer loop
      vertex 30.0985 40.9655 2.50534
      vertex 32.116 40.7986 2.69177
      vertex 32.1468 40.9271 2.54828
    endloop
  endfacet
  facet normal -0 0.745414 0.666602
    outer loop
      vertex 30.0985 40.9655 2.50534
      vertex 32.1468 40.9271 2.54828
      vertex 32.1628 40.9655 2.50534
    endloop
  endfacet
  facet normal 0 0.745054 0.667004
    outer loop
      vertex 32.116 40.7986 2.69177
      vertex 30.0985 40.9655 2.50534
      vertex 30.1161 40.7986 2.69177
    endloop
  endfacet
  facet normal 0.206547 0.972873 0.104192
    outer loop
      vertex 40.1708 41.1413 1.8
      vertex 39.9254 41.1934 1.8
      vertex 40.1627 41.1163 2.04949
    endloop
  endfacet
  facet normal 0.239794 0.538831 0.807564
    outer loop
      vertex 40.0481 40.7637 2.69177
      vertex 39.9854 40.5706 2.83923
      vertex 40.1 40.5196 2.83923
    endloop
  endfacet
  facet normal 0.43785 0.60264 0.667167
    outer loop
      vertex 40.4496 40.7215 2.50534
      vertex 40.2854 40.8408 2.50534
      vertex 40.3373 40.5967 2.69177
    endloop
  endfacet
  facet normal 0.707003 0.636842 0.307538
    outer loop
      vertex 40.5854 40.8723 2.04949
      vertex 40.5335 40.8147 2.28808
      vertex 40.6869 40.6444 2.28808
    endloop
  endfacet
  facet normal 0.559257 0.76985 0.30751
    outer loop
      vertex 40.5854 40.8723 2.04949
      vertex 40.3869 41.0165 2.04949
      vertex 40.5335 40.8147 2.28808
    endloop
  endfacet
  facet normal 0.155122 0.140008 0.977924
    outer loop
      vertex 40.0481 40.2756 2.94127
      vertex 39.8839 40.0932 2.99343
      vertex 39.9015 40.0737 2.99343
    endloop
  endfacet
  facet normal 0.406345 -0.0426874 0.912722
    outer loop
      vertex 40.4 40 2.83923
      vertex 40.1708 40 2.94127
      vertex 40.3869 39.8753 2.83923
    endloop
  endfacet
  facet normal 0.645322 0.37237 0.667008
    outer loop
      vertex 40.5854 40.5706 2.50534
      vertex 40.4496 40.472 2.69177
      vertex 40.5335 40.3266 2.69177
    endloop
  endfacet
  facet normal 0.708388 0.230215 0.667223
    outer loop
      vertex 40.6869 40.3949 2.50534
      vertex 40.5335 40.3266 2.69177
      vertex 40.5854 40.1669 2.69177
    endloop
  endfacet
  facet normal 0.82478 0.267864 0.497983
    outer loop
      vertex 40.8015 40.4459 2.28808
      vertex 40.7496 40.2018 2.50534
      vertex 40.8723 40.2279 2.28808
    endloop
  endfacet
  facet normal 0.510943 0.294829 0.807473
    outer loop
      vertex 40.4496 40.472 2.69177
      vertex 40.2854 40.3527 2.83923
      vertex 40.5335 40.3266 2.69177
    endloop
  endfacet
  facet normal 0.561062 -0.182336 0.807442
    outer loop
      vertex 40.5854 39.8331 2.69177
      vertex 40.3869 39.8753 2.83923
      vertex 40.5335 39.6734 2.69177
    endloop
  endfacet
  facet normal 0.824095 0.475842 0.307312
    outer loop
      vertex 40.7496 40.6899 2.04949
      vertex 40.6869 40.6444 2.28808
      vertex 40.8723 40.4774 2.04949
    endloop
  endfacet
  facet normal 0.945926 0.307203 0.10417
    outer loop
      vertex 40.8963 40.4881 1.8
      vertex 40.8723 40.4774 2.04949
      vertex 40.9481 40.244 2.04949
    endloop
  endfacet
  facet normal 0.86129 0.497319 0.104182
    outer loop
      vertex 40.8963 40.4881 1.8
      vertex 40.7496 40.6899 2.04949
      vertex 40.8723 40.4774 2.04949
    endloop
  endfacet
  facet normal 0.861168 0.49759 0.103891
    outer loop
      vertex 40.7708 40.7053 1.8
      vertex 40.7496 40.6899 2.04949
      vertex 40.8963 40.4881 1.8
    endloop
  endfacet
  facet normal -0.0429859 0.204581 0.977905
    outer loop
      vertex 30.1869 40.1247 2.99343
      vertex 30.0854 40.3527 2.94127
      vertex 30.1612 40.1193 2.99343
    endloop
  endfacet
  facet normal 0.90509 -0.293994 0.307213
    outer loop
      vertex 40.8723 39.7721 2.28808
      vertex 40.8723 39.7556 2.27229
      vertex 40.8829 39.7698 2.25465
    endloop
  endfacet
  facet normal 0.946353 0.0996599 0.307381
    outer loop
      vertex 40.9481 40.244 2.04949
      vertex 40.8723 40.2279 2.28808
      vertex 40.8963 40 2.28808
    endloop
  endfacet
  facet normal -0.207857 -0.0218371 0.977915
    outer loop
      vertex 30.0746 40 2.99343
      vertex 29.8292 40 2.94127
      vertex 29.8373 39.9229 2.94127
    endloop
  endfacet
  facet normal -0.645226 -0.372314 0.667133
    outer loop
      vertex 29.4149 39.4309 2.50653
      vertex 29.5504 39.528 2.69177
      vertex 29.4665 39.6734 2.69177
    endloop
  endfacet
  facet normal -0.642015 -0.377328 0.667413
    outer loop
      vertex 29.5504 39.528 2.69177
      vertex 29.4149 39.4309 2.50653
      vertex 29.4158 39.4302 2.507
    endloop
  endfacet
  facet normal -0.197788 0.930768 0.307491
    outer loop
      vertex 30.0773 41.1673 2.04949
      vertex 29.8373 41.1163 2.04949
      vertex 30.0854 41.0902 2.28808
    endloop
  endfacet
  facet normal -0.951087 0.308924 0
    outer loop
      vertex 29.0262 40.2495 0
      vertex 29.1037 40.4881 1.8
      vertex 29.1037 40.4881 0
    endloop
  endfacet
  facet normal -0.951087 0.308924 0
    outer loop
      vertex 29.1037 40.4881 1.8
      vertex 29.0262 40.2495 0
      vertex 29.0262 40.2495 1.8
    endloop
  endfacet
  facet normal -0.122824 0.169082 0.977919
    outer loop
      vertex 30.1373 40.1086 2.99343
      vertex 29.9519 40.2756 2.94127
      vertex 30.1161 40.0932 2.99343
    endloop
  endfacet
  facet normal 0.207959 -0.021513 0.977901
    outer loop
      vertex 39.9254 40 2.99343
      vertex 39.9227 39.9739 2.99343
      vertex 40.1627 39.9229 2.94127
    endloop
  endfacet
  facet normal 0.166593 0.373253 0.912649
    outer loop
      vertex 39.9854 40.5706 2.83923
      vertex 39.9146 40.3527 2.94127
      vertex 39.9854 40.3211 2.94127
    endloop
  endfacet
  facet normal 0.0849174 0.399797 0.912662
    outer loop
      vertex 39.9854 40.5706 2.83923
      vertex 39.8388 40.3688 2.94127
      vertex 39.9146 40.3527 2.94127
    endloop
  endfacet
  facet normal -0.388802 -0.126084 0.912653
    outer loop
      vertex 29.8373 39.9229 2.94127
      vertex 29.6519 39.756 2.83923
      vertex 29.8612 39.8492 2.94127
    endloop
  endfacet
  facet normal -0.553773 -0.498371 0.667055
    outer loop
      vertex 29.6627 39.4033 2.69177
      vertex 29.4214 39.4271 2.50923
      vertex 29.583 39.3147 2.55941
    endloop
  endfacet
  facet normal -0.543262 -0.533042 0.648639
    outer loop
      vertex 29.4214 39.4271 2.50923
      vertex 29.6627 39.4033 2.69177
      vertex 29.4179 39.429 2.50786
    endloop
  endfacet
  facet normal -0.740882 0.077833 0.66711
    outer loop
      vertex 29.2504 40.2018 2.50534
      vertex 29.2292 40 2.50534
      vertex 29.4146 40.1669 2.69177
    endloop
  endfacet
  facet normal -0.404712 0.908521 0.103913
    outer loop
      vertex 29.8292 41.1413 1.8
      vertex 29.6 41.0392 1.8
      vertex 29.6131 41.0165 2.04949
    endloop
  endfacet
  facet normal 0.180352 0.848337 0.497792
    outer loop
      vertex 39.9146 41.0902 2.28808
      vertex 39.9015 40.9655 2.50534
      vertex 40.1 40.9233 2.50534
    endloop
  endfacet
  facet normal 0 0.994573 0.104046
    outer loop
      vertex 39.9254 41.1934 1.8
      vertex 37.7536 41.1673 2.04949
      vertex 39.9227 41.1673 2.04949
    endloop
  endfacet
  facet normal 0 0.994573 0.104046
    outer loop
      vertex 37.7536 41.1673 2.04949
      vertex 39.9254 41.1934 1.8
      vertex 37.7428 41.1934 1.8
    endloop
  endfacet
  facet normal -0 0.994573 0.104046
    outer loop
      vertex 30.0746 41.1934 1.8
      vertex 32.2464 41.1673 2.04949
      vertex 32.2572 41.1934 1.8
    endloop
  endfacet
  facet normal 0 0.994573 0.104046
    outer loop
      vertex 32.2464 41.1673 2.04949
      vertex 30.0746 41.1934 1.8
      vertex 30.0773 41.1673 2.04949
    endloop
  endfacet
  facet normal 0.303004 0.680538 0.667126
    outer loop
      vertex 40.2854 40.8408 2.50534
      vertex 40.0481 40.7637 2.69177
      vertex 40.2015 40.6954 2.69177
    endloop
  endfacet
  facet normal 0.352549 0.792274 0.498008
    outer loop
      vertex 40.1388 41.0426 2.28808
      vertex 40.1 40.9233 2.50534
      vertex 40.2854 40.8408 2.50534
    endloop
  endfacet
  facet normal 0.197788 0.930768 0.307491
    outer loop
      vertex 39.9227 41.1673 2.04949
      vertex 39.9146 41.0902 2.28808
      vertex 40.1627 41.1163 2.04949
    endloop
  endfacet
  facet normal 0.30289 0.680675 0.667037
    outer loop
      vertex 40.1 40.9233 2.50534
      vertex 40.0481 40.7637 2.69177
      vertex 40.2854 40.8408 2.50534
    endloop
  endfacet
  facet normal 0.198735 0.0646486 0.977919
    outer loop
      vertex 40.1388 40.1508 2.94127
      vertex 39.9146 40.051 2.99343
      vertex 39.9227 40.0261 2.99343
    endloop
  endfacet
  facet normal 0.207959 0.021513 0.977901
    outer loop
      vertex 40.1627 40.0771 2.94127
      vertex 39.9227 40.0261 2.99343
      vertex 39.9254 40 2.99343
    endloop
  endfacet
  facet normal -0 0.208965 0.977923
    outer loop
      vertex 37.971 40.3688 2.94127
      vertex 39.8131 40.1247 2.99343
      vertex 39.8388 40.3688 2.94127
    endloop
  endfacet
  facet normal 0 0.208965 0.977923
    outer loop
      vertex 39.8131 40.1247 2.99343
      vertex 37.971 40.3688 2.94127
      vertex 37.9902 40.1247 2.99343
    endloop
  endfacet
  facet normal 0 0.208965 0.977923
    outer loop
      vertex 32.029 40.3688 2.94127
      vertex 30.1869 40.1247 2.99343
      vertex 32.0098 40.1247 2.99343
    endloop
  endfacet
  facet normal 0 0.208965 0.977923
    outer loop
      vertex 30.1869 40.1247 2.99343
      vertex 32.029 40.3688 2.94127
      vertex 30.1612 40.3688 2.94127
    endloop
  endfacet
  facet normal 0.989119 0.104182 0.103872
    outer loop
      vertex 41 40 1.8
      vertex 40.9481 40.244 2.04949
      vertex 40.9738 40 2.04949
    endloop
  endfacet
  facet normal 0.740882 0.077833 0.66711
    outer loop
      vertex 40.7496 40.2018 2.50534
      vertex 40.5854 40.1669 2.69177
      vertex 40.7708 40 2.50534
    endloop
  endfacet
  facet normal 0.644271 0.580335 0.498123
    outer loop
      vertex 40.6869 40.6444 2.28808
      vertex 40.5335 40.8147 2.28808
      vertex 40.5854 40.5706 2.50534
    endloop
  endfacet
  facet normal 0.644663 0.580154 0.497826
    outer loop
      vertex 40.5335 40.8147 2.28808
      vertex 40.4496 40.7215 2.50534
      vertex 40.5854 40.5706 2.50534
    endloop
  endfacet
  facet normal 0.346779 0.477129 0.807523
    outer loop
      vertex 40.2015 40.6954 2.69177
      vertex 40.1 40.5196 2.83923
      vertex 40.3373 40.5967 2.69177
    endloop
  endfacet
  facet normal 0.43846 0.394708 0.807439
    outer loop
      vertex 40.3373 40.5967 2.69177
      vertex 40.2015 40.4459 2.83923
      vertex 40.2854 40.3527 2.83923
    endloop
  endfacet
  facet normal 0.198735 -0.0646486 0.977919
    outer loop
      vertex 39.9227 39.9739 2.99343
      vertex 39.9146 39.949 2.99343
      vertex 40.1388 39.8492 2.94127
    endloop
  endfacet
  facet normal 0.388802 0.126084 0.912653
    outer loop
      vertex 40.3481 40.244 2.83923
      vertex 40.1388 40.1508 2.94127
      vertex 40.1627 40.0771 2.94127
    endloop
  endfacet
  facet normal -0.155266 -0.139901 0.977916
    outer loop
      vertex 30.0985 39.9263 2.99343
      vertex 29.9 39.782 2.94127
      vertex 29.9519 39.7244 2.94127
    endloop
  endfacet
  facet normal 0.945908 0.307242 0.104211
    outer loop
      vertex 40.9738 40.2495 1.8
      vertex 40.8963 40.4881 1.8
      vertex 40.9481 40.244 2.04949
    endloop
  endfacet
  facet normal -0.587555 0.809184 0
    outer loop
      vertex 29.6 41.0392 0
      vertex 29.397 40.8918 1.8
      vertex 29.6 41.0392 1.8
    endloop
  endfacet
  facet normal -0.587555 0.809184 0
    outer loop
      vertex 29.397 40.8918 1.8
      vertex 29.6 41.0392 0
      vertex 29.397 40.8918 0
    endloop
  endfacet
  facet normal 0 0 -1
    outer loop
      vertex 67 0 0
      vertex 70 3 0
      vertex 69.9631 2.5307 0
    endloop
  endfacet
  facet normal 0 0 -1
    outer loop
      vertex 70 3 0
      vertex 41 40 0
      vertex 70 37 0
    endloop
  endfacet
  facet normal 0 0 -1
    outer loop
      vertex 67 0 0
      vertex 69.9631 2.5307 0
      vertex 69.8532 2.07295 0
    endloop
  endfacet
  facet normal -0 0 -1
    outer loop
      vertex 70 3 0
      vertex 67 0 0
      vertex 41 40 0
    endloop
  endfacet
  facet normal 0 0 -1
    outer loop
      vertex 67 0 0
      vertex 69.8532 2.07295 0
      vertex 69.673 1.63803 0
    endloop
  endfacet
  facet normal -0 -0 -1
    outer loop
      vertex 67 40 0
      vertex 70 37 0
      vertex 41 40 0
    endloop
  endfacet
  facet normal 0 0 -1
    outer loop
      vertex 67 0 0
      vertex 69.673 1.63803 0
      vertex 69.427 1.23664 0
    endloop
  endfacet
  facet normal 0 0 -1
    outer loop
      vertex 69.9631 37.4693 0
      vertex 67 40 0
      vertex 69.8532 37.9271 0
    endloop
  endfacet
  facet normal 0 0 -1
    outer loop
      vertex 67 0 0
      vertex 69.427 1.23664 0
      vertex 69.1213 0.878679 0
    endloop
  endfacet
  facet normal 0 0 -1
    outer loop
      vertex 69.8532 37.9271 0
      vertex 67 40 0
      vertex 69.673 38.362 0
    endloop
  endfacet
  facet normal 0 0 -1
    outer loop
      vertex 67 0 0
      vertex 69.1213 0.878679 0
      vertex 68.7634 0.572948 0
    endloop
  endfacet
  facet normal 0 0 -1
    outer loop
      vertex 69.673 38.362 0
      vertex 67 40 0
      vertex 69.427 38.7634 0
    endloop
  endfacet
  facet normal 0 0 -1
    outer loop
      vertex 67 0 0
      vertex 68.7634 0.572948 0
      vertex 68.362 0.32698 0
    endloop
  endfacet
  facet normal 0 0 -1
    outer loop
      vertex 69.427 38.7634 0
      vertex 67 40 0
      vertex 69.1213 39.1213 0
    endloop
  endfacet
  facet normal 0 0 -1
    outer loop
      vertex 67 0 0
      vertex 68.362 0.32698 0
      vertex 67.927 0.14683 0
    endloop
  endfacet
  facet normal 0 0 -1
    outer loop
      vertex 69.1213 39.1213 0
      vertex 67 40 0
      vertex 68.7634 39.4271 0
    endloop
  endfacet
  facet normal 0 0 -1
    outer loop
      vertex 67 0 0
      vertex 67.927 0.14683 0
      vertex 67.4693 0.0369349 0
    endloop
  endfacet
  facet normal 0 0 -1
    outer loop
      vertex 68.7634 39.4271 0
      vertex 67 40 0
      vertex 68.362 39.673 0
    endloop
  endfacet
  facet normal 0 0 -1
    outer loop
      vertex 68.362 39.673 0
      vertex 67 40 0
      vertex 67.927 39.8532 0
    endloop
  endfacet
  facet normal 0 0 -1
    outer loop
      vertex 67.927 39.8532 0
      vertex 67 40 0
      vertex 67.4693 39.9631 0
    endloop
  endfacet
  facet normal 0 0 -1
    outer loop
      vertex 70 37 0
      vertex 67 40 0
      vertex 69.9631 37.4693 0
    endloop
  endfacet
  facet normal 0 0 -1
    outer loop
      vertex 41 40 0
      vertex 40.8963 40.4881 0
      vertex 40.9738 40.2495 0
    endloop
  endfacet
  facet normal 0 0 -1
    outer loop
      vertex 41 40 0
      vertex 40.7708 40.7053 0
      vertex 40.8963 40.4881 0
    endloop
  endfacet
  facet normal 0 0 -1
    outer loop
      vertex 41 40 0
      vertex 40.603 40.8918 0
      vertex 40.7708 40.7053 0
    endloop
  endfacet
  facet normal 0 0 -1
    outer loop
      vertex 41 40 0
      vertex 40.4 41.0392 0
      vertex 40.603 40.8918 0
    endloop
  endfacet
  facet normal 0 0 -1
    outer loop
      vertex 41 40 0
      vertex 40.1708 41.1413 0
      vertex 40.4 41.0392 0
    endloop
  endfacet
  facet normal 0 0 -1
    outer loop
      vertex 38 40 0
      vertex 41 40 0
      vertex 67 0 0
    endloop
  endfacet
  facet normal 0 -0 -1
    outer loop
      vertex 39.9254 41.1934 0
      vertex 41 40 0
      vertex 38 40 0
    endloop
  endfacet
  facet normal 0 0 -1
    outer loop
      vertex 41 40 0
      vertex 39.9254 41.1934 0
      vertex 40.1708 41.1413 0
    endloop
  endfacet
  facet normal 0 0 -1
    outer loop
      vertex 67 0 0
      vertex 32 40 0
      vertex 38 40 0
    endloop
  endfacet
  facet normal 0 0 -1
    outer loop
      vertex 3 0 0
      vertex 32 40 0
      vertex 67 0 0
    endloop
  endfacet
  facet normal 0 0 -1
    outer loop
      vertex 32 40 0
      vertex 29 40 0
      vertex 30.0746 41.1934 0
    endloop
  endfacet
  facet normal 0 0 -1
    outer loop
      vertex 30.0746 41.1934 0
      vertex 29 40 0
      vertex 29.8292 41.1413 0
    endloop
  endfacet
  facet normal 0 0 -1
    outer loop
      vertex 29.8292 41.1413 0
      vertex 29 40 0
      vertex 29.6 41.0392 0
    endloop
  endfacet
  facet normal 0 0 -1
    outer loop
      vertex 29.6 41.0392 0
      vertex 29 40 0
      vertex 29.397 40.8918 0
    endloop
  endfacet
  facet normal 0 0 -1
    outer loop
      vertex 29.397 40.8918 0
      vertex 29 40 0
      vertex 29.2292 40.7053 0
    endloop
  endfacet
  facet normal 0 0 -1
    outer loop
      vertex 29.2292 40.7053 0
      vertex 29 40 0
      vertex 29.1037 40.4881 0
    endloop
  endfacet
  facet normal 0 0 -1
    outer loop
      vertex 29.1037 40.4881 0
      vertex 29 40 0
      vertex 29.0262 40.2495 0
    endloop
  endfacet
  facet normal -0 0 -1
    outer loop
      vertex 32 40 0
      vertex 3 0 0
      vertex 29 40 0
    endloop
  endfacet
  facet normal 0 0 -1
    outer loop
      vertex 0 3 0
      vertex 29 40 0
      vertex 3 0 0
    endloop
  endfacet
  facet normal 0 0 -1
    outer loop
      vertex 0 3 0
      vertex 3 0 0
      vertex 2.5307 0.0369349 0
    endloop
  endfacet
  facet normal 0 0 -1
    outer loop
      vertex 0 37 0
      vertex 29 40 0
      vertex 0 3 0
    endloop
  endfacet
  facet normal 0 0 -1
    outer loop
      vertex 0 3 0
      vertex 2.5307 0.0369349 0
      vertex 2.07295 0.14683 0
    endloop
  endfacet
  facet normal -0 0 -1
    outer loop
      vertex 29 40 0
      vertex 0 37 0
      vertex 3 40 0
    endloop
  endfacet
  facet normal 0 0 -1
    outer loop
      vertex 0 3 0
      vertex 2.07295 0.14683 0
      vertex 1.63803 0.32698 0
    endloop
  endfacet
  facet normal 0 0 -1
    outer loop
      vertex 3 40 0
      vertex 0 37 0
      vertex 2.5307 39.9631 0
    endloop
  endfacet
  facet normal 0 0 -1
    outer loop
      vertex 0 3 0
      vertex 1.63803 0.32698 0
      vertex 1.23664 0.572948 0
    endloop
  endfacet
  facet normal 0 0 -1
    outer loop
      vertex 2.5307 39.9631 0
      vertex 0 37 0
      vertex 2.07295 39.8532 0
    endloop
  endfacet
  facet normal 0 0 -1
    outer loop
      vertex 0 3 0
      vertex 1.23664 0.572948 0
      vertex 0.878679 0.878679 0
    endloop
  endfacet
  facet normal 0 0 -1
    outer loop
      vertex 2.07295 39.8532 0
      vertex 0 37 0
      vertex 1.63803 39.673 0
    endloop
  endfacet
  facet normal 0 0 -1
    outer loop
      vertex 0 3 0
      vertex 0.878679 0.878679 0
      vertex 0.572948 1.23664 0
    endloop
  endfacet
  facet normal 0 0 -1
    outer loop
      vertex 1.63803 39.673 0
      vertex 0 37 0
      vertex 1.23664 39.4271 0
    endloop
  endfacet
  facet normal 0 0 -1
    outer loop
      vertex 0 3 0
      vertex 0.572948 1.23664 0
      vertex 0.32698 1.63803 0
    endloop
  endfacet
  facet normal 0 0 -1
    outer loop
      vertex 1.23664 39.4271 0
      vertex 0 37 0
      vertex 0.878679 39.1213 0
    endloop
  endfacet
  facet normal 0 0 -1
    outer loop
      vertex 0 3 0
      vertex 0.32698 1.63803 0
      vertex 0.14683 2.07295 0
    endloop
  endfacet
  facet normal 0 0 -1
    outer loop
      vertex 0.878679 39.1213 0
      vertex 0 37 0
      vertex 0.572948 38.7634 0
    endloop
  endfacet
  facet normal 0 0 -1
    outer loop
      vertex 0 3 0
      vertex 0.14683 2.07295 0
      vertex 0.0369349 2.5307 0
    endloop
  endfacet
  facet normal 0 0 -1
    outer loop
      vertex 0.572948 38.7634 0
      vertex 0 37 0
      vertex 0.32698 38.362 0
    endloop
  endfacet
  facet normal 0 0 -1
    outer loop
      vertex 0.32698 38.362 0
      vertex 0 37 0
      vertex 0.14683 37.9271 0
    endloop
  endfacet
  facet normal 0 0 -1
    outer loop
      vertex 0.14683 37.9271 0
      vertex 0 37 0
      vertex 0.0369349 37.4693 0
    endloop
  endfacet
  facet normal 0 0 -1
    outer loop
      vertex 37.9631 40.4693 0
      vertex 39.9254 41.1934 0
      vertex 38 40 0
    endloop
  endfacet
  facet normal 0 0 -1
    outer loop
      vertex 37.8532 40.9271 0
      vertex 39.9254 41.1934 0
      vertex 37.9631 40.4693 0
    endloop
  endfacet
  facet normal -0 0 -1
    outer loop
      vertex 39.9254 41.1934 0
      vertex 37.8532 40.9271 0
      vertex 37.7428 41.1934 0
    endloop
  endfacet
  facet normal 0 0 -1
    outer loop
      vertex 32.1468 40.9271 0
      vertex 30.0746 41.1934 0
      vertex 32.2572 41.1934 0
    endloop
  endfacet
  facet normal 0 0 -1
    outer loop
      vertex 32.0369 40.4693 0
      vertex 30.0746 41.1934 0
      vertex 32.1468 40.9271 0
    endloop
  endfacet
  facet normal 0 0 -1
    outer loop
      vertex 30.0746 41.1934 0
      vertex 32.0369 40.4693 0
      vertex 32 40 0
    endloop
  endfacet
  facet normal 0.438063 -0.602725 0.666951
    outer loop
      vertex 40.2015 39.3046 2.69177
      vertex 40.3071 39.2613 2.58328
      vertex 40.3373 39.4033 2.69177
    endloop
  endfacet
  facet normal 0.438131 -0.60264 0.666983
    outer loop
      vertex 40.3071 39.2613 2.58328
      vertex 40.2015 39.3046 2.69177
      vertex 40.2442 39.2307 2.59695
    endloop
  endfacet
  facet normal -0.122622 -0.576922 0.807542
    outer loop
      vertex 30.1373 39.4033 2.83923
      vertex 29.9519 39.2363 2.69177
      vertex 30.1161 39.2014 2.69177
    endloop
  endfacet
  facet normal -0.994532 0.104436 0
    outer loop
      vertex 29 40 0
      vertex 29.0262 40.2495 1.8
      vertex 29.0262 40.2495 0
    endloop
  endfacet
  facet normal -0.994532 0.104436 0
    outer loop
      vertex 29.0262 40.2495 1.8
      vertex 29 40 0
      vertex 29 40 1.8
    endloop
  endfacet
  facet normal 0.346636 -0.477389 0.80743
    outer loop
      vertex 40.2015 39.5541 2.83923
      vertex 40.1 39.4804 2.83923
      vertex 40.3373 39.4033 2.69177
    endloop
  endfacet
  facet normal -0.989119 0.104182 0.103872
    outer loop
      vertex 29.0519 40.244 2.04949
      vertex 29 40 1.8
      vertex 29.0262 40 2.04949
    endloop
  endfacet
  facet normal -0.586586 0.0618569 0.807521
    outer loop
      vertex 29.4146 40.1669 2.69177
      vertex 29.397 40 2.69177
      vertex 29.6 40 2.83923
    endloop
  endfacet
  facet normal -0.388571 -0.126375 0.912711
    outer loop
      vertex 29.8373 39.9229 2.94127
      vertex 29.6131 39.8753 2.83923
      vertex 29.6519 39.756 2.83923
    endloop
  endfacet
  facet normal -0.406915 0.913466 0
    outer loop
      vertex 29.8292 41.1413 0
      vertex 29.6 41.0392 1.8
      vertex 29.8292 41.1413 1.8
    endloop
  endfacet
  facet normal -0.406915 0.913466 0
    outer loop
      vertex 29.6 41.0392 1.8
      vertex 29.8292 41.1413 0
      vertex 29.6 41.0392 0
    endloop
  endfacet
  facet normal -0.207678 0.978197 0
    outer loop
      vertex 30.0746 41.1934 0
      vertex 29.8292 41.1413 1.8
      vertex 30.0746 41.1934 1.8
    endloop
  endfacet
  facet normal -0.207678 0.978197 0
    outer loop
      vertex 29.8292 41.1413 1.8
      vertex 30.0746 41.1934 0
      vertex 29.8292 41.1413 0
    endloop
  endfacet
  facet normal 0.181012 0.104461 0.977917
    outer loop
      vertex 40.1388 40.1508 2.94127
      vertex 39.9015 40.0737 2.99343
      vertex 39.9146 40.051 2.99343
    endloop
  endfacet
  facet normal -0.155266 0.139901 0.977916
    outer loop
      vertex 29.9519 40.2756 2.94127
      vertex 29.9 40.218 2.94127
      vertex 30.0985 40.0737 2.99343
    endloop
  endfacet
  facet normal -0.239794 0.538831 0.807564
    outer loop
      vertex 29.9519 40.7637 2.69177
      vertex 29.9 40.5196 2.83923
      vertex 30.0146 40.5706 2.83923
    endloop
  endfacet
  facet normal -0.303135 -0.680833 0.666765
    outer loop
      vertex 29.7985 39.3046 2.69177
      vertex 29.8473 39.2024 2.6096
      vertex 29.9519 39.2363 2.69177
    endloop
  endfacet
  facet normal -0.302775 -0.68081 0.666952
    outer loop
      vertex 29.8473 39.2024 2.6096
      vertex 29.7985 39.3046 2.69177
      vertex 29.7558 39.2307 2.59695
    endloop
  endfacet
  facet normal -0.122706 -0.576858 0.807575
    outer loop
      vertex 30.0146 39.4294 2.83923
      vertex 29.9519 39.2363 2.69177
      vertex 30.1373 39.4033 2.83923
    endloop
  endfacet
  facet normal -0.155122 0.140008 0.977924
    outer loop
      vertex 30.1161 40.0932 2.99343
      vertex 29.9519 40.2756 2.94127
      vertex 30.0985 40.0737 2.99343
    endloop
  endfacet
  facet normal 0.951087 0.308924 0
    outer loop
      vertex 40.9738 40.2495 1.8
      vertex 40.8963 40.4881 0
      vertex 40.8963 40.4881 1.8
    endloop
  endfacet
  facet normal 0.951087 0.308924 0
    outer loop
      vertex 40.8963 40.4881 0
      vertex 40.9738 40.2495 1.8
      vertex 40.9738 40.2495 0
    endloop
  endfacet
  facet normal 0.994532 0.104436 0
    outer loop
      vertex 41 40 1.8
      vertex 40.9738 40.2495 0
      vertex 40.9738 40.2495 1.8
    endloop
  endfacet
  facet normal 0.994532 0.104436 0
    outer loop
      vertex 40.9738 40.2495 0
      vertex 41 40 1.8
      vertex 41 40 0
    endloop
  endfacet
  facet normal -0.586721 0.0616363 0.80744
    outer loop
      vertex 29.6131 40.1247 2.83923
      vertex 29.4146 40.1669 2.69177
      vertex 29.6 40 2.83923
    endloop
  endfacet
  facet normal -0.946313 -0.0997379 0.307481
    outer loop
      vertex 29.1171 39.7698 2.25465
      vertex 29.1037 40 2.28808
      vertex 29.0732 39.8563 2.1476
    endloop
  endfacet
  facet normal -0.946485 -0.0996738 0.30697
    outer loop
      vertex 29.1037 40 2.28808
      vertex 29.1171 39.7698 2.25465
      vertex 29.1277 39.7721 2.28808
    endloop
  endfacet
  facet normal -0.1801 0.848287 0.497968
    outer loop
      vertex 30.0854 41.0902 2.28808
      vertex 29.8612 41.0426 2.28808
      vertex 29.9 40.9233 2.50534
    endloop
  endfacet
  facet normal -0.584361 0.804785 0.104125
    outer loop
      vertex 29.6 41.0392 1.8
      vertex 29.397 40.8918 1.8
      vertex 29.4146 40.8723 2.04949
    endloop
  endfacet
  facet normal -0.945926 0.307203 0.10417
    outer loop
      vertex 29.1037 40.4881 1.8
      vertex 29.0519 40.244 2.04949
      vertex 29.1277 40.4774 2.04949
    endloop
  endfacet
  facet normal -0.206731 0.972853 0.104011
    outer loop
      vertex 30.0746 41.1934 1.8
      vertex 29.8373 41.1163 2.04949
      vertex 30.0773 41.1673 2.04949
    endloop
  endfacet
  facet normal -0.559311 0.769831 0.30746
    outer loop
      vertex 29.6131 41.0165 2.04949
      vertex 29.4665 40.8147 2.28808
      vertex 29.6519 40.9494 2.28808
    endloop
  endfacet
  facet normal 0 0.951551 0.307492
    outer loop
      vertex 39.9227 41.1673 2.04949
      vertex 37.7856 41.0902 2.28808
      vertex 39.9146 41.0902 2.28808
    endloop
  endfacet
  facet normal 0 0.951551 0.307492
    outer loop
      vertex 37.7856 41.0902 2.28808
      vertex 39.9227 41.1673 2.04949
      vertex 37.7536 41.1673 2.04949
    endloop
  endfacet
  facet normal -0 0.951551 0.307492
    outer loop
      vertex 30.0773 41.1673 2.04949
      vertex 32.2144 41.0902 2.28808
      vertex 32.2464 41.1673 2.04949
    endloop
  endfacet
  facet normal 0 0.951551 0.307492
    outer loop
      vertex 32.2144 41.0902 2.28808
      vertex 30.0773 41.1673 2.04949
      vertex 30.0854 41.0902 2.28808
    endloop
  endfacet
  facet normal 0.15493 0.72876 0.667012
    outer loop
      vertex 40.1 40.9233 2.50534
      vertex 39.9015 40.9655 2.50534
      vertex 40.0481 40.7637 2.69177
    endloop
  endfacet
  facet normal 0.154893 0.728751 0.667031
    outer loop
      vertex 39.9015 40.9655 2.50534
      vertex 39.8839 40.7986 2.69177
      vertex 40.0481 40.7637 2.69177
    endloop
  endfacet
  facet normal 0.553649 0.498595 0.66699
    outer loop
      vertex 40.5854 40.5706 2.50534
      vertex 40.3373 40.5967 2.69177
      vertex 40.4496 40.472 2.69177
    endloop
  endfacet
  facet normal 0.553727 0.498318 0.667133
    outer loop
      vertex 40.4496 40.7215 2.50534
      vertex 40.3373 40.5967 2.69177
      vertex 40.5854 40.5706 2.50534
    endloop
  endfacet
  facet normal -0.0434137 0.204395 0.977925
    outer loop
      vertex 30.1612 40.3688 2.94127
      vertex 30.0854 40.3527 2.94127
      vertex 30.1869 40.1247 2.99343
    endloop
  endfacet
  facet normal 0.122824 0.169082 0.977919
    outer loop
      vertex 40.0481 40.2756 2.94127
      vertex 39.8627 40.1086 2.99343
      vertex 39.8839 40.0932 2.99343
    endloop
  endfacet
  facet normal 0.35388 -0.204324 0.9127
    outer loop
      vertex 40.1388 39.8492 2.94127
      vertex 40.1 39.782 2.94127
      vertex 40.2854 39.6473 2.83923
    endloop
  endfacet
  facet normal 0.181012 -0.104461 0.977917
    outer loop
      vertex 39.9146 39.949 2.99343
      vertex 39.9015 39.9263 2.99343
      vertex 40.1388 39.8492 2.94127
    endloop
  endfacet
  facet normal -0.180998 -0.104505 0.977915
    outer loop
      vertex 30.0985 39.9263 2.99343
      vertex 29.8612 39.8492 2.94127
      vertex 29.9 39.782 2.94127
    endloop
  endfacet
  facet normal 0.905054 0.293935 0.307376
    outer loop
      vertex 40.8723 40.4774 2.04949
      vertex 40.8015 40.4459 2.28808
      vertex 40.8723 40.2279 2.28808
    endloop
  endfacet
  facet normal 0.82411 0.475783 0.307365
    outer loop
      vertex 40.8723 40.4774 2.04949
      vertex 40.6869 40.6444 2.28808
      vertex 40.8015 40.4459 2.28808
    endloop
  endfacet
  facet normal 0.750923 0.4338 0.497927
    outer loop
      vertex 40.8015 40.4459 2.28808
      vertex 40.5854 40.5706 2.50534
      vertex 40.6869 40.3949 2.50534
    endloop
  endfacet
  facet normal 0.64498 0.372598 0.667212
    outer loop
      vertex 40.5854 40.5706 2.50534
      vertex 40.5335 40.3266 2.69177
      vertex 40.6869 40.3949 2.50534
    endloop
  endfacet
  facet normal 0.0850276 -0.399728 0.912682
    outer loop
      vertex 39.9854 39.4294 2.83923
      vertex 39.8388 39.6312 2.94127
      vertex 39.8627 39.4033 2.83923
    endloop
  endfacet
  facet normal 0.303586 -0.273544 0.912693
    outer loop
      vertex 40.1 39.782 2.94127
      vertex 40.0481 39.7244 2.94127
      vertex 40.2854 39.6473 2.83923
    endloop
  endfacet
  facet normal 0.207857 0.0218371 0.977915
    outer loop
      vertex 40.1627 40.0771 2.94127
      vertex 39.9254 40 2.99343
      vertex 40.1708 40 2.94127
    endloop
  endfacet
  facet normal 0.207857 -0.0218371 0.977915
    outer loop
      vertex 40.1708 40 2.94127
      vertex 39.9254 40 2.99343
      vertex 40.1627 39.9229 2.94127
    endloop
  endfacet
  facet normal 0.406345 0.0426874 0.912722
    outer loop
      vertex 40.3869 40.1247 2.83923
      vertex 40.1708 40 2.94127
      vertex 40.4 40 2.83923
    endloop
  endfacet
  facet normal 0.586721 -0.0616363 0.80744
    outer loop
      vertex 40.4 40 2.83923
      vertex 40.3869 39.8753 2.83923
      vertex 40.5854 39.8331 2.69177
    endloop
  endfacet
  facet normal 0.354022 0.204206 0.912671
    outer loop
      vertex 40.2854 40.3527 2.83923
      vertex 40.1388 40.1508 2.94127
      vertex 40.3481 40.244 2.83923
    endloop
  endfacet
  facet normal 0.35388 0.204324 0.9127
    outer loop
      vertex 40.2854 40.3527 2.83923
      vertex 40.1 40.218 2.94127
      vertex 40.1388 40.1508 2.94127
    endloop
  endfacet
  facet normal 0.98912 0.103868 0.104179
    outer loop
      vertex 40.9738 40.2495 1.8
      vertex 40.9481 40.244 2.04949
      vertex 41 40 1.8
    endloop
  endfacet
  facet normal 0.43846 -0.394708 0.807439
    outer loop
      vertex 40.2854 39.6473 2.83923
      vertex 40.2015 39.5541 2.83923
      vertex 40.3373 39.4033 2.69177
    endloop
  endfacet
  facet normal 0.155183 -0.728609 0.667119
    outer loop
      vertex 39.9965 39.1653 2.62615
      vertex 39.8839 39.2014 2.69177
      vertex 39.8894 39.1491 2.63337
    endloop
  endfacet
  facet normal 0.154927 -0.728912 0.666847
    outer loop
      vertex 39.8839 39.2014 2.69177
      vertex 39.9965 39.1653 2.62615
      vertex 40.0481 39.2363 2.69177
    endloop
  endfacet
  facet normal 0.122706 -0.576858 0.807575
    outer loop
      vertex 39.9854 39.4294 2.83923
      vertex 39.8627 39.4033 2.83923
      vertex 40.0481 39.2363 2.69177
    endloop
  endfacet
  facet normal 0.122622 -0.576922 0.807542
    outer loop
      vertex 40.0481 39.2363 2.69177
      vertex 39.8627 39.4033 2.83923
      vertex 39.8839 39.2014 2.69177
    endloop
  endfacet
  facet normal 0.154496 -0.728802 0.667067
    outer loop
      vertex 40.0481 39.2363 2.69177
      vertex 39.9965 39.1653 2.62615
      vertex 40.0677 39.176 2.62135
    endloop
  endfacet
  facet normal -0.438131 -0.60264 0.666983
    outer loop
      vertex 29.7985 39.3046 2.69177
      vertex 29.6929 39.2613 2.58328
      vertex 29.7558 39.2307 2.59695
    endloop
  endfacet
  facet normal -0.438063 -0.602725 0.666951
    outer loop
      vertex 29.6929 39.2613 2.58328
      vertex 29.7985 39.3046 2.69177
      vertex 29.6627 39.4033 2.69177
    endloop
  endfacet
  facet normal -0.98912 0.103868 0.104179
    outer loop
      vertex 29.0262 40.2495 1.8
      vertex 29 40 1.8
      vertex 29.0519 40.244 2.04949
    endloop
  endfacet
  facet normal -0.740996 0.0781398 0.666948
    outer loop
      vertex 29.4146 40.1669 2.69177
      vertex 29.2292 40 2.50534
      vertex 29.397 40 2.69177
    endloop
  endfacet
  facet normal -0.862353 -0.090594 0.498137
    outer loop
      vertex 29.2292 40 2.50534
      vertex 29.1037 40 2.28808
      vertex 29.2504 39.7982 2.50534
    endloop
  endfacet
  facet normal -0.905387 -0.293556 0.306755
    outer loop
      vertex 29.1277 39.7721 2.28808
      vertex 29.1277 39.7556 2.27229
      vertex 29.1372 39.7428 2.28808
    endloop
  endfacet
  facet normal -0.388571 0.126375 0.912711
    outer loop
      vertex 29.6519 40.244 2.83923
      vertex 29.6131 40.1247 2.83923
      vertex 29.8373 40.0771 2.94127
    endloop
  endfacet
  facet normal 0.155122 -0.140008 0.977924
    outer loop
      vertex 39.9015 39.9263 2.99343
      vertex 39.8839 39.9068 2.99343
      vertex 40.0481 39.7244 2.94127
    endloop
  endfacet
  facet normal -0.82478 0.267864 0.497983
    outer loop
      vertex 29.1985 40.4459 2.28808
      vertex 29.1277 40.2279 2.28808
      vertex 29.2504 40.2018 2.50534
    endloop
  endfacet
  facet normal -0.944411 -0.0999453 0.313208
    outer loop
      vertex 29.0336 39.9344 2.05087
      vertex 29.0262 40 2.04949
      vertex 29.0331 39.9348 2.04949
    endloop
  endfacet
  facet normal -0.946567 -0.100329 0.306506
    outer loop
      vertex 29.0732 39.8563 2.1476
      vertex 29.0262 40 2.04949
      vertex 29.0336 39.9344 2.05087
    endloop
  endfacet
  facet normal -0.946349 -0.0996493 0.307398
    outer loop
      vertex 29.0262 40 2.04949
      vertex 29.0732 39.8563 2.1476
      vertex 29.1037 40 2.28808
    endloop
  endfacet
  facet normal -0.647036 -0.371104 0.666053
    outer loop
      vertex 29.4665 39.6734 2.69177
      vertex 29.4127 39.4326 2.50534
      vertex 29.4149 39.4309 2.50653
    endloop
  endfacet
  facet normal -0.645056 -0.37245 0.667221
    outer loop
      vertex 29.4127 39.4326 2.50534
      vertex 29.4665 39.6734 2.69177
      vertex 29.3131 39.6051 2.50534
    endloop
  endfacet
  facet normal -0.30366 -0.273359 0.912724
    outer loop
      vertex 29.9519 39.7244 2.94127
      vertex 29.7146 39.6473 2.83923
      vertex 29.7985 39.5541 2.83923
    endloop
  endfacet
  facet normal -0.946346 0.0996767 0.307397
    outer loop
      vertex 29.0519 40.244 2.04949
      vertex 29.0262 40 2.04949
      vertex 29.1037 40 2.28808
    endloop
  endfacet
  facet normal -0.708536 -0.230063 0.667118
    outer loop
      vertex 29.4146 39.8331 2.69177
      vertex 29.2504 39.7982 2.50534
      vertex 29.3131 39.6051 2.50534
    endloop
  endfacet
  facet normal 0 -0.208965 0.977923
    outer loop
      vertex 37.971 39.6312 2.94127
      vertex 39.8131 39.8753 2.99343
      vertex 37.9902 39.8753 2.99343
    endloop
  endfacet
  facet normal 0 -0.208965 0.977923
    outer loop
      vertex 39.8131 39.8753 2.99343
      vertex 37.971 39.6312 2.94127
      vertex 39.8388 39.6312 2.94127
    endloop
  endfacet
  facet normal 0 -0.208965 0.977923
    outer loop
      vertex 30.1869 39.8753 2.99343
      vertex 32.029 39.6312 2.94127
      vertex 32.0098 39.8753 2.99343
    endloop
  endfacet
  facet normal 0 -0.208965 0.977923
    outer loop
      vertex 32.029 39.6312 2.94127
      vertex 30.1869 39.8753 2.99343
      vertex 30.1612 39.6312 2.94127
    endloop
  endfacet
  facet normal -0.90509 -0.293994 0.307213
    outer loop
      vertex 29.1277 39.7721 2.28808
      vertex 29.1171 39.7698 2.25465
      vertex 29.1277 39.7556 2.27229
    endloop
  endfacet
  facet normal -0.586586 -0.0618569 0.807521
    outer loop
      vertex 29.6 40 2.83923
      vertex 29.397 40 2.69177
      vertex 29.4146 39.8331 2.69177
    endloop
  endfacet
  facet normal -0.862423 0.0908212 0.497974
    outer loop
      vertex 29.1277 40.2279 2.28808
      vertex 29.1037 40 2.28808
      vertex 29.2504 40.2018 2.50534
    endloop
  endfacet
  facet normal -0.180352 0.848337 0.497792
    outer loop
      vertex 30.0854 41.0902 2.28808
      vertex 29.9 40.9233 2.50534
      vertex 30.0985 40.9655 2.50534
    endloop
  endfacet
  facet normal -0 0.589802 0.807548
    outer loop
      vertex 30.1161 40.7986 2.69177
      vertex 32.0675 40.5967 2.83923
      vertex 32.116 40.7986 2.69177
    endloop
  endfacet
  facet normal 0 0.589802 0.807548
    outer loop
      vertex 32.0675 40.5967 2.83923
      vertex 30.1161 40.7986 2.69177
      vertex 30.1373 40.5967 2.83923
    endloop
  endfacet
  facet normal 0 0.589802 0.807548
    outer loop
      vertex 39.8839 40.7986 2.69177
      vertex 37.9325 40.5967 2.83923
      vertex 39.8627 40.5967 2.83923
    endloop
  endfacet
  facet normal 0 0.589802 0.807548
    outer loop
      vertex 37.9325 40.5967 2.83923
      vertex 39.8839 40.7986 2.69177
      vertex 37.884 40.7986 2.69177
    endloop
  endfacet
  facet normal -0.824095 0.475842 0.307312
    outer loop
      vertex 29.2504 40.6899 2.04949
      vertex 29.1277 40.4774 2.04949
      vertex 29.3131 40.6444 2.28808
    endloop
  endfacet
  facet normal -0.584554 0.804674 0.103907
    outer loop
      vertex 29.6 41.0392 1.8
      vertex 29.4146 40.8723 2.04949
      vertex 29.6131 41.0165 2.04949
    endloop
  endfacet
  facet normal 0.346636 0.477389 0.80743
    outer loop
      vertex 40.3373 40.5967 2.69177
      vertex 40.1 40.5196 2.83923
      vertex 40.2015 40.4459 2.83923
    endloop
  endfacet
  facet normal 0.240073 0.33063 0.912715
    outer loop
      vertex 40.1 40.5196 2.83923
      vertex 40.0481 40.2756 2.94127
      vertex 40.2015 40.4459 2.83923
    endloop
  endfacet
  facet normal 0.180998 -0.104505 0.977915
    outer loop
      vertex 40.1388 39.8492 2.94127
      vertex 39.9015 39.9263 2.99343
      vertex 40.1 39.782 2.94127
    endloop
  endfacet
  facet normal 0.0429859 0.204581 0.977905
    outer loop
      vertex 39.9146 40.3527 2.94127
      vertex 39.8131 40.1247 2.99343
      vertex 39.8388 40.1193 2.99343
    endloop
  endfacet
  facet normal -0.122754 0.169158 0.977915
    outer loop
      vertex 30.0146 40.3211 2.94127
      vertex 29.9519 40.2756 2.94127
      vertex 30.1373 40.1086 2.99343
    endloop
  endfacet
  facet normal 0 0 1
    outer loop
      vertex 39.9227 40.0261 2.99343
      vertex 39.9227 39.9739 2.99343
      vertex 39.9254 40 2.99343
    endloop
  endfacet
  facet normal 0 0 1
    outer loop
      vertex 39.9146 40.051 2.99343
      vertex 39.9227 39.9739 2.99343
      vertex 39.9227 40.0261 2.99343
    endloop
  endfacet
  facet normal 0 0 1
    outer loop
      vertex 39.9146 40.051 2.99343
      vertex 39.9146 39.949 2.99343
      vertex 39.9227 39.9739 2.99343
    endloop
  endfacet
  facet normal 0 0 1
    outer loop
      vertex 39.9015 40.0737 2.99343
      vertex 39.9146 39.949 2.99343
      vertex 39.9146 40.051 2.99343
    endloop
  endfacet
  facet normal 0 0 1
    outer loop
      vertex 39.9015 40.0737 2.99343
      vertex 39.9015 39.9263 2.99343
      vertex 39.9146 39.949 2.99343
    endloop
  endfacet
  facet normal 0 0 1
    outer loop
      vertex 39.8839 40.0932 2.99343
      vertex 39.9015 39.9263 2.99343
      vertex 39.9015 40.0737 2.99343
    endloop
  endfacet
  facet normal 0 0 1
    outer loop
      vertex 39.8839 40.0932 2.99343
      vertex 39.8839 39.9068 2.99343
      vertex 39.9015 39.9263 2.99343
    endloop
  endfacet
  facet normal 0 0 1
    outer loop
      vertex 39.8627 40.1086 2.99343
      vertex 39.8839 39.9068 2.99343
      vertex 39.8839 40.0932 2.99343
    endloop
  endfacet
  facet normal 0 0 1
    outer loop
      vertex 39.8627 40.1086 2.99343
      vertex 39.8627 39.8914 2.99343
      vertex 39.8839 39.9068 2.99343
    endloop
  endfacet
  facet normal 0 0 1
    outer loop
      vertex 39.8388 40.1193 2.99343
      vertex 39.8627 39.8914 2.99343
      vertex 39.8627 40.1086 2.99343
    endloop
  endfacet
  facet normal 0 0 1
    outer loop
      vertex 39.8388 40.1193 2.99343
      vertex 39.8388 39.8807 2.99343
      vertex 39.8627 39.8914 2.99343
    endloop
  endfacet
  facet normal 0 0 1
    outer loop
      vertex 39.8131 40.1247 2.99343
      vertex 39.8388 39.8807 2.99343
      vertex 39.8388 40.1193 2.99343
    endloop
  endfacet
  facet normal 0 0 1
    outer loop
      vertex 39.8131 40.1247 2.99343
      vertex 39.8131 39.8753 2.99343
      vertex 39.8388 39.8807 2.99343
    endloop
  endfacet
  facet normal 0 0 1
    outer loop
      vertex 39.8131 40.1247 2.99343
      vertex 38 40 2.99343
      vertex 39.8131 39.8753 2.99343
    endloop
  endfacet
  facet normal 0 -0 1
    outer loop
      vertex 38 40 2.99343
      vertex 39.8131 40.1247 2.99343
      vertex 37.9902 40.1247 2.99343
    endloop
  endfacet
  facet normal 0 0 1
    outer loop
      vertex 39.8131 39.8753 2.99343
      vertex 38 40 2.99343
      vertex 37.9902 39.8753 2.99343
    endloop
  endfacet
  facet normal 0 0 1
    outer loop
      vertex 32.0098 40.1247 2.99343
      vertex 30.1869 40.1247 2.99343
      vertex 32 40 2.99343
    endloop
  endfacet
  facet normal 0 0 1
    outer loop
      vertex 30.1869 39.8753 2.99343
      vertex 32 40 2.99343
      vertex 30.1869 40.1247 2.99343
    endloop
  endfacet
  facet normal 0 0 1
    outer loop
      vertex 32 40 2.99343
      vertex 30.1869 39.8753 2.99343
      vertex 32.0098 39.8753 2.99343
    endloop
  endfacet
  facet normal -0 0 1
    outer loop
      vertex 30.1612 40.1193 2.99343
      vertex 30.1869 39.8753 2.99343
      vertex 30.1869 40.1247 2.99343
    endloop
  endfacet
  facet normal 0 0 1
    outer loop
      vertex 30.1612 40.1193 2.99343
      vertex 30.1612 39.8807 2.99343
      vertex 30.1869 39.8753 2.99343
    endloop
  endfacet
  facet normal -0 0 1
    outer loop
      vertex 30.1373 40.1086 2.99343
      vertex 30.1612 39.8807 2.99343
      vertex 30.1612 40.1193 2.99343
    endloop
  endfacet
  facet normal 0 0 1
    outer loop
      vertex 30.1373 40.1086 2.99343
      vertex 30.1373 39.8914 2.99343
      vertex 30.1612 39.8807 2.99343
    endloop
  endfacet
  facet normal -0 0 1
    outer loop
      vertex 30.1161 40.0932 2.99343
      vertex 30.1373 39.8914 2.99343
      vertex 30.1373 40.1086 2.99343
    endloop
  endfacet
  facet normal 0 0 1
    outer loop
      vertex 30.1161 40.0932 2.99343
      vertex 30.1161 39.9068 2.99343
      vertex 30.1373 39.8914 2.99343
    endloop
  endfacet
  facet normal -0 0 1
    outer loop
      vertex 30.0985 40.0737 2.99343
      vertex 30.1161 39.9068 2.99343
      vertex 30.1161 40.0932 2.99343
    endloop
  endfacet
  facet normal 0 0 1
    outer loop
      vertex 30.0985 40.0737 2.99343
      vertex 30.0985 39.9263 2.99343
      vertex 30.1161 39.9068 2.99343
    endloop
  endfacet
  facet normal -0 0 1
    outer loop
      vertex 30.0854 40.051 2.99343
      vertex 30.0985 39.9263 2.99343
      vertex 30.0985 40.0737 2.99343
    endloop
  endfacet
  facet normal 0 0 1
    outer loop
      vertex 30.0854 40.051 2.99343
      vertex 30.0854 39.949 2.99343
      vertex 30.0985 39.9263 2.99343
    endloop
  endfacet
  facet normal -0 0 1
    outer loop
      vertex 30.0773 40.0261 2.99343
      vertex 30.0854 39.949 2.99343
      vertex 30.0854 40.051 2.99343
    endloop
  endfacet
  facet normal 0 0 1
    outer loop
      vertex 30.0773 40.0261 2.99343
      vertex 30.0773 39.9739 2.99343
      vertex 30.0854 39.949 2.99343
    endloop
  endfacet
  facet normal 0 -0 1
    outer loop
      vertex 30.0773 39.9739 2.99343
      vertex 30.0773 40.0261 2.99343
      vertex 30.0746 40 2.99343
    endloop
  endfacet
  facet normal 0.708536 0.230063 0.667118
    outer loop
      vertex 40.6869 40.3949 2.50534
      vertex 40.5854 40.1669 2.69177
      vertex 40.7496 40.2018 2.50534
    endloop
  endfacet
  facet normal 0.708536 -0.230063 0.667118
    outer loop
      vertex 40.7496 39.7982 2.50534
      vertex 40.5854 39.8331 2.69177
      vertex 40.6869 39.6051 2.50534
    endloop
  endfacet
  facet normal 0.354022 -0.204206 0.912671
    outer loop
      vertex 40.3481 39.756 2.83923
      vertex 40.1388 39.8492 2.94127
      vertex 40.2854 39.6473 2.83923
    endloop
  endfacet
  facet normal 0.740996 -0.0781398 0.666948
    outer loop
      vertex 40.603 40 2.69177
      vertex 40.5854 39.8331 2.69177
      vertex 40.7708 40 2.50534
    endloop
  endfacet
  facet normal 0.406343 -0.0426898 0.912723
    outer loop
      vertex 40.1708 40 2.94127
      vertex 40.1627 39.9229 2.94127
      vertex 40.3869 39.8753 2.83923
    endloop
  endfacet
  facet normal 0.198831 -0.0644784 0.97791
    outer loop
      vertex 40.1627 39.9229 2.94127
      vertex 39.9227 39.9739 2.99343
      vertex 40.1388 39.8492 2.94127
    endloop
  endfacet
  facet normal 0.198831 0.0644784 0.97791
    outer loop
      vertex 40.1388 40.1508 2.94127
      vertex 39.9227 40.0261 2.99343
      vertex 40.1627 40.0771 2.94127
    endloop
  endfacet
  facet normal 0.388571 0.126375 0.912711
    outer loop
      vertex 40.3481 40.244 2.83923
      vertex 40.1627 40.0771 2.94127
      vertex 40.3869 40.1247 2.83923
    endloop
  endfacet
  facet normal 0.560962 0.182442 0.807488
    outer loop
      vertex 40.5335 40.3266 2.69177
      vertex 40.3481 40.244 2.83923
      vertex 40.3869 40.1247 2.83923
    endloop
  endfacet
  facet normal -0.0851828 0.190853 0.977916
    outer loop
      vertex 30.0854 40.3527 2.94127
      vertex 30.0146 40.3211 2.94127
      vertex 30.1373 40.1086 2.99343
    endloop
  endfacet
  facet normal -0.198831 -0.0644784 0.97791
    outer loop
      vertex 30.0773 39.9739 2.99343
      vertex 29.8373 39.9229 2.94127
      vertex 29.8612 39.8492 2.94127
    endloop
  endfacet
  facet normal 0.0851828 -0.190853 0.977916
    outer loop
      vertex 39.9854 39.6789 2.94127
      vertex 39.8627 39.8914 2.99343
      vertex 39.9146 39.6473 2.94127
    endloop
  endfacet
  facet normal 0.166593 -0.373253 0.912649
    outer loop
      vertex 39.9854 39.6789 2.94127
      vertex 39.9146 39.6473 2.94127
      vertex 39.9854 39.4294 2.83923
    endloop
  endfacet
  facet normal 0.303525 -0.680362 0.667068
    outer loop
      vertex 40.1527 39.2024 2.6096
      vertex 40.0481 39.2363 2.69177
      vertex 40.0677 39.176 2.62135
    endloop
  endfacet
  facet normal 0.751025 -0.433635 0.497917
    outer loop
      vertex 40.6869 39.6051 2.50534
      vertex 40.5873 39.4326 2.50534
      vertex 40.7414 39.5809 2.40206
    endloop
  endfacet
  facet normal 0.239955 -0.330663 0.912734
    outer loop
      vertex 40.0481 39.7244 2.94127
      vertex 39.9854 39.6789 2.94127
      vertex 40.1 39.4804 2.83923
    endloop
  endfacet
  facet normal 0.239794 -0.538831 0.807564
    outer loop
      vertex 40.1 39.4804 2.83923
      vertex 39.9854 39.4294 2.83923
      vertex 40.0481 39.2363 2.69177
    endloop
  endfacet
  facet normal 0.239911 -0.538834 0.807527
    outer loop
      vertex 40.1 39.4804 2.83923
      vertex 40.0481 39.2363 2.69177
      vertex 40.2015 39.3046 2.69177
    endloop
  endfacet
  facet normal 0 -0.744941 0.66713
    outer loop
      vertex 30.1106 39.1491 2.63337
      vertex 32.116 39.2014 2.69177
      vertex 30.1161 39.2014 2.69177
    endloop
  endfacet
  facet normal 0 -0.744941 0.66713
    outer loop
      vertex 32.116 39.2014 2.69177
      vertex 30.1106 39.1491 2.63337
      vertex 32.1285 39.1491 2.63337
    endloop
  endfacet
  facet normal 0 -0.744941 0.66713
    outer loop
      vertex 39.8894 39.1491 2.63337
      vertex 37.884 39.2014 2.69177
      vertex 37.8715 39.1491 2.63337
    endloop
  endfacet
  facet normal 0 -0.744941 0.66713
    outer loop
      vertex 37.884 39.2014 2.69177
      vertex 39.8894 39.1491 2.63337
      vertex 39.8839 39.2014 2.69177
    endloop
  endfacet
  facet normal -0.303525 -0.680362 0.667068
    outer loop
      vertex 29.9519 39.2363 2.69177
      vertex 29.8473 39.2024 2.6096
      vertex 29.9323 39.176 2.62135
    endloop
  endfacet
  facet normal -0.905054 0.293935 0.307376
    outer loop
      vertex 29.1277 40.4774 2.04949
      vertex 29.1277 40.2279 2.28808
      vertex 29.1985 40.4459 2.28808
    endloop
  endfacet
  facet normal -0.905057 0.29393 0.307371
    outer loop
      vertex 29.1277 40.4774 2.04949
      vertex 29.0519 40.244 2.04949
      vertex 29.1277 40.2279 2.28808
    endloop
  endfacet
  facet normal -0.0850276 0.399728 0.912682
    outer loop
      vertex 30.1373 40.5967 2.83923
      vertex 30.0146 40.5706 2.83923
      vertex 30.1612 40.3688 2.94127
    endloop
  endfacet
  facet normal -0.43785 0.60264 0.667167
    outer loop
      vertex 29.7146 40.8408 2.50534
      vertex 29.5504 40.7215 2.50534
      vertex 29.6627 40.5967 2.69177
    endloop
  endfacet
  facet normal -0.438345 0.394757 0.807478
    outer loop
      vertex 29.6627 40.5967 2.69177
      vertex 29.5504 40.472 2.69177
      vertex 29.7146 40.3527 2.83923
    endloop
  endfacet
  facet normal -0.180998 0.104505 0.977915
    outer loop
      vertex 29.9 40.218 2.94127
      vertex 29.8612 40.1508 2.94127
      vertex 30.0985 40.0737 2.99343
    endloop
  endfacet
  facet normal -0.438345 -0.394757 0.807478
    outer loop
      vertex 29.7146 39.6473 2.83923
      vertex 29.5504 39.528 2.69177
      vertex 29.6627 39.4033 2.69177
    endloop
  endfacet
  facet normal -0.43846 -0.394708 0.807439
    outer loop
      vertex 29.7146 39.6473 2.83923
      vertex 29.6627 39.4033 2.69177
      vertex 29.7985 39.5541 2.83923
    endloop
  endfacet
  facet normal -0.553542 -0.498499 0.667151
    outer loop
      vertex 29.5504 39.528 2.69177
      vertex 29.4179 39.429 2.50786
      vertex 29.6627 39.4033 2.69177
    endloop
  endfacet
  facet normal -0.556265 -0.495204 0.667339
    outer loop
      vertex 29.4179 39.429 2.50786
      vertex 29.5504 39.528 2.69177
      vertex 29.4158 39.4302 2.507
    endloop
  endfacet
  facet normal -0.0850276 -0.399728 0.912682
    outer loop
      vertex 30.1612 39.6312 2.94127
      vertex 30.0146 39.4294 2.83923
      vertex 30.1373 39.4033 2.83923
    endloop
  endfacet
  facet normal -0.166121 -0.373284 0.912723
    outer loop
      vertex 30.0146 39.6789 2.94127
      vertex 29.9 39.4804 2.83923
      vertex 30.0146 39.4294 2.83923
    endloop
  endfacet
  facet normal -0.239955 -0.330663 0.912734
    outer loop
      vertex 29.9519 39.7244 2.94127
      vertex 29.9 39.4804 2.83923
      vertex 30.0146 39.6789 2.94127
    endloop
  endfacet
  facet normal -0.239794 -0.538831 0.807564
    outer loop
      vertex 30.0146 39.4294 2.83923
      vertex 29.9 39.4804 2.83923
      vertex 29.9519 39.2363 2.69177
    endloop
  endfacet
  facet normal -0.824875 -0.267839 0.497839
    outer loop
      vertex 29.2163 39.6377 2.36249
      vertex 29.3131 39.6051 2.50534
      vertex 29.2504 39.7982 2.50534
    endloop
  endfacet
  facet normal -0.824929 -0.267427 0.49797
    outer loop
      vertex 29.3131 39.6051 2.50534
      vertex 29.2163 39.6377 2.36249
      vertex 29.2586 39.5809 2.40206
    endloop
  endfacet
  facet normal -0.751025 -0.433635 0.497917
    outer loop
      vertex 29.3131 39.6051 2.50534
      vertex 29.2586 39.5809 2.40206
      vertex 29.4127 39.4326 2.50534
    endloop
  endfacet
  facet normal -0.862353 0.090594 0.498137
    outer loop
      vertex 29.2504 40.2018 2.50534
      vertex 29.1037 40 2.28808
      vertex 29.2292 40 2.50534
    endloop
  endfacet
  facet normal -0.946353 0.0996599 0.307381
    outer loop
      vertex 29.1277 40.2279 2.28808
      vertex 29.0519 40.244 2.04949
      vertex 29.1037 40 2.28808
    endloop
  endfacet
  facet normal -0.861168 0.49759 0.103891
    outer loop
      vertex 29.2292 40.7053 1.8
      vertex 29.1037 40.4881 1.8
      vertex 29.2504 40.6899 2.04949
    endloop
  endfacet
  facet normal -0.644271 0.580335 0.498123
    outer loop
      vertex 29.4665 40.8147 2.28808
      vertex 29.3131 40.6444 2.28808
      vertex 29.4146 40.5706 2.50534
    endloop
  endfacet
  facet normal -0.386989 0.869367 0.307311
    outer loop
      vertex 29.8373 41.1163 2.04949
      vertex 29.6131 41.0165 2.04949
      vertex 29.8612 41.0426 2.28808
    endloop
  endfacet
  facet normal -0.19763 0.930853 0.307336
    outer loop
      vertex 30.0854 41.0902 2.28808
      vertex 29.8373 41.1163 2.04949
      vertex 29.8612 41.0426 2.28808
    endloop
  endfacet
  facet normal -0.73935 0.665217 0.10415
    outer loop
      vertex 29.397 40.8918 1.8
      vertex 29.2292 40.7053 1.8
      vertex 29.4146 40.8723 2.04949
    endloop
  endfacet
  facet normal -0.352549 0.792274 0.498008
    outer loop
      vertex 29.8612 41.0426 2.28808
      vertex 29.7146 40.8408 2.50534
      vertex 29.9 40.9233 2.50534
    endloop
  endfacet
  facet normal -0.553649 0.498595 0.66699
    outer loop
      vertex 29.6627 40.5967 2.69177
      vertex 29.4146 40.5706 2.50534
      vertex 29.5504 40.472 2.69177
    endloop
  endfacet
  facet normal -0.303586 0.273544 0.912693
    outer loop
      vertex 29.9519 40.2756 2.94127
      vertex 29.7146 40.3527 2.83923
      vertex 29.9 40.218 2.94127
    endloop
  endfacet
  facet normal -0.406345 0.0426874 0.912722
    outer loop
      vertex 29.6131 40.1247 2.83923
      vertex 29.6 40 2.83923
      vertex 29.8292 40 2.94127
    endloop
  endfacet
  facet normal 0.989068 -0.104671 0.103866
    outer loop
      vertex 40.9738 40 2.04949
      vertex 40.9669 39.9348 2.04949
      vertex 41 40 1.8
    endloop
  endfacet
  facet normal 0.862423 -0.0908212 0.497974
    outer loop
      vertex 40.8963 40 2.28808
      vertex 40.7496 39.7982 2.50534
      vertex 40.8723 39.7721 2.28808
    endloop
  endfacet
  facet normal 0.946349 -0.0996493 0.307398
    outer loop
      vertex 40.9268 39.8563 2.1476
      vertex 40.9738 40 2.04949
      vertex 40.8963 40 2.28808
    endloop
  endfacet
  facet normal 0.944411 -0.0999453 0.313208
    outer loop
      vertex 40.9738 40 2.04949
      vertex 40.9664 39.9344 2.05087
      vertex 40.9669 39.9348 2.04949
    endloop
  endfacet
  facet normal 0.946567 -0.100329 0.306506
    outer loop
      vertex 40.9738 40 2.04949
      vertex 40.9268 39.8563 2.1476
      vertex 40.9664 39.9344 2.05087
    endloop
  endfacet
  facet normal 0.946346 0.0996767 0.307397
    outer loop
      vertex 40.9481 40.244 2.04949
      vertex 40.8963 40 2.28808
      vertex 40.9738 40 2.04949
    endloop
  endfacet
  facet normal 0.905387 -0.293556 0.306755
    outer loop
      vertex 40.8723 39.7721 2.28808
      vertex 40.8628 39.7428 2.28808
      vertex 40.8723 39.7556 2.27229
    endloop
  endfacet
  facet normal 0.586721 0.0616363 0.80744
    outer loop
      vertex 40.5854 40.1669 2.69177
      vertex 40.3869 40.1247 2.83923
      vertex 40.4 40 2.83923
    endloop
  endfacet
  facet normal 0.740996 0.0781398 0.666948
    outer loop
      vertex 40.7708 40 2.50534
      vertex 40.5854 40.1669 2.69177
      vertex 40.603 40 2.69177
    endloop
  endfacet
  facet normal 0.388571 -0.126375 0.912711
    outer loop
      vertex 40.3869 39.8753 2.83923
      vertex 40.1627 39.9229 2.94127
      vertex 40.3481 39.756 2.83923
    endloop
  endfacet
  facet normal 0.388802 -0.126084 0.912653
    outer loop
      vertex 40.1627 39.9229 2.94127
      vertex 40.1388 39.8492 2.94127
      vertex 40.3481 39.756 2.83923
    endloop
  endfacet
  facet normal 0.510943 -0.294829 0.807473
    outer loop
      vertex 40.5335 39.6734 2.69177
      vertex 40.2854 39.6473 2.83923
      vertex 40.4496 39.528 2.69177
    endloop
  endfacet
  facet normal -0.122754 -0.169158 0.977915
    outer loop
      vertex 30.1373 39.8914 2.99343
      vertex 29.9519 39.7244 2.94127
      vertex 30.0146 39.6789 2.94127
    endloop
  endfacet
  facet normal 0.166121 -0.373284 0.912723
    outer loop
      vertex 39.9854 39.6789 2.94127
      vertex 39.9854 39.4294 2.83923
      vertex 40.1 39.4804 2.83923
    endloop
  endfacet
  facet normal 0.0849174 -0.399797 0.912662
    outer loop
      vertex 39.9146 39.6473 2.94127
      vertex 39.8388 39.6312 2.94127
      vertex 39.9854 39.4294 2.83923
    endloop
  endfacet
  facet normal -0.824818 0.26782 0.497943
    outer loop
      vertex 29.3131 40.3949 2.50534
      vertex 29.1985 40.4459 2.28808
      vertex 29.2504 40.2018 2.50534
    endloop
  endfacet
  facet normal -0.708536 0.230063 0.667118
    outer loop
      vertex 29.3131 40.3949 2.50534
      vertex 29.2504 40.2018 2.50534
      vertex 29.4146 40.1669 2.69177
    endloop
  endfacet
  facet normal -0.43846 0.394708 0.807439
    outer loop
      vertex 29.7985 40.4459 2.83923
      vertex 29.6627 40.5967 2.69177
      vertex 29.7146 40.3527 2.83923
    endloop
  endfacet
  facet normal -0.30289 0.680675 0.667037
    outer loop
      vertex 29.9 40.9233 2.50534
      vertex 29.7146 40.8408 2.50534
      vertex 29.9519 40.7637 2.69177
    endloop
  endfacet
  facet normal -0.35388 0.204324 0.9127
    outer loop
      vertex 29.9 40.218 2.94127
      vertex 29.7146 40.3527 2.83923
      vertex 29.8612 40.1508 2.94127
    endloop
  endfacet
  facet normal -0.553727 0.498318 0.667133
    outer loop
      vertex 29.5504 40.7215 2.50534
      vertex 29.4146 40.5706 2.50534
      vertex 29.6627 40.5967 2.69177
    endloop
  endfacet
  facet normal -0.740996 -0.0781398 0.666948
    outer loop
      vertex 29.397 40 2.69177
      vertex 29.2292 40 2.50534
      vertex 29.4146 39.8331 2.69177
    endloop
  endfacet
  facet normal -0.740882 -0.077833 0.66711
    outer loop
      vertex 29.4146 39.8331 2.69177
      vertex 29.2292 40 2.50534
      vertex 29.2504 39.7982 2.50534
    endloop
  endfacet
  facet normal -0.35388 -0.204324 0.9127
    outer loop
      vertex 29.8612 39.8492 2.94127
      vertex 29.7146 39.6473 2.83923
      vertex 29.9 39.782 2.94127
    endloop
  endfacet
  facet normal -0.354022 -0.204206 0.912671
    outer loop
      vertex 29.8612 39.8492 2.94127
      vertex 29.6519 39.756 2.83923
      vertex 29.7146 39.6473 2.83923
    endloop
  endfacet
  facet normal -0.437777 -0.602774 0.667094
    outer loop
      vertex 29.6627 39.4033 2.69177
      vertex 29.583 39.3147 2.55941
      vertex 29.6929 39.2613 2.58328
    endloop
  endfacet
  facet normal -0.303586 -0.273544 0.912693
    outer loop
      vertex 29.9 39.782 2.94127
      vertex 29.7146 39.6473 2.83923
      vertex 29.9519 39.7244 2.94127
    endloop
  endfacet
  facet normal -0.198735 0.0646486 0.977919
    outer loop
      vertex 30.0854 40.051 2.99343
      vertex 29.8612 40.1508 2.94127
      vertex 30.0773 40.0261 2.99343
    endloop
  endfacet
  facet normal -0.240073 -0.33063 0.912715
    outer loop
      vertex 29.9519 39.7244 2.94127
      vertex 29.7985 39.5541 2.83923
      vertex 29.9 39.4804 2.83923
    endloop
  endfacet
  facet normal -0.346636 -0.477389 0.80743
    outer loop
      vertex 29.7985 39.5541 2.83923
      vertex 29.6627 39.4033 2.69177
      vertex 29.9 39.4804 2.83923
    endloop
  endfacet
  facet normal 0 -0.408665 0.912685
    outer loop
      vertex 37.9631 39.5307 2.89627
      vertex 39.8388 39.6312 2.94127
      vertex 37.971 39.6312 2.94127
    endloop
  endfacet
  facet normal -1.01912e-06 -0.408649 0.912692
    outer loop
      vertex 39.8388 39.6312 2.94127
      vertex 37.9631 39.5307 2.89627
      vertex 39.8627 39.4033 2.83923
    endloop
  endfacet
  facet normal 0 -0.408636 0.912697
    outer loop
      vertex 39.8627 39.4033 2.83923
      vertex 37.9631 39.5307 2.89627
      vertex 37.9325 39.4033 2.83923
    endloop
  endfacet
  facet normal 0 -0.408665 0.912685
    outer loop
      vertex 30.1612 39.6312 2.94127
      vertex 32.0369 39.5307 2.89627
      vertex 32.029 39.6312 2.94127
    endloop
  endfacet
  facet normal 1.01912e-06 -0.408649 0.912692
    outer loop
      vertex 30.1373 39.4033 2.83923
      vertex 32.0369 39.5307 2.89627
      vertex 30.1612 39.6312 2.94127
    endloop
  endfacet
  facet normal 0 -0.408636 0.912697
    outer loop
      vertex 32.0369 39.5307 2.89627
      vertex 30.1373 39.4033 2.83923
      vertex 32.0675 39.4033 2.83923
    endloop
  endfacet
  facet normal -0.166593 -0.373253 0.912649
    outer loop
      vertex 30.0146 39.6789 2.94127
      vertex 30.0146 39.4294 2.83923
      vertex 30.0854 39.6473 2.94127
    endloop
  endfacet
  facet normal -0.510943 -0.294829 0.807473
    outer loop
      vertex 29.7146 39.6473 2.83923
      vertex 29.4665 39.6734 2.69177
      vertex 29.5504 39.528 2.69177
    endloop
  endfacet
  facet normal -0.510952 -0.294726 0.807506
    outer loop
      vertex 29.6519 39.756 2.83923
      vertex 29.4665 39.6734 2.69177
      vertex 29.7146 39.6473 2.83923
    endloop
  endfacet
  facet normal -0.829584 -0.268978 0.489328
    outer loop
      vertex 29.1395 39.7406 2.29077
      vertex 29.1277 39.7721 2.28808
      vertex 29.1372 39.7428 2.28808
    endloop
  endfacet
  facet normal -0.825161 -0.266576 0.498043
    outer loop
      vertex 29.1277 39.7721 2.28808
      vertex 29.1395 39.7406 2.29077
      vertex 29.2504 39.7982 2.50534
    endloop
  endfacet
  facet normal -0.82456 -0.268198 0.498168
    outer loop
      vertex 29.2504 39.7982 2.50534
      vertex 29.1395 39.7406 2.29077
      vertex 29.2163 39.6377 2.36249
    endloop
  endfacet
  facet normal -0.862423 -0.0908212 0.497974
    outer loop
      vertex 29.2504 39.7982 2.50534
      vertex 29.1037 40 2.28808
      vertex 29.1277 39.7721 2.28808
    endloop
  endfacet
  facet normal -0.86129 0.497319 0.104182
    outer loop
      vertex 29.2504 40.6899 2.04949
      vertex 29.1037 40.4881 1.8
      vertex 29.1277 40.4774 2.04949
    endloop
  endfacet
  facet normal -0.82411 0.475783 0.307365
    outer loop
      vertex 29.3131 40.6444 2.28808
      vertex 29.1277 40.4774 2.04949
      vertex 29.1985 40.4459 2.28808
    endloop
  endfacet
  facet normal -0.30366 0.273359 0.912724
    outer loop
      vertex 29.7985 40.4459 2.83923
      vertex 29.7146 40.3527 2.83923
      vertex 29.9519 40.2756 2.94127
    endloop
  endfacet
  facet normal -0.509771 0.70163 0.497844
    outer loop
      vertex 29.7146 40.8408 2.50534
      vertex 29.4665 40.8147 2.28808
      vertex 29.5504 40.7215 2.50534
    endloop
  endfacet
  facet normal -0.707003 0.636842 0.307538
    outer loop
      vertex 29.4146 40.8723 2.04949
      vertex 29.3131 40.6444 2.28808
      vertex 29.4665 40.8147 2.28808
    endloop
  endfacet
  facet normal -0.559257 0.76985 0.30751
    outer loop
      vertex 29.6131 41.0165 2.04949
      vertex 29.4146 40.8723 2.04949
      vertex 29.4665 40.8147 2.28808
    endloop
  endfacet
  facet normal -0.352793 0.79227 0.49784
    outer loop
      vertex 29.8612 41.0426 2.28808
      vertex 29.6519 40.9494 2.28808
      vertex 29.7146 40.8408 2.50534
    endloop
  endfacet
  facet normal -0.387087 0.869284 0.307423
    outer loop
      vertex 29.8612 41.0426 2.28808
      vertex 29.6131 41.0165 2.04949
      vertex 29.6519 40.9494 2.28808
    endloop
  endfacet
  facet normal -0.206547 0.972873 0.104192
    outer loop
      vertex 30.0746 41.1934 1.8
      vertex 29.8292 41.1413 1.8
      vertex 29.8373 41.1163 2.04949
    endloop
  endfacet
  facet normal -0.404455 0.908605 0.104177
    outer loop
      vertex 29.8292 41.1413 1.8
      vertex 29.6131 41.0165 2.04949
      vertex 29.8373 41.1163 2.04949
    endloop
  endfacet
  facet normal -0.166593 0.373253 0.912649
    outer loop
      vertex 30.0146 40.5706 2.83923
      vertex 30.0146 40.3211 2.94127
      vertex 30.0854 40.3527 2.94127
    endloop
  endfacet
  facet normal -0.198735 -0.0646486 0.977919
    outer loop
      vertex 30.0773 39.9739 2.99343
      vertex 29.8612 39.8492 2.94127
      vertex 30.0854 39.949 2.99343
    endloop
  endfacet
  facet normal -0.0854208 0.1908 0.977905
    outer loop
      vertex 30.1612 40.1193 2.99343
      vertex 30.0854 40.3527 2.94127
      vertex 30.1373 40.1086 2.99343
    endloop
  endfacet
  facet normal -0.406343 0.0426898 0.912723
    outer loop
      vertex 29.8373 40.0771 2.94127
      vertex 29.6131 40.1247 2.83923
      vertex 29.8292 40 2.94127
    endloop
  endfacet
  facet normal -0.155122 -0.140008 0.977924
    outer loop
      vertex 30.0985 39.9263 2.99343
      vertex 29.9519 39.7244 2.94127
      vertex 30.1161 39.9068 2.99343
    endloop
  endfacet
  facet normal -0.207959 0.021513 0.977901
    outer loop
      vertex 30.0773 40.0261 2.99343
      vertex 29.8373 40.0771 2.94127
      vertex 30.0746 40 2.99343
    endloop
  endfacet
  facet normal 0.740882 -0.077833 0.66711
    outer loop
      vertex 40.7708 40 2.50534
      vertex 40.5854 39.8331 2.69177
      vertex 40.7496 39.7982 2.50534
    endloop
  endfacet
  facet normal 0.862353 -0.090594 0.498137
    outer loop
      vertex 40.7708 40 2.50534
      vertex 40.7496 39.7982 2.50534
      vertex 40.8963 40 2.28808
    endloop
  endfacet
  facet normal 0.510952 -0.294726 0.807506
    outer loop
      vertex 40.3481 39.756 2.83923
      vertex 40.2854 39.6473 2.83923
      vertex 40.5335 39.6734 2.69177
    endloop
  endfacet
  facet normal 0.560962 -0.182442 0.807488
    outer loop
      vertex 40.3869 39.8753 2.83923
      vertex 40.3481 39.756 2.83923
      vertex 40.5335 39.6734 2.69177
    endloop
  endfacet
  facet normal 0.553773 -0.498371 0.667055
    outer loop
      vertex 40.5786 39.4271 2.50923
      vertex 40.3373 39.4033 2.69177
      vertex 40.417 39.3147 2.55941
    endloop
  endfacet
  facet normal 0.543262 -0.533042 0.648639
    outer loop
      vertex 40.3373 39.4033 2.69177
      vertex 40.5786 39.4271 2.50923
      vertex 40.5821 39.429 2.50786
    endloop
  endfacet
  facet normal 0.0429859 -0.204581 0.977905
    outer loop
      vertex 39.8388 39.8807 2.99343
      vertex 39.8131 39.8753 2.99343
      vertex 39.9146 39.6473 2.94127
    endloop
  endfacet
  facet normal 0.0434137 -0.204395 0.977925
    outer loop
      vertex 39.9146 39.6473 2.94127
      vertex 39.8131 39.8753 2.99343
      vertex 39.8388 39.6312 2.94127
    endloop
  endfacet
  facet normal -0.645322 0.37237 0.667008
    outer loop
      vertex 29.5504 40.472 2.69177
      vertex 29.4146 40.5706 2.50534
      vertex 29.4665 40.3266 2.69177
    endloop
  endfacet
  facet normal -0.750923 0.4338 0.497927
    outer loop
      vertex 29.4146 40.5706 2.50534
      vertex 29.1985 40.4459 2.28808
      vertex 29.3131 40.3949 2.50534
    endloop
  endfacet
  facet normal -0.122706 0.576858 0.807575
    outer loop
      vertex 30.1373 40.5967 2.83923
      vertex 29.9519 40.7637 2.69177
      vertex 30.0146 40.5706 2.83923
    endloop
  endfacet
  facet normal -0.122622 0.576922 0.807542
    outer loop
      vertex 30.1161 40.7986 2.69177
      vertex 29.9519 40.7637 2.69177
      vertex 30.1373 40.5967 2.83923
    endloop
  endfacet
  facet normal -0.64498 0.372598 0.667212
    outer loop
      vertex 29.4146 40.5706 2.50534
      vertex 29.3131 40.3949 2.50534
      vertex 29.4665 40.3266 2.69177
    endloop
  endfacet
  facet normal -0.437985 0.602617 0.6671
    outer loop
      vertex 29.7146 40.8408 2.50534
      vertex 29.6627 40.5967 2.69177
      vertex 29.7985 40.6954 2.69177
    endloop
  endfacet
  facet normal -0.239911 -0.538834 0.807527
    outer loop
      vertex 29.9 39.4804 2.83923
      vertex 29.7985 39.3046 2.69177
      vertex 29.9519 39.2363 2.69177
    endloop
  endfacet
  facet normal -0.346779 -0.477129 0.807523
    outer loop
      vertex 29.9 39.4804 2.83923
      vertex 29.6627 39.4033 2.69177
      vertex 29.7985 39.3046 2.69177
    endloop
  endfacet
  facet normal -0.0849174 -0.399797 0.912662
    outer loop
      vertex 30.0854 39.6473 2.94127
      vertex 30.0146 39.4294 2.83923
      vertex 30.1612 39.6312 2.94127
    endloop
  endfacet
  facet normal -0.0434137 -0.204395 0.977925
    outer loop
      vertex 30.1869 39.8753 2.99343
      vertex 30.0854 39.6473 2.94127
      vertex 30.1612 39.6312 2.94127
    endloop
  endfacet
  facet normal -0.708388 -0.230215 0.667223
    outer loop
      vertex 29.4146 39.8331 2.69177
      vertex 29.3131 39.6051 2.50534
      vertex 29.4665 39.6734 2.69177
    endloop
  endfacet
  facet normal -0.406343 -0.0426898 0.912723
    outer loop
      vertex 29.8292 40 2.94127
      vertex 29.6131 39.8753 2.83923
      vertex 29.8373 39.9229 2.94127
    endloop
  endfacet
  facet normal -0.707256 0.636685 0.307281
    outer loop
      vertex 29.4146 40.8723 2.04949
      vertex 29.2504 40.6899 2.04949
      vertex 29.3131 40.6444 2.28808
    endloop
  endfacet
  facet normal -0.739192 0.665435 0.103886
    outer loop
      vertex 29.4146 40.8723 2.04949
      vertex 29.2292 40.7053 1.8
      vertex 29.2504 40.6899 2.04949
    endloop
  endfacet
  facet normal -0.207959 -0.021513 0.977901
    outer loop
      vertex 30.0746 40 2.99343
      vertex 29.8373 39.9229 2.94127
      vertex 30.0773 39.9739 2.99343
    endloop
  endfacet
  facet normal -0.586721 -0.0616363 0.80744
    outer loop
      vertex 29.6 40 2.83923
      vertex 29.4146 39.8331 2.69177
      vertex 29.6131 39.8753 2.83923
    endloop
  endfacet
  facet normal -0.406345 -0.0426874 0.912722
    outer loop
      vertex 29.8292 40 2.94127
      vertex 29.6 40 2.83923
      vertex 29.6131 39.8753 2.83923
    endloop
  endfacet
  facet normal -0.354022 0.204206 0.912671
    outer loop
      vertex 29.7146 40.3527 2.83923
      vertex 29.6519 40.244 2.83923
      vertex 29.8612 40.1508 2.94127
    endloop
  endfacet
  facet normal -0.181012 0.104461 0.977917
    outer loop
      vertex 30.0985 40.0737 2.99343
      vertex 29.8612 40.1508 2.94127
      vertex 30.0854 40.051 2.99343
    endloop
  endfacet
  facet normal -0.198831 0.0644784 0.97791
    outer loop
      vertex 29.8612 40.1508 2.94127
      vertex 29.8373 40.0771 2.94127
      vertex 30.0773 40.0261 2.99343
    endloop
  endfacet
  facet normal -0.0851828 -0.190853 0.977916
    outer loop
      vertex 30.1373 39.8914 2.99343
      vertex 30.0146 39.6789 2.94127
      vertex 30.0854 39.6473 2.94127
    endloop
  endfacet
  facet normal 0.824875 -0.267839 0.497839
    outer loop
      vertex 40.6869 39.6051 2.50534
      vertex 40.7837 39.6377 2.36249
      vertex 40.7496 39.7982 2.50534
    endloop
  endfacet
  facet normal 0.824929 -0.267427 0.49797
    outer loop
      vertex 40.7837 39.6377 2.36249
      vertex 40.6869 39.6051 2.50534
      vertex 40.7414 39.5809 2.40206
    endloop
  endfacet
  facet normal 0.825161 -0.266576 0.498043
    outer loop
      vertex 40.8605 39.7406 2.29077
      vertex 40.8723 39.7721 2.28808
      vertex 40.7496 39.7982 2.50534
    endloop
  endfacet
  facet normal 0.829584 -0.268978 0.489328
    outer loop
      vertex 40.8723 39.7721 2.28808
      vertex 40.8605 39.7406 2.29077
      vertex 40.8628 39.7428 2.28808
    endloop
  endfacet
  facet normal 0.82456 -0.268198 0.498168
    outer loop
      vertex 40.8605 39.7406 2.29077
      vertex 40.7496 39.7982 2.50534
      vertex 40.7837 39.6377 2.36249
    endloop
  endfacet
  facet normal 0.586586 0.0618569 0.807521
    outer loop
      vertex 40.5854 40.1669 2.69177
      vertex 40.4 40 2.83923
      vertex 40.603 40 2.69177
    endloop
  endfacet
  facet normal 0.586586 -0.0618569 0.807521
    outer loop
      vertex 40.603 40 2.69177
      vertex 40.4 40 2.83923
      vertex 40.5854 39.8331 2.69177
    endloop
  endfacet
  facet normal 0.556265 -0.495204 0.667339
    outer loop
      vertex 40.4496 39.528 2.69177
      vertex 40.5821 39.429 2.50786
      vertex 40.5842 39.4302 2.507
    endloop
  endfacet
  facet normal 0.553542 -0.498499 0.667151
    outer loop
      vertex 40.5821 39.429 2.50786
      vertex 40.4496 39.528 2.69177
      vertex 40.3373 39.4033 2.69177
    endloop
  endfacet
  facet normal 0.303135 -0.680833 0.666765
    outer loop
      vertex 40.1527 39.2024 2.6096
      vertex 40.2015 39.3046 2.69177
      vertex 40.0481 39.2363 2.69177
    endloop
  endfacet
  facet normal 0.302775 -0.68081 0.666952
    outer loop
      vertex 40.2015 39.3046 2.69177
      vertex 40.1527 39.2024 2.6096
      vertex 40.2442 39.2307 2.59695
    endloop
  endfacet
  facet normal 0.645056 -0.37245 0.667221
    outer loop
      vertex 40.5335 39.6734 2.69177
      vertex 40.5873 39.4326 2.50534
      vertex 40.6869 39.6051 2.50534
    endloop
  endfacet
  facet normal 0.647036 -0.371104 0.666053
    outer loop
      vertex 40.5873 39.4326 2.50534
      vertex 40.5335 39.6734 2.69177
      vertex 40.5851 39.4309 2.50653
    endloop
  endfacet
  facet normal 0.708388 -0.230215 0.667223
    outer loop
      vertex 40.5854 39.8331 2.69177
      vertex 40.5335 39.6734 2.69177
      vertex 40.6869 39.6051 2.50534
    endloop
  endfacet
  facet normal 0.30366 -0.273359 0.912724
    outer loop
      vertex 40.2854 39.6473 2.83923
      vertex 40.0481 39.7244 2.94127
      vertex 40.2015 39.5541 2.83923
    endloop
  endfacet
  facet normal 0.240073 -0.33063 0.912715
    outer loop
      vertex 40.2015 39.5541 2.83923
      vertex 40.0481 39.7244 2.94127
      vertex 40.1 39.4804 2.83923
    endloop
  endfacet
  facet normal -0.240073 0.33063 0.912715
    outer loop
      vertex 29.9 40.5196 2.83923
      vertex 29.7985 40.4459 2.83923
      vertex 29.9519 40.2756 2.94127
    endloop
  endfacet
  facet normal -0.239911 0.538834 0.807527
    outer loop
      vertex 29.9519 40.7637 2.69177
      vertex 29.7985 40.6954 2.69177
      vertex 29.9 40.5196 2.83923
    endloop
  endfacet
  facet normal -0.708388 0.230215 0.667223
    outer loop
      vertex 29.4665 40.3266 2.69177
      vertex 29.3131 40.3949 2.50534
      vertex 29.4146 40.1669 2.69177
    endloop
  endfacet
  facet normal -0.561062 0.182336 0.807442
    outer loop
      vertex 29.4665 40.3266 2.69177
      vertex 29.4146 40.1669 2.69177
      vertex 29.6131 40.1247 2.83923
    endloop
  endfacet
  facet normal -0.561062 -0.182336 0.807442
    outer loop
      vertex 29.6131 39.8753 2.83923
      vertex 29.4146 39.8331 2.69177
      vertex 29.4665 39.6734 2.69177
    endloop
  endfacet
  facet normal -0.560962 -0.182442 0.807488
    outer loop
      vertex 29.6131 39.8753 2.83923
      vertex 29.4665 39.6734 2.69177
      vertex 29.6519 39.756 2.83923
    endloop
  endfacet
  facet normal -0.181012 -0.104461 0.977917
    outer loop
      vertex 30.0854 39.949 2.99343
      vertex 29.8612 39.8492 2.94127
      vertex 30.0985 39.9263 2.99343
    endloop
  endfacet
  facet normal -0.122824 -0.169082 0.977919
    outer loop
      vertex 30.1161 39.9068 2.99343
      vertex 29.9519 39.7244 2.94127
      vertex 30.1373 39.8914 2.99343
    endloop
  endfacet
  facet normal -0.0854208 -0.1908 0.977905
    outer loop
      vertex 30.1373 39.8914 2.99343
      vertex 30.0854 39.6473 2.94127
      vertex 30.1612 39.8807 2.99343
    endloop
  endfacet
  facet normal -0.0429859 -0.204581 0.977905
    outer loop
      vertex 30.1612 39.8807 2.99343
      vertex 30.0854 39.6473 2.94127
      vertex 30.1869 39.8753 2.99343
    endloop
  endfacet
  facet normal 0.437777 -0.602774 0.667094
    outer loop
      vertex 40.3373 39.4033 2.69177
      vertex 40.3071 39.2613 2.58328
      vertex 40.417 39.3147 2.55941
    endloop
  endfacet
  facet normal -0.239955 0.330663 0.912734
    outer loop
      vertex 30.0146 40.3211 2.94127
      vertex 29.9 40.5196 2.83923
      vertex 29.9519 40.2756 2.94127
    endloop
  endfacet
  facet normal -0.166121 0.373284 0.912723
    outer loop
      vertex 30.0146 40.5706 2.83923
      vertex 29.9 40.5196 2.83923
      vertex 30.0146 40.3211 2.94127
    endloop
  endfacet
  facet normal -0.346636 0.477389 0.80743
    outer loop
      vertex 29.9 40.5196 2.83923
      vertex 29.6627 40.5967 2.69177
      vertex 29.7985 40.4459 2.83923
    endloop
  endfacet
  facet normal -0.346779 0.477129 0.807523
    outer loop
      vertex 29.7985 40.6954 2.69177
      vertex 29.6627 40.5967 2.69177
      vertex 29.9 40.5196 2.83923
    endloop
  endfacet
  facet normal -0.510943 0.294829 0.807473
    outer loop
      vertex 29.5504 40.472 2.69177
      vertex 29.4665 40.3266 2.69177
      vertex 29.7146 40.3527 2.83923
    endloop
  endfacet
  facet normal -0.388802 0.126084 0.912653
    outer loop
      vertex 29.8612 40.1508 2.94127
      vertex 29.6519 40.244 2.83923
      vertex 29.8373 40.0771 2.94127
    endloop
  endfacet
  facet normal -0.510952 0.294726 0.807506
    outer loop
      vertex 29.7146 40.3527 2.83923
      vertex 29.4665 40.3266 2.69177
      vertex 29.6519 40.244 2.83923
    endloop
  endfacet
  facet normal -0.560962 0.182442 0.807488
    outer loop
      vertex 29.6519 40.244 2.83923
      vertex 29.4665 40.3266 2.69177
      vertex 29.6131 40.1247 2.83923
    endloop
  endfacet
  facet normal 0.923657 -0.383219 -0.000106328
    outer loop
      vertex 32.1468 40.9271 2.54828
      vertex 32.2572 41.1934 1.8
      vertex 32.2464 41.1673 2.04949
    endloop
  endfacet
  facet normal 0.923996 -0.382402 0.000354844
    outer loop
      vertex 32.1468 40.9271 2.54828
      vertex 32.2464 41.1673 2.04949
      vertex 32.2144 41.0902 2.28808
    endloop
  endfacet
  facet normal 0.921375 -0.388651 -0.00424278
    outer loop
      vertex 32.1468 40.9271 2.54828
      vertex 32.2144 41.0902 2.28808
      vertex 32.1628 40.9655 2.50534
    endloop
  endfacet
  facet normal 0.923763 -0.382964 0
    outer loop
      vertex 32.2572 41.1934 1.8
      vertex 32.1468 40.9271 2.54828
      vertex 32.1468 40.9271 0
    endloop
  endfacet
  facet normal 0.923763 -0.382964 0
    outer loop
      vertex 32.2572 41.1934 1.8
      vertex 32.1468 40.9271 0
      vertex 32.2572 41.1934 0
    endloop
  endfacet
  facet normal -0.972374 -0.233429 0
    outer loop
      vertex 37.9631 40.4693 0
      vertex 37.8532 40.9271 2.54828
      vertex 37.8532 40.9271 0
    endloop
  endfacet
  facet normal -0.972374 -0.233429 -0
    outer loop
      vertex 37.9631 40.4693 2.89627
      vertex 37.8532 40.9271 2.54828
      vertex 37.9631 40.4693 0
    endloop
  endfacet
  facet normal -0.972198 -0.234159 -0.00101563
    outer loop
      vertex 37.8532 40.9271 2.54828
      vertex 37.9631 40.4693 2.89627
      vertex 37.884 40.7986 2.69177
    endloop
  endfacet
  facet normal -0.972356 -0.233503 0.000101649
    outer loop
      vertex 37.884 40.7986 2.69177
      vertex 37.9631 40.4693 2.89627
      vertex 37.9325 40.5967 2.83923
    endloop
  endfacet
  facet normal -0.996923 -0.0783858 0
    outer loop
      vertex 38 40 1.8
      vertex 37.9631 40.4693 2.89627
      vertex 37.9631 40.4693 0
    endloop
  endfacet
  facet normal -0.996924 -0.0783685 -7.44123e-06
    outer loop
      vertex 37.9631 40.4693 2.89627
      vertex 38 40 1.8
      vertex 37.971 40.3688 2.94127
    endloop
  endfacet
  facet normal -0.996923 -0.0783858 -0
    outer loop
      vertex 38 40 1.8
      vertex 37.9631 40.4693 0
      vertex 38 40 0
    endloop
  endfacet
  facet normal -0.996921 -0.0784126 6.89562e-06
    outer loop
      vertex 37.971 40.3688 2.94127
      vertex 38 40 1.8
      vertex 37.9902 40.1247 2.99343
    endloop
  endfacet
  facet normal -0.996926 -0.078347 0
    outer loop
      vertex 37.9902 40.1247 2.99343
      vertex 38 40 1.8
      vertex 38 40 2.99343
    endloop
  endfacet
  facet normal -0.923763 -0.382964 0
    outer loop
      vertex 37.8532 40.9271 0
      vertex 37.7428 41.1934 1.8
      vertex 37.7428 41.1934 0
    endloop
  endfacet
  facet normal -0.923763 -0.382964 -0
    outer loop
      vertex 37.8532 40.9271 2.54828
      vertex 37.7428 41.1934 1.8
      vertex 37.8532 40.9271 0
    endloop
  endfacet
  facet normal -0.923657 -0.383219 -0.000106328
    outer loop
      vertex 37.7428 41.1934 1.8
      vertex 37.8532 40.9271 2.54828
      vertex 37.7536 41.1673 2.04949
    endloop
  endfacet
  facet normal -0.923996 -0.382402 0.000354844
    outer loop
      vertex 37.7536 41.1673 2.04949
      vertex 37.8532 40.9271 2.54828
      vertex 37.7856 41.0902 2.28808
    endloop
  endfacet
  facet normal -0.921375 -0.388651 -0.00424278
    outer loop
      vertex 37.7856 41.0902 2.28808
      vertex 37.8532 40.9271 2.54828
      vertex 37.8372 40.9655 2.50534
    endloop
  endfacet
  facet normal -0.972311 0.233692 0
    outer loop
      vertex 37.9382 39.4271 2.50923
      vertex 37.9631 39.5307 2.89627
      vertex 37.9631 39.5307 2.43702
    endloop
  endfacet
  facet normal -0.972351 0.233526 4.70497e-05
    outer loop
      vertex 37.9382 39.4271 2.50923
      vertex 37.9325 39.4033 2.83923
      vertex 37.9631 39.5307 2.89627
    endloop
  endfacet
  facet normal -0.972347 0.23354 4.81068e-05
    outer loop
      vertex 37.9382 39.4271 2.50923
      vertex 37.884 39.2014 2.69177
      vertex 37.9325 39.4033 2.83923
    endloop
  endfacet
  facet normal -0.972461 0.233064 -0.00057378
    outer loop
      vertex 37.884 39.2014 2.69177
      vertex 37.9382 39.4271 2.50923
      vertex 37.8715 39.1491 2.63337
    endloop
  endfacet
  facet normal 0.972198 -0.234159 -0.00101563
    outer loop
      vertex 32.0369 40.4693 2.89627
      vertex 32.1468 40.9271 2.54828
      vertex 32.116 40.7986 2.69177
    endloop
  endfacet
  facet normal 0.972356 -0.233503 0.000101649
    outer loop
      vertex 32.0369 40.4693 2.89627
      vertex 32.116 40.7986 2.69177
      vertex 32.0675 40.5967 2.83923
    endloop
  endfacet
  facet normal 0.972374 -0.233429 0
    outer loop
      vertex 32.1468 40.9271 2.54828
      vertex 32.0369 40.4693 2.89627
      vertex 32.0369 40.4693 0
    endloop
  endfacet
  facet normal 0.972374 -0.233429 0
    outer loop
      vertex 32.1468 40.9271 2.54828
      vertex 32.0369 40.4693 0
      vertex 32.1468 40.9271 0
    endloop
  endfacet
  facet normal -0.996873 0.0790204 0
    outer loop
      vertex 37.9948 39.9344 2.05087
      vertex 38 40 2.99343
      vertex 38 40 1.8
    endloop
  endfacet
  facet normal -0.996933 0.078257 5.34631e-05
    outer loop
      vertex 37.9796 39.7406 2.29077
      vertex 38 40 2.99343
      vertex 37.9948 39.9344 2.05087
    endloop
  endfacet
  facet normal -0.996926 0.078347 2.00246e-05
    outer loop
      vertex 38 40 2.99343
      vertex 37.9796 39.7406 2.29077
      vertex 37.9902 39.8753 2.99343
    endloop
  endfacet
  facet normal -0.996924 0.078377 1.42513e-05
    outer loop
      vertex 37.9631 39.5307 2.43702
      vertex 37.9902 39.8753 2.99343
      vertex 37.9796 39.7406 2.29077
    endloop
  endfacet
  facet normal -0.996921 0.0784163 -1.02361e-05
    outer loop
      vertex 37.9902 39.8753 2.99343
      vertex 37.9631 39.5307 2.43702
      vertex 37.971 39.6312 2.94127
    endloop
  endfacet
  facet normal -0.996925 0.0783652 0
    outer loop
      vertex 37.971 39.6312 2.94127
      vertex 37.9631 39.5307 2.43702
      vertex 37.9631 39.5307 2.89627
    endloop
  endfacet
  facet normal 0.996873 0.0790204 0
    outer loop
      vertex 32 40 2.99343
      vertex 32.0052 39.9344 2.05087
      vertex 32 40 1.8
    endloop
  endfacet
  facet normal 0.996926 0.078347 2.00246e-05
    outer loop
      vertex 32.0204 39.7406 2.29077
      vertex 32 40 2.99343
      vertex 32.0098 39.8753 2.99343
    endloop
  endfacet
  facet normal 0.996933 0.078257 5.34631e-05
    outer loop
      vertex 32 40 2.99343
      vertex 32.0204 39.7406 2.29077
      vertex 32.0052 39.9344 2.05087
    endloop
  endfacet
  facet normal 0.996921 0.0784163 -1.02361e-05
    outer loop
      vertex 32.0369 39.5307 2.43702
      vertex 32.0098 39.8753 2.99343
      vertex 32.029 39.6312 2.94127
    endloop
  endfacet
  facet normal 0.996925 0.0783652 -0
    outer loop
      vertex 32.0369 39.5307 2.43702
      vertex 32.029 39.6312 2.94127
      vertex 32.0369 39.5307 2.89627
    endloop
  endfacet
  facet normal 0.996924 0.078377 1.42513e-05
    outer loop
      vertex 32.0098 39.8753 2.99343
      vertex 32.0369 39.5307 2.43702
      vertex 32.0204 39.7406 2.29077
    endloop
  endfacet
  facet normal 0.972311 0.233692 0
    outer loop
      vertex 32.0369 39.5307 2.89627
      vertex 32.0618 39.4271 2.50923
      vertex 32.0369 39.5307 2.43702
    endloop
  endfacet
  facet normal 0.972351 0.233526 4.70497e-05
    outer loop
      vertex 32.0675 39.4033 2.83923
      vertex 32.0618 39.4271 2.50923
      vertex 32.0369 39.5307 2.89627
    endloop
  endfacet
  facet normal 0.972347 0.23354 4.81068e-05
    outer loop
      vertex 32.116 39.2014 2.69177
      vertex 32.0618 39.4271 2.50923
      vertex 32.0675 39.4033 2.83923
    endloop
  endfacet
  facet normal 0.972461 0.233064 -0.00057378
    outer loop
      vertex 32.0618 39.4271 2.50923
      vertex 32.116 39.2014 2.69177
      vertex 32.1285 39.1491 2.63337
    endloop
  endfacet
  facet normal 0.996924 -0.0783685 -7.44123e-06
    outer loop
      vertex 32 40 1.8
      vertex 32.0369 40.4693 2.89627
      vertex 32.029 40.3688 2.94127
    endloop
  endfacet
  facet normal 0.996921 -0.0784126 6.89562e-06
    outer loop
      vertex 32 40 1.8
      vertex 32.029 40.3688 2.94127
      vertex 32.0098 40.1247 2.99343
    endloop
  endfacet
  facet normal 0.996926 -0.078347 0
    outer loop
      vertex 32 40 1.8
      vertex 32.0098 40.1247 2.99343
      vertex 32 40 2.99343
    endloop
  endfacet
  facet normal 0.996923 -0.0783858 0
    outer loop
      vertex 32.0369 40.4693 2.89627
      vertex 32 40 1.8
      vertex 32.0369 40.4693 0
    endloop
  endfacet
  facet normal 0.996923 -0.0783858 0
    outer loop
      vertex 32.0369 40.4693 0
      vertex 32 40 1.8
      vertex 32 40 0
    endloop
  endfacet
  facet normal 0.996923 -0.0783858 0
    outer loop
      vertex 69.9631 2.5307 1.8
      vertex 70 3 0
      vertex 70 3 1.8
    endloop
  endfacet
  facet normal 0.996923 -0.0783858 0
    outer loop
      vertex 70 3 0
      vertex 69.9631 2.5307 1.8
      vertex 69.9631 2.5307 0
    endloop
  endfacet
  facet normal -0.972364 0.233416 -0.00501436
    outer loop
      vertex 0.14683 37.9271 0
      vertex 0.0369349 37.4693 0
      vertex 0.0655565 37.6272 1.8
    endloop
  endfacet
  facet normal -0.865201 0.43303 0.252809
    outer loop
      vertex 0.32698 38.362 1.8
      vertex 0.259363 38.2269 1.8
      vertex 0.319253 38.2001 2.05087
    endloop
  endfacet
  facet normal 0.760376 0.649474 -0.00349994
    outer loop
      vertex 69.427 38.7634 0
      vertex 69.1213 39.1213 0
      vertex 69.427 38.7731 1.8
    endloop
  endfacet
  facet normal -0.354914 0.203808 0.912414
    outer loop
      vertex 1.37599 38.1864 2.69669
      vertex 0.782778 37.9926 2.50923
      vertex 1.16616 37.821 2.69669
    endloop
  endfacet
  facet normal 0.996923 0.0783858 0
    outer loop
      vertex 70 37 1.8
      vertex 69.9631 37.4693 0
      vertex 69.9631 37.4693 1.8
    endloop
  endfacet
  facet normal 0.996923 0.0783858 0
    outer loop
      vertex 69.9631 37.4693 0
      vertex 70 37 1.8
      vertex 70 37 0
    endloop
  endfacet
  facet normal 0.575453 -0.817835 0
    outer loop
      vertex 68.7634 0.572948 1.8
      vertex 68.5 0.387612 1.8
      vertex 68.7634 0.572948 0
    endloop
  endfacet
  facet normal 0.570583 0.0595998 0.819074
    outer loop
      vertex 69.7406 37 2.29077
      vertex 69.374 37.5074 2.50923
      vertex 69.427 37 2.50923
    endloop
  endfacet
  facet normal -0.89425 0.447568 0
    outer loop
      vertex 0.32698 38.362 0
      vertex 0.259363 38.2269 1.8
      vertex 0.32698 38.362 1.8
    endloop
  endfacet
  facet normal -0.5706 -0.0596443 0.819059
    outer loop
      vertex 0.572948 3 2.50923
      vertex 0.259363 3 2.29077
      vertex 0.625985 2.49261 2.50923
    endloop
  endfacet
  facet normal -0.280351 0.0293046 0.95945
    outer loop
      vertex 1.53278 37.3136 2.84495
      vertex 0.992608 37 2.69669
      vertex 1.5 37 2.84495
    endloop
  endfacet
  facet normal 0.0636395 0.0570158 0.996343
    outer loop
      vertex 67.75 37.5479 2.94755
      vertex 67.2098 37.2343 3
      vertex 67.2537 37.1853 3
    endloop
  endfacet
  facet normal -0.0814638 0.0263296 0.996328
    outer loop
      vertex 2.1531 37.3791 2.94755
      vertex 2.09321 37.1938 2.94755
      vertex 2.71352 37.1283 3
    endloop
  endfacet
  facet normal 0 -1 0
    outer loop
      vertex 3 0 0
      vertex 67.3136 0 1.8
      vertex 2.68641 0 1.8
    endloop
  endfacet
  facet normal 0 -1 0
    outer loop
      vertex 67.3136 0 1.8
      vertex 3 0 0
      vertex 67 0 0
    endloop
  endfacet
  facet normal 0.395331 0.883136 0.252554
    outer loop
      vertex 67.927 39.8689 1.8
      vertex 67.9068 39.8062 2.05087
      vertex 68.5 39.6124 1.8
    endloop
  endfacet
  facet normal 0.751527 -0.659702 0
    outer loop
      vertex 69.1213 0.878679 1.8
      vertex 69.1213 0.878679 0
      vertex 69.427 1.22693 1.8
    endloop
  endfacet
  facet normal -0.830349 0.496812 0.252384
    outer loop
      vertex 0.572948 38.7731 1.8
      vertex 0.32698 38.362 1.8
      vertex 0.625985 38.7343 2.05087
    endloop
  endfacet
  facet normal 0.104189 0.142555 0.984288
    outer loop
      vertex 68.0037 38.1209 2.84495
      vertex 67.4635 37.8073 2.94755
      vertex 67.6203 37.6927 2.94755
    endloop
  endfacet
  facet normal -0.0503625 0.0689034 0.996351
    outer loop
      vertex 2.53647 37.8073 2.94755
      vertex 2.37968 37.6927 2.94755
      vertex 2.79017 37.2343 3
    endloop
  endfacet
  facet normal 0.20221 -0.946171 0.252728
    outer loop
      vertex 67.9068 0.193806 2.05087
      vertex 67.3067 0.0655565 2.05087
      vertex 67.927 0.131114 1.8
    endloop
  endfacet
  facet normal -1 0 0
    outer loop
      vertex 0 3 0
      vertex 0 37 1.8
      vertex 0 37 0
    endloop
  endfacet
  facet normal -1 -0 0
    outer loop
      vertex 0 37 1.8
      vertex 0 3 0
      vertex 0 3 1.8
    endloop
  endfacet
  facet normal -0.104195 0.142554 0.984287
    outer loop
      vertex 2.53647 37.8073 2.94755
      vertex 1.9963 38.1209 2.84495
      vertex 2.37968 37.6927 2.94755
    endloop
  endfacet
  facet normal -0.923863 -0.382677 -0.00599563
    outer loop
      vertex 0.259363 1.77307 1.8
      vertex 0.14683 2.07295 0
      vertex 0.32698 1.63803 0
    endloop
  endfacet
  facet normal 0.0783785 0.99683 -0.0136553
    outer loop
      vertex 67.4693 39.9631 0
      vertex 67 40 0
      vertex 67.3136 40 1.8
    endloop
  endfacet
  facet normal 0.240977 -0.329873 0.912751
    outer loop
      vertex 68.624 1.18641 2.50923
      vertex 68.0037 1.25197 2.69669
      vertex 68.2135 0.886534 2.50923
    endloop
  endfacet
  facet normal -0.208987 0.977917 -0.0019688
    outer loop
      vertex 2.5307 39.9631 0
      vertex 2.07295 39.8689 1.8
      vertex 2.68641 40 1.8
    endloop
  endfacet
  facet normal -0.777876 0 0.628418
    outer loop
      vertex 0.0655565 3 2.05087
      vertex 0.259363 37 2.29077
      vertex 0.0655565 37 2.05087
    endloop
  endfacet
  facet normal -0.777876 0 0.628418
    outer loop
      vertex 0.259363 37 2.29077
      vertex 0.0655565 3 2.05087
      vertex 0.259363 3 2.29077
    endloop
  endfacet
  facet normal 0.965245 0.261347 0
    outer loop
      vertex 69.9344 37.6272 1.8
      vertex 69.8532 37.9271 0
      vertex 69.8532 37.9271 1.8
    endloop
  endfacet
  facet normal 0.93398 0.252882 0.252452
    outer loop
      vertex 69.9344 37.6272 1.8
      vertex 69.8532 37.9271 1.8
      vertex 69.8703 37.6135 2.05087
    endloop
  endfacet
  facet normal 0.85261 -0.52254 -0.00281881
    outer loop
      vertex 69.673 1.63803 0
      vertex 69.427 1.22693 1.8
      vertex 69.427 1.23664 0
    endloop
  endfacet
  facet normal -0.233445 0.972333 -0.0084809
    outer loop
      vertex 2.5307 39.9631 0
      vertex 2.07295 39.8532 0
      vertex 2.07295 39.8689 1.8
    endloop
  endfacet
  facet normal 0.936149 0.351602 -0
    outer loop
      vertex 69.8532 37.9271 0
      vertex 69.7406 38.2269 1.8
      vertex 69.8532 37.9271 1.8
    endloop
  endfacet
  facet normal 0.775276 -0.0810068 0.626406
    outer loop
      vertex 69.9344 3 2.05087
      vertex 69.6807 2.42705 2.29077
      vertex 69.8703 2.38653 2.05087
    endloop
  endfacet
  facet normal 0.777886 -0 0.628405
    outer loop
      vertex 69.7406 3 2.29077
      vertex 69.9344 37 2.05087
      vertex 69.7406 37 2.29077
    endloop
  endfacet
  facet normal 0.777886 0 0.628405
    outer loop
      vertex 69.9344 37 2.05087
      vertex 69.7406 3 2.29077
      vertex 69.9344 3 2.05087
    endloop
  endfacet
  facet normal 0.0784522 -0.996824 -0.0136681
    outer loop
      vertex 67.3136 0 1.8
      vertex 67 0 0
      vertex 67.4693 0.0369349 0
    endloop
  endfacet
  facet normal -0.852641 -0.52249 -0.00281854
    outer loop
      vertex 0.572948 1.22693 1.8
      vertex 0.32698 1.63803 0
      vertex 0.572948 1.23664 0
    endloop
  endfacet
  facet normal -0.852646 0.522481 -0.00281559
    outer loop
      vertex 0.572948 38.7634 0
      vertex 0.32698 38.362 0
      vertex 0.572948 38.7731 1.8
    endloop
  endfacet
  facet normal -0.675682 -0.387969 0.626845
    outer loop
      vertex 0.782778 1.38022 2.29077
      vertex 0.496304 1.87914 2.29077
      vertex 0.625985 1.26568 2.05087
    endloop
  endfacet
  facet normal -0.0720898 -0.161026 0.984314
    outer loop
      vertex 2.53647 2.19273 2.94755
      vertex 2.25 1.69381 2.84495
      vertex 2.53647 1.56556 2.84495
    endloop
  endfacet
  facet normal 0.580168 -0.519535 0.627287
    outer loop
      vertex 69.374 1.26568 2.05087
      vertex 68.8338 0.952091 2.29077
      vertex 68.9635 0.807272 2.05087
    endloop
  endfacet
  facet normal 0.570583 -0.0596009 0.819074
    outer loop
      vertex 69.427 3 2.50923
      vertex 69.374 2.49261 2.50923
      vertex 69.7406 3 2.29077
    endloop
  endfacet
  facet normal -0.0586345 -0.274337 0.959844
    outer loop
      vertex 2.84321 1.5 2.84495
      vertex 2.53647 1.56556 2.84495
      vertex 2.79017 0.992608 2.69669
    endloop
  endfacet
  facet normal -0.741641 -0.239655 0.626525
    outer loop
      vertex 0.496304 1.87914 2.29077
      vertex 0.129682 2.38653 2.05087
      vertex 0.319253 1.79988 2.05087
    endloop
  endfacet
  facet normal -0.649506 0.760294 -0.00974544
    outer loop
      vertex 1.23664 39.4271 0
      vertex 0.878679 39.1213 0
      vertex 0.992608 39.2417 1.8
    endloop
  endfacet
  facet normal -0.996917 0.0784595 0
    outer loop
      vertex 0 37 0
      vertex 0.0369349 37.4693 1.8
      vertex 0.0369349 37.4693 0
    endloop
  endfacet
  facet normal -0.996917 0.0784595 0
    outer loop
      vertex 0.0369349 37.4693 1.8
      vertex 0 37 0
      vertex 0 37 1.8
    endloop
  endfacet
  facet normal 0.741616 -0.239576 0.626586
    outer loop
      vertex 69.6807 2.42705 2.29077
      vertex 69.5037 1.87914 2.29077
      vertex 69.8703 2.38653 2.05087
    endloop
  endfacet
  facet normal -0.176239 -0.0184225 0.984175
    outer loop
      vertex 2.07295 3 2.94755
      vertex 1.5 3 2.84495
      vertex 1.53278 2.68641 2.84495
    endloop
  endfacet
  facet normal -0.280472 0 0.959862
    outer loop
      vertex 0.992608 37 2.69669
      vertex 1.5 3 2.84495
      vertex 1.5 37 2.84495
    endloop
  endfacet
  facet normal -0.280472 0 0.959862
    outer loop
      vertex 1.5 3 2.84495
      vertex 0.992608 37 2.69669
      vertex 0.992608 3 2.69669
    endloop
  endfacet
  facet normal -0.104161 0.14261 0.984283
    outer loop
      vertex 2.25 38.3062 2.84495
      vertex 1.9963 38.1209 2.84495
      vertex 2.53647 37.8073 2.94755
    endloop
  endfacet
  facet normal 0.176225 -0.0183672 0.984179
    outer loop
      vertex 67.927 3 2.94755
      vertex 67.9068 2.80619 2.94755
      vertex 68.5 3 2.84495
    endloop
  endfacet
  facet normal 0.459242 0.628577 0.627685
    outer loop
      vertex 68.9635 39.1927 2.05087
      vertex 68.4672 39.5553 2.05087
      vertex 68.8338 39.0479 2.29077
    endloop
  endfacet
  facet normal 0.972356 -0.23345 -0.00497122
    outer loop
      vertex 69.9344 2.37283 1.8
      vertex 69.8532 2.07295 0
      vertex 69.9631 2.5307 0
    endloop
  endfacet
  facet normal 1 -0 0
    outer loop
      vertex 70 3 1.8
      vertex 70 37 0
      vertex 70 37 1.8
    endloop
  endfacet
  facet normal 1 0 0
    outer loop
      vertex 70 37 0
      vertex 70 3 1.8
      vertex 70 3 0
    endloop
  endfacet
  facet normal -0.119438 0.559193 0.820389
    outer loop
      vertex 2.71352 39.7406 2.29077
      vertex 2.1531 39.6209 2.29077
      vertex 2.7463 39.4271 2.50923
    endloop
  endfacet
  facet normal 0.894295 0.447478 0
    outer loop
      vertex 69.7406 38.2269 1.8
      vertex 69.673 38.362 0
      vertex 69.673 38.362 1.8
    endloop
  endfacet
  facet normal 0.64957 0.760239 -0.0097482
    outer loop
      vertex 69.1213 39.1213 0
      vertex 68.7634 39.4271 0
      vertex 69.0074 39.2417 1.8
    endloop
  endfacet
  facet normal -0.0503942 0.0688893 0.996351
    outer loop
      vertex 2.84321 37.2731 3
      vertex 2.53647 37.8073 2.94755
      vertex 2.79017 37.2343 3
    endloop
  endfacet
  facet normal 0.407484 0.0425633 0.91222
    outer loop
      vertex 69.374 37.5074 2.50923
      vertex 68.9635 37.4197 2.69669
      vertex 69.427 37 2.50923
    endloop
  endfacet
  facet normal 0.337675 0.462205 0.819965
    outer loop
      vertex 68.3703 39.3865 2.29077
      vertex 68.2135 39.1135 2.50923
      vertex 68.624 38.8136 2.50923
    endloop
  endfacet
  facet normal 0.168544 -0.0544614 0.984188
    outer loop
      vertex 68.4672 2.68641 2.84495
      vertex 67.8469 2.62086 2.94755
      vertex 68.3703 2.38653 2.84495
    endloop
  endfacet
  facet normal 0 1 -0
    outer loop
      vertex 67 40 0
      vertex 41 40 1.8
      vertex 67.3136 40 1.8
    endloop
  endfacet
  facet normal 0 1 0
    outer loop
      vertex 41 40 1.8
      vertex 67 40 0
      vertex 41 40 0
    endloop
  endfacet
  facet normal 0 1 0
    outer loop
      vertex 3 40 0
      vertex 29 40 1.8
      vertex 29 40 0
    endloop
  endfacet
  facet normal 0 1 0
    outer loop
      vertex 29 40 1.8
      vertex 3 40 0
      vertex 2.68641 40 1.8
    endloop
  endfacet
  facet normal 0 1 -0
    outer loop
      vertex 38 40 0
      vertex 32 40 1.8
      vertex 38 40 1.8
    endloop
  endfacet
  facet normal 0 1 0
    outer loop
      vertex 32 40 1.8
      vertex 38 40 0
      vertex 32 40 0
    endloop
  endfacet
  facet normal 0.162538 0.760837 0.628258
    outer loop
      vertex 67.9068 39.8062 2.05087
      vertex 67.3067 39.9344 2.05087
      vertex 67.8469 39.6209 2.29077
    endloop
  endfacet
  facet normal -0.89417 -0.447727 -0
    outer loop
      vertex 0.32698 1.63803 1.8
      vertex 0.259363 1.77307 1.8
      vertex 0.32698 1.63803 0
    endloop
  endfacet
  facet normal 0.395331 -0.883144 0.252528
    outer loop
      vertex 68.5 0.387612 1.8
      vertex 67.9068 0.193806 2.05087
      vertex 67.927 0.131114 1.8
    endloop
  endfacet
  facet normal 0.675758 -0.387973 0.62676
    outer loop
      vertex 69.5037 1.87914 2.29077
      vertex 69.374 1.26568 2.05087
      vertex 69.6807 1.79988 2.05087
    endloop
  endfacet
  facet normal 0.408573 -0.912726 -0.00057927
    outer loop
      vertex 68.5 0.387612 1.8
      vertex 67.927 0.131114 1.8
      vertex 68.362 0.32698 0
    endloop
  endfacet
  facet normal 0 -0.777876 0.628418
    outer loop
      vertex 2.69327 0.0655565 2.05087
      vertex 67.2865 0.259363 2.29077
      vertex 2.71352 0.259363 2.29077
    endloop
  endfacet
  facet normal 0 -0.777876 0.628418
    outer loop
      vertex 67.2865 0.259363 2.29077
      vertex 2.69327 0.0655565 2.05087
      vertex 67.3067 0.0655565 2.05087
    endloop
  endfacet
  facet normal -0.58518 -0.770502 0.252767
    outer loop
      vertex 1.03647 0.807272 2.05087
      vertex 0.992608 0.758285 1.8
      vertex 1.23664 0.572948 1.8
    endloop
  endfacet
  facet normal -0.936249 -0.351337 -0
    outer loop
      vertex 0.14683 2.07295 1.8
      vertex 0.14683 2.07295 0
      vertex 0.259363 1.77307 1.8
    endloop
  endfacet
  facet normal -0.60482 -0.796362 -0
    outer loop
      vertex 1.23664 0.572948 1.8
      vertex 0.992608 0.758285 1.8
      vertex 1.23664 0.572948 0
    endloop
  endfacet
  facet normal 0.923819 0.382783 -0.00596457
    outer loop
      vertex 69.8532 37.9271 0
      vertex 69.673 38.362 0
      vertex 69.7406 38.2269 1.8
    endloop
  endfacet
  facet normal 0 -0.967512 0.252827
    outer loop
      vertex 2.68641 0 1.8
      vertex 67.3067 0.0655565 2.05087
      vertex 2.69327 0.0655565 2.05087
    endloop
  endfacet
  facet normal 0 -0.967512 0.252827
    outer loop
      vertex 67.3067 0.0655565 2.05087
      vertex 2.68641 0 1.8
      vertex 67.3136 0 1.8
    endloop
  endfacet
  facet normal 0.20954 -0.187605 0.959634
    outer loop
      vertex 68.2135 2.11347 2.84495
      vertex 68.0037 1.87914 2.84495
      vertex 68.624 1.81359 2.69669
    endloop
  endfacet
  facet normal 0.0636312 -0.0570317 0.996343
    outer loop
      vertex 67.2537 2.81466 3
      vertex 67.2098 2.76568 3
      vertex 67.75 2.45209 2.94755
    endloop
  endfacet
  facet normal -0.49709 -0.285423 0.819412
    outer loop
      vertex 0.782778 2.00739 2.50923
      vertex 0.496304 1.87914 2.29077
      vertex 0.782778 1.38022 2.29077
    endloop
  endfacet
  facet normal -0.702761 -0.665023 0.252728
    outer loop
      vertex 1.03647 0.807272 2.05087
      vertex 0.878679 0.878679 1.8
      vertex 0.992608 0.758285 1.8
    endloop
  endfacet
  facet normal -0.114671 0.256238 0.959788
    outer loop
      vertex 2.53647 38.4344 2.84495
      vertex 1.9963 38.748 2.69669
      vertex 2.25 38.3062 2.84495
    endloop
  endfacet
  facet normal 0 0.774085 0.633081
    outer loop
      vertex 67.2865 39.7406 2.29077
      vertex 40.8628 39.7428 2.28808
      vertex 40.8605 39.7406 2.29077
    endloop
  endfacet
  facet normal 5.69692e-07 0.776821 0.629722
    outer loop
      vertex 67.2865 39.7406 2.29077
      vertex 40.8723 39.7556 2.27229
      vertex 40.8628 39.7428 2.28808
    endloop
  endfacet
  facet normal 3.64967e-06 0.778969 0.627063
    outer loop
      vertex 67.2865 39.7406 2.29077
      vertex 40.8829 39.7698 2.25465
      vertex 40.8723 39.7556 2.27229
    endloop
  endfacet
  facet normal 4.07045e-07 0.777811 0.628498
    outer loop
      vertex 67.2865 39.7406 2.29077
      vertex 40.9268 39.8563 2.1476
      vertex 40.8829 39.7698 2.25465
    endloop
  endfacet
  facet normal -0 0.777886 0.628405
    outer loop
      vertex 40.9664 39.9344 2.05087
      vertex 67.2865 39.7406 2.29077
      vertex 67.3067 39.9344 2.05087
    endloop
  endfacet
  facet normal 3.07026e-06 0.778051 0.628201
    outer loop
      vertex 67.2865 39.7406 2.29077
      vertex 40.9664 39.9344 2.05087
      vertex 40.9268 39.8563 2.1476
    endloop
  endfacet
  facet normal 0 0.774085 0.633081
    outer loop
      vertex 29.1372 39.7428 2.28808
      vertex 2.71352 39.7406 2.29077
      vertex 29.1395 39.7406 2.29077
    endloop
  endfacet
  facet normal -5.69692e-07 0.776821 0.629722
    outer loop
      vertex 29.1277 39.7556 2.27229
      vertex 2.71352 39.7406 2.29077
      vertex 29.1372 39.7428 2.28808
    endloop
  endfacet
  facet normal -3.64968e-06 0.778969 0.627063
    outer loop
      vertex 29.1171 39.7698 2.25465
      vertex 2.71352 39.7406 2.29077
      vertex 29.1277 39.7556 2.27229
    endloop
  endfacet
  facet normal -4.07045e-07 0.777811 0.628498
    outer loop
      vertex 29.0732 39.8563 2.1476
      vertex 2.71352 39.7406 2.29077
      vertex 29.1171 39.7698 2.25465
    endloop
  endfacet
  facet normal -3.07026e-06 0.778051 0.628201
    outer loop
      vertex 29.0336 39.9344 2.05087
      vertex 2.71352 39.7406 2.29077
      vertex 29.0732 39.8563 2.1476
    endloop
  endfacet
  facet normal 0 0.777886 0.628405
    outer loop
      vertex 2.71352 39.7406 2.29077
      vertex 29.0336 39.9344 2.05087
      vertex 2.69327 39.9344 2.05087
    endloop
  endfacet
  facet normal 0 0.777886 0.628405
    outer loop
      vertex 37.9948 39.9344 2.05087
      vertex 32.0204 39.7406 2.29077
      vertex 37.9796 39.7406 2.29077
    endloop
  endfacet
  facet normal 0 0.777886 0.628405
    outer loop
      vertex 32.0204 39.7406 2.29077
      vertex 37.9948 39.9344 2.05087
      vertex 32.0052 39.9344 2.05087
    endloop
  endfacet
  facet normal -0.202199 0.946154 0.252802
    outer loop
      vertex 2.68641 40 1.8
      vertex 2.07295 39.8689 1.8
      vertex 2.09321 39.8062 2.05087
    endloop
  endfacet
  facet normal -0.0783785 0.99683 -0.0136548
    outer loop
      vertex 3 40 0
      vertex 2.5307 39.9631 0
      vertex 2.68641 40 1.8
    endloop
  endfacet
  facet normal 0.830367 -0.496887 0.252178
    outer loop
      vertex 69.673 1.63803 1.8
      vertex 69.374 1.26568 2.05087
      vertex 69.427 1.22693 1.8
    endloop
  endfacet
  facet normal -0.996917 -0.0784595 0
    outer loop
      vertex 0.0369349 2.5307 0
      vertex 0 3 1.8
      vertex 0 3 0
    endloop
  endfacet
  facet normal -0.996917 -0.0784595 0
    outer loop
      vertex 0 3 1.8
      vertex 0.0369349 2.5307 0
      vertex 0.0369349 2.5307 1.8
    endloop
  endfacet
  facet normal 0.556754 -0.79126 0.252849
    outer loop
      vertex 68.7634 0.572948 1.8
      vertex 68.4672 0.444699 2.05087
      vertex 68.5 0.387612 1.8
    endloop
  endfacet
  facet normal -0.280351 -0.0293055 0.95945
    outer loop
      vertex 1.5 3 2.84495
      vertex 0.992608 3 2.69669
      vertex 1.53278 2.68641 2.84495
    endloop
  endfacet
  facet normal -0.176239 0.018422 0.984175
    outer loop
      vertex 1.53278 37.3136 2.84495
      vertex 1.5 37 2.84495
      vertex 2.07295 37 2.94755
    endloop
  endfacet
  facet normal -0.0368758 0.172428 0.984332
    outer loop
      vertex 2.84321 38.5 2.84495
      vertex 2.53647 38.4344 2.84495
      vertex 2.9031 37.9271 2.94755
    endloop
  endfacet
  facet normal -0.0503484 -0.0689156 0.996351
    outer loop
      vertex 2.79017 2.76568 3
      vertex 2.53647 2.19273 2.94755
      vertex 2.84321 2.72693 3
    endloop
  endfacet
  facet normal -0.906442 0.292934 0.304223
    outer loop
      vertex 0.14683 37.9271 1.8
      vertex 0.129682 37.6135 2.05087
      vertex 0.319253 38.2001 2.05087
    endloop
  endfacet
  facet normal -0.972358 -0.233441 -0.00501267
    outer loop
      vertex 0.0655565 2.37283 1.8
      vertex 0.0369349 2.5307 0
      vertex 0.14683 2.07295 0
    endloop
  endfacet
  facet normal -0.382671 -0.923849 -0.00806623
    outer loop
      vertex 2.07295 0.131114 1.8
      vertex 1.63803 0.32698 0
      vertex 2.07295 0.14683 0
    endloop
  endfacet
  facet normal 0.950471 -0.0993125 0.294519
    outer loop
      vertex 69.9344 3 2.05087
      vertex 69.8703 2.38653 2.05087
      vertex 69.9631 2.5307 1.8
    endloop
  endfacet
  facet normal 0.951946 -0.173059 0.252683
    outer loop
      vertex 69.9631 2.5307 1.8
      vertex 69.8703 2.38653 2.05087
      vertex 69.9344 2.37283 1.8
    endloop
  endfacet
  facet normal 0.775326 0.0810648 0.626337
    outer loop
      vertex 69.9344 37 2.05087
      vertex 69.6807 37.5729 2.29077
      vertex 69.7406 37 2.29077
    endloop
  endfacet
  facet normal 0.972362 0.233426 -0.00497291
    outer loop
      vertex 69.9631 37.4693 0
      vertex 69.8532 37.9271 0
      vertex 69.9344 37.6272 1.8
    endloop
  endfacet
  facet normal 0.209027 -0.977908 -0.0019852
    outer loop
      vertex 67.927 0.131114 1.8
      vertex 67.3136 0 1.8
      vertex 67.4693 0.0369349 0
    endloop
  endfacet
  facet normal 0.983874 -0.178864 0
    outer loop
      vertex 69.9631 2.5307 1.8
      vertex 69.9344 2.37283 1.8
      vertex 69.9631 2.5307 0
    endloop
  endfacet
  facet normal 0.459182 0.628561 0.627744
    outer loop
      vertex 68.4672 39.5553 2.05087
      vertex 68.3703 39.3865 2.29077
      vertex 68.8338 39.0479 2.29077
    endloop
  endfacet
  facet normal -0.0784522 -0.996824 -0.0136677
    outer loop
      vertex 2.68641 0 1.8
      vertex 2.5307 0.0369349 0
      vertex 3 0 0
    endloop
  endfacet
  facet normal -0.760343 0.649512 -0.00350015
    outer loop
      vertex 0.878679 39.1213 0
      vertex 0.572948 38.7634 0
      vertex 0.572948 38.7731 1.8
    endloop
  endfacet
  facet normal 0.318031 0.710143 0.628134
    outer loop
      vertex 68.4672 39.5553 2.05087
      vertex 67.8469 39.6209 2.29077
      vertex 68.3703 39.3865 2.29077
    endloop
  endfacet
  facet normal 0.497039 0.28542 0.819444
    outer loop
      vertex 69.2172 38.6198 2.29077
      vertex 68.9635 38.4344 2.50923
      vertex 69.2172 37.9926 2.50923
    endloop
  endfacet
  facet normal 0.20956 0.187567 0.959637
    outer loop
      vertex 68.624 38.1864 2.69669
      vertex 68.0037 38.1209 2.84495
      vertex 68.2135 37.8865 2.84495
    endloop
  endfacet
  facet normal 0.407531 -0.0426312 0.912196
    outer loop
      vertex 69.0074 3 2.69669
      vertex 68.9635 2.58034 2.69669
      vertex 69.427 3 2.50923
    endloop
  endfacet
  facet normal 0.240981 -0.329851 0.912758
    outer loop
      vertex 68.3432 1.5 2.69669
      vertex 68.0037 1.25197 2.69669
      vertex 68.624 1.18641 2.50923
    endloop
  endfacet
  facet normal 0.166774 -0.372551 0.912903
    outer loop
      vertex 68.0037 1.25197 2.69669
      vertex 67.6203 1.08034 2.69669
      vertex 68.2135 0.886534 2.50923
    endloop
  endfacet
  facet normal 0.131736 0.11791 0.984247
    outer loop
      vertex 68.0037 38.1209 2.84495
      vertex 67.75 37.5479 2.94755
      vertex 68.2135 37.8865 2.84495
    endloop
  endfacet
  facet normal 0.240965 0.329831 0.912769
    outer loop
      vertex 68.2135 39.1135 2.50923
      vertex 68.0037 38.748 2.69669
      vertex 68.624 38.8136 2.50923
    endloop
  endfacet
  facet normal 0.852616 0.52253 -0.00281586
    outer loop
      vertex 69.673 38.362 0
      vertex 69.427 38.7634 0
      vertex 69.427 38.7731 1.8
    endloop
  endfacet
  facet normal -0.522459 -0.852589 -0.0113449
    outer loop
      vertex 1.5 0.387612 1.8
      vertex 1.23664 0.572948 0
      vertex 1.63803 0.32698 0
    endloop
  endfacet
  facet normal 0.933976 -0.252897 0.252452
    outer loop
      vertex 69.8703 2.38653 2.05087
      vertex 69.8532 2.07295 1.8
      vertex 69.9344 2.37283 1.8
    endloop
  endfacet
  facet normal 0.522344 0.852659 -0.0113402
    outer loop
      vertex 68.7634 39.4271 0
      vertex 68.362 39.673 0
      vertex 68.5 39.6124 1.8
    endloop
  endfacet
  facet normal 0.233459 -0.97233 -0.00848952
    outer loop
      vertex 67.927 0.131114 1.8
      vertex 67.4693 0.0369349 0
      vertex 67.927 0.14683 0
    endloop
  endfacet
  facet normal 0.382611 -0.923874 -0.00806645
    outer loop
      vertex 68.362 0.32698 0
      vertex 67.927 0.131114 1.8
      vertex 67.927 0.14683 0
    endloop
  endfacet
  facet normal -0.98396 -0.17839 -0
    outer loop
      vertex 0.0369349 2.5307 1.8
      vertex 0.0369349 2.5307 0
      vertex 0.0655565 2.37283 1.8
    endloop
  endfacet
  facet normal -0.209534 -0.187625 0.959631
    outer loop
      vertex 1.9963 1.87914 2.84495
      vertex 1.37599 1.81359 2.69669
      vertex 1.65679 1.5 2.69669
    endloop
  endfacet
  facet normal -0.426695 0.382045 0.819739
    outer loop
      vertex 1.37599 38.8136 2.50923
      vertex 0.782778 38.6198 2.29077
      vertex 1.03647 38.4344 2.50923
    endloop
  endfacet
  facet normal -0.649421 -0.760366 -0.00975311
    outer loop
      vertex 0.992608 0.758285 1.8
      vertex 0.878679 0.878679 0
      vertex 1.23664 0.572948 0
    endloop
  endfacet
  facet normal 0.209006 0.977912 -0.00196818
    outer loop
      vertex 67.4693 39.9631 0
      vertex 67.3136 40 1.8
      vertex 67.927 39.8689 1.8
    endloop
  endfacet
  facet normal -0.952007 -0.172597 0.25277
    outer loop
      vertex 0.129682 2.38653 2.05087
      vertex 0.0369349 2.5307 1.8
      vertex 0.0655565 2.37283 1.8
    endloop
  endfacet
  facet normal -0.85813 -0.513433 -0
    outer loop
      vertex 0.32698 1.63803 1.8
      vertex 0.32698 1.63803 0
      vertex 0.572948 1.22693 1.8
    endloop
  endfacet
  facet normal 0.727226 -0.63837 0.252242
    outer loop
      vertex 69.374 1.26568 2.05087
      vertex 69.1213 0.878679 1.8
      vertex 69.427 1.22693 1.8
    endloop
  endfacet
  facet normal 0.42672 -0.382138 0.819683
    outer loop
      vertex 69.2172 1.38022 2.29077
      vertex 68.624 1.18641 2.50923
      vertex 68.8338 0.952091 2.29077
    endloop
  endfacet
  facet normal 0.337616 -0.462162 0.820014
    outer loop
      vertex 68.624 1.18641 2.50923
      vertex 68.2135 0.886534 2.50923
      vertex 68.3703 0.613465 2.29077
    endloop
  endfacet
  facet normal 0.675657 -0.38799 0.626859
    outer loop
      vertex 69.5037 1.87914 2.29077
      vertex 69.2172 1.38022 2.29077
      vertex 69.374 1.26568 2.05087
    endloop
  endfacet
  facet normal 0.165738 -0.226881 0.959717
    outer loop
      vertex 68.0037 1.87914 2.84495
      vertex 67.75 1.69381 2.84495
      vertex 68.3432 1.5 2.69669
    endloop
  endfacet
  facet normal -0.168538 -0.0544597 0.98419
    outer loop
      vertex 2.1531 2.62086 2.94755
      vertex 1.53278 2.68641 2.84495
      vertex 1.62968 2.38653 2.84495
    endloop
  endfacet
  facet normal -0.459218 -0.628589 0.62769
    outer loop
      vertex 1.62968 0.613465 2.29077
      vertex 1.16616 0.952091 2.29077
      vertex 1.53278 0.444699 2.05087
    endloop
  endfacet
  facet normal -0.983966 0.178358 0
    outer loop
      vertex 0.0655565 37.6272 1.8
      vertex 0.0369349 37.4693 0
      vertex 0.0369349 37.4693 1.8
    endloop
  endfacet
  facet normal -0.923857 0.382692 -0.00598151
    outer loop
      vertex 0.32698 38.362 0
      vertex 0.14683 37.9271 0
      vertex 0.259363 38.2269 1.8
    endloop
  endfacet
  facet normal -0.831854 0.477642 0.282626
    outer loop
      vertex 0.32698 38.362 1.8
      vertex 0.319253 38.2001 2.05087
      vertex 0.625985 38.7343 2.05087
    endloop
  endfacet
  facet normal -0.407484 0.0425853 0.912219
    outer loop
      vertex 1.03647 37.4197 2.69669
      vertex 0.572948 37 2.50923
      vertex 0.992608 37 2.69669
    endloop
  endfacet
  facet normal -0.726357 0.687318 0
    outer loop
      vertex 0.992608 39.2417 1.8
      vertex 0.878679 39.1213 0
      vertex 0.878679 39.1213 1.8
    endloop
  endfacet
  facet normal -0.675722 0.387992 0.626787
    outer loop
      vertex 0.625985 38.7343 2.05087
      vertex 0.319253 38.2001 2.05087
      vertex 0.496304 38.1209 2.29077
    endloop
  endfacet
  facet normal -0.209548 0.187631 0.959627
    outer loop
      vertex 1.65679 38.5 2.69669
      vertex 1.37599 38.1864 2.69669
      vertex 1.9963 38.1209 2.84495
    endloop
  endfacet
  facet normal -0.49705 0.285418 0.819437
    outer loop
      vertex 0.782778 38.6198 2.29077
      vertex 0.782778 37.9926 2.50923
      vertex 1.03647 38.4344 2.50923
    endloop
  endfacet
  facet normal -0 0.571722 0.820447
    outer loop
      vertex 40.8605 39.7406 2.29077
      vertex 67.2537 39.4271 2.50923
      vertex 67.2865 39.7406 2.29077
    endloop
  endfacet
  facet normal 1.40308e-06 0.571802 0.820392
    outer loop
      vertex 40.7837 39.6377 2.36249
      vertex 67.2537 39.4271 2.50923
      vertex 40.8605 39.7406 2.29077
    endloop
  endfacet
  facet normal -7.54111e-07 0.571619 0.820519
    outer loop
      vertex 40.7414 39.5809 2.40206
      vertex 67.2537 39.4271 2.50923
      vertex 40.7837 39.6377 2.36249
    endloop
  endfacet
  facet normal -1.83541e-06 0.571494 0.820606
    outer loop
      vertex 40.5873 39.4326 2.50534
      vertex 67.2537 39.4271 2.50923
      vertex 40.7414 39.5809 2.40206
    endloop
  endfacet
  facet normal -1.22853e-06 0.573463 0.819231
    outer loop
      vertex 40.5851 39.4309 2.50653
      vertex 67.2537 39.4271 2.50923
      vertex 40.5873 39.4326 2.50534
    endloop
  endfacet
  facet normal -4.62432e-06 0.557438 0.830218
    outer loop
      vertex 40.5842 39.4302 2.507
      vertex 67.2537 39.4271 2.50923
      vertex 40.5851 39.4309 2.50653
    endloop
  endfacet
  facet normal -2.53927e-07 0.582519 0.812817
    outer loop
      vertex 40.5821 39.429 2.50786
      vertex 67.2537 39.4271 2.50923
      vertex 40.5842 39.4302 2.507
    endloop
  endfacet
  facet normal 0 0.584867 0.811129
    outer loop
      vertex 67.2537 39.4271 2.50923
      vertex 40.5821 39.429 2.50786
      vertex 40.5786 39.4271 2.50923
    endloop
  endfacet
  facet normal -0.663612 -0.722166 0.19518
    outer loop
      vertex 29.4127 39.4326 2.50534
      vertex 29.4158 39.4302 2.507
      vertex 29.4149 39.4309 2.50653
    endloop
  endfacet
  facet normal -0.175474 0.471422 0.864274
    outer loop
      vertex 29.1395 39.7406 2.29077
      vertex 29.2586 39.5809 2.40206
      vertex 29.2163 39.6377 2.36249
    endloop
  endfacet
  facet normal 0 0.584867 0.811129
    outer loop
      vertex 29.4179 39.429 2.50786
      vertex 2.7463 39.4271 2.50923
      vertex 29.4214 39.4271 2.50923
    endloop
  endfacet
  facet normal 2.53927e-07 0.582519 0.812817
    outer loop
      vertex 29.4158 39.4302 2.507
      vertex 2.7463 39.4271 2.50923
      vertex 29.4179 39.429 2.50786
    endloop
  endfacet
  facet normal 2.64654e-06 0.568856 0.822437
    outer loop
      vertex 29.4127 39.4326 2.50534
      vertex 2.7463 39.4271 2.50923
      vertex 29.4158 39.4302 2.507
    endloop
  endfacet
  facet normal 1.83541e-06 0.571494 0.820606
    outer loop
      vertex 29.2586 39.5809 2.40206
      vertex 2.7463 39.4271 2.50923
      vertex 29.4127 39.4326 2.50534
    endloop
  endfacet
  facet normal -2.61045e-07 0.571737 0.820437
    outer loop
      vertex 29.1395 39.7406 2.29077
      vertex 2.7463 39.4271 2.50923
      vertex 29.2586 39.5809 2.40206
    endloop
  endfacet
  facet normal 0 0.571722 0.820447
    outer loop
      vertex 2.7463 39.4271 2.50923
      vertex 29.1395 39.7406 2.29077
      vertex 2.71352 39.7406 2.29077
    endloop
  endfacet
  facet normal 0.00125489 0.57161 0.820524
    outer loop
      vertex 37.9796 39.7406 2.29077
      vertex 37.9382 39.4271 2.50923
      vertex 37.9631 39.5307 2.43702
    endloop
  endfacet
  facet normal 0 0.571722 0.820447
    outer loop
      vertex 37.9796 39.7406 2.29077
      vertex 32.0618 39.4271 2.50923
      vertex 37.9382 39.4271 2.50923
    endloop
  endfacet
  facet normal -0 0.571722 0.820447
    outer loop
      vertex 32.0204 39.7406 2.29077
      vertex 32.0618 39.4271 2.50923
      vertex 37.9796 39.7406 2.29077
    endloop
  endfacet
  facet normal -0.00125489 0.57161 0.820524
    outer loop
      vertex 32.0618 39.4271 2.50923
      vertex 32.0204 39.7406 2.29077
      vertex 32.0369 39.5307 2.43702
    endloop
  endfacet
  facet normal -0.0586594 0.274286 0.959857
    outer loop
      vertex 2.84321 38.5 2.84495
      vertex 2.37968 38.9197 2.69669
      vertex 2.53647 38.4344 2.84495
    endloop
  endfacet
  facet normal -0.074161 0.0426491 0.996334
    outer loop
      vertex 2.7463 37.1853 3
      vertex 2.1531 37.3791 2.94755
      vertex 2.71352 37.1283 3
    endloop
  endfacet
  facet normal -0.0851879 0 0.996365
    outer loop
      vertex 2.07295 37 2.94755
      vertex 2.68641 3 3
      vertex 2.68641 37 3
    endloop
  endfacet
  facet normal -0.0851879 0 0.996365
    outer loop
      vertex 2.68641 3 3
      vertex 2.07295 37 2.94755
      vertex 2.07295 3 2.94755
    endloop
  endfacet
  facet normal -0.176269 0 0.984342
    outer loop
      vertex 1.5 37 2.84495
      vertex 2.07295 3 2.94755
      vertex 2.07295 37 2.94755
    endloop
  endfacet
  facet normal -0.176269 0 0.984342
    outer loop
      vertex 2.07295 3 2.94755
      vertex 1.5 37 2.84495
      vertex 1.5 3 2.84495
    endloop
  endfacet
  facet normal -0.0851845 -0.00890479 0.996325
    outer loop
      vertex 2.68641 3 3
      vertex 2.07295 3 2.94755
      vertex 2.09321 2.80619 2.94755
    endloop
  endfacet
  facet normal 0.580186 0.519606 0.627211
    outer loop
      vertex 69.374 38.7343 2.05087
      vertex 68.8338 39.0479 2.29077
      vertex 69.2172 38.6198 2.29077
    endloop
  endfacet
  facet normal 0.20222 0.946161 0.252757
    outer loop
      vertex 67.927 39.8689 1.8
      vertex 67.3136 40 1.8
      vertex 67.9068 39.8062 2.05087
    endloop
  endfacet
  facet normal 0.741702 -0.239712 0.626431
    outer loop
      vertex 69.8703 2.38653 2.05087
      vertex 69.5037 1.87914 2.29077
      vertex 69.6807 1.79988 2.05087
    endloop
  endfacet
  facet normal 0.233469 0.972327 -0.00848085
    outer loop
      vertex 67.927 39.8532 0
      vertex 67.4693 39.9631 0
      vertex 67.927 39.8689 1.8
    endloop
  endfacet
  facet normal -0.522354 0.852653 -0.0113498
    outer loop
      vertex 1.63803 39.673 0
      vertex 1.23664 39.4271 0
      vertex 1.5 39.6124 1.8
    endloop
  endfacet
  facet normal 0.905814 -0.340118 0.252628
    outer loop
      vertex 69.8532 2.07295 1.8
      vertex 69.6807 1.79988 2.05087
      vertex 69.7406 1.77307 1.8
    endloop
  endfacet
  facet normal -0.760398 -0.649448 -0.00350341
    outer loop
      vertex 0.878679 0.878679 0
      vertex 0.572948 1.22693 1.8
      vertex 0.572948 1.23664 0
    endloop
  endfacet
  facet normal 0.964683 -0.0758509 0.252255
    outer loop
      vertex 70 3 1.8
      vertex 69.9344 3 2.05087
      vertex 69.9631 2.5307 1.8
    endloop
  endfacet
  facet normal 0.951952 0.173027 0.252683
    outer loop
      vertex 69.9344 37.6272 1.8
      vertex 69.8703 37.6135 2.05087
      vertex 69.9631 37.4693 1.8
    endloop
  endfacet
  facet normal 0.280347 0.0293239 0.959451
    outer loop
      vertex 68.9635 37.4197 2.69669
      vertex 68.5 37 2.84495
      vertex 69.0074 37 2.69669
    endloop
  endfacet
  facet normal 0.545693 0.176349 0.819219
    outer loop
      vertex 69.5037 38.1209 2.29077
      vertex 69.2172 37.9926 2.50923
      vertex 69.374 37.5074 2.50923
    endloop
  endfacet
  facet normal 0.717612 -0.642615 0.268474
    outer loop
      vertex 69.374 1.26568 2.05087
      vertex 68.9635 0.807272 2.05087
      vertex 69.1213 0.878679 1.8
    endloop
  endfacet
  facet normal 0.202122 0.946127 0.252962
    outer loop
      vertex 67.3136 40 1.8
      vertex 67.3067 39.9344 2.05087
      vertex 67.9068 39.8062 2.05087
    endloop
  endfacet
  facet normal 0.408576 0.912724 -0.00059574
    outer loop
      vertex 68.362 39.673 0
      vertex 67.927 39.8689 1.8
      vertex 68.5 39.6124 1.8
    endloop
  endfacet
  facet normal 0.522449 -0.852595 -0.0113352
    outer loop
      vertex 68.5 0.387612 1.8
      vertex 68.362 0.32698 0
      vertex 68.7634 0.572948 0
    endloop
  endfacet
  facet normal 0.8581 0.513482 -0
    outer loop
      vertex 69.673 38.362 0
      vertex 69.427 38.7731 1.8
      vertex 69.673 38.362 1.8
    endloop
  endfacet
  facet normal 0.567504 0.776757 0.273107
    outer loop
      vertex 68.7634 39.4271 1.8
      vertex 68.4672 39.5553 2.05087
      vertex 68.9635 39.1927 2.05087
    endloop
  endfacet
  facet normal 0.0348339 -0.0778274 0.996358
    outer loop
      vertex 67.1568 2.72693 3
      vertex 67.0969 2.70012 3
      vertex 67.4635 2.19273 2.94755
    endloop
  endfacet
  facet normal 0.0851928 -0.00887928 0.996325
    outer loop
      vertex 67.927 3 2.94755
      vertex 67.3136 3 3
      vertex 67.9068 2.80619 2.94755
    endloop
  endfacet
  facet normal 0 0.176284 0.984339
    outer loop
      vertex 67.1568 38.5 2.84495
      vertex 2.9031 37.9271 2.94755
      vertex 67.0969 37.9271 2.94755
    endloop
  endfacet
  facet normal 0 0.176284 0.984339
    outer loop
      vertex 2.9031 37.9271 2.94755
      vertex 67.1568 38.5 2.84495
      vertex 2.84321 38.5 2.84495
    endloop
  endfacet
  facet normal 0.407481 -0.0425639 0.912221
    outer loop
      vertex 69.427 3 2.50923
      vertex 68.9635 2.58034 2.69669
      vertex 69.374 2.49261 2.50923
    endloop
  endfacet
  facet normal 0.571599 0 0.820533
    outer loop
      vertex 69.427 37 2.50923
      vertex 69.7406 3 2.29077
      vertex 69.7406 37 2.29077
    endloop
  endfacet
  facet normal 0.571599 0 0.820533
    outer loop
      vertex 69.7406 3 2.29077
      vertex 69.427 37 2.50923
      vertex 69.427 3 2.50923
    endloop
  endfacet
  facet normal 0.162609 -0.760785 0.628303
    outer loop
      vertex 67.8469 0.379142 2.29077
      vertex 67.2865 0.259363 2.29077
      vertex 67.3067 0.0655565 2.05087
    endloop
  endfacet
  facet normal 0.395365 -0.883095 0.252646
    outer loop
      vertex 68.4672 0.444699 2.05087
      vertex 67.9068 0.193806 2.05087
      vertex 68.5 0.387612 1.8
    endloop
  endfacet
  facet normal 0.202238 -0.946144 0.252806
    outer loop
      vertex 67.927 0.131114 1.8
      vertex 67.3067 0.0655565 2.05087
      vertex 67.3136 0 1.8
    endloop
  endfacet
  facet normal -0.317956 -0.710235 0.628068
    outer loop
      vertex 1.62968 0.613465 2.29077
      vertex 1.53278 0.444699 2.05087
      vertex 2.1531 0.379142 2.29077
    endloop
  endfacet
  facet normal -0.905889 -0.339944 0.252591
    outer loop
      vertex 0.319253 1.79988 2.05087
      vertex 0.14683 2.07295 1.8
      vertex 0.259363 1.77307 1.8
    endloop
  endfacet
  facet normal 0 -0.407854 0.913047
    outer loop
      vertex 2.79017 0.992608 2.69669
      vertex 67.2537 0.572948 2.50923
      vertex 67.2098 0.992608 2.69669
    endloop
  endfacet
  facet normal 0 -0.407854 0.913047
    outer loop
      vertex 67.2537 0.572948 2.50923
      vertex 2.79017 0.992608 2.69669
      vertex 2.7463 0.572948 2.50923
    endloop
  endfacet
  facet normal -0.426709 -0.38211 0.819702
    outer loop
      vertex 1.37599 1.18641 2.50923
      vertex 0.782778 1.38022 2.29077
      vertex 1.16616 0.952091 2.29077
    endloop
  endfacet
  facet normal -0.244154 0.140205 0.959548
    outer loop
      vertex 1.37599 38.1864 2.69669
      vertex 1.16616 37.821 2.69669
      vertex 1.62968 37.6135 2.84495
    endloop
  endfacet
  facet normal -0.905862 0.340025 0.25258
    outer loop
      vertex 0.259363 38.2269 1.8
      vertex 0.14683 37.9271 1.8
      vertex 0.319253 38.2001 2.05087
    endloop
  endfacet
  facet normal -0.556817 -0.79123 0.252806
    outer loop
      vertex 1.53278 0.444699 2.05087
      vertex 1.23664 0.572948 1.8
      vertex 1.5 0.387612 1.8
    endloop
  endfacet
  facet normal -0.575511 -0.817794 -0
    outer loop
      vertex 1.23664 0.572948 1.8
      vertex 1.23664 0.572948 0
      vertex 1.5 0.387612 1.8
    endloop
  endfacet
  facet normal 0.76043 -0.64941 -0.00350321
    outer loop
      vertex 69.427 1.22693 1.8
      vertex 69.1213 0.878679 0
      vertex 69.427 1.23664 0
    endloop
  endfacet
  facet normal 0.382702 0.923837 -0.00805791
    outer loop
      vertex 68.362 39.673 0
      vertex 67.927 39.8532 0
      vertex 67.927 39.8689 1.8
    endloop
  endfacet
  facet normal -0.83037 -0.496824 0.252291
    outer loop
      vertex 0.625985 1.26568 2.05087
      vertex 0.32698 1.63803 1.8
      vertex 0.572948 1.22693 1.8
    endloop
  endfacet
  facet normal -0.337633 -0.462161 0.820007
    outer loop
      vertex 1.37599 1.18641 2.50923
      vertex 1.16616 0.952091 2.29077
      vertex 1.62968 0.613465 2.29077
    endloop
  endfacet
  facet normal -0.72634 -0.687336 -0
    outer loop
      vertex 0.878679 0.878679 1.8
      vertex 0.878679 0.878679 0
      vertex 0.992608 0.758285 1.8
    endloop
  endfacet
  facet normal -0.717627 -0.642605 0.26846
    outer loop
      vertex 1.03647 0.807272 2.05087
      vertex 0.625985 1.26568 2.05087
      vertex 0.878679 0.878679 1.8
    endloop
  endfacet
  facet normal -0.580189 -0.519549 0.627256
    outer loop
      vertex 0.782778 1.38022 2.29077
      vertex 0.625985 1.26568 2.05087
      vertex 1.16616 0.952091 2.29077
    endloop
  endfacet
  facet normal -0.831876 -0.477655 0.282539
    outer loop
      vertex 0.625985 1.26568 2.05087
      vertex 0.319253 1.79988 2.05087
      vertex 0.32698 1.63803 1.8
    endloop
  endfacet
  facet normal 0.60487 -0.796324 0
    outer loop
      vertex 68.7634 0.572948 1.8
      vertex 68.7634 0.572948 0
      vertex 69.0074 0.758285 1.8
    endloop
  endfacet
  facet normal 0.649485 -0.760312 -0.00975587
    outer loop
      vertex 69.0074 0.758285 1.8
      vertex 68.7634 0.572948 0
      vertex 69.1213 0.878679 0
    endloop
  endfacet
  facet normal 0.580171 -0.519557 0.627265
    outer loop
      vertex 69.2172 1.38022 2.29077
      vertex 68.8338 0.952091 2.29077
      vertex 69.374 1.26568 2.05087
    endloop
  endfacet
  facet normal 0.337655 -0.462171 0.819992
    outer loop
      vertex 68.624 1.18641 2.50923
      vertex 68.3703 0.613465 2.29077
      vertex 68.8338 0.952091 2.29077
    endloop
  endfacet
  facet normal 0.114691 -0.256206 0.959794
    outer loop
      vertex 67.75 1.69381 2.84495
      vertex 67.6203 1.08034 2.69669
      vertex 68.0037 1.25197 2.69669
    endloop
  endfacet
  facet normal 0.0814627 -0.0263293 0.996329
    outer loop
      vertex 67.9068 2.80619 2.94755
      vertex 67.2865 2.87175 3
      vertex 67.8469 2.62086 2.94755
    endloop
  endfacet
  facet normal -0.176238 0.0184241 0.984175
    outer loop
      vertex 2.09321 37.1938 2.94755
      vertex 1.53278 37.3136 2.84495
      vertex 2.07295 37 2.94755
    endloop
  endfacet
  facet normal -0.0741801 -0.0425908 0.996335
    outer loop
      vertex 2.7463 2.81466 3
      vertex 2.1531 2.62086 2.94755
      vertex 2.25 2.45209 2.94755
    endloop
  endfacet
  facet normal 0 -0.280472 0.959862
    outer loop
      vertex 2.84321 1.5 2.84495
      vertex 67.2098 0.992608 2.69669
      vertex 67.1568 1.5 2.84495
    endloop
  endfacet
  facet normal 0 -0.280472 0.959862
    outer loop
      vertex 67.2098 0.992608 2.69669
      vertex 2.84321 1.5 2.84495
      vertex 2.79017 0.992608 2.69669
    endloop
  endfacet
  facet normal -0.0636545 -0.0569999 0.996343
    outer loop
      vertex 2.7463 2.81466 3
      vertex 2.25 2.45209 2.94755
      vertex 2.37968 2.30727 2.94755
    endloop
  endfacet
  facet normal -0.459206 -0.628586 0.627702
    outer loop
      vertex 1.16616 0.952091 2.29077
      vertex 1.03647 0.807272 2.05087
      vertex 1.53278 0.444699 2.05087
    endloop
  endfacet
  facet normal -0.202221 -0.946156 0.252776
    outer loop
      vertex 2.69327 0.0655565 2.05087
      vertex 2.07295 0.131114 1.8
      vertex 2.68641 0 1.8
    endloop
  endfacet
  facet normal 0.119496 -0.559077 0.820459
    outer loop
      vertex 67.8469 0.379142 2.29077
      vertex 67.2537 0.572948 2.50923
      vertex 67.2865 0.259363 2.29077
    endloop
  endfacet
  facet normal 0.119493 -0.559082 0.820456
    outer loop
      vertex 67.75 0.679023 2.50923
      vertex 67.2537 0.572948 2.50923
      vertex 67.8469 0.379142 2.29077
    endloop
  endfacet
  facet normal -0.545773 0.176332 0.81917
    outer loop
      vertex 0.496304 38.1209 2.29077
      vertex 0.319253 37.5729 2.29077
      vertex 0.625985 37.5074 2.50923
    endloop
  endfacet
  facet normal -0.936218 0.351419 0
    outer loop
      vertex 0.259363 38.2269 1.8
      vertex 0.14683 37.9271 0
      vertex 0.14683 37.9271 1.8
    endloop
  endfacet
  facet normal -0.965185 0.261567 0
    outer loop
      vertex 0.14683 37.9271 0
      vertex 0.0655565 37.6272 1.8
      vertex 0.14683 37.9271 1.8
    endloop
  endfacet
  facet normal -0.575436 0.817846 0
    outer loop
      vertex 1.5 39.6124 1.8
      vertex 1.23664 39.4271 0
      vertex 1.23664 39.4271 1.8
    endloop
  endfacet
  facet normal -0.702771 0.665 0.25276
    outer loop
      vertex 0.992608 39.2417 1.8
      vertex 0.878679 39.1213 1.8
      vertex 1.03647 39.1927 2.05087
    endloop
  endfacet
  facet normal -0.85813 0.513433 0
    outer loop
      vertex 0.572948 38.7731 1.8
      vertex 0.32698 38.362 0
      vertex 0.32698 38.362 1.8
    endloop
  endfacet
  facet normal -0.131723 0.117916 0.984248
    outer loop
      vertex 1.9963 38.1209 2.84495
      vertex 1.78647 37.8865 2.84495
      vertex 2.25 37.5479 2.94755
    endloop
  endfacet
  facet normal -0.382762 0.923812 -0.00805769
    outer loop
      vertex 2.07295 39.8532 0
      vertex 1.63803 39.673 0
      vertex 2.07295 39.8689 1.8
    endloop
  endfacet
  facet normal -0.304618 0.272757 0.912585
    outer loop
      vertex 1.37599 38.8136 2.50923
      vertex 1.37599 38.1864 2.69669
      vertex 1.65679 38.5 2.69669
    endloop
  endfacet
  facet normal -0.567519 0.776794 0.272971
    outer loop
      vertex 1.23664 39.4271 1.8
      vertex 1.03647 39.1927 2.05087
      vertex 1.53278 39.5553 2.05087
    endloop
  endfacet
  facet normal -0.717619 0.642609 0.268472
    outer loop
      vertex 0.878679 39.1213 1.8
      vertex 0.625985 38.7343 2.05087
      vertex 1.03647 39.1927 2.05087
    endloop
  endfacet
  facet normal -0.933901 0.253089 0.252538
    outer loop
      vertex 0.14683 37.9271 1.8
      vertex 0.0655565 37.6272 1.8
      vertex 0.129682 37.6135 2.05087
    endloop
  endfacet
  facet normal 0 0.0851823 0.996365
    outer loop
      vertex 67.0969 37.9271 2.94755
      vertex 2.96722 37.3136 3
      vertex 67.0328 37.3136 3
    endloop
  endfacet
  facet normal 0 0.0851823 0.996365
    outer loop
      vertex 2.96722 37.3136 3
      vertex 67.0969 37.9271 2.94755
      vertex 2.9031 37.9271 2.94755
    endloop
  endfacet
  facet normal -0.0741796 -0.0425925 0.996335
    outer loop
      vertex 2.71352 2.87175 3
      vertex 2.1531 2.62086 2.94755
      vertex 2.7463 2.81466 3
    endloop
  endfacet
  facet normal -0.168534 0.0544545 0.984191
    outer loop
      vertex 1.62968 37.6135 2.84495
      vertex 1.53278 37.3136 2.84495
      vertex 2.1531 37.3791 2.94755
    endloop
  endfacet
  facet normal 0.0178082 0.0833215 0.996364
    outer loop
      vertex 67.0969 37.9271 2.94755
      vertex 67.0328 37.3136 3
      vertex 67.0969 37.2999 3
    endloop
  endfacet
  facet normal -0.39535 0.883103 0.252642
    outer loop
      vertex 2.07295 39.8689 1.8
      vertex 1.5 39.6124 1.8
      vertex 2.09321 39.8062 2.05087
    endloop
  endfacet
  facet normal -0.459242 0.628589 0.627673
    outer loop
      vertex 1.53278 39.5553 2.05087
      vertex 1.03647 39.1927 2.05087
      vertex 1.16616 39.0479 2.29077
    endloop
  endfacet
  facet normal 0 0.280468 0.959863
    outer loop
      vertex 67.2098 39.0074 2.69669
      vertex 2.84321 38.5 2.84495
      vertex 67.1568 38.5 2.84495
    endloop
  endfacet
  facet normal 0 0.280468 0.959863
    outer loop
      vertex 2.84321 38.5 2.84495
      vertex 67.2098 39.0074 2.69669
      vertex 2.79017 39.0074 2.69669
    endloop
  endfacet
  facet normal 0.176225 0.0183681 0.984179
    outer loop
      vertex 68.5 37 2.84495
      vertex 67.9068 37.1938 2.94755
      vertex 67.927 37 2.94755
    endloop
  endfacet
  facet normal 0.165732 0.226908 0.959711
    outer loop
      vertex 68.3432 38.5 2.69669
      vertex 67.75 38.3062 2.84495
      vertex 68.0037 38.1209 2.84495
    endloop
  endfacet
  facet normal -0.119515 0.559052 0.820474
    outer loop
      vertex 2.7463 39.4271 2.50923
      vertex 2.1531 39.6209 2.29077
      vertex 2.25 39.321 2.50923
    endloop
  endfacet
  facet normal -0.0852233 0.398897 0.913027
    outer loop
      vertex 2.7463 39.4271 2.50923
      vertex 2.37968 38.9197 2.69669
      vertex 2.79017 39.0074 2.69669
    endloop
  endfacet
  facet normal 0.831883 -0.477608 0.282598
    outer loop
      vertex 69.6807 1.79988 2.05087
      vertex 69.374 1.26568 2.05087
      vertex 69.673 1.63803 1.8
    endloop
  endfacet
  facet normal 0.906389 -0.292937 0.30438
    outer loop
      vertex 69.8703 2.38653 2.05087
      vertex 69.6807 1.79988 2.05087
      vertex 69.8532 2.07295 1.8
    endloop
  endfacet
  facet normal 0.98388 0.178831 -0
    outer loop
      vertex 69.9631 37.4693 0
      vertex 69.9344 37.6272 1.8
      vertex 69.9631 37.4693 1.8
    endloop
  endfacet
  facet normal 0.675677 0.388017 0.62682
    outer loop
      vertex 69.374 38.7343 2.05087
      vertex 69.2172 38.6198 2.29077
      vertex 69.5037 38.1209 2.29077
    endloop
  endfacet
  facet normal 0.905787 0.340199 0.252617
    outer loop
      vertex 69.7406 38.2269 1.8
      vertex 69.6807 38.2001 2.05087
      vertex 69.8532 37.9271 1.8
    endloop
  endfacet
  facet normal 0.395369 0.883081 0.252689
    outer loop
      vertex 68.5 39.6124 1.8
      vertex 67.9068 39.8062 2.05087
      vertex 68.4672 39.5553 2.05087
    endloop
  endfacet
  facet normal 0.317997 0.710266 0.628013
    outer loop
      vertex 67.9068 39.8062 2.05087
      vertex 67.8469 39.6209 2.29077
      vertex 68.4672 39.5553 2.05087
    endloop
  endfacet
  facet normal 0.726444 0.687226 -0
    outer loop
      vertex 69.1213 39.1213 0
      vertex 69.0074 39.2417 1.8
      vertex 69.1213 39.1213 1.8
    endloop
  endfacet
  facet normal 0.702837 0.664893 0.252857
    outer loop
      vertex 69.0074 39.2417 1.8
      vertex 68.9635 39.1927 2.05087
      vertex 69.1213 39.1213 1.8
    endloop
  endfacet
  facet normal 0.0503434 -0.0689179 0.996351
    outer loop
      vertex 67.6203 2.30727 2.94755
      vertex 67.2098 2.76568 3
      vertex 67.4635 2.19273 2.94755
    endloop
  endfacet
  facet normal 0.0503771 -0.0689029 0.996351
    outer loop
      vertex 67.2098 2.76568 3
      vertex 67.1568 2.72693 3
      vertex 67.4635 2.19273 2.94755
    endloop
  endfacet
  facet normal -0.176239 -0.0184232 0.984175
    outer loop
      vertex 2.07295 3 2.94755
      vertex 1.53278 2.68641 2.84495
      vertex 2.09321 2.80619 2.94755
    endloop
  endfacet
  facet normal -0.0178165 -0.0833255 0.996363
    outer loop
      vertex 2.9031 2.70012 3
      vertex 2.9031 2.07295 2.94755
      vertex 2.96722 2.68641 3
    endloop
  endfacet
  facet normal 0.354917 -0.203794 0.912415
    outer loop
      vertex 69.2172 2.00739 2.50923
      vertex 68.624 1.81359 2.69669
      vertex 68.9635 1.56556 2.50923
    endloop
  endfacet
  facet normal 0.244144 -0.140196 0.959551
    outer loop
      vertex 68.3703 2.38653 2.84495
      vertex 68.2135 2.11347 2.84495
      vertex 68.624 1.81359 2.69669
    endloop
  endfacet
  facet normal 0.280347 -0.0293267 0.959451
    outer loop
      vertex 69.0074 3 2.69669
      vertex 68.5 3 2.84495
      vertex 68.9635 2.58034 2.69669
    endloop
  endfacet
  facet normal 0.268109 -0.0866483 0.959484
    outer loop
      vertex 68.9635 2.58034 2.69669
      vertex 68.4672 2.68641 2.84495
      vertex 68.8338 2.17902 2.69669
    endloop
  endfacet
  facet normal 0.545792 -0.176316 0.81916
    outer loop
      vertex 69.6807 2.42705 2.29077
      vertex 69.374 2.49261 2.50923
      vertex 69.5037 1.87914 2.29077
    endloop
  endfacet
  facet normal 0.459206 -0.628574 0.627714
    outer loop
      vertex 68.8338 0.952091 2.29077
      vertex 68.4672 0.444699 2.05087
      vertex 68.9635 0.807272 2.05087
    endloop
  endfacet
  facet normal 0.459231 -0.628581 0.627689
    outer loop
      vertex 68.8338 0.952091 2.29077
      vertex 68.3703 0.613465 2.29077
      vertex 68.4672 0.444699 2.05087
    endloop
  endfacet
  facet normal -0.675681 -0.387969 0.626846
    outer loop
      vertex 0.496304 1.87914 2.29077
      vertex 0.319253 1.79988 2.05087
      vertex 0.625985 1.26568 2.05087
    endloop
  endfacet
  facet normal -0.5706 -0.0596444 0.819059
    outer loop
      vertex 0.625985 2.49261 2.50923
      vertex 0.259363 3 2.29077
      vertex 0.319253 2.42705 2.29077
    endloop
  endfacet
  facet normal -0.865121 -0.433182 0.252823
    outer loop
      vertex 0.319253 1.79988 2.05087
      vertex 0.259363 1.77307 1.8
      vertex 0.32698 1.63803 1.8
    endloop
  endfacet
  facet normal -0.965181 -0.261583 -0
    outer loop
      vertex 0.14683 2.07295 1.8
      vertex 0.0655565 2.37283 1.8
      vertex 0.14683 2.07295 0
    endloop
  endfacet
  facet normal -0.280349 -0.0293015 0.959451
    outer loop
      vertex 1.53278 2.68641 2.84495
      vertex 0.992608 3 2.69669
      vertex 1.03647 2.58034 2.69669
    endloop
  endfacet
  facet normal -0.407487 -0.0425943 0.912217
    outer loop
      vertex 1.03647 2.58034 2.69669
      vertex 0.572948 3 2.50923
      vertex 0.625985 2.49261 2.50923
    endloop
  endfacet
  facet normal -0.39535 -0.88311 0.252616
    outer loop
      vertex 1.53278 0.444699 2.05087
      vertex 1.5 0.387612 1.8
      vertex 2.09321 0.193806 2.05087
    endloop
  endfacet
  facet normal -0.408605 0.912711 -0.000605275
    outer loop
      vertex 1.63803 39.673 0
      vertex 1.5 39.6124 1.8
      vertex 2.07295 39.8689 1.8
    endloop
  endfacet
  facet normal -0.727175 -0.63839 0.252341
    outer loop
      vertex 0.625985 1.26568 2.05087
      vertex 0.572948 1.22693 1.8
      vertex 0.878679 0.878679 1.8
    endloop
  endfacet
  facet normal -0.751494 -0.65974 -0
    outer loop
      vertex 0.878679 0.878679 1.8
      vertex 0.572948 1.22693 1.8
      vertex 0.878679 0.878679 0
    endloop
  endfacet
  facet normal -0.580186 -0.519532 0.627272
    outer loop
      vertex 1.16616 0.952091 2.29077
      vertex 0.625985 1.26568 2.05087
      vertex 1.03647 0.807272 2.05087
    endloop
  endfacet
  facet normal -0.567522 -0.776855 0.272791
    outer loop
      vertex 1.53278 0.444699 2.05087
      vertex 1.03647 0.807272 2.05087
      vertex 1.23664 0.572948 1.8
    endloop
  endfacet
  facet normal 0.702827 -0.664916 0.252826
    outer loop
      vertex 69.1213 0.878679 1.8
      vertex 68.9635 0.807272 2.05087
      vertex 69.0074 0.758285 1.8
    endloop
  endfacet
  facet normal 0.726427 -0.687244 0
    outer loop
      vertex 69.1213 0.878679 1.8
      vertex 69.0074 0.758285 1.8
      vertex 69.1213 0.878679 0
    endloop
  endfacet
  facet normal 0.389697 -0.125931 0.912293
    outer loop
      vertex 69.374 2.49261 2.50923
      vertex 68.9635 2.58034 2.69669
      vertex 69.2172 2.00739 2.50923
    endloop
  endfacet
  facet normal 0.389683 -0.125939 0.912297
    outer loop
      vertex 68.9635 2.58034 2.69669
      vertex 68.8338 2.17902 2.69669
      vertex 69.2172 2.00739 2.50923
    endloop
  endfacet
  facet normal 0.0368553 -0.172415 0.984335
    outer loop
      vertex 67.4635 1.56556 2.84495
      vertex 67.0969 2.07295 2.94755
      vertex 67.1568 1.5 2.84495
    endloop
  endfacet
  facet normal 0.317966 -0.710231 0.628069
    outer loop
      vertex 68.3703 0.613465 2.29077
      vertex 67.8469 0.379142 2.29077
      vertex 68.4672 0.444699 2.05087
    endloop
  endfacet
  facet normal 0.0178077 -0.0833255 0.996363
    outer loop
      vertex 67.0969 2.70012 3
      vertex 67.0969 2.07295 2.94755
      vertex 67.2865 2.11347 2.94755
    endloop
  endfacet
  facet normal -0.0348386 -0.077822 0.996358
    outer loop
      vertex 2.9031 2.70012 3
      vertex 2.53647 2.19273 2.94755
      vertex 2.71352 2.11347 2.94755
    endloop
  endfacet
  facet normal 0.0851654 -0.00896341 0.996327
    outer loop
      vertex 67.3136 3 3
      vertex 67.3067 2.93444 3
      vertex 67.9068 2.80619 2.94755
    endloop
  endfacet
  facet normal -0.39535 -0.88311 0.252616
    outer loop
      vertex 2.09321 0.193806 2.05087
      vertex 1.5 0.387612 1.8
      vertex 2.07295 0.131114 1.8
    endloop
  endfacet
  facet normal -0.114697 -0.256205 0.959794
    outer loop
      vertex 2.53647 1.56556 2.84495
      vertex 1.9963 1.25197 2.69669
      vertex 2.37968 1.08034 2.69669
    endloop
  endfacet
  facet normal -0.104172 -0.142597 0.984284
    outer loop
      vertex 2.37968 2.30727 2.94755
      vertex 1.9963 1.87914 2.84495
      vertex 2.53647 2.19273 2.94755
    endloop
  endfacet
  facet normal -0.0178026 0.0833215 0.996364
    outer loop
      vertex 2.9031 37.9271 2.94755
      vertex 2.9031 37.2999 3
      vertex 2.96722 37.3136 3
    endloop
  endfacet
  facet normal 0.166783 -0.372529 0.91291
    outer loop
      vertex 68.2135 0.886534 2.50923
      vertex 67.6203 1.08034 2.69669
      vertex 67.75 0.679023 2.50923
    endloop
  endfacet
  facet normal 0.0852571 -0.39892 0.913014
    outer loop
      vertex 67.6203 1.08034 2.69669
      vertex 67.2098 0.992608 2.69669
      vertex 67.2537 0.572948 2.50923
    endloop
  endfacet
  facet normal 0.104166 -0.142598 0.984284
    outer loop
      vertex 67.6203 2.30727 2.94755
      vertex 67.4635 2.19273 2.94755
      vertex 68.0037 1.87914 2.84495
    endloop
  endfacet
  facet normal 0.165743 -0.226867 0.959719
    outer loop
      vertex 68.3432 1.5 2.69669
      vertex 67.75 1.69381 2.84495
      vertex 68.0037 1.25197 2.69669
    endloop
  endfacet
  facet normal -0.10417 -0.1426 0.984283
    outer loop
      vertex 2.53647 2.19273 2.94755
      vertex 1.9963 1.87914 2.84495
      vertex 2.25 1.69381 2.84495
    endloop
  endfacet
  facet normal -0.354908 -0.203783 0.912422
    outer loop
      vertex 1.37599 1.81359 2.69669
      vertex 0.782778 2.00739 2.50923
      vertex 1.03647 1.56556 2.50923
    endloop
  endfacet
  facet normal -0.964719 0.0759254 0.252097
    outer loop
      vertex 0.0369349 37.4693 1.8
      vertex 0 37 1.8
      vertex 0.0655565 37 2.05087
    endloop
  endfacet
  facet normal -0.407854 0 0.913047
    outer loop
      vertex 0.572948 37 2.50923
      vertex 0.992608 3 2.69669
      vertex 0.992608 37 2.69669
    endloop
  endfacet
  facet normal -0.407854 0 0.913047
    outer loop
      vertex 0.992608 3 2.69669
      vertex 0.572948 37 2.50923
      vertex 0.572948 3 2.50923
    endloop
  endfacet
  facet normal -0.580204 0.519597 0.627202
    outer loop
      vertex 1.16616 39.0479 2.29077
      vertex 0.625985 38.7343 2.05087
      vertex 0.782778 38.6198 2.29077
    endloop
  endfacet
  facet normal -0.580197 0.519551 0.627247
    outer loop
      vertex 1.03647 39.1927 2.05087
      vertex 0.625985 38.7343 2.05087
      vertex 1.16616 39.0479 2.29077
    endloop
  endfacet
  facet normal -0.240955 0.329865 0.912759
    outer loop
      vertex 1.9963 38.748 2.69669
      vertex 1.37599 38.8136 2.50923
      vertex 1.65679 38.5 2.69669
    endloop
  endfacet
  facet normal -0.0348273 0.0778286 0.996358
    outer loop
      vertex 2.9031 37.2999 3
      vertex 2.53647 37.8073 2.94755
      vertex 2.84321 37.2731 3
    endloop
  endfacet
  facet normal -0.389705 0.125943 0.912288
    outer loop
      vertex 1.16616 37.821 2.69669
      vertex 0.782778 37.9926 2.50923
      vertex 1.03647 37.4197 2.69669
    endloop
  endfacet
  facet normal -0.168535 0.0544715 0.984189
    outer loop
      vertex 2.1531 37.3791 2.94755
      vertex 1.53278 37.3136 2.84495
      vertex 2.09321 37.1938 2.94755
    endloop
  endfacet
  facet normal -0.60495 0.796263 0
    outer loop
      vertex 1.23664 39.4271 0
      vertex 0.992608 39.2417 1.8
      vertex 1.23664 39.4271 1.8
    endloop
  endfacet
  facet normal -0.585299 0.770398 0.252808
    outer loop
      vertex 1.23664 39.4271 1.8
      vertex 0.992608 39.2417 1.8
      vertex 1.03647 39.1927 2.05087
    endloop
  endfacet
  facet normal -0.751446 0.659794 0
    outer loop
      vertex 0.878679 39.1213 0
      vertex 0.572948 38.7731 1.8
      vertex 0.878679 39.1213 1.8
    endloop
  endfacet
  facet normal -0.727105 0.638422 0.252458
    outer loop
      vertex 0.878679 39.1213 1.8
      vertex 0.572948 38.7731 1.8
      vertex 0.625985 38.7343 2.05087
    endloop
  endfacet
  facet normal 0 -0.0851879 0.996365
    outer loop
      vertex 2.96722 2.68641 3
      vertex 67.0969 2.07295 2.94755
      vertex 67.0328 2.68641 3
    endloop
  endfacet
  facet normal 0 -0.0851879 0.996365
    outer loop
      vertex 67.0969 2.07295 2.94755
      vertex 2.96722 2.68641 3
      vertex 2.9031 2.07295 2.94755
    endloop
  endfacet
  facet normal 0.131717 -0.117929 0.984248
    outer loop
      vertex 68.2135 2.11347 2.84495
      vertex 67.75 2.45209 2.94755
      vertex 68.0037 1.87914 2.84495
    endloop
  endfacet
  facet normal 0.0741905 0.0425892 0.996334
    outer loop
      vertex 67.75 37.5479 2.94755
      vertex 67.2865 37.1283 3
      vertex 67.8469 37.3791 2.94755
    endloop
  endfacet
  facet normal 0.081471 -0.0262516 0.99633
    outer loop
      vertex 67.3067 2.93444 3
      vertex 67.2865 2.87175 3
      vertex 67.9068 2.80619 2.94755
    endloop
  endfacet
  facet normal -0.317986 0.710277 0.628006
    outer loop
      vertex 2.09321 39.8062 2.05087
      vertex 1.53278 39.5553 2.05087
      vertex 2.1531 39.6209 2.29077
    endloop
  endfacet
  facet normal -0.426707 0.382134 0.819692
    outer loop
      vertex 1.16616 39.0479 2.29077
      vertex 0.782778 38.6198 2.29077
      vertex 1.37599 38.8136 2.50923
    endloop
  endfacet
  facet normal -0.166774 0.372553 0.912902
    outer loop
      vertex 2.25 39.321 2.50923
      vertex 1.78647 39.1135 2.50923
      vertex 2.37968 38.9197 2.69669
    endloop
  endfacet
  facet normal -0.233687 0.522029 0.82029
    outer loop
      vertex 2.1531 39.6209 2.29077
      vertex 1.78647 39.1135 2.50923
      vertex 2.25 39.321 2.50923
    endloop
  endfacet
  facet normal 0.0851961 0 0.996364
    outer loop
      vertex 67.3136 37 3
      vertex 67.927 3 2.94755
      vertex 67.927 37 2.94755
    endloop
  endfacet
  facet normal 0.0851961 0 0.996364
    outer loop
      vertex 67.927 3 2.94755
      vertex 67.3136 37 3
      vertex 67.3136 3 3
    endloop
  endfacet
  facet normal 0.407902 0 0.913026
    outer loop
      vertex 69.0074 37 2.69669
      vertex 69.427 3 2.50923
      vertex 69.427 37 2.50923
    endloop
  endfacet
  facet normal 0.407902 0 0.913026
    outer loop
      vertex 69.427 3 2.50923
      vertex 69.0074 37 2.69669
      vertex 69.0074 3 2.69669
    endloop
  endfacet
  facet normal 0.119515 0.559052 0.820474
    outer loop
      vertex 67.8469 39.6209 2.29077
      vertex 67.2537 39.4271 2.50923
      vertex 67.75 39.321 2.50923
    endloop
  endfacet
  facet normal 0.33765 0.4622 0.819978
    outer loop
      vertex 68.8338 39.0479 2.29077
      vertex 68.3703 39.3865 2.29077
      vertex 68.624 38.8136 2.50923
    endloop
  endfacet
  facet normal 0.153476 0.0881032 0.984217
    outer loop
      vertex 68.3703 37.6135 2.84495
      vertex 67.75 37.5479 2.94755
      vertex 67.8469 37.3791 2.94755
    endloop
  endfacet
  facet normal 0.0852202 0.398893 0.913029
    outer loop
      vertex 67.2537 39.4271 2.50923
      vertex 67.2098 39.0074 2.69669
      vertex 67.6203 38.9197 2.69669
    endloop
  endfacet
  facet normal 0.0852842 0.398931 0.913007
    outer loop
      vertex 67.75 39.321 2.50923
      vertex 67.2537 39.4271 2.50923
      vertex 67.6203 38.9197 2.69669
    endloop
  endfacet
  facet normal 0.8581 -0.513482 0
    outer loop
      vertex 69.673 1.63803 1.8
      vertex 69.427 1.22693 1.8
      vertex 69.673 1.63803 0
    endloop
  endfacet
  facet normal 0.965241 -0.261363 0
    outer loop
      vertex 69.8532 2.07295 1.8
      vertex 69.8532 2.07295 0
      vertex 69.9344 2.37283 1.8
    endloop
  endfacet
  facet normal 0.894215 -0.447637 0
    outer loop
      vertex 69.673 1.63803 1.8
      vertex 69.673 1.63803 0
      vertex 69.7406 1.77307 1.8
    endloop
  endfacet
  facet normal 0.865157 -0.433091 0.252856
    outer loop
      vertex 69.6807 1.79988 2.05087
      vertex 69.673 1.63803 1.8
      vertex 69.7406 1.77307 1.8
    endloop
  endfacet
  facet normal 0.964683 0.0758509 0.252255
    outer loop
      vertex 69.9631 37.4693 1.8
      vertex 69.9344 37 2.05087
      vertex 70 37 1.8
    endloop
  endfacet
  facet normal 0.96747 -0 0.252984
    outer loop
      vertex 69.9344 3 2.05087
      vertex 70 37 1.8
      vertex 69.9344 37 2.05087
    endloop
  endfacet
  facet normal 0.96747 0 0.252984
    outer loop
      vertex 70 37 1.8
      vertex 69.9344 3 2.05087
      vertex 70 3 1.8
    endloop
  endfacet
  facet normal 0.605001 0.796225 0
    outer loop
      vertex 69.0074 39.2417 1.8
      vertex 68.7634 39.4271 0
      vertex 68.7634 39.4271 1.8
    endloop
  endfacet
  facet normal 0.585335 0.770343 0.252892
    outer loop
      vertex 69.0074 39.2417 1.8
      vertex 68.7634 39.4271 1.8
      vertex 68.9635 39.1927 2.05087
    endloop
  endfacet
  facet normal 0.575378 0.817888 -0
    outer loop
      vertex 68.7634 39.4271 0
      vertex 68.5 39.6124 1.8
      vertex 68.7634 39.4271 1.8
    endloop
  endfacet
  facet normal 0.556676 0.791302 0.252889
    outer loop
      vertex 68.5 39.6124 1.8
      vertex 68.4672 39.5553 2.05087
      vertex 68.7634 39.4271 1.8
    endloop
  endfacet
  facet normal 0.865237 0.432939 0.252842
    outer loop
      vertex 69.7406 38.2269 1.8
      vertex 69.673 38.362 1.8
      vertex 69.6807 38.2001 2.05087
    endloop
  endfacet
  facet normal 0.751479 0.659757 0
    outer loop
      vertex 69.427 38.7731 1.8
      vertex 69.1213 39.1213 0
      vertex 69.1213 39.1213 1.8
    endloop
  endfacet
  facet normal 0.0636443 0.0570074 0.996343
    outer loop
      vertex 67.6203 37.6927 2.94755
      vertex 67.2098 37.2343 3
      vertex 67.75 37.5479 2.94755
    endloop
  endfacet
  facet normal 0.0851673 0.00895814 0.996326
    outer loop
      vertex 67.9068 37.1938 2.94755
      vertex 67.3067 37.0656 3
      vertex 67.3136 37 3
    endloop
  endfacet
  facet normal 0.153479 -0.0881208 0.984215
    outer loop
      vertex 67.8469 2.62086 2.94755
      vertex 67.75 2.45209 2.94755
      vertex 68.3703 2.38653 2.84495
    endloop
  endfacet
  facet normal 0.28035 -0.0293233 0.95945
    outer loop
      vertex 68.5 3 2.84495
      vertex 68.4672 2.68641 2.84495
      vertex 68.9635 2.58034 2.69669
    endloop
  endfacet
  facet normal 0.354909 -0.20376 0.912426
    outer loop
      vertex 68.8338 2.17902 2.69669
      vertex 68.624 1.81359 2.69669
      vertex 69.2172 2.00739 2.50923
    endloop
  endfacet
  facet normal 0.49708 -0.285425 0.819417
    outer loop
      vertex 69.2172 2.00739 2.50923
      vertex 68.9635 1.56556 2.50923
      vertex 69.2172 1.38022 2.29077
    endloop
  endfacet
  facet normal 0.775327 -0.0810578 0.626337
    outer loop
      vertex 69.7406 3 2.29077
      vertex 69.6807 2.42705 2.29077
      vertex 69.9344 3 2.05087
    endloop
  endfacet
  facet normal 0.570638 -0.0596582 0.819032
    outer loop
      vertex 69.7406 3 2.29077
      vertex 69.374 2.49261 2.50923
      vertex 69.6807 2.42705 2.29077
    endloop
  endfacet
  facet normal 0.585215 -0.770448 0.252851
    outer loop
      vertex 68.9635 0.807272 2.05087
      vertex 68.7634 0.572948 1.8
      vertex 69.0074 0.758285 1.8
    endloop
  endfacet
  facet normal 0.567506 -0.776819 0.272927
    outer loop
      vertex 68.9635 0.807272 2.05087
      vertex 68.4672 0.444699 2.05087
      vertex 68.7634 0.572948 1.8
    endloop
  endfacet
  facet normal -0.775317 -0.0810433 0.626351
    outer loop
      vertex 0.259363 3 2.29077
      vertex 0.0655565 3 2.05087
      vertex 0.319253 2.42705 2.29077
    endloop
  endfacet
  facet normal -0.933897 -0.253105 0.252538
    outer loop
      vertex 0.129682 2.38653 2.05087
      vertex 0.0655565 2.37283 1.8
      vertex 0.14683 2.07295 1.8
    endloop
  endfacet
  facet normal -0.906464 -0.292916 0.304176
    outer loop
      vertex 0.319253 1.79988 2.05087
      vertex 0.129682 2.38653 2.05087
      vertex 0.14683 2.07295 1.8
    endloop
  endfacet
  facet normal -0.74164 -0.239653 0.626528
    outer loop
      vertex 0.319253 2.42705 2.29077
      vertex 0.129682 2.38653 2.05087
      vertex 0.496304 1.87914 2.29077
    endloop
  endfacet
  facet normal -0.0852632 -0.398926 0.91301
    outer loop
      vertex 2.37968 1.08034 2.69669
      vertex 2.25 0.679023 2.50923
      vertex 2.7463 0.572948 2.50923
    endloop
  endfacet
  facet normal -0.268113 -0.086635 0.959484
    outer loop
      vertex 1.53278 2.68641 2.84495
      vertex 1.16616 2.17902 2.69669
      vertex 1.62968 2.38653 2.84495
    endloop
  endfacet
  facet normal -0.407484 -0.0425893 0.912219
    outer loop
      vertex 0.992608 3 2.69669
      vertex 0.572948 3 2.50923
      vertex 1.03647 2.58034 2.69669
    endloop
  endfacet
  facet normal -0.389709 -0.12593 0.912288
    outer loop
      vertex 1.03647 2.58034 2.69669
      vertex 0.625985 2.49261 2.50923
      vertex 0.782778 2.00739 2.50923
    endloop
  endfacet
  facet normal -0.119493 -0.559082 0.820456
    outer loop
      vertex 2.7463 0.572948 2.50923
      vertex 2.1531 0.379142 2.29077
      vertex 2.71352 0.259363 2.29077
    endloop
  endfacet
  facet normal -0.1626 -0.76077 0.628323
    outer loop
      vertex 2.71352 0.259363 2.29077
      vertex 2.1531 0.379142 2.29077
      vertex 2.69327 0.0655565 2.05087
    endloop
  endfacet
  facet normal -0.209008 -0.977912 -0.00198582
    outer loop
      vertex 2.68641 0 1.8
      vertex 2.07295 0.131114 1.8
      vertex 2.5307 0.0369349 0
    endloop
  endfacet
  facet normal -0.233435 -0.972335 -0.00848957
    outer loop
      vertex 2.5307 0.0369349 0
      vertex 2.07295 0.131114 1.8
      vertex 2.07295 0.14683 0
    endloop
  endfacet
  facet normal 0.497056 -0.285429 0.81943
    outer loop
      vertex 69.2172 2.00739 2.50923
      vertex 69.2172 1.38022 2.29077
      vertex 69.5037 1.87914 2.29077
    endloop
  endfacet
  facet normal 0.545714 -0.176349 0.819206
    outer loop
      vertex 69.374 2.49261 2.50923
      vertex 69.2172 2.00739 2.50923
      vertex 69.5037 1.87914 2.29077
    endloop
  endfacet
  facet normal -0.0741822 0.0425845 0.996335
    outer loop
      vertex 2.25 37.5479 2.94755
      vertex 2.1531 37.3791 2.94755
      vertex 2.7463 37.1853 3
    endloop
  endfacet
  facet normal -0.07204 0.161044 0.984315
    outer loop
      vertex 2.53647 38.4344 2.84495
      vertex 2.53647 37.8073 2.94755
      vertex 2.71352 37.8865 2.94755
    endloop
  endfacet
  facet normal 0.0741294 0.0426569 0.996336
    outer loop
      vertex 67.75 37.5479 2.94755
      vertex 67.2537 37.1853 3
      vertex 67.2865 37.1283 3
    endloop
  endfacet
  facet normal 0.153478 -0.0881321 0.984214
    outer loop
      vertex 68.3703 2.38653 2.84495
      vertex 67.75 2.45209 2.94755
      vertex 68.2135 2.11347 2.84495
    endloop
  endfacet
  facet normal 0 -0.176269 0.984342
    outer loop
      vertex 2.9031 2.07295 2.94755
      vertex 67.1568 1.5 2.84495
      vertex 67.0969 2.07295 2.94755
    endloop
  endfacet
  facet normal 0 -0.176269 0.984342
    outer loop
      vertex 67.1568 1.5 2.84495
      vertex 2.9031 2.07295 2.94755
      vertex 2.84321 1.5 2.84495
    endloop
  endfacet
  facet normal -0.0368507 -0.172416 0.984335
    outer loop
      vertex 2.9031 2.07295 2.94755
      vertex 2.53647 1.56556 2.84495
      vertex 2.84321 1.5 2.84495
    endloop
  endfacet
  facet normal -0.304604 -0.272766 0.912587
    outer loop
      vertex 1.37599 1.81359 2.69669
      vertex 1.03647 1.56556 2.50923
      vertex 1.37599 1.18641 2.50923
    endloop
  endfacet
  facet normal -0.166777 -0.372539 0.912908
    outer loop
      vertex 1.9963 1.25197 2.69669
      vertex 1.78647 0.886534 2.50923
      vertex 2.37968 1.08034 2.69669
    endloop
  endfacet
  facet normal -0.0636461 -0.057006 0.996343
    outer loop
      vertex 2.7463 2.81466 3
      vertex 2.37968 2.30727 2.94755
      vertex 2.79017 2.76568 3
    endloop
  endfacet
  facet normal 0.0741658 -0.0426106 0.996335
    outer loop
      vertex 67.2865 2.87175 3
      vertex 67.2537 2.81466 3
      vertex 67.75 2.45209 2.94755
    endloop
  endfacet
  facet normal -0.165743 -0.226873 0.959718
    outer loop
      vertex 1.9963 1.87914 2.84495
      vertex 1.65679 1.5 2.69669
      vertex 1.9963 1.25197 2.69669
    endloop
  endfacet
  facet normal -0.168539 -0.0544638 0.984189
    outer loop
      vertex 2.09321 2.80619 2.94755
      vertex 1.53278 2.68641 2.84495
      vertex 2.1531 2.62086 2.94755
    endloop
  endfacet
  facet normal -0.165733 -0.226873 0.959719
    outer loop
      vertex 1.9963 1.87914 2.84495
      vertex 1.9963 1.25197 2.69669
      vertex 2.25 1.69381 2.84495
    endloop
  endfacet
  facet normal -0.114699 -0.256201 0.959794
    outer loop
      vertex 2.25 1.69381 2.84495
      vertex 1.9963 1.25197 2.69669
      vertex 2.53647 1.56556 2.84495
    endloop
  endfacet
  facet normal 0 -0.571618 0.82052
    outer loop
      vertex 2.7463 0.572948 2.50923
      vertex 67.2865 0.259363 2.29077
      vertex 67.2537 0.572948 2.50923
    endloop
  endfacet
  facet normal 0 -0.571618 0.82052
    outer loop
      vertex 67.2865 0.259363 2.29077
      vertex 2.7463 0.572948 2.50923
      vertex 2.71352 0.259363 2.29077
    endloop
  endfacet
  facet normal 0.0852625 -0.398923 0.913012
    outer loop
      vertex 67.6203 1.08034 2.69669
      vertex 67.2537 0.572948 2.50923
      vertex 67.75 0.679023 2.50923
    endloop
  endfacet
  facet normal 0.114689 -0.256205 0.959794
    outer loop
      vertex 67.75 1.69381 2.84495
      vertex 67.4635 1.56556 2.84495
      vertex 67.6203 1.08034 2.69669
    endloop
  endfacet
  facet normal 0.0720823 -0.161026 0.984314
    outer loop
      vertex 67.4635 2.19273 2.94755
      vertex 67.4635 1.56556 2.84495
      vertex 67.75 1.69381 2.84495
    endloop
  endfacet
  facet normal 0.304617 -0.272765 0.912583
    outer loop
      vertex 68.624 1.81359 2.69669
      vertex 68.3432 1.5 2.69669
      vertex 68.624 1.18641 2.50923
    endloop
  endfacet
  facet normal 0.209537 -0.187627 0.95963
    outer loop
      vertex 68.624 1.81359 2.69669
      vertex 68.0037 1.87914 2.84495
      vertex 68.3432 1.5 2.69669
    endloop
  endfacet
  facet normal -0.233707 -0.522045 0.820275
    outer loop
      vertex 1.78647 0.886534 2.50923
      vertex 1.62968 0.613465 2.29077
      vertex 2.1531 0.379142 2.29077
    endloop
  endfacet
  facet normal -0.119493 -0.559082 0.820456
    outer loop
      vertex 2.25 0.679023 2.50923
      vertex 2.1531 0.379142 2.29077
      vertex 2.7463 0.572948 2.50923
    endloop
  endfacet
  facet normal -0.952013 0.172566 0.25277
    outer loop
      vertex 0.0655565 37.6272 1.8
      vertex 0.0369349 37.4693 1.8
      vertex 0.129682 37.6135 2.05087
    endloop
  endfacet
  facet normal -0.950533 0.0993536 0.294305
    outer loop
      vertex 0.129682 37.6135 2.05087
      vertex 0.0369349 37.4693 1.8
      vertex 0.0655565 37 2.05087
    endloop
  endfacet
  facet normal -0.775317 0.0810503 0.62635
    outer loop
      vertex 0.319253 37.5729 2.29077
      vertex 0.0655565 37 2.05087
      vertex 0.259363 37 2.29077
    endloop
  endfacet
  facet normal -0.280348 0.0292986 0.959451
    outer loop
      vertex 1.03647 37.4197 2.69669
      vertex 0.992608 37 2.69669
      vertex 1.53278 37.3136 2.84495
    endloop
  endfacet
  facet normal -0.0586111 0.274336 0.959846
    outer loop
      vertex 2.79017 39.0074 2.69669
      vertex 2.37968 38.9197 2.69669
      vertex 2.84321 38.5 2.84495
    endloop
  endfacet
  facet normal -0.240965 0.329814 0.912775
    outer loop
      vertex 1.78647 39.1135 2.50923
      vertex 1.37599 38.8136 2.50923
      vertex 1.9963 38.748 2.69669
    endloop
  endfacet
  facet normal -0.131684 0.117934 0.984251
    outer loop
      vertex 2.37968 37.6927 2.94755
      vertex 1.9963 38.1209 2.84495
      vertex 2.25 37.5479 2.94755
    endloop
  endfacet
  facet normal -0.0503459 -0.0689168 0.996351
    outer loop
      vertex 2.79017 2.76568 3
      vertex 2.37968 2.30727 2.94755
      vertex 2.53647 2.19273 2.94755
    endloop
  endfacet
  facet normal 0.017822 -0.0833255 0.996363
    outer loop
      vertex 67.0969 2.70012 3
      vertex 67.0328 2.68641 3
      vertex 67.0969 2.07295 2.94755
    endloop
  endfacet
  facet normal -0.0851845 0.00890525 0.996325
    outer loop
      vertex 2.09321 37.1938 2.94755
      vertex 2.07295 37 2.94755
      vertex 2.68641 37 3
    endloop
  endfacet
  facet normal 0.0741824 -0.0425921 0.996335
    outer loop
      vertex 67.8469 2.62086 2.94755
      vertex 67.2865 2.87175 3
      vertex 67.75 2.45209 2.94755
    endloop
  endfacet
  facet normal -0.233801 0.522082 0.820224
    outer loop
      vertex 2.1531 39.6209 2.29077
      vertex 1.62968 39.3865 2.29077
      vertex 1.78647 39.1135 2.50923
    endloop
  endfacet
  facet normal -0.318021 0.710148 0.628134
    outer loop
      vertex 2.1531 39.6209 2.29077
      vertex 1.53278 39.5553 2.05087
      vertex 1.62968 39.3865 2.29077
    endloop
  endfacet
  facet normal -0.395355 0.883096 0.252659
    outer loop
      vertex 2.09321 39.8062 2.05087
      vertex 1.5 39.6124 1.8
      vertex 1.53278 39.5553 2.05087
    endloop
  endfacet
  facet normal -0.556739 0.791272 0.252846
    outer loop
      vertex 1.5 39.6124 1.8
      vertex 1.23664 39.4271 1.8
      vertex 1.53278 39.5553 2.05087
    endloop
  endfacet
  facet normal 0 0.960466 0.278396
    outer loop
      vertex 67.3067 39.9344 2.05087
      vertex 40.9669 39.9348 2.04949
      vertex 40.9664 39.9344 2.05087
    endloop
  endfacet
  facet normal -0 0.96747 0.252984
    outer loop
      vertex 41 40 1.8
      vertex 67.3067 39.9344 2.05087
      vertex 67.3136 40 1.8
    endloop
  endfacet
  facet normal 1.44576e-06 0.967508 0.252842
    outer loop
      vertex 67.3067 39.9344 2.05087
      vertex 41 40 1.8
      vertex 40.9669 39.9348 2.04949
    endloop
  endfacet
  facet normal 0 0.960466 0.278396
    outer loop
      vertex 29.0331 39.9348 2.04949
      vertex 2.69327 39.9344 2.05087
      vertex 29.0336 39.9344 2.05087
    endloop
  endfacet
  facet normal -1.44576e-06 0.967508 0.252842
    outer loop
      vertex 29 40 1.8
      vertex 2.69327 39.9344 2.05087
      vertex 29.0331 39.9348 2.04949
    endloop
  endfacet
  facet normal 0 0.96747 0.252984
    outer loop
      vertex 2.69327 39.9344 2.05087
      vertex 29 40 1.8
      vertex 2.68641 40 1.8
    endloop
  endfacet
  facet normal 0 0.96747 0.252984
    outer loop
      vertex 38 40 1.8
      vertex 32.0052 39.9344 2.05087
      vertex 37.9948 39.9344 2.05087
    endloop
  endfacet
  facet normal 0 0.96747 0.252984
    outer loop
      vertex 32.0052 39.9344 2.05087
      vertex 38 40 1.8
      vertex 32 40 1.8
    endloop
  endfacet
  facet normal -0.202137 0.946132 0.252932
    outer loop
      vertex 2.68641 40 1.8
      vertex 2.09321 39.8062 2.05087
      vertex 2.69327 39.9344 2.05087
    endloop
  endfacet
  facet normal 0.176254 0 0.984345
    outer loop
      vertex 67.927 37 2.94755
      vertex 68.5 3 2.84495
      vertex 68.5 37 2.84495
    endloop
  endfacet
  facet normal 0.176254 0 0.984345
    outer loop
      vertex 68.5 3 2.84495
      vertex 67.927 37 2.94755
      vertex 67.927 3 2.94755
    endloop
  endfacet
  facet normal 0.906367 0.292955 0.304427
    outer loop
      vertex 69.8532 37.9271 1.8
      vertex 69.6807 38.2001 2.05087
      vertex 69.8703 37.6135 2.05087
    endloop
  endfacet
  facet normal 0.717604 0.642619 0.268486
    outer loop
      vertex 69.1213 39.1213 1.8
      vertex 68.9635 39.1927 2.05087
      vertex 69.374 38.7343 2.05087
    endloop
  endfacet
  facet normal -0.081463 -0.026314 0.996329
    outer loop
      vertex 2.69327 2.93444 3
      vertex 2.09321 2.80619 2.94755
      vertex 2.71352 2.87175 3
    endloop
  endfacet
  facet normal 0 0 1
    outer loop
      vertex 67.0328 37.3136 3
      vertex 67.3136 37 3
      vertex 67.3067 37.0656 3
    endloop
  endfacet
  facet normal 0 0 1
    outer loop
      vertex 67.3136 37 3
      vertex 67.0328 37.3136 3
      vertex 67.3136 3 3
    endloop
  endfacet
  facet normal 0 0 1
    outer loop
      vertex 67.0328 37.3136 3
      vertex 67.3067 37.0656 3
      vertex 67.2865 37.1283 3
    endloop
  endfacet
  facet normal 0 0 1
    outer loop
      vertex 67.0328 2.68641 3
      vertex 67.3136 3 3
      vertex 67.0328 37.3136 3
    endloop
  endfacet
  facet normal 0 0 1
    outer loop
      vertex 67.0328 37.3136 3
      vertex 67.2865 37.1283 3
      vertex 67.2537 37.1853 3
    endloop
  endfacet
  facet normal 0 0 1
    outer loop
      vertex 67.3136 3 3
      vertex 67.0328 2.68641 3
      vertex 67.3067 2.93444 3
    endloop
  endfacet
  facet normal 0 0 1
    outer loop
      vertex 67.0328 37.3136 3
      vertex 67.2537 37.1853 3
      vertex 67.2098 37.2343 3
    endloop
  endfacet
  facet normal 0 0 1
    outer loop
      vertex 67.3067 2.93444 3
      vertex 67.0328 2.68641 3
      vertex 67.2865 2.87175 3
    endloop
  endfacet
  facet normal 0 0 1
    outer loop
      vertex 67.0328 37.3136 3
      vertex 67.2098 37.2343 3
      vertex 67.1568 37.2731 3
    endloop
  endfacet
  facet normal 0 0 1
    outer loop
      vertex 67.2865 2.87175 3
      vertex 67.0328 2.68641 3
      vertex 67.2537 2.81466 3
    endloop
  endfacet
  facet normal 0 0 1
    outer loop
      vertex 67.0328 37.3136 3
      vertex 67.1568 37.2731 3
      vertex 67.0969 37.2999 3
    endloop
  endfacet
  facet normal 0 0 1
    outer loop
      vertex 67.2537 2.81466 3
      vertex 67.0328 2.68641 3
      vertex 67.2098 2.76568 3
    endloop
  endfacet
  facet normal 0 0 1
    outer loop
      vertex 67.2098 2.76568 3
      vertex 67.0328 2.68641 3
      vertex 67.1568 2.72693 3
    endloop
  endfacet
  facet normal 0 0 1
    outer loop
      vertex 67.1568 2.72693 3
      vertex 67.0328 2.68641 3
      vertex 67.0969 2.70012 3
    endloop
  endfacet
  facet normal -0 0 1
    outer loop
      vertex 2.96722 37.3136 3
      vertex 67.0328 2.68641 3
      vertex 67.0328 37.3136 3
    endloop
  endfacet
  facet normal 0 0 1
    outer loop
      vertex 2.96722 37.3136 3
      vertex 2.96722 2.68641 3
      vertex 67.0328 2.68641 3
    endloop
  endfacet
  facet normal 0 0 1
    outer loop
      vertex 2.68641 37 3
      vertex 2.96722 37.3136 3
      vertex 2.9031 37.2999 3
    endloop
  endfacet
  facet normal 0 0 1
    outer loop
      vertex 2.96722 37.3136 3
      vertex 2.68641 37 3
      vertex 2.96722 2.68641 3
    endloop
  endfacet
  facet normal 0 0 1
    outer loop
      vertex 2.68641 37 3
      vertex 2.9031 37.2999 3
      vertex 2.84321 37.2731 3
    endloop
  endfacet
  facet normal -0 0 1
    outer loop
      vertex 2.68641 3 3
      vertex 2.96722 2.68641 3
      vertex 2.68641 37 3
    endloop
  endfacet
  facet normal 0 0 1
    outer loop
      vertex 2.68641 37 3
      vertex 2.84321 37.2731 3
      vertex 2.79017 37.2343 3
    endloop
  endfacet
  facet normal 0 0 1
    outer loop
      vertex 2.96722 2.68641 3
      vertex 2.68641 3 3
      vertex 2.9031 2.70012 3
    endloop
  endfacet
  facet normal 0 0 1
    outer loop
      vertex 2.68641 37 3
      vertex 2.79017 37.2343 3
      vertex 2.7463 37.1853 3
    endloop
  endfacet
  facet normal 0 0 1
    outer loop
      vertex 2.9031 2.70012 3
      vertex 2.68641 3 3
      vertex 2.84321 2.72693 3
    endloop
  endfacet
  facet normal 0 0 1
    outer loop
      vertex 2.68641 37 3
      vertex 2.7463 37.1853 3
      vertex 2.71352 37.1283 3
    endloop
  endfacet
  facet normal 0 0 1
    outer loop
      vertex 2.84321 2.72693 3
      vertex 2.68641 3 3
      vertex 2.79017 2.76568 3
    endloop
  endfacet
  facet normal 0 0 1
    outer loop
      vertex 2.68641 37 3
      vertex 2.71352 37.1283 3
      vertex 2.69327 37.0656 3
    endloop
  endfacet
  facet normal 0 0 1
    outer loop
      vertex 2.79017 2.76568 3
      vertex 2.68641 3 3
      vertex 2.7463 2.81466 3
    endloop
  endfacet
  facet normal 0 0 1
    outer loop
      vertex 2.7463 2.81466 3
      vertex 2.68641 3 3
      vertex 2.71352 2.87175 3
    endloop
  endfacet
  facet normal 0 0 1
    outer loop
      vertex 2.71352 2.87175 3
      vertex 2.68641 3 3
      vertex 2.69327 2.93444 3
    endloop
  endfacet
  facet normal 0.0368803 0.172427 0.984332
    outer loop
      vertex 67.1568 38.5 2.84495
      vertex 67.0969 37.9271 2.94755
      vertex 67.4635 38.4344 2.84495
    endloop
  endfacet
  facet normal 0.131671 0.11794 0.984253
    outer loop
      vertex 68.0037 38.1209 2.84495
      vertex 67.6203 37.6927 2.94755
      vertex 67.75 37.5479 2.94755
    endloop
  endfacet
  facet normal 0.268103 0.0866509 0.959485
    outer loop
      vertex 68.8338 37.821 2.69669
      vertex 68.4672 37.3136 2.84495
      vertex 68.9635 37.4197 2.69669
    endloop
  endfacet
  facet normal 0.162508 0.760813 0.628296
    outer loop
      vertex 67.3067 39.9344 2.05087
      vertex 67.2865 39.7406 2.29077
      vertex 67.8469 39.6209 2.29077
    endloop
  endfacet
  facet normal 0.119441 0.559187 0.820392
    outer loop
      vertex 67.2865 39.7406 2.29077
      vertex 67.2537 39.4271 2.50923
      vertex 67.8469 39.6209 2.29077
    endloop
  endfacet
  facet normal -0.0852849 0.398934 0.913005
    outer loop
      vertex 2.7463 39.4271 2.50923
      vertex 2.25 39.321 2.50923
      vertex 2.37968 38.9197 2.69669
    endloop
  endfacet
  facet normal 0.0586106 0.27434 0.959845
    outer loop
      vertex 67.2098 39.0074 2.69669
      vertex 67.1568 38.5 2.84495
      vertex 67.6203 38.9197 2.69669
    endloop
  endfacet
  facet normal 0.923825 -0.382768 -0.00597869
    outer loop
      vertex 69.7406 1.77307 1.8
      vertex 69.673 1.63803 0
      vertex 69.8532 2.07295 0
    endloop
  endfacet
  facet normal 0.93618 -0.35152 0
    outer loop
      vertex 69.8532 2.07295 1.8
      vertex 69.7406 1.77307 1.8
      vertex 69.8532 2.07295 0
    endloop
  endfacet
  facet normal 0.741723 0.239739 0.626396
    outer loop
      vertex 69.6807 38.2001 2.05087
      vertex 69.5037 38.1209 2.29077
      vertex 69.8703 37.6135 2.05087
    endloop
  endfacet
  facet normal 0.950474 0.0993079 0.29451
    outer loop
      vertex 69.9631 37.4693 1.8
      vertex 69.8703 37.6135 2.05087
      vertex 69.9344 37 2.05087
    endloop
  endfacet
  facet normal 0.0814647 0.0263342 0.996328
    outer loop
      vertex 67.8469 37.3791 2.94755
      vertex 67.2865 37.1283 3
      vertex 67.9068 37.1938 2.94755
    endloop
  endfacet
  facet normal 0.063648 -0.0570028 0.996343
    outer loop
      vertex 67.75 2.45209 2.94755
      vertex 67.2098 2.76568 3
      vertex 67.6203 2.30727 2.94755
    endloop
  endfacet
  facet normal 0.13169 -0.117941 0.98425
    outer loop
      vertex 67.75 2.45209 2.94755
      vertex 67.6203 2.30727 2.94755
      vertex 68.0037 1.87914 2.84495
    endloop
  endfacet
  facet normal 0.0348236 0.0778334 0.996358
    outer loop
      vertex 67.4635 37.8073 2.94755
      vertex 67.0969 37.2999 3
      vertex 67.1568 37.2731 3
    endloop
  endfacet
  facet normal 0.168545 -0.054475 0.984188
    outer loop
      vertex 67.9068 2.80619 2.94755
      vertex 67.8469 2.62086 2.94755
      vertex 68.4672 2.68641 2.84495
    endloop
  endfacet
  facet normal 0.176246 -0.0184345 0.984174
    outer loop
      vertex 68.5 3 2.84495
      vertex 67.9068 2.80619 2.94755
      vertex 68.4672 2.68641 2.84495
    endloop
  endfacet
  facet normal 0.244171 -0.140183 0.959547
    outer loop
      vertex 68.8338 2.17902 2.69669
      vertex 68.3703 2.38653 2.84495
      vertex 68.624 1.81359 2.69669
    endloop
  endfacet
  facet normal 0.268122 -0.086638 0.959481
    outer loop
      vertex 68.4672 2.68641 2.84495
      vertex 68.3703 2.38653 2.84495
      vertex 68.8338 2.17902 2.69669
    endloop
  endfacet
  facet normal -0.967512 0 0.252827
    outer loop
      vertex 0 3 1.8
      vertex 0.0655565 37 2.05087
      vertex 0 37 1.8
    endloop
  endfacet
  facet normal -0.967512 0 0.252827
    outer loop
      vertex 0.0655565 37 2.05087
      vertex 0 3 1.8
      vertex 0.0655565 3 2.05087
    endloop
  endfacet
  facet normal -0.964719 -0.0759254 0.252097
    outer loop
      vertex 0.0655565 3 2.05087
      vertex 0 3 1.8
      vertex 0.0369349 2.5307 1.8
    endloop
  endfacet
  facet normal -0.571618 0 0.82052
    outer loop
      vertex 0.259363 37 2.29077
      vertex 0.572948 3 2.50923
      vertex 0.572948 37 2.50923
    endloop
  endfacet
  facet normal -0.571618 0 0.82052
    outer loop
      vertex 0.572948 3 2.50923
      vertex 0.259363 37 2.29077
      vertex 0.259363 3 2.29077
    endloop
  endfacet
  facet normal -0.775317 -0.0810433 0.626351
    outer loop
      vertex 0.319253 2.42705 2.29077
      vertex 0.0655565 3 2.05087
      vertex 0.129682 2.38653 2.05087
    endloop
  endfacet
  facet normal -0.95053 -0.0993581 0.294314
    outer loop
      vertex 0.0655565 3 2.05087
      vertex 0.0369349 2.5307 1.8
      vertex 0.129682 2.38653 2.05087
    endloop
  endfacet
  facet normal -0.426709 -0.382108 0.819703
    outer loop
      vertex 1.03647 1.56556 2.50923
      vertex 0.782778 1.38022 2.29077
      vertex 1.37599 1.18641 2.50923
    endloop
  endfacet
  facet normal -0.497092 -0.285423 0.819411
    outer loop
      vertex 0.782778 2.00739 2.50923
      vertex 0.782778 1.38022 2.29077
      vertex 1.03647 1.56556 2.50923
    endloop
  endfacet
  facet normal -0.545745 -0.176351 0.819184
    outer loop
      vertex 0.625985 2.49261 2.50923
      vertex 0.319253 2.42705 2.29077
      vertex 0.496304 1.87914 2.29077
    endloop
  endfacet
  facet normal -0.545745 -0.176351 0.819184
    outer loop
      vertex 0.625985 2.49261 2.50923
      vertex 0.496304 1.87914 2.29077
      vertex 0.782778 2.00739 2.50923
    endloop
  endfacet
  facet normal -0.408603 -0.912712 -0.000588805
    outer loop
      vertex 2.07295 0.131114 1.8
      vertex 1.5 0.387612 1.8
      vertex 1.63803 0.32698 0
    endloop
  endfacet
  facet normal -0.20222 -0.946157 0.252774
    outer loop
      vertex 2.09321 0.193806 2.05087
      vertex 2.07295 0.131114 1.8
      vertex 2.69327 0.0655565 2.05087
    endloop
  endfacet
  facet normal -0.162597 -0.760768 0.628327
    outer loop
      vertex 2.1531 0.379142 2.29077
      vertex 2.09321 0.193806 2.05087
      vertex 2.69327 0.0655565 2.05087
    endloop
  endfacet
  facet normal -0.317957 -0.710233 0.628071
    outer loop
      vertex 2.1531 0.379142 2.29077
      vertex 1.53278 0.444699 2.05087
      vertex 2.09321 0.193806 2.05087
    endloop
  endfacet
  facet normal 0.304621 -0.272765 0.912582
    outer loop
      vertex 68.624 1.81359 2.69669
      vertex 68.624 1.18641 2.50923
      vertex 68.9635 1.56556 2.50923
    endloop
  endfacet
  facet normal 0.426713 -0.382089 0.819709
    outer loop
      vertex 68.9635 1.56556 2.50923
      vertex 68.624 1.18641 2.50923
      vertex 69.2172 1.38022 2.29077
    endloop
  endfacet
  facet normal -0.0814618 -0.0263247 0.996329
    outer loop
      vertex 2.71352 2.87175 3
      vertex 2.09321 2.80619 2.94755
      vertex 2.1531 2.62086 2.94755
    endloop
  endfacet
  facet normal -0.0851818 -0.00891316 0.996326
    outer loop
      vertex 2.68641 3 3
      vertex 2.09321 2.80619 2.94755
      vertex 2.69327 2.93444 3
    endloop
  endfacet
  facet normal -0.0636597 0.056995 0.996343
    outer loop
      vertex 2.79017 37.2343 3
      vertex 2.37968 37.6927 2.94755
      vertex 2.7463 37.1853 3
    endloop
  endfacet
  facet normal -0.354909 -0.203789 0.91242
    outer loop
      vertex 1.16616 2.17902 2.69669
      vertex 0.782778 2.00739 2.50923
      vertex 1.37599 1.81359 2.69669
    endloop
  endfacet
  facet normal -0.244156 -0.140194 0.959549
    outer loop
      vertex 1.62968 2.38653 2.84495
      vertex 1.16616 2.17902 2.69669
      vertex 1.37599 1.81359 2.69669
    endloop
  endfacet
  facet normal -0.0178096 -0.0833255 0.996363
    outer loop
      vertex 2.9031 2.70012 3
      vertex 2.71352 2.11347 2.94755
      vertex 2.9031 2.07295 2.94755
    endloop
  endfacet
  facet normal -0.0348377 -0.0778227 0.996358
    outer loop
      vertex 2.84321 2.72693 3
      vertex 2.53647 2.19273 2.94755
      vertex 2.9031 2.70012 3
    endloop
  endfacet
  facet normal -0.0720865 -0.161026 0.984314
    outer loop
      vertex 2.53647 2.19273 2.94755
      vertex 2.53647 1.56556 2.84495
      vertex 2.71352 2.11347 2.94755
    endloop
  endfacet
  facet normal 0.233712 -0.522036 0.820278
    outer loop
      vertex 68.2135 0.886534 2.50923
      vertex 67.8469 0.379142 2.29077
      vertex 68.3703 0.613465 2.29077
    endloop
  endfacet
  facet normal 0.233719 -0.522039 0.820274
    outer loop
      vertex 68.2135 0.886534 2.50923
      vertex 67.75 0.679023 2.50923
      vertex 67.8469 0.379142 2.29077
    endloop
  endfacet
  facet normal 0.0368484 -0.17242 0.984334
    outer loop
      vertex 67.2865 2.11347 2.94755
      vertex 67.0969 2.07295 2.94755
      vertex 67.4635 1.56556 2.84495
    endloop
  endfacet
  facet normal 0.104167 -0.142595 0.984284
    outer loop
      vertex 68.0037 1.87914 2.84495
      vertex 67.4635 2.19273 2.94755
      vertex 67.75 1.69381 2.84495
    endloop
  endfacet
  facet normal 0.0586429 -0.274341 0.959843
    outer loop
      vertex 67.4635 1.56556 2.84495
      vertex 67.1568 1.5 2.84495
      vertex 67.2098 0.992608 2.69669
    endloop
  endfacet
  facet normal 0.058631 -0.274336 0.959845
    outer loop
      vertex 67.4635 1.56556 2.84495
      vertex 67.2098 0.992608 2.69669
      vertex 67.6203 1.08034 2.69669
    endloop
  endfacet
  facet normal -0.166776 -0.372539 0.912908
    outer loop
      vertex 2.37968 1.08034 2.69669
      vertex 1.78647 0.886534 2.50923
      vertex 2.25 0.679023 2.50923
    endloop
  endfacet
  facet normal -0.233706 -0.522044 0.820275
    outer loop
      vertex 2.25 0.679023 2.50923
      vertex 1.78647 0.886534 2.50923
      vertex 2.1531 0.379142 2.29077
    endloop
  endfacet
  facet normal -0.741662 0.239682 0.62649
    outer loop
      vertex 0.319253 38.2001 2.05087
      vertex 0.129682 37.6135 2.05087
      vertex 0.496304 38.1209 2.29077
    endloop
  endfacet
  facet normal -0.570607 0.0596503 0.819054
    outer loop
      vertex 0.319253 37.5729 2.29077
      vertex 0.259363 37 2.29077
      vertex 0.625985 37.5074 2.50923
    endloop
  endfacet
  facet normal -0.545725 0.176352 0.819197
    outer loop
      vertex 0.782778 37.9926 2.50923
      vertex 0.496304 38.1209 2.29077
      vertex 0.625985 37.5074 2.50923
    endloop
  endfacet
  facet normal -0.5706 0.0596431 0.819059
    outer loop
      vertex 0.625985 37.5074 2.50923
      vertex 0.259363 37 2.29077
      vertex 0.572948 37 2.50923
    endloop
  endfacet
  facet normal -0.354912 0.203799 0.912417
    outer loop
      vertex 1.03647 38.4344 2.50923
      vertex 0.782778 37.9926 2.50923
      vertex 1.37599 38.1864 2.69669
    endloop
  endfacet
  facet normal -0.304633 0.272756 0.912581
    outer loop
      vertex 1.37599 38.8136 2.50923
      vertex 1.03647 38.4344 2.50923
      vertex 1.37599 38.1864 2.69669
    endloop
  endfacet
  facet normal -0.0348181 0.0778352 0.996358
    outer loop
      vertex 2.71352 37.8865 2.94755
      vertex 2.53647 37.8073 2.94755
      vertex 2.9031 37.2999 3
    endloop
  endfacet
  facet normal -0.0720696 0.161044 0.984312
    outer loop
      vertex 2.53647 38.4344 2.84495
      vertex 2.25 38.3062 2.84495
      vertex 2.53647 37.8073 2.94755
    endloop
  endfacet
  facet normal -0.209554 0.187588 0.959634
    outer loop
      vertex 1.9963 38.1209 2.84495
      vertex 1.37599 38.1864 2.69669
      vertex 1.78647 37.8865 2.84495
    endloop
  endfacet
  facet normal -0.244136 0.140213 0.959551
    outer loop
      vertex 1.78647 37.8865 2.84495
      vertex 1.37599 38.1864 2.69669
      vertex 1.62968 37.6135 2.84495
    endloop
  endfacet
  facet normal -0.153488 0.0881101 0.984214
    outer loop
      vertex 2.25 37.5479 2.94755
      vertex 1.78647 37.8865 2.84495
      vertex 2.1531 37.3791 2.94755
    endloop
  endfacet
  facet normal -0.153456 0.0881335 0.984217
    outer loop
      vertex 1.78647 37.8865 2.84495
      vertex 1.62968 37.6135 2.84495
      vertex 2.1531 37.3791 2.94755
    endloop
  endfacet
  facet normal -0.16574 0.226897 0.959713
    outer loop
      vertex 1.9963 38.748 2.69669
      vertex 1.65679 38.5 2.69669
      vertex 1.9963 38.1209 2.84495
    endloop
  endfacet
  facet normal -0.165724 0.226897 0.959715
    outer loop
      vertex 1.9963 38.748 2.69669
      vertex 1.9963 38.1209 2.84495
      vertex 2.25 38.3062 2.84495
    endloop
  endfacet
  facet normal -0.33769 0.462204 0.819959
    outer loop
      vertex 1.62968 39.3865 2.29077
      vertex 1.37599 38.8136 2.50923
      vertex 1.78647 39.1135 2.50923
    endloop
  endfacet
  facet normal 0.407531 0.0426272 0.912196
    outer loop
      vertex 69.427 37 2.50923
      vertex 68.9635 37.4197 2.69669
      vertex 69.0074 37 2.69669
    endloop
  endfacet
  facet normal 0.280468 0 0.959863
    outer loop
      vertex 68.5 37 2.84495
      vertex 69.0074 3 2.69669
      vertex 69.0074 37 2.69669
    endloop
  endfacet
  facet normal 0.280468 0 0.959863
    outer loop
      vertex 69.0074 3 2.69669
      vertex 68.5 37 2.84495
      vertex 68.5 3 2.84495
    endloop
  endfacet
  facet normal 0.580178 0.519553 0.627263
    outer loop
      vertex 68.9635 39.1927 2.05087
      vertex 68.8338 39.0479 2.29077
      vertex 69.374 38.7343 2.05087
    endloop
  endfacet
  facet normal 0.497025 0.285423 0.819451
    outer loop
      vertex 69.2172 38.6198 2.29077
      vertex 69.2172 37.9926 2.50923
      vertex 69.5037 38.1209 2.29077
    endloop
  endfacet
  facet normal 0.0851928 0.00887974 0.996325
    outer loop
      vertex 67.9068 37.1938 2.94755
      vertex 67.3136 37 3
      vertex 67.927 37 2.94755
    endloop
  endfacet
  facet normal 0.304649 0.272754 0.912576
    outer loop
      vertex 68.624 38.8136 2.50923
      vertex 68.624 38.1864 2.69669
      vertex 68.9635 38.4344 2.50923
    endloop
  endfacet
  facet normal 0.0720621 0.161044 0.984313
    outer loop
      vertex 67.4635 38.4344 2.84495
      vertex 67.4635 37.8073 2.94755
      vertex 67.75 38.3062 2.84495
    endloop
  endfacet
  facet normal 0.233806 0.522074 0.820228
    outer loop
      vertex 68.3703 39.3865 2.29077
      vertex 67.8469 39.6209 2.29077
      vertex 68.2135 39.1135 2.50923
    endloop
  endfacet
  facet normal 0.2337 0.522024 0.82029
    outer loop
      vertex 67.8469 39.6209 2.29077
      vertex 67.75 39.321 2.50923
      vertex 68.2135 39.1135 2.50923
    endloop
  endfacet
  facet normal -0.153473 -0.0881233 0.984216
    outer loop
      vertex 2.1531 2.62086 2.94755
      vertex 1.62968 2.38653 2.84495
      vertex 1.78647 2.11347 2.84495
    endloop
  endfacet
  facet normal -0.244157 -0.140194 0.959548
    outer loop
      vertex 1.62968 2.38653 2.84495
      vertex 1.37599 1.81359 2.69669
      vertex 1.78647 2.11347 2.84495
    endloop
  endfacet
  facet normal 0.0503601 0.0689045 0.996351
    outer loop
      vertex 67.4635 37.8073 2.94755
      vertex 67.2098 37.2343 3
      vertex 67.6203 37.6927 2.94755
    endloop
  endfacet
  facet normal -0.304617 -0.272765 0.912583
    outer loop
      vertex 1.37599 1.81359 2.69669
      vertex 1.37599 1.18641 2.50923
      vertex 1.65679 1.5 2.69669
    endloop
  endfacet
  facet normal -0.240977 -0.329855 0.912757
    outer loop
      vertex 1.65679 1.5 2.69669
      vertex 1.37599 1.18641 2.50923
      vertex 1.9963 1.25197 2.69669
    endloop
  endfacet
  facet normal -0.209534 -0.187626 0.959631
    outer loop
      vertex 1.78647 2.11347 2.84495
      vertex 1.37599 1.81359 2.69669
      vertex 1.9963 1.87914 2.84495
    endloop
  endfacet
  facet normal -0.153477 -0.0881197 0.984215
    outer loop
      vertex 2.1531 2.62086 2.94755
      vertex 1.78647 2.11347 2.84495
      vertex 2.25 2.45209 2.94755
    endloop
  endfacet
  facet normal -0.268105 -0.0866406 0.959486
    outer loop
      vertex 1.53278 2.68641 2.84495
      vertex 1.03647 2.58034 2.69669
      vertex 1.16616 2.17902 2.69669
    endloop
  endfacet
  facet normal -0.3897 -0.125935 0.912291
    outer loop
      vertex 1.03647 2.58034 2.69669
      vertex 0.782778 2.00739 2.50923
      vertex 1.16616 2.17902 2.69669
    endloop
  endfacet
  facet normal -0.0368513 -0.172416 0.984335
    outer loop
      vertex 2.71352 2.11347 2.94755
      vertex 2.53647 1.56556 2.84495
      vertex 2.9031 2.07295 2.94755
    endloop
  endfacet
  facet normal 0.0348263 0.0778314 0.996358
    outer loop
      vertex 67.2865 37.8865 2.94755
      vertex 67.0969 37.2999 3
      vertex 67.4635 37.8073 2.94755
    endloop
  endfacet
  facet normal 0.162586 -0.760767 0.62833
    outer loop
      vertex 67.8469 0.379142 2.29077
      vertex 67.3067 0.0655565 2.05087
      vertex 67.9068 0.193806 2.05087
    endloop
  endfacet
  facet normal 0.317968 -0.710221 0.628078
    outer loop
      vertex 68.4672 0.444699 2.05087
      vertex 67.8469 0.379142 2.29077
      vertex 67.9068 0.193806 2.05087
    endloop
  endfacet
  facet normal 0.0721068 -0.161026 0.984313
    outer loop
      vertex 67.4635 2.19273 2.94755
      vertex 67.2865 2.11347 2.94755
      vertex 67.4635 1.56556 2.84495
    endloop
  endfacet
  facet normal 0.0348467 -0.0778182 0.996358
    outer loop
      vertex 67.4635 2.19273 2.94755
      vertex 67.0969 2.70012 3
      vertex 67.2865 2.11347 2.94755
    endloop
  endfacet
  facet normal -0.240976 -0.329856 0.912757
    outer loop
      vertex 1.9963 1.25197 2.69669
      vertex 1.37599 1.18641 2.50923
      vertex 1.78647 0.886534 2.50923
    endloop
  endfacet
  facet normal -0.337631 -0.462161 0.820008
    outer loop
      vertex 1.78647 0.886534 2.50923
      vertex 1.37599 1.18641 2.50923
      vertex 1.62968 0.613465 2.29077
    endloop
  endfacet
  facet normal -0.0852602 -0.398925 0.913011
    outer loop
      vertex 2.79017 0.992608 2.69669
      vertex 2.37968 1.08034 2.69669
      vertex 2.7463 0.572948 2.50923
    endloop
  endfacet
  facet normal -0.0586326 -0.274337 0.959845
    outer loop
      vertex 2.53647 1.56556 2.84495
      vertex 2.37968 1.08034 2.69669
      vertex 2.79017 0.992608 2.69669
    endloop
  endfacet
  facet normal -0.497059 0.285417 0.819433
    outer loop
      vertex 0.782778 38.6198 2.29077
      vertex 0.496304 38.1209 2.29077
      vertex 0.782778 37.9926 2.50923
    endloop
  endfacet
  facet normal -0.675702 0.387996 0.626806
    outer loop
      vertex 0.625985 38.7343 2.05087
      vertex 0.496304 38.1209 2.29077
      vertex 0.782778 38.6198 2.29077
    endloop
  endfacet
  facet normal -0.389715 0.125937 0.912284
    outer loop
      vertex 0.782778 37.9926 2.50923
      vertex 0.625985 37.5074 2.50923
      vertex 1.03647 37.4197 2.69669
    endloop
  endfacet
  facet normal -0.40749 0.0425937 0.912216
    outer loop
      vertex 0.625985 37.5074 2.50923
      vertex 0.572948 37 2.50923
      vertex 1.03647 37.4197 2.69669
    endloop
  endfacet
  facet normal -0.063649 0.0570028 0.996343
    outer loop
      vertex 2.37968 37.6927 2.94755
      vertex 2.25 37.5479 2.94755
      vertex 2.7463 37.1853 3
    endloop
  endfacet
  facet normal -0.0178439 0.0833215 0.996363
    outer loop
      vertex 2.9031 37.9271 2.94755
      vertex 2.71352 37.8865 2.94755
      vertex 2.9031 37.2999 3
    endloop
  endfacet
  facet normal -0.0369201 0.172397 0.984335
    outer loop
      vertex 2.9031 37.9271 2.94755
      vertex 2.53647 38.4344 2.84495
      vertex 2.71352 37.8865 2.94755
    endloop
  endfacet
  facet normal -0.0851836 0.00890792 0.996325
    outer loop
      vertex 2.69327 37.0656 3
      vertex 2.09321 37.1938 2.94755
      vertex 2.68641 37 3
    endloop
  endfacet
  facet normal -0.0814659 0.0263107 0.996329
    outer loop
      vertex 2.71352 37.1283 3
      vertex 2.09321 37.1938 2.94755
      vertex 2.69327 37.0656 3
    endloop
  endfacet
  facet normal -0.166812 0.372465 0.912931
    outer loop
      vertex 2.37968 38.9197 2.69669
      vertex 1.78647 39.1135 2.50923
      vertex 1.9963 38.748 2.69669
    endloop
  endfacet
  facet normal -0.114722 0.256157 0.959803
    outer loop
      vertex 2.37968 38.9197 2.69669
      vertex 1.9963 38.748 2.69669
      vertex 2.53647 38.4344 2.84495
    endloop
  endfacet
  facet normal -0.162499 0.760797 0.628316
    outer loop
      vertex 2.69327 39.9344 2.05087
      vertex 2.1531 39.6209 2.29077
      vertex 2.71352 39.7406 2.29077
    endloop
  endfacet
  facet normal -0.162549 0.760838 0.628255
    outer loop
      vertex 2.69327 39.9344 2.05087
      vertex 2.09321 39.8062 2.05087
      vertex 2.1531 39.6209 2.29077
    endloop
  endfacet
  facet normal 0 0.407741 0.913098
    outer loop
      vertex 37.9382 39.4271 2.50923
      vertex 32.1285 39.1491 2.63337
      vertex 37.8715 39.1491 2.63337
    endloop
  endfacet
  facet normal 0 0.407741 0.913098
    outer loop
      vertex 32.1285 39.1491 2.63337
      vertex 37.9382 39.4271 2.50923
      vertex 32.0618 39.4271 2.50923
    endloop
  endfacet
  facet normal -0 0.407821 0.913062
    outer loop
      vertex 40.5786 39.4271 2.50923
      vertex 67.2098 39.0074 2.69669
      vertex 67.2537 39.4271 2.50923
    endloop
  endfacet
  facet normal -2.97042e-06 0.407664 0.913132
    outer loop
      vertex 40.417 39.3147 2.55941
      vertex 67.2098 39.0074 2.69669
      vertex 40.5786 39.4271 2.50923
    endloop
  endfacet
  facet normal 2.80459e-06 0.408084 0.912944
    outer loop
      vertex 40.3071 39.2613 2.58328
      vertex 67.2098 39.0074 2.69669
      vertex 40.417 39.3147 2.55941
    endloop
  endfacet
  facet normal 5.08092e-07 0.407881 0.913035
    outer loop
      vertex 40.2442 39.2307 2.59695
      vertex 67.2098 39.0074 2.69669
      vertex 40.3071 39.2613 2.58328
    endloop
  endfacet
  facet normal 2.45027e-06 0.408076 0.912948
    outer loop
      vertex 40.1527 39.2024 2.6096
      vertex 67.2098 39.0074 2.69669
      vertex 40.2442 39.2307 2.59695
    endloop
  endfacet
  facet normal -9.90731e-06 0.406647 0.913586
    outer loop
      vertex 40.0677 39.176 2.62135
      vertex 67.2098 39.0074 2.69669
      vertex 40.1527 39.2024 2.6096
    endloop
  endfacet
  facet normal 9.47949e-06 0.409248 0.912423
    outer loop
      vertex 39.9965 39.1653 2.62615
      vertex 67.2098 39.0074 2.69669
      vertex 40.0677 39.176 2.62135
    endloop
  endfacet
  facet normal -5.40725e-06 0.40711 0.913379
    outer loop
      vertex 39.8894 39.1491 2.63337
      vertex 67.2098 39.0074 2.69669
      vertex 39.9965 39.1653 2.62615
    endloop
  endfacet
  facet normal -0 0.407979 0.912991
    outer loop
      vertex 37.8715 39.1491 2.63337
      vertex 67.2098 39.0074 2.69669
      vertex 39.8894 39.1491 2.63337
    endloop
  endfacet
  facet normal -0 0.407979 0.912991
    outer loop
      vertex 32.1285 39.1491 2.63337
      vertex 67.2098 39.0074 2.69669
      vertex 37.8715 39.1491 2.63337
    endloop
  endfacet
  facet normal -0 0.407979 0.912991
    outer loop
      vertex 30.1106 39.1491 2.63337
      vertex 67.2098 39.0074 2.69669
      vertex 32.1285 39.1491 2.63337
    endloop
  endfacet
  facet normal -0.10562 0.216473 0.970559
    outer loop
      vertex 29.583 39.3147 2.55941
      vertex 29.7558 39.2307 2.59695
      vertex 29.6929 39.2613 2.58328
    endloop
  endfacet
  facet normal 0 0.407979 0.912991
    outer loop
      vertex 30.1106 39.1491 2.63337
      vertex 2.79017 39.0074 2.69669
      vertex 67.2098 39.0074 2.69669
    endloop
  endfacet
  facet normal 5.40724e-06 0.40711 0.913379
    outer loop
      vertex 30.0035 39.1653 2.62615
      vertex 2.79017 39.0074 2.69669
      vertex 30.1106 39.1491 2.63337
    endloop
  endfacet
  facet normal -9.47948e-06 0.409248 0.912423
    outer loop
      vertex 29.9323 39.176 2.62135
      vertex 2.79017 39.0074 2.69669
      vertex 30.0035 39.1653 2.62615
    endloop
  endfacet
  facet normal 9.9073e-06 0.406647 0.913586
    outer loop
      vertex 29.8473 39.2024 2.6096
      vertex 2.79017 39.0074 2.69669
      vertex 29.9323 39.176 2.62135
    endloop
  endfacet
  facet normal -2.45027e-06 0.408076 0.912948
    outer loop
      vertex 29.7558 39.2307 2.59695
      vertex 2.79017 39.0074 2.69669
      vertex 29.8473 39.2024 2.6096
    endloop
  endfacet
  facet normal -1.79211e-06 0.40801 0.912977
    outer loop
      vertex 29.583 39.3147 2.55941
      vertex 2.79017 39.0074 2.69669
      vertex 29.7558 39.2307 2.59695
    endloop
  endfacet
  facet normal 2.97042e-06 0.407664 0.913132
    outer loop
      vertex 29.4214 39.4271 2.50923
      vertex 2.79017 39.0074 2.69669
      vertex 29.583 39.3147 2.55941
    endloop
  endfacet
  facet normal 0 0.407821 0.913062
    outer loop
      vertex 2.79017 39.0074 2.69669
      vertex 29.4214 39.4271 2.50923
      vertex 2.7463 39.4271 2.50923
    endloop
  endfacet
  facet normal 0.389703 0.125939 0.912289
    outer loop
      vertex 69.2172 37.9926 2.50923
      vertex 68.9635 37.4197 2.69669
      vertex 69.374 37.5074 2.50923
    endloop
  endfacet
  facet normal 0.280349 0.0293222 0.95945
    outer loop
      vertex 68.9635 37.4197 2.69669
      vertex 68.4672 37.3136 2.84495
      vertex 68.5 37 2.84495
    endloop
  endfacet
  facet normal 0.426717 0.382162 0.819673
    outer loop
      vertex 68.8338 39.0479 2.29077
      vertex 68.624 38.8136 2.50923
      vertex 69.2172 38.6198 2.29077
    endloop
  endfacet
  facet normal 0.4267 0.382027 0.819745
    outer loop
      vertex 69.2172 38.6198 2.29077
      vertex 68.624 38.8136 2.50923
      vertex 68.9635 38.4344 2.50923
    endloop
  endfacet
  facet normal 0.545821 0.176296 0.819146
    outer loop
      vertex 69.5037 38.1209 2.29077
      vertex 69.374 37.5074 2.50923
      vertex 69.6807 37.5729 2.29077
    endloop
  endfacet
  facet normal 0.570644 0.0596642 0.819027
    outer loop
      vertex 69.6807 37.5729 2.29077
      vertex 69.374 37.5074 2.50923
      vertex 69.7406 37 2.29077
    endloop
  endfacet
  facet normal 0.830346 0.496875 0.25227
    outer loop
      vertex 69.427 38.7731 1.8
      vertex 69.374 38.7343 2.05087
      vertex 69.673 38.362 1.8
    endloop
  endfacet
  facet normal 0.727157 0.638403 0.252359
    outer loop
      vertex 69.427 38.7731 1.8
      vertex 69.1213 39.1213 1.8
      vertex 69.374 38.7343 2.05087
    endloop
  endfacet
  facet normal 0.168539 0.0544562 0.98419
    outer loop
      vertex 68.3703 37.6135 2.84495
      vertex 67.8469 37.3791 2.94755
      vertex 68.4672 37.3136 2.84495
    endloop
  endfacet
  facet normal 0.268126 0.0866334 0.959481
    outer loop
      vertex 68.8338 37.821 2.69669
      vertex 68.3703 37.6135 2.84495
      vertex 68.4672 37.3136 2.84495
    endloop
  endfacet
  facet normal 0.017842 0.0833215 0.996363
    outer loop
      vertex 67.0969 37.9271 2.94755
      vertex 67.0969 37.2999 3
      vertex 67.2865 37.8865 2.94755
    endloop
  endfacet
  facet normal 0.114736 0.256202 0.95979
    outer loop
      vertex 68.0037 38.748 2.69669
      vertex 67.6203 38.9197 2.69669
      vertex 67.75 38.3062 2.84495
    endloop
  endfacet
  facet normal 0.166781 0.372544 0.912905
    outer loop
      vertex 67.75 39.321 2.50923
      vertex 67.6203 38.9197 2.69669
      vertex 68.2135 39.1135 2.50923
    endloop
  endfacet
  facet normal -0.131704 -0.117934 0.984249
    outer loop
      vertex 2.25 2.45209 2.94755
      vertex 1.78647 2.11347 2.84495
      vertex 1.9963 1.87914 2.84495
    endloop
  endfacet
  facet normal -0.131704 -0.117935 0.984249
    outer loop
      vertex 2.25 2.45209 2.94755
      vertex 1.9963 1.87914 2.84495
      vertex 2.37968 2.30727 2.94755
    endloop
  endfacet
  facet normal 0.0814739 0.0262484 0.99633
    outer loop
      vertex 67.9068 37.1938 2.94755
      vertex 67.2865 37.1283 3
      vertex 67.3067 37.0656 3
    endloop
  endfacet
  facet normal -0.741613 0.239604 0.626578
    outer loop
      vertex 0.496304 38.1209 2.29077
      vertex 0.129682 37.6135 2.05087
      vertex 0.319253 37.5729 2.29077
    endloop
  endfacet
  facet normal -0.775305 0.081038 0.626367
    outer loop
      vertex 0.129682 37.6135 2.05087
      vertex 0.0655565 37 2.05087
      vertex 0.319253 37.5729 2.29077
    endloop
  endfacet
  facet normal -0.2681 0.0866431 0.959487
    outer loop
      vertex 1.16616 37.821 2.69669
      vertex 1.03647 37.4197 2.69669
      vertex 1.53278 37.3136 2.84495
    endloop
  endfacet
  facet normal -0.268116 0.0866304 0.959484
    outer loop
      vertex 1.62968 37.6135 2.84495
      vertex 1.16616 37.821 2.69669
      vertex 1.53278 37.3136 2.84495
    endloop
  endfacet
  facet normal -0.459169 0.62857 0.627745
    outer loop
      vertex 1.53278 39.5553 2.05087
      vertex 1.16616 39.0479 2.29077
      vertex 1.62968 39.3865 2.29077
    endloop
  endfacet
  facet normal -0.337628 0.46219 0.819993
    outer loop
      vertex 1.62968 39.3865 2.29077
      vertex 1.16616 39.0479 2.29077
      vertex 1.37599 38.8136 2.50923
    endloop
  endfacet
  facet normal 0.389688 0.125947 0.912294
    outer loop
      vertex 69.2172 37.9926 2.50923
      vertex 68.8338 37.821 2.69669
      vertex 68.9635 37.4197 2.69669
    endloop
  endfacet
  facet normal 0.244169 0.140193 0.959546
    outer loop
      vertex 68.624 38.1864 2.69669
      vertex 68.3703 37.6135 2.84495
      vertex 68.8338 37.821 2.69669
    endloop
  endfacet
  facet normal 0.741589 0.239528 0.626636
    outer loop
      vertex 69.8703 37.6135 2.05087
      vertex 69.5037 38.1209 2.29077
      vertex 69.6807 37.5729 2.29077
    endloop
  endfacet
  facet normal 0.775264 0.0810015 0.626422
    outer loop
      vertex 69.8703 37.6135 2.05087
      vertex 69.6807 37.5729 2.29077
      vertex 69.9344 37 2.05087
    endloop
  endfacet
  facet normal 0.0504229 0.0688766 0.99635
    outer loop
      vertex 67.4635 37.8073 2.94755
      vertex 67.1568 37.2731 3
      vertex 67.2098 37.2343 3
    endloop
  endfacet
  facet normal 0.114635 0.256184 0.959807
    outer loop
      vertex 67.6203 38.9197 2.69669
      vertex 67.4635 38.4344 2.84495
      vertex 67.75 38.3062 2.84495
    endloop
  endfacet
  facet normal 0.0586664 0.274283 0.959858
    outer loop
      vertex 67.6203 38.9197 2.69669
      vertex 67.1568 38.5 2.84495
      vertex 67.4635 38.4344 2.84495
    endloop
  endfacet
  facet normal 0.168541 0.0544826 0.984188
    outer loop
      vertex 68.4672 37.3136 2.84495
      vertex 67.8469 37.3791 2.94755
      vertex 67.9068 37.1938 2.94755
    endloop
  endfacet
  facet normal 0.176245 0.0184338 0.984174
    outer loop
      vertex 68.4672 37.3136 2.84495
      vertex 67.9068 37.1938 2.94755
      vertex 68.5 37 2.84495
    endloop
  endfacet
  facet normal 0.83186 0.477595 0.282686
    outer loop
      vertex 69.673 38.362 1.8
      vertex 69.374 38.7343 2.05087
      vertex 69.6807 38.2001 2.05087
    endloop
  endfacet
  facet normal 0.675799 0.387996 0.626702
    outer loop
      vertex 69.6807 38.2001 2.05087
      vertex 69.374 38.7343 2.05087
      vertex 69.5037 38.1209 2.29077
    endloop
  endfacet
  facet normal 0.244124 0.140215 0.959554
    outer loop
      vertex 68.624 38.1864 2.69669
      vertex 68.2135 37.8865 2.84495
      vertex 68.3703 37.6135 2.84495
    endloop
  endfacet
  facet normal 0.104158 0.142606 0.984284
    outer loop
      vertex 67.75 38.3062 2.84495
      vertex 67.4635 37.8073 2.94755
      vertex 68.0037 38.1209 2.84495
    endloop
  endfacet
  facet normal 0.0369171 0.172401 0.984335
    outer loop
      vertex 67.4635 38.4344 2.84495
      vertex 67.0969 37.9271 2.94755
      vertex 67.2865 37.8865 2.94755
    endloop
  endfacet
  facet normal 0.0720602 0.161044 0.984313
    outer loop
      vertex 67.4635 38.4344 2.84495
      vertex 67.2865 37.8865 2.94755
      vertex 67.4635 37.8073 2.94755
    endloop
  endfacet
  facet normal 0.166809 0.372478 0.912927
    outer loop
      vertex 68.2135 39.1135 2.50923
      vertex 67.6203 38.9197 2.69669
      vertex 68.0037 38.748 2.69669
    endloop
  endfacet
  facet normal 0.153471 0.0881473 0.984214
    outer loop
      vertex 68.2135 37.8865 2.84495
      vertex 67.75 37.5479 2.94755
      vertex 68.3703 37.6135 2.84495
    endloop
  endfacet
  facet normal 0.354913 0.203779 0.91242
    outer loop
      vertex 69.2172 37.9926 2.50923
      vertex 68.624 38.1864 2.69669
      vertex 68.8338 37.821 2.69669
    endloop
  endfacet
  facet normal 0.354921 0.20381 0.91241
    outer loop
      vertex 68.9635 38.4344 2.50923
      vertex 68.624 38.1864 2.69669
      vertex 69.2172 37.9926 2.50923
    endloop
  endfacet
  facet normal 0.209551 0.187633 0.959626
    outer loop
      vertex 68.3432 38.5 2.69669
      vertex 68.0037 38.1209 2.84495
      vertex 68.624 38.1864 2.69669
    endloop
  endfacet
  facet normal 0.304618 0.272757 0.912585
    outer loop
      vertex 68.624 38.8136 2.50923
      vertex 68.3432 38.5 2.69669
      vertex 68.624 38.1864 2.69669
    endloop
  endfacet
  facet normal 0.165739 0.226889 0.959715
    outer loop
      vertex 68.0037 38.748 2.69669
      vertex 67.75 38.3062 2.84495
      vertex 68.3432 38.5 2.69669
    endloop
  endfacet
  facet normal 0.240959 0.329861 0.91276
    outer loop
      vertex 68.624 38.8136 2.50923
      vertex 68.0037 38.748 2.69669
      vertex 68.3432 38.5 2.69669
    endloop
  endfacet
endsolid OpenSCAD_Model
